[?1h=0009:trace:winsock:DllMain 0x7f300000 0x1 0x32fd24
0009:fixme:ntdll:NtQuerySystemInformation info_class SYSTEM_PERFORMANCE_INFORMATION
002b:trace:winsock:DllMain 0x7f300000 0x2 (nil)
0009:fixme:msctf:LangBarMgr_GetShowFloatingStatus STUB:(0021F3F8)
0009:fixme:msctf:LangBarMgr_ShowFloating STUB:(0021F3F8)
0009:fixme:imm:ImmDisableTextFrameService Stub
0009:fixme:imm:ImmReleaseContext (00010048, 0021D910): stub
0009:fixme:imm:NotifyIME NI_CLOSECANDIDATE
0009:fixme:imm:ImmGetOpenStatus (0021D910): semi-stub
0009:fixme:msg:pack_message msg 14 (WM_ERASEBKGND) not supported yet
002c:trace:winsock:DllMain 0x7f300000 0x2 (nil)
0009:fixme:msctf:LangBarMgr_GetShowFloatingStatus STUB:(01DE9DB0)
0009:fixme:msctf:LangBarMgr_ShowFloating STUB:(01DE9DB0)
0009:trace:winsock:WSAStartup verReq=2
0009:trace:winsock:WSAStartup succeeded starts: 1
002c:fixme:d3d:state_linepattern_w Setting line patterns is not supported in OpenGL core contexts.
0009:trace:winsock:WS_gethostbyname "eso.com" ret 0x1a46630
0009:trace:winsock:WSASocketA af=2 type=2 protocol=17 protocol_info=(nil) group=0 flags=0x0
0009:trace:winsock:WSASocketW af=2 type=2 protocol=17 protocol_info=(nil) group=0 flags=0x0
0009:trace:winsock:WSASocketW 	created 0118
0009:trace:winsock:WSAIoctl 0118, SIO_ROUTING_INTERFACE_QUERY, 0x32fb4c, 16, 0x64e8000, 1024, 0x32fb44, (nil), (nil)
0009:trace:winsock:WSAIoctl -> WS_SIO_ROUTING_INTERFACE_QUERY request
0009:trace:winsock:WS_closesocket (socket 0118) -> 0
0009:trace:winsock:WSASocketA af=2 type=2 protocol=17 protocol_info=(nil) group=0 flags=0x0
0009:trace:winsock:WSASocketW af=2 type=2 protocol=17 protocol_info=(nil) group=0 flags=0x0
0009:trace:winsock:WSASocketW 	created 0118
0009:trace:winsock:WS_setsockopt (socket 0118, level SOL_SOCKET, name SO_BROADCAST, optval 0x32fb38 (1), optlen 4)
0009:trace:winsock:WS_setsockopt (socket 0118, level SOL_SOCKET, name SO_REUSEADDR, optval 0x32fb38 (1), optlen 4)
0009:trace:winsock:WS_inet_ntop family 2, addr (0x6386c9c), buffer (0x32f9ae), len 16
0009:trace:winsock:WS_bind socket 0118, ptr 0x6386c98 { family AF_INET, address 0.0.0.0, port 2296 }, length 16
0009:trace:winsock:WS_getsockname socket 0118, ptr 0x6386c98, len 00000010
0009:err:winsock:interface_bind_check No cache entry for ifindex 0.
0009:trace:winsock:WS_inet_ntop family 2, addr (0x6386c9c), buffer (0x32f9fe), len 16
0009:trace:winsock:WS_getsockname => { family AF_INET, address 0.0.0.0, port 2296 }
0009:trace:winsock:WSAAsyncSelect 0118, hWnd 0x1009e, uMsg 00000400, event 00000003
0009:trace:winsock:WS_gethostbyname "eso.com" ret 0x1a46630
0009:warn:winsock:wsaHerrno h_errno 1.
0009:trace:winsock:WS_gethostbyname "configx.aom.eso.com" ret (nil)
0009:trace:winsock:WSASocketA af=2 type=2 protocol=17 protocol_info=(nil) group=0 flags=0x0
0009:trace:winsock:WSASocketW af=2 type=2 protocol=17 protocol_info=(nil) group=0 flags=0x0
0009:trace:winsock:WSASocketW 	created 0130
0009:trace:winsock:WSAIoctl 0130, SIO_ROUTING_INTERFACE_QUERY, 0x32f74c, 16, 0x64e8000, 1024, 0x32f744, (nil), (nil)
0009:trace:winsock:WSAIoctl -> WS_SIO_ROUTING_INTERFACE_QUERY request
0009:trace:winsock:WS_closesocket (socket 0130) -> 0
0009:trace:winsock:WSASocketA af=2 type=2 protocol=17 protocol_info=(nil) group=0 flags=0x0
0009:trace:winsock:WSASocketW af=2 type=2 protocol=17 protocol_info=(nil) group=0 flags=0x0
0009:trace:winsock:WSASocketW 	created 0130
0009:trace:winsock:WS_setsockopt (socket 0130, level SOL_SOCKET, name SO_BROADCAST, optval 0x32f764 (1), optlen 4)
0009:trace:winsock:WS_setsockopt (socket 0130, level SOL_SOCKET, name SO_REUSEADDR, optval 0x32f764 (1), optlen 4)
0009:trace:winsock:WS_inet_ntop family 2, addr (0x2b4174c), buffer (0x32f5de), len 16
0009:trace:winsock:WS_bind socket 0130, ptr 0x2b41748 { family AF_INET, address 0.0.0.0, port 0 }, length 16
0009:trace:winsock:WS_getsockname socket 0130, ptr 0x2b41748, len 00000010
0009:err:winsock:interface_bind_check No cache entry for ifindex 0.
0009:trace:winsock:WS_inet_ntop family 2, addr (0x2b4174c), buffer (0x32f62e), len 16
0009:trace:winsock:WS_getsockname => { family AF_INET, address 0.0.0.0, port 51721 }
0009:trace:winsock:WSAAsyncSelect 0130, hWnd 0x100a0, uMsg 00000400, event 00000003
0009:trace:winsock:WS2_sendto socket 0130, wsabuf 0x32f414, nbufs 1, flags 0, to 0x34b93cc, tolen 16, ovl (nil), func (nil)
0009:trace:winsock:WS2_sendto fd=39, options=20
0009:trace:winsock:WS2_sendto  -> 9 bytes
0009:trace:winsock:WS2_recv_base socket 0130, wsabuf 0x32f6e4, nbufs 1, flags 0, from 0x32f734, fromlen 16, ovl (nil), func (nil)
0009:trace:winsock:WS2_recv_base fd=39, options=20
0009:trace:winsock:WS2_recv_base  -> 65 bytes
0009:trace:winsock:WS2_recv_base socket 0130, wsabuf 0x32f6e4, nbufs 1, flags 0, from 0x32f734, fromlen 16, ovl (nil), func (nil)
0009:trace:winsock:WS2_recv_base fd=39, options=20
0009:trace:winsock:WS2_recv_base  -> 67 bytes
0009:trace:winsock:WS2_sendto socket 0130, wsabuf 0x32f414, nbufs 1, flags 0, to 0x34b93cc, tolen 16, ovl (nil), func (nil)
0009:trace:winsock:WS2_sendto fd=39, options=20
0009:trace:winsock:WS2_sendto  -> 9 bytes
0009:trace:winsock:WS2_recv_base socket 0130, wsabuf 0x32f6e4, nbufs 1, flags 0, from 0x32f734, fromlen 16, ovl (nil), func (nil)
0009:trace:winsock:WS2_recv_base fd=39, options=20
0009:trace:winsock:WS2_recv_base  -> 65 bytes
0009:trace:winsock:WS2_recv_base socket 0130, wsabuf 0x32f6e4, nbufs 1, flags 0, from 0x32f734, fromlen 16, ovl (nil), func (nil)
0009:trace:winsock:WS2_recv_base fd=39, options=20
0009:trace:winsock:WS2_recv_base  -> 67 bytes
0009:trace:winsock:WS2_sendto socket 0130, wsabuf 0x32f414, nbufs 1, flags 0, to 0x34b93cc, tolen 16, ovl (nil), func (nil)
0009:trace:winsock:WS2_sendto fd=39, options=20
0009:trace:winsock:WS2_sendto  -> 9 bytes
0009:trace:winsock:WS2_recv_base socket 0130, wsabuf 0x32f6e4, nbufs 1, flags 0, from 0x32f734, fromlen 16, ovl (nil), func (nil)
0009:trace:winsock:WS2_recv_base fd=39, options=20
0009:trace:winsock:WS2_recv_base  -> 65 bytes
0009:trace:winsock:WS2_recv_base socket 0130, wsabuf 0x32f6e4, nbufs 1, flags 0, from 0x32f734, fromlen 16, ovl (nil), func (nil)
0009:trace:winsock:WS2_recv_base fd=39, options=20
0009:trace:winsock:WS2_recv_base  -> 67 bytes
0009:trace:winsock:WS2_sendto socket 0130, wsabuf 0x32f414, nbufs 1, flags 0, to 0x34b93cc, tolen 16, ovl (nil), func (nil)
0009:trace:winsock:WS2_sendto fd=39, options=20
0009:trace:winsock:WS2_sendto  -> 9 bytes
0009:trace:winsock:WS2_recv_base socket 0130, wsabuf 0x32f6e4, nbufs 1, flags 0, from 0x32f734, fromlen 16, ovl (nil), func (nil)
0009:trace:winsock:WS2_recv_base fd=39, options=20
0009:trace:winsock:WS2_recv_base  -> 67 bytes
0009:trace:winsock:WS2_recv_base socket 0130, wsabuf 0x32f6e4, nbufs 1, flags 0, from 0x32f734, fromlen 16, ovl (nil), func (nil)
0009:trace:winsock:WS2_recv_base fd=39, options=20
0009:trace:winsock:WS2_recv_base  -> 65 bytes
0009:trace:winsock:WS2_sendto socket 0130, wsabuf 0x32f414, nbufs 1, flags 0, to 0x34b93cc, tolen 16, ovl (nil), func (nil)
0009:trace:winsock:WS2_sendto fd=39, options=20
0009:trace:winsock:WS2_sendto  -> 9 bytes
0009:trace:winsock:WS2_recv_base socket 0130, wsabuf 0x32f6e4, nbufs 1, flags 0, from 0x32f734, fromlen 16, ovl (nil), func (nil)
0009:trace:winsock:WS2_recv_base fd=39, options=20
0009:trace:winsock:WS2_recv_base  -> 65 bytes
0009:trace:winsock:WS2_recv_base socket 0130, wsabuf 0x32f6e4, nbufs 1, flags 0, from 0x32f734, fromlen 16, ovl (nil), func (nil)
0009:trace:winsock:WS2_recv_base fd=39, options=20
0009:trace:winsock:WS2_recv_base  -> 67 bytes
0009:trace:winsock:WS2_sendto socket 0130, wsabuf 0x32f414, nbufs 1, flags 0, to 0x34b93cc, tolen 16, ovl (nil), func (nil)
0009:trace:winsock:WS2_sendto fd=39, options=20
0009:trace:winsock:WS2_sendto  -> 9 bytes
0009:trace:winsock:WS2_recv_base socket 0130, wsabuf 0x32f6e4, nbufs 1, flags 0, from 0x32f734, fromlen 16, ovl (nil), func (nil)
0009:trace:winsock:WS2_recv_base fd=39, options=20
0009:trace:winsock:WS2_recv_base  -> 65 bytes
0009:trace:winsock:WS2_recv_base socket 0130, wsabuf 0x32f6e4, nbufs 1, flags 0, from 0x32f734, fromlen 16, ovl (nil), func (nil)
0009:trace:winsock:WS2_recv_base fd=39, options=20
0009:trace:winsock:WS2_recv_base  -> 67 bytes
0009:trace:winsock:WS2_sendto socket 0130, wsabuf 0x32f414, nbufs 1, flags 0, to 0x34b93cc, tolen 16, ovl (nil), func (nil)
0009:trace:winsock:WS2_sendto fd=39, options=20
0009:trace:winsock:WS2_sendto  -> 9 bytes
0009:trace:winsock:WS2_recv_base socket 0130, wsabuf 0x32f6e4, nbufs 1, flags 0, from 0x32f734, fromlen 16, ovl (nil), func (nil)
0009:trace:winsock:WS2_recv_base fd=39, options=20
0009:trace:winsock:WS2_recv_base  -> 65 bytes
0009:trace:winsock:WS2_recv_base socket 0130, wsabuf 0x32f6e4, nbufs 1, flags 0, from 0x32f734, fromlen 16, ovl (nil), func (nil)
0009:trace:winsock:WS2_recv_base fd=39, options=20
0009:trace:winsock:WS2_recv_base  -> 67 bytes
0009:trace:winsock:WS2_sendto socket 0130, wsabuf 0x32f414, nbufs 1, flags 0, to 0x34b93cc, tolen 16, ovl (nil), func (nil)
0009:trace:winsock:WS2_sendto fd=39, options=20
0009:trace:winsock:WS2_sendto  -> 9 bytes
0009:trace:winsock:WS2_recv_base socket 0130, wsabuf 0x32f6e4, nbufs 1, flags 0, from 0x32f734, fromlen 16, ovl (nil), func (nil)
0009:trace:winsock:WS2_recv_base fd=39, options=20
0009:trace:winsock:WS2_recv_base  -> 65 bytes
0009:trace:winsock:WS2_recv_base socket 0130, wsabuf 0x32f6e4, nbufs 1, flags 0, from 0x32f734, fromlen 16, ovl (nil), func (nil)
0009:trace:winsock:WS2_recv_base fd=39, options=20
0009:trace:winsock:WS2_recv_base  -> 67 bytes
0009:trace:winsock:WS2_sendto socket 0130, wsabuf 0x32f414, nbufs 1, flags 0, to 0x34b93cc, tolen 16, ovl (nil), func (nil)
0009:trace:winsock:WS2_sendto fd=39, options=20
0009:trace:winsock:WS2_sendto  -> 9 bytes
0009:trace:winsock:WS2_recv_base socket 0130, wsabuf 0x32f6e4, nbufs 1, flags 0, from 0x32f734, fromlen 16, ovl (nil), func (nil)
0009:trace:winsock:WS2_recv_base fd=39, options=20
0009:trace:winsock:WS2_recv_base  -> 67 bytes
0009:trace:winsock:WS2_recv_base socket 0130, wsabuf 0x32f6e4, nbufs 1, flags 0, from 0x32f734, fromlen 16, ovl (nil), func (nil)
0009:trace:winsock:WS2_recv_base fd=39, options=20
0009:trace:winsock:WS2_recv_base  -> 65 bytes
0009:trace:winsock:WS2_sendto socket 0130, wsabuf 0x32f414, nbufs 1, flags 0, to 0x34b93cc, tolen 16, ovl (nil), func (nil)
0009:trace:winsock:WS2_sendto fd=39, options=20
0009:trace:winsock:WS2_sendto  -> 9 bytes
0009:trace:winsock:WS2_recv_base socket 0130, wsabuf 0x32f6e4, nbufs 1, flags 0, from 0x32f734, fromlen 16, ovl (nil), func (nil)
0009:trace:winsock:WS2_recv_base fd=39, options=20
0009:trace:winsock:WS2_recv_base  -> 65 bytes
0009:trace:winsock:WS2_recv_base socket 0130, wsabuf 0x32f6e4, nbufs 1, flags 0, from 0x32f734, fromlen 16, ovl (nil), func (nil)
0009:trace:winsock:WS2_recv_base fd=39, options=20
0009:trace:winsock:WS2_recv_base  -> 67 bytes
0009:trace:winsock:WS2_sendto socket 0130, wsabuf 0x32f414, nbufs 1, flags 0, to 0x34b93cc, tolen 16, ovl (nil), func (nil)
0009:trace:winsock:WS2_sendto fd=39, options=20
0009:trace:winsock:WS2_sendto  -> 9 bytes
0009:trace:winsock:WS2_recv_base socket 0130, wsabuf 0x32f6e4, nbufs 1, flags 0, from 0x32f734, fromlen 16, ovl (nil), func (nil)
0009:trace:winsock:WS2_recv_base fd=39, options=20
0009:trace:winsock:WS2_recv_base  -> 65 bytes
0009:trace:winsock:WS2_recv_base socket 0130, wsabuf 0x32f6e4, nbufs 1, flags 0, from 0x32f734, fromlen 16, ovl (nil), func (nil)
0009:trace:winsock:WS2_recv_base fd=39, options=20
0009:trace:winsock:WS2_recv_base  -> 67 bytes
0009:trace:winsock:WS2_sendto socket 0130, wsabuf 0x32f414, nbufs 1, flags 0, to 0x34b93cc, tolen 16, ovl (nil), func (nil)
0009:trace:winsock:WS2_sendto fd=39, options=20
0009:trace:winsock:WS2_sendto  -> 9 bytes
0009:trace:winsock:WS2_recv_base socket 0130, wsabuf 0x32f6e4, nbufs 1, flags 0, from 0x32f734, fromlen 16, ovl (nil), func (nil)
0009:trace:winsock:WS2_recv_base fd=39, options=20
0009:trace:winsock:WS2_recv_base  -> 65 bytes
0009:trace:winsock:WS2_recv_base socket 0130, wsabuf 0x32f6e4, nbufs 1, flags 0, from 0x32f734, fromlen 16, ovl (nil), func (nil)
0009:trace:winsock:WS2_recv_base fd=39, options=20
0009:trace:winsock:WS2_recv_base  -> 67 bytes
0009:trace:winsock:WS2_sendto socket 0130, wsabuf 0x32f414, nbufs 1, flags 0, to 0x34b93cc, tolen 16, ovl (nil), func (nil)
0009:trace:winsock:WS2_sendto fd=39, options=20
0009:trace:winsock:WS2_sendto  -> 9 bytes
0009:trace:winsock:WS2_recv_base socket 0130, wsabuf 0x32f6e4, nbufs 1, flags 0, from 0x32f734, fromlen 16, ovl (nil), func (nil)
0009:trace:winsock:WS2_recv_base fd=39, options=20
0009:trace:winsock:WS2_recv_base  -> 65 bytes
0009:trace:winsock:WS2_recv_base socket 0130, wsabuf 0x32f6e4, nbufs 1, flags 0, from 0x32f734, fromlen 16, ovl (nil), func (nil)
0009:trace:winsock:WS2_recv_base fd=39, options=20
0009:trace:winsock:WS2_recv_base  -> 67 bytes
0009:trace:winsock:WS2_sendto socket 0130, wsabuf 0x32f414, nbufs 1, flags 0, to 0x34b93cc, tolen 16, ovl (nil), func (nil)
0009:trace:winsock:WS2_sendto fd=39, options=20
0009:trace:winsock:WS2_sendto  -> 9 bytes
0009:trace:winsock:WS2_recv_base socket 0130, wsabuf 0x32f6e4, nbufs 1, flags 0, from 0x32f734, fromlen 16, ovl (nil), func (nil)
0009:trace:winsock:WS2_recv_base fd=39, options=20
0009:trace:winsock:WS2_recv_base  -> 65 bytes
0009:trace:winsock:WS2_recv_base socket 0130, wsabuf 0x32f6e4, nbufs 1, flags 0, from 0x32f734, fromlen 16, ovl (nil), func (nil)
0009:trace:winsock:WS2_recv_base fd=39, options=20
0009:trace:winsock:WS2_recv_base  -> 67 bytes
0009:trace:winsock:WS2_sendto socket 0130, wsabuf 0x32f414, nbufs 1, flags 0, to 0x34b93cc, tolen 16, ovl (nil), func (nil)
0009:trace:winsock:WS2_sendto fd=39, options=20
0009:trace:winsock:WS2_sendto  -> 9 bytes
0009:trace:winsock:WS2_recv_base socket 0130, wsabuf 0x32f6e4, nbufs 1, flags 0, from 0x32f734, fromlen 16, ovl (nil), func (nil)
0009:trace:winsock:WS2_recv_base fd=39, options=20
0009:trace:winsock:WS2_recv_base  -> 65 bytes
0009:trace:winsock:WS2_recv_base socket 0130, wsabuf 0x32f6e4, nbufs 1, flags 0, from 0x32f734, fromlen 16, ovl (nil), func (nil)
0009:trace:winsock:WS2_recv_base fd=39, options=20
0009:trace:winsock:WS2_recv_base  -> 67 bytes
0009:trace:winsock:WS2_sendto socket 0130, wsabuf 0x32f414, nbufs 1, flags 0, to 0x34b93cc, tolen 16, ovl (nil), func (nil)
0009:trace:winsock:WS2_sendto fd=39, options=20
0009:trace:winsock:WS2_sendto  -> 9 bytes
0009:trace:winsock:WS2_recv_base socket 0130, wsabuf 0x32f6e4, nbufs 1, flags 0, from 0x32f734, fromlen 16, ovl (nil), func (nil)
0009:trace:winsock:WS2_recv_base fd=39, options=20
0009:trace:winsock:WS2_recv_base  -> 65 bytes
0009:trace:winsock:WS2_recv_base socket 0130, wsabuf 0x32f6e4, nbufs 1, flags 0, from 0x32f734, fromlen 16, ovl (nil), func (nil)
0009:trace:winsock:WS2_recv_base fd=39, options=20
0009:trace:winsock:WS2_recv_base  -> 67 bytes
0009:trace:winsock:WS2_sendto socket 0130, wsabuf 0x32f414, nbufs 1, flags 0, to 0x34b93cc, tolen 16, ovl (nil), func (nil)
0009:trace:winsock:WS2_sendto fd=39, options=20
0009:trace:winsock:WS2_sendto  -> 9 bytes
0009:trace:winsock:WS2_recv_base socket 0130, wsabuf 0x32f6e4, nbufs 1, flags 0, from 0x32f734, fromlen 16, ovl (nil), func (nil)
0009:trace:winsock:WS2_recv_base fd=39, options=20
0009:trace:winsock:WS2_recv_base  -> 65 bytes
0009:trace:winsock:WS2_recv_base socket 0130, wsabuf 0x32f6e4, nbufs 1, flags 0, from 0x32f734, fromlen 16, ovl (nil), func (nil)
0009:trace:winsock:WS2_recv_base fd=39, options=20
0009:trace:winsock:WS2_recv_base  -> 67 bytes
0009:trace:winsock:WS2_sendto socket 0130, wsabuf 0x32f414, nbufs 1, flags 0, to 0x34b93cc, tolen 16, ovl (nil), func (nil)
0009:trace:winsock:WS2_sendto fd=39, options=20
0009:trace:winsock:WS2_sendto  -> 9 bytes
0009:trace:winsock:WS2_recv_base socket 0130, wsabuf 0x32f6e4, nbufs 1, flags 0, from 0x32f734, fromlen 16, ovl (nil), func (nil)
0009:trace:winsock:WS2_recv_base fd=39, options=20
0009:trace:winsock:WS2_recv_base  -> 65 bytes
0009:trace:winsock:WS2_recv_base socket 0130, wsabuf 0x32f6e4, nbufs 1, flags 0, from 0x32f734, fromlen 16, ovl (nil), func (nil)
0009:trace:winsock:WS2_recv_base fd=39, options=20
0009:trace:winsock:WS2_recv_base  -> 67 bytes
0009:trace:winsock:WS2_sendto socket 0130, wsabuf 0x32f414, nbufs 1, flags 0, to 0x34b93cc, tolen 16, ovl (nil), func (nil)
0009:trace:winsock:WS2_sendto fd=39, options=20
0009:trace:winsock:WS2_sendto  -> 9 bytes
0009:trace:winsock:WS2_recv_base socket 0130, wsabuf 0x32f6e4, nbufs 1, flags 0, from 0x32f734, fromlen 16, ovl (nil), func (nil)
0009:trace:winsock:WS2_recv_base fd=39, options=20
0009:trace:winsock:WS2_recv_base  -> 65 bytes
0009:trace:winsock:WS2_recv_base socket 0130, wsabuf 0x32f6e4, nbufs 1, flags 0, from 0x32f734, fromlen 16, ovl (nil), func (nil)
0009:trace:winsock:WS2_recv_base fd=39, options=20
0009:trace:winsock:WS2_recv_base  -> 67 bytes
0009:trace:winsock:WS2_sendto socket 0130, wsabuf 0x32f414, nbufs 1, flags 0, to 0x34b93cc, tolen 16, ovl (nil), func (nil)
0009:trace:winsock:WS2_sendto fd=39, options=20
0009:trace:winsock:WS2_sendto  -> 9 bytes
0009:trace:winsock:WS2_recv_base socket 0130, wsabuf 0x32f6e4, nbufs 1, flags 0, from 0x32f734, fromlen 16, ovl (nil), func (nil)
0009:trace:winsock:WS2_recv_base fd=39, options=20
0009:trace:winsock:WS2_recv_base  -> 67 bytes
0009:trace:winsock:WS2_recv_base socket 0130, wsabuf 0x32f6e4, nbufs 1, flags 0, from 0x32f734, fromlen 16, ovl (nil), func (nil)
0009:trace:winsock:WS2_recv_base fd=39, options=20
0009:trace:winsock:WS2_recv_base  -> 65 bytes
0009:trace:winsock:WS2_sendto socket 0130, wsabuf 0x32f414, nbufs 1, flags 0, to 0x34b93cc, tolen 16, ovl (nil), func (nil)
0009:trace:winsock:WS2_sendto fd=39, options=20
0009:trace:winsock:WS2_sendto  -> 9 bytes
0009:trace:winsock:WS2_recv_base socket 0130, wsabuf 0x32f6e4, nbufs 1, flags 0, from 0x32f734, fromlen 16, ovl (nil), func (nil)
0009:trace:winsock:WS2_recv_base fd=39, options=20
0009:trace:winsock:WS2_recv_base  -> 65 bytes
0009:trace:winsock:WS2_recv_base socket 0130, wsabuf 0x32f6e4, nbufs 1, flags 0, from 0x32f734, fromlen 16, ovl (nil), func (nil)
0009:trace:winsock:WS2_recv_base fd=39, options=20
0009:trace:winsock:WS2_recv_base  -> 67 bytes
0009:trace:winsock:WS2_sendto socket 0130, wsabuf 0x32f414, nbufs 1, flags 0, to 0x34b93cc, tolen 16, ovl (nil), func (nil)
0009:trace:winsock:WS2_sendto fd=39, options=20
0009:trace:winsock:WS2_sendto  -> 9 bytes
0009:trace:winsock:WS2_recv_base socket 0130, wsabuf 0x32f6e4, nbufs 1, flags 0, from 0x32f734, fromlen 16, ovl (nil), func (nil)
0009:trace:winsock:WS2_recv_base fd=39, options=20
0009:trace:winsock:WS2_recv_base  -> 65 bytes
0009:trace:winsock:WS2_recv_base socket 0130, wsabuf 0x32f6e4, nbufs 1, flags 0, from 0x32f734, fromlen 16, ovl (nil), func (nil)
0009:trace:winsock:WS2_recv_base fd=39, options=20
0009:trace:winsock:WS2_recv_base  -> 67 bytes
0009:trace:winsock:WS2_sendto socket 0130, wsabuf 0x32f414, nbufs 1, flags 0, to 0x34b93cc, tolen 16, ovl (nil), func (nil)
0009:trace:winsock:WS2_sendto fd=39, options=20
0009:trace:winsock:WS2_sendto  -> 9 bytes
0009:trace:winsock:WS2_recv_base socket 0130, wsabuf 0x32f6e4, nbufs 1, flags 0, from 0x32f734, fromlen 16, ovl (nil), func (nil)
0009:trace:winsock:WS2_recv_base fd=39, options=20
0009:trace:winsock:WS2_recv_base  -> 65 bytes
0009:trace:winsock:WS2_recv_base socket 0130, wsabuf 0x32f6e4, nbufs 1, flags 0, from 0x32f734, fromlen 16, ovl (nil), func (nil)
0009:trace:winsock:WS2_recv_base fd=39, options=20
0009:trace:winsock:WS2_recv_base  -> 67 bytes
0009:trace:winsock:WS2_sendto socket 0130, wsabuf 0x32f414, nbufs 1, flags 0, to 0x34b92ec, tolen 16, ovl (nil), func (nil)
0009:trace:winsock:WS2_sendto fd=39, options=20
0009:trace:winsock:WS2_sendto  -> 9 bytes
0009:trace:winsock:WS2_recv_base socket 0130, wsabuf 0x32f6e4, nbufs 1, flags 0, from 0x32f734, fromlen 16, ovl (nil), func (nil)
0009:trace:winsock:WS2_recv_base fd=39, options=20
0009:trace:winsock:WS2_recv_base  -> 65 bytes
0009:trace:winsock:WS2_recv_base socket 0130, wsabuf 0x32f6e4, nbufs 1, flags 0, from 0x32f734, fromlen 16, ovl (nil), func (nil)
0009:trace:winsock:WS2_recv_base fd=39, options=20
0009:trace:winsock:WS2_recv_base  -> 67 bytes
0009:trace:winsock:WS2_sendto socket 0130, wsabuf 0x32f414, nbufs 1, flags 0, to 0x34b92ec, tolen 16, ovl (nil), func (nil)
0009:trace:winsock:WS2_sendto fd=39, options=20
0009:trace:winsock:WS2_sendto  -> 9 bytes
0009:trace:winsock:WS2_recv_base socket 0130, wsabuf 0x32f6e4, nbufs 1, flags 0, from 0x32f734, fromlen 16, ovl (nil), func (nil)
0009:trace:winsock:WS2_recv_base fd=39, options=20
0009:trace:winsock:WS2_recv_base  -> 65 bytes
0009:trace:winsock:WS2_recv_base socket 0130, wsabuf 0x32f6e4, nbufs 1, flags 0, from 0x32f734, fromlen 16, ovl (nil), func (nil)
0009:trace:winsock:WS2_recv_base fd=39, options=20
0009:trace:winsock:WS2_recv_base  -> 67 bytes
0009:trace:winsock:WS2_sendto socket 0130, wsabuf 0x32f414, nbufs 1, flags 0, to 0x34b92ec, tolen 16, ovl (nil), func (nil)
0009:trace:winsock:WS2_sendto fd=39, options=20
0009:trace:winsock:WS2_sendto  -> 9 bytes
0009:trace:winsock:WS2_recv_base socket 0130, wsabuf 0x32f6e4, nbufs 1, flags 0, from 0x32f734, fromlen 16, ovl (nil), func (nil)
0009:trace:winsock:WS2_recv_base fd=39, options=20
0009:trace:winsock:WS2_recv_base  -> 65 bytes
0009:trace:winsock:WS2_recv_base socket 0130, wsabuf 0x32f6e4, nbufs 1, flags 0, from 0x32f734, fromlen 16, ovl (nil), func (nil)
0009:trace:winsock:WS2_recv_base fd=39, options=20
0009:trace:winsock:WS2_recv_base  -> 67 bytes
0009:trace:winsock:WS2_sendto socket 0130, wsabuf 0x32f414, nbufs 1, flags 0, to 0x34b92ec, tolen 16, ovl (nil), func (nil)
0009:trace:winsock:WS2_sendto fd=39, options=20
0009:trace:winsock:WS2_sendto  -> 9 bytes
0009:trace:winsock:WS2_recv_base socket 0130, wsabuf 0x32f6e4, nbufs 1, flags 0, from 0x32f734, fromlen 16, ovl (nil), func (nil)
0009:trace:winsock:WS2_recv_base fd=39, options=20
0009:trace:winsock:WS2_recv_base  -> 65 bytes
0009:trace:winsock:WS2_recv_base socket 0130, wsabuf 0x32f6e4, nbufs 1, flags 0, from 0x32f734, fromlen 16, ovl (nil), func (nil)
0009:trace:winsock:WS2_recv_base fd=39, options=20
0009:trace:winsock:WS2_recv_base  -> 67 bytes
0009:trace:winsock:WS2_sendto socket 0130, wsabuf 0x32f414, nbufs 1, flags 0, to 0x34b92ec, tolen 16, ovl (nil), func (nil)
0009:trace:winsock:WS2_sendto fd=39, options=20
0009:trace:winsock:WS2_sendto  -> 9 bytes
0009:trace:winsock:WS2_recv_base socket 0130, wsabuf 0x32f6e4, nbufs 1, flags 0, from 0x32f734, fromlen 16, ovl (nil), func (nil)
0009:trace:winsock:WS2_recv_base fd=39, options=20
0009:trace:winsock:WS2_recv_base  -> 65 bytes
0009:trace:winsock:WS2_recv_base socket 0130, wsabuf 0x32f6e4, nbufs 1, flags 0, from 0x32f734, fromlen 16, ovl (nil), func (nil)
0009:trace:winsock:WS2_recv_base fd=39, options=20
0009:trace:winsock:WS2_recv_base  -> 67 bytes
0009:fixme:msctf:LangBarMgr_GetShowFloatingStatus STUB:(01DE4FA8)
0009:fixme:msctf:LangBarMgr_ShowFloating STUB:(01DE4FA8)
0009:trace:winsock:WS2_sendto socket 0130, wsabuf 0x32f414, nbufs 1, flags 0, to 0x34b92ec, tolen 16, ovl (nil), func (nil)
0009:trace:winsock:WS2_sendto fd=35, options=20
0009:trace:winsock:WS2_sendto  -> 9 bytes
0009:trace:winsock:WS2_recv_base socket 0130, wsabuf 0x32f6e4, nbufs 1, flags 0, from 0x32f734, fromlen 16, ovl (nil), func (nil)
0009:trace:winsock:WS2_recv_base fd=35, options=20
0009:trace:winsock:WS2_recv_base  -> 65 bytes
0009:trace:winsock:WS2_recv_base socket 0130, wsabuf 0x32f6e4, nbufs 1, flags 0, from 0x32f734, fromlen 16, ovl (nil), func (nil)
0009:trace:winsock:WS2_recv_base fd=35, options=20
0009:trace:winsock:WS2_recv_base  -> 67 bytes
0009:trace:winsock:WS2_sendto socket 0130, wsabuf 0x32f414, nbufs 1, flags 0, to 0x34b92ec, tolen 16, ovl (nil), func (nil)
0009:trace:winsock:WS2_sendto fd=35, options=20
0009:trace:winsock:WS2_sendto  -> 9 bytes
0009:trace:winsock:WS2_recv_base socket 0130, wsabuf 0x32f6e4, nbufs 1, flags 0, from 0x32f734, fromlen 16, ovl (nil), func (nil)
0009:trace:winsock:WS2_recv_base fd=35, options=20
0009:trace:winsock:WS2_recv_base  -> 65 bytes
0009:trace:winsock:WS2_recv_base socket 0130, wsabuf 0x32f6e4, nbufs 1, flags 0, from 0x32f734, fromlen 16, ovl (nil), func (nil)
0009:trace:winsock:WS2_recv_base fd=35, options=20
0009:trace:winsock:WS2_recv_base  -> 67 bytes
0009:trace:winsock:WS2_sendto socket 0130, wsabuf 0x32f414, nbufs 1, flags 0, to 0x34b92ec, tolen 16, ovl (nil), func (nil)
0009:trace:winsock:WS2_sendto fd=35, options=20
0009:trace:winsock:WS2_sendto  -> 9 bytes
0009:trace:winsock:WS2_recv_base socket 0130, wsabuf 0x32f6e4, nbufs 1, flags 0, from 0x32f734, fromlen 16, ovl (nil), func (nil)
0009:trace:winsock:WS2_recv_base fd=35, options=20
0009:trace:winsock:WS2_recv_base  -> 65 bytes
0009:trace:winsock:WS2_recv_base socket 0130, wsabuf 0x32f6e4, nbufs 1, flags 0, from 0x32f734, fromlen 16, ovl (nil), func (nil)
0009:trace:winsock:WS2_recv_base fd=35, options=20
0009:trace:winsock:WS2_recv_base  -> 67 bytes
0009:trace:winsock:WS2_sendto socket 0130, wsabuf 0x32f414, nbufs 1, flags 0, to 0x34b92ec, tolen 16, ovl (nil), func (nil)
0009:trace:winsock:WS2_sendto fd=35, options=20
0009:trace:winsock:WS2_sendto  -> 9 bytes
0009:trace:winsock:WS2_recv_base socket 0130, wsabuf 0x32f6e4, nbufs 1, flags 0, from 0x32f734, fromlen 16, ovl (nil), func (nil)
0009:trace:winsock:WS2_recv_base fd=35, options=20
0009:trace:winsock:WS2_recv_base  -> 65 bytes
0009:trace:winsock:WS2_recv_base socket 0130, wsabuf 0x32f6e4, nbufs 1, flags 0, from 0x32f734, fromlen 16, ovl (nil), func (nil)
0009:trace:winsock:WS2_recv_base fd=35, options=20
0009:trace:winsock:WS2_recv_base  -> 67 bytes
0009:trace:winsock:WS2_sendto socket 0130, wsabuf 0x32f414, nbufs 1, flags 0, to 0x34b92ec, tolen 16, ovl (nil), func (nil)
0009:trace:winsock:WS2_sendto fd=35, options=20
0009:trace:winsock:WS2_sendto  -> 9 bytes
0009:trace:winsock:WS2_recv_base socket 0130, wsabuf 0x32f6e4, nbufs 1, flags 0, from 0x32f734, fromlen 16, ovl (nil), func (nil)
0009:trace:winsock:WS2_recv_base fd=35, options=20
0009:trace:winsock:WS2_recv_base  -> 65 bytes
0009:trace:winsock:WS2_recv_base socket 0130, wsabuf 0x32f6e4, nbufs 1, flags 0, from 0x32f734, fromlen 16, ovl (nil), func (nil)
0009:trace:winsock:WS2_recv_base fd=35, options=20
0009:trace:winsock:WS2_recv_base  -> 67 bytes
0009:trace:winsock:WS2_sendto socket 0130, wsabuf 0x32f414, nbufs 1, flags 0, to 0x34b92ec, tolen 16, ovl (nil), func (nil)
0009:trace:winsock:WS2_sendto fd=35, options=20
0009:trace:winsock:WS2_sendto  -> 9 bytes
0009:trace:winsock:WS2_recv_base socket 0130, wsabuf 0x32f6e4, nbufs 1, flags 0, from 0x32f734, fromlen 16, ovl (nil), func (nil)
0009:trace:winsock:WS2_recv_base fd=35, options=20
0009:trace:winsock:WS2_recv_base  -> 65 bytes
0009:trace:winsock:WS2_recv_base socket 0130, wsabuf 0x32f6e4, nbufs 1, flags 0, from 0x32f734, fromlen 16, ovl (nil), func (nil)
0009:trace:winsock:WS2_recv_base fd=35, options=20
0009:trace:winsock:WS2_recv_base  -> 67 bytes
0009:trace:winsock:WS2_sendto socket 0130, wsabuf 0x32f414, nbufs 1, flags 0, to 0x34b92ec, tolen 16, ovl (nil), func (nil)
0009:trace:winsock:WS2_sendto fd=35, options=20
0009:trace:winsock:WS2_sendto  -> 9 bytes
0009:trace:winsock:WS2_recv_base socket 0130, wsabuf 0x32f6e4, nbufs 1, flags 0, from 0x32f734, fromlen 16, ovl (nil), func (nil)
0009:trace:winsock:WS2_recv_base fd=35, options=20
0009:trace:winsock:WS2_recv_base  -> 65 bytes
0009:trace:winsock:WS2_recv_base socket 0130, wsabuf 0x32f6e4, nbufs 1, flags 0, from 0x32f734, fromlen 16, ovl (nil), func (nil)
0009:trace:winsock:WS2_recv_base fd=35, options=20
0009:trace:winsock:WS2_recv_base  -> 67 bytes
0009:trace:winsock:WS2_sendto socket 0130, wsabuf 0x32f414, nbufs 1, flags 0, to 0x34b92ec, tolen 16, ovl (nil), func (nil)
0009:trace:winsock:WS2_sendto fd=35, options=20
0009:trace:winsock:WS2_sendto  -> 9 bytes
0009:trace:winsock:WS2_recv_base socket 0130, wsabuf 0x32f6e4, nbufs 1, flags 0, from 0x32f734, fromlen 16, ovl (nil), func (nil)
0009:trace:winsock:WS2_recv_base fd=35, options=20
0009:trace:winsock:WS2_recv_base  -> 65 bytes
0009:trace:winsock:WS2_recv_base socket 0130, wsabuf 0x32f6e4, nbufs 1, flags 0, from 0x32f734, fromlen 16, ovl (nil), func (nil)
0009:trace:winsock:WS2_recv_base fd=35, options=20
0009:trace:winsock:WS2_recv_base  -> 67 bytes
0009:trace:winsock:WS2_sendto socket 0130, wsabuf 0x32f414, nbufs 1, flags 0, to 0x34b92ec, tolen 16, ovl (nil), func (nil)
0009:trace:winsock:WS2_sendto fd=35, options=20
0009:trace:winsock:WS2_sendto  -> 9 bytes
0009:trace:winsock:WS2_recv_base socket 0130, wsabuf 0x32f6e4, nbufs 1, flags 0, from 0x32f734, fromlen 16, ovl (nil), func (nil)
0009:trace:winsock:WS2_recv_base fd=35, options=20
0009:trace:winsock:WS2_recv_base  -> 65 bytes
0009:trace:winsock:WS2_recv_base socket 0130, wsabuf 0x32f6e4, nbufs 1, flags 0, from 0x32f734, fromlen 16, ovl (nil), func (nil)
0009:trace:winsock:WS2_recv_base fd=35, options=20
0009:trace:winsock:WS2_recv_base  -> 67 bytes
0009:trace:winsock:WS2_sendto socket 0130, wsabuf 0x32f414, nbufs 1, flags 0, to 0x34b92ec, tolen 16, ovl (nil), func (nil)
0009:trace:winsock:WS2_sendto fd=35, options=20
0009:trace:winsock:WS2_sendto  -> 9 bytes
0009:trace:winsock:WS2_recv_base socket 0130, wsabuf 0x32f6e4, nbufs 1, flags 0, from 0x32f734, fromlen 16, ovl (nil), func (nil)
0009:trace:winsock:WS2_recv_base fd=35, options=20
0009:trace:winsock:WS2_recv_base  -> 65 bytes
0009:trace:winsock:WS2_recv_base socket 0130, wsabuf 0x32f6e4, nbufs 1, flags 0, from 0x32f734, fromlen 16, ovl (nil), func (nil)
0009:trace:winsock:WS2_recv_base fd=35, options=20
0009:trace:winsock:WS2_recv_base  -> 67 bytes
0009:trace:winsock:WS2_sendto socket 0130, wsabuf 0x32f414, nbufs 1, flags 0, to 0x34b92ec, tolen 16, ovl (nil), func (nil)
0009:trace:winsock:WS2_sendto fd=35, options=20
0009:trace:winsock:WS2_sendto  -> 9 bytes
0009:trace:winsock:WS2_recv_base socket 0130, wsabuf 0x32f6e4, nbufs 1, flags 0, from 0x32f734, fromlen 16, ovl (nil), func (nil)
0009:trace:winsock:WS2_recv_base fd=35, options=20
0009:trace:winsock:WS2_recv_base  -> 65 bytes
0009:trace:winsock:WS2_recv_base socket 0130, wsabuf 0x32f6e4, nbufs 1, flags 0, from 0x32f734, fromlen 16, ovl (nil), func (nil)
0009:trace:winsock:WS2_recv_base fd=35, options=20
0009:trace:winsock:WS2_recv_base  -> 67 bytes
0009:trace:winsock:WS2_sendto socket 0130, wsabuf 0x32f414, nbufs 1, flags 0, to 0x34b92ec, tolen 16, ovl (nil), func (nil)
0009:trace:winsock:WS2_sendto fd=35, options=20
0009:trace:winsock:WS2_sendto  -> 9 bytes
0009:trace:winsock:WS2_recv_base socket 0130, wsabuf 0x32f6e4, nbufs 1, flags 0, from 0x32f734, fromlen 16, ovl (nil), func (nil)
0009:trace:winsock:WS2_recv_base fd=35, options=20
0009:trace:winsock:WS2_recv_base  -> 65 bytes
0009:trace:winsock:WS2_recv_base socket 0130, wsabuf 0x32f6e4, nbufs 1, flags 0, from 0x32f734, fromlen 16, ovl (nil), func (nil)
0009:trace:winsock:WS2_recv_base fd=35, options=20
0009:trace:winsock:WS2_recv_base  -> 67 bytes
0009:trace:winsock:WS2_sendto socket 0130, wsabuf 0x32f414, nbufs 1, flags 0, to 0x34b92ec, tolen 16, ovl (nil), func (nil)
0009:trace:winsock:WS2_sendto fd=35, options=20
0009:trace:winsock:WS2_sendto  -> 9 bytes
0009:trace:winsock:WS2_recv_base socket 0130, wsabuf 0x32f6e4, nbufs 1, flags 0, from 0x32f734, fromlen 16, ovl (nil), func (nil)
0009:trace:winsock:WS2_recv_base fd=35, options=20
0009:trace:winsock:WS2_recv_base  -> 65 bytes
0009:trace:winsock:WS2_recv_base socket 0130, wsabuf 0x32f6e4, nbufs 1, flags 0, from 0x32f734, fromlen 16, ovl (nil), func (nil)
0009:trace:winsock:WS2_recv_base fd=35, options=20
0009:trace:winsock:WS2_recv_base  -> 67 bytes
0009:trace:winsock:WS2_sendto socket 0130, wsabuf 0x32f414, nbufs 1, flags 0, to 0x34b92ec, tolen 16, ovl (nil), func (nil)
0009:trace:winsock:WS2_sendto fd=35, options=20
0009:trace:winsock:WS2_sendto  -> 9 bytes
0009:trace:winsock:WS2_recv_base socket 0130, wsabuf 0x32f6e4, nbufs 1, flags 0, from 0x32f734, fromlen 16, ovl (nil), func (nil)
0009:trace:winsock:WS2_recv_base fd=35, options=20
0009:trace:winsock:WS2_recv_base  -> 65 bytes
0009:trace:winsock:WS2_recv_base socket 0130, wsabuf 0x32f6e4, nbufs 1, flags 0, from 0x32f734, fromlen 16, ovl (nil), func (nil)
0009:trace:winsock:WS2_recv_base fd=35, options=20
0009:trace:winsock:WS2_recv_base  -> 67 bytes
0009:trace:winsock:WS2_sendto socket 0130, wsabuf 0x32f414, nbufs 1, flags 0, to 0x34b92ec, tolen 16, ovl (nil), func (nil)
0009:trace:winsock:WS2_sendto fd=35, options=20
0009:trace:winsock:WS2_sendto  -> 9 bytes
0009:trace:winsock:WS2_recv_base socket 0130, wsabuf 0x32f6e4, nbufs 1, flags 0, from 0x32f734, fromlen 16, ovl (nil), func (nil)
0009:trace:winsock:WS2_recv_base fd=35, options=20
0009:trace:winsock:WS2_recv_base  -> 65 bytes
0009:trace:winsock:WS2_recv_base socket 0130, wsabuf 0x32f6e4, nbufs 1, flags 0, from 0x32f734, fromlen 16, ovl (nil), func (nil)
0009:trace:winsock:WS2_recv_base fd=35, options=20
0009:trace:winsock:WS2_recv_base  -> 67 bytes
0009:trace:winsock:WS2_sendto socket 0130, wsabuf 0x32f414, nbufs 1, flags 0, to 0x34b9404, tolen 16, ovl (nil), func (nil)
0009:trace:winsock:WS2_sendto fd=35, options=20
0009:trace:winsock:WS2_sendto  -> 9 bytes
0009:trace:winsock:WS2_recv_base socket 0130, wsabuf 0x32f6e4, nbufs 1, flags 0, from 0x32f734, fromlen 16, ovl (nil), func (nil)
0009:trace:winsock:WS2_recv_base fd=35, options=20
0009:trace:winsock:WS2_recv_base  -> 65 bytes
0009:trace:winsock:WS2_recv_base socket 0130, wsabuf 0x32f6e4, nbufs 1, flags 0, from 0x32f734, fromlen 16, ovl (nil), func (nil)
0009:trace:winsock:WS2_recv_base fd=35, options=20
0009:trace:winsock:WS2_recv_base  -> 67 bytes
0009:trace:winsock:WS2_sendto socket 0130, wsabuf 0x32f414, nbufs 1, flags 0, to 0x34b9404, tolen 16, ovl (nil), func (nil)
0009:trace:winsock:WS2_sendto fd=35, options=20
0009:trace:winsock:WS2_sendto  -> 9 bytes
0009:trace:winsock:WS2_recv_base socket 0130, wsabuf 0x32f6e4, nbufs 1, flags 0, from 0x32f734, fromlen 16, ovl (nil), func (nil)
0009:trace:winsock:WS2_recv_base fd=35, options=20
0009:trace:winsock:WS2_recv_base  -> 65 bytes
0009:trace:winsock:WS2_recv_base socket 0130, wsabuf 0x32f6e4, nbufs 1, flags 0, from 0x32f734, fromlen 16, ovl (nil), func (nil)
0009:trace:winsock:WS2_recv_base fd=35, options=20
0009:trace:winsock:WS2_recv_base  -> 67 bytes
0009:trace:winsock:WS2_sendto socket 0130, wsabuf 0x32f414, nbufs 1, flags 0, to 0x34b9404, tolen 16, ovl (nil), func (nil)
0009:trace:winsock:WS2_sendto fd=35, options=20
0009:trace:winsock:WS2_sendto  -> 9 bytes
0009:trace:winsock:WS2_recv_base socket 0130, wsabuf 0x32f6e4, nbufs 1, flags 0, from 0x32f734, fromlen 16, ovl (nil), func (nil)
0009:trace:winsock:WS2_recv_base fd=35, options=20
0009:trace:winsock:WS2_recv_base  -> 65 bytes
0009:trace:winsock:WS2_recv_base socket 0130, wsabuf 0x32f6e4, nbufs 1, flags 0, from 0x32f734, fromlen 16, ovl (nil), func (nil)
0009:trace:winsock:WS2_recv_base fd=35, options=20
0009:trace:winsock:WS2_recv_base  -> 67 bytes
0009:trace:winsock:WS2_sendto socket 0130, wsabuf 0x32f414, nbufs 1, flags 0, to 0x34b9404, tolen 16, ovl (nil), func (nil)
0009:trace:winsock:WS2_sendto fd=35, options=20
0009:trace:winsock:WS2_sendto  -> 9 bytes
0009:trace:winsock:WS2_recv_base socket 0130, wsabuf 0x32f6e4, nbufs 1, flags 0, from 0x32f734, fromlen 16, ovl (nil), func (nil)
0009:trace:winsock:WS2_recv_base fd=35, options=20
0009:trace:winsock:WS2_recv_base  -> 65 bytes
0009:trace:winsock:WS2_recv_base socket 0130, wsabuf 0x32f6e4, nbufs 1, flags 0, from 0x32f734, fromlen 16, ovl (nil), func (nil)
0009:trace:winsock:WS2_recv_base fd=35, options=20
0009:trace:winsock:WS2_recv_base  -> 67 bytes
0009:trace:winsock:WS2_sendto socket 0130, wsabuf 0x32f414, nbufs 1, flags 0, to 0x34b9404, tolen 16, ovl (nil), func (nil)
0009:trace:winsock:WS2_sendto fd=35, options=20
0009:trace:winsock:WS2_sendto  -> 9 bytes
0009:trace:winsock:WS2_recv_base socket 0130, wsabuf 0x32f6e4, nbufs 1, flags 0, from 0x32f734, fromlen 16, ovl (nil), func (nil)
0009:trace:winsock:WS2_recv_base fd=35, options=20
0009:trace:winsock:WS2_recv_base  -> 65 bytes
0009:trace:winsock:WS2_recv_base socket 0130, wsabuf 0x32f6e4, nbufs 1, flags 0, from 0x32f734, fromlen 16, ovl (nil), func (nil)
0009:trace:winsock:WS2_recv_base fd=35, options=20
0009:trace:winsock:WS2_recv_base  -> 67 bytes
0009:trace:winsock:WS2_sendto socket 0130, wsabuf 0x32f414, nbufs 1, flags 0, to 0x34b9404, tolen 16, ovl (nil), func (nil)
0009:trace:winsock:WS2_sendto fd=35, options=20
0009:trace:winsock:WS2_sendto  -> 9 bytes
0009:trace:winsock:WS2_recv_base socket 0130, wsabuf 0x32f6e4, nbufs 1, flags 0, from 0x32f734, fromlen 16, ovl (nil), func (nil)
0009:trace:winsock:WS2_recv_base fd=35, options=20
0009:trace:winsock:WS2_recv_base  -> 65 bytes
0009:trace:winsock:WS2_recv_base socket 0130, wsabuf 0x32f6e4, nbufs 1, flags 0, from 0x32f734, fromlen 16, ovl (nil), func (nil)
0009:trace:winsock:WS2_recv_base fd=35, options=20
0009:trace:winsock:WS2_recv_base  -> 67 bytes
0009:trace:winsock:WS2_sendto socket 0130, wsabuf 0x32f414, nbufs 1, flags 0, to 0x34b9404, tolen 16, ovl (nil), func (nil)
0009:trace:winsock:WS2_sendto fd=35, options=20
0009:trace:winsock:WS2_sendto  -> 9 bytes
0009:trace:winsock:WS2_recv_base socket 0130, wsabuf 0x32f6e4, nbufs 1, flags 0, from 0x32f734, fromlen 16, ovl (nil), func (nil)
0009:trace:winsock:WS2_recv_base fd=35, options=20
0009:trace:winsock:WS2_recv_base  -> 65 bytes
0009:trace:winsock:WS2_recv_base socket 0130, wsabuf 0x32f6e4, nbufs 1, flags 0, from 0x32f734, fromlen 16, ovl (nil), func (nil)
0009:trace:winsock:WS2_recv_base fd=35, options=20
0009:trace:winsock:WS2_recv_base  -> 67 bytes
0009:trace:winsock:WS2_sendto socket 0130, wsabuf 0x32f414, nbufs 1, flags 0, to 0x34b9404, tolen 16, ovl (nil), func (nil)
0009:trace:winsock:WS2_sendto fd=35, options=20
0009:trace:winsock:WS2_sendto  -> 9 bytes
0009:trace:winsock:WS2_recv_base socket 0130, wsabuf 0x32f6e4, nbufs 1, flags 0, from 0x32f734, fromlen 16, ovl (nil), func (nil)
0009:trace:winsock:WS2_recv_base fd=35, options=20
0009:trace:winsock:WS2_recv_base  -> 65 bytes
0009:trace:winsock:WS2_recv_base socket 0130, wsabuf 0x32f6e4, nbufs 1, flags 0, from 0x32f734, fromlen 16, ovl (nil), func (nil)
0009:trace:winsock:WS2_recv_base fd=35, options=20
0009:trace:winsock:WS2_recv_base  -> 67 bytes
0009:trace:winsock:WS2_sendto socket 0130, wsabuf 0x32f414, nbufs 1, flags 0, to 0x34b9404, tolen 16, ovl (nil), func (nil)
0009:trace:winsock:WS2_sendto fd=35, options=20
0009:trace:winsock:WS2_sendto  -> 9 bytes
0009:trace:winsock:WS2_recv_base socket 0130, wsabuf 0x32f6e4, nbufs 1, flags 0, from 0x32f734, fromlen 16, ovl (nil), func (nil)
0009:trace:winsock:WS2_recv_base fd=35, options=20
0009:trace:winsock:WS2_recv_base  -> 65 bytes
0009:trace:winsock:WS2_recv_base socket 0130, wsabuf 0x32f6e4, nbufs 1, flags 0, from 0x32f734, fromlen 16, ovl (nil), func (nil)
0009:trace:winsock:WS2_recv_base fd=35, options=20
0009:trace:winsock:WS2_recv_base  -> 67 bytes
0009:trace:winsock:WS2_sendto socket 0130, wsabuf 0x32f414, nbufs 1, flags 0, to 0x34b9404, tolen 16, ovl (nil), func (nil)
0009:trace:winsock:WS2_sendto fd=35, options=20
0009:trace:winsock:WS2_sendto  -> 9 bytes
0009:trace:winsock:WS2_recv_base socket 0130, wsabuf 0x32f6e4, nbufs 1, flags 0, from 0x32f734, fromlen 16, ovl (nil), func (nil)
0009:trace:winsock:WS2_recv_base fd=35, options=20
0009:trace:winsock:WS2_recv_base  -> 65 bytes
0009:trace:winsock:WS2_recv_base socket 0130, wsabuf 0x32f6e4, nbufs 1, flags 0, from 0x32f734, fromlen 16, ovl (nil), func (nil)
0009:trace:winsock:WS2_recv_base fd=35, options=20
0009:trace:winsock:WS2_recv_base  -> 67 bytes
0009:trace:winsock:WS2_sendto socket 0130, wsabuf 0x32f414, nbufs 1, flags 0, to 0x34b9404, tolen 16, ovl (nil), func (nil)
0009:trace:winsock:WS2_sendto fd=35, options=20
0009:trace:winsock:WS2_sendto  -> 9 bytes
0009:trace:winsock:WS2_recv_base socket 0130, wsabuf 0x32f6e4, nbufs 1, flags 0, from 0x32f734, fromlen 16, ovl (nil), func (nil)
0009:trace:winsock:WS2_recv_base fd=35, options=20
0009:trace:winsock:WS2_recv_base  -> 65 bytes
0009:trace:winsock:WS2_recv_base socket 0130, wsabuf 0x32f6e4, nbufs 1, flags 0, from 0x32f734, fromlen 16, ovl (nil), func (nil)
0009:trace:winsock:WS2_recv_base fd=35, options=20
0009:trace:winsock:WS2_recv_base  -> 67 bytes
0009:trace:winsock:WS2_sendto socket 0130, wsabuf 0x32f414, nbufs 1, flags 0, to 0x34b92ec, tolen 16, ovl (nil), func (nil)
0009:trace:winsock:WS2_sendto fd=35, options=20
0009:trace:winsock:WS2_sendto  -> 9 bytes
0009:trace:winsock:WS2_recv_base socket 0130, wsabuf 0x32f6e4, nbufs 1, flags 0, from 0x32f734, fromlen 16, ovl (nil), func (nil)
0009:trace:winsock:WS2_recv_base fd=35, options=20
0009:trace:winsock:WS2_recv_base  -> 67 bytes
0009:trace:winsock:WS2_recv_base socket 0130, wsabuf 0x32f6e4, nbufs 1, flags 0, from 0x32f734, fromlen 16, ovl (nil), func (nil)
0009:trace:winsock:WS2_recv_base fd=35, options=20
0009:trace:winsock:WS2_recv_base  -> 65 bytes
0009:trace:winsock:WS2_sendto socket 0130, wsabuf 0x32f414, nbufs 1, flags 0, to 0x34b92ec, tolen 16, ovl (nil), func (nil)
0009:trace:winsock:WS2_sendto fd=35, options=20
0009:trace:winsock:WS2_sendto  -> 9 bytes
0009:trace:winsock:WS2_recv_base socket 0130, wsabuf 0x32f6e4, nbufs 1, flags 0, from 0x32f734, fromlen 16, ovl (nil), func (nil)
0009:trace:winsock:WS2_recv_base fd=35, options=20
0009:trace:winsock:WS2_recv_base  -> 65 bytes
0009:trace:winsock:WS2_recv_base socket 0130, wsabuf 0x32f6e4, nbufs 1, flags 0, from 0x32f734, fromlen 16, ovl (nil), func (nil)
0009:trace:winsock:WS2_recv_base fd=35, options=20
0009:trace:winsock:WS2_recv_base  -> 67 bytes
0009:trace:winsock:WS2_sendto socket 0130, wsabuf 0x32f414, nbufs 1, flags 0, to 0x34b92ec, tolen 16, ovl (nil), func (nil)
0009:trace:winsock:WS2_sendto fd=35, options=20
0009:trace:winsock:WS2_sendto  -> 9 bytes
0009:trace:winsock:WS2_recv_base socket 0130, wsabuf 0x32f6e4, nbufs 1, flags 0, from 0x32f734, fromlen 16, ovl (nil), func (nil)
0009:trace:winsock:WS2_recv_base fd=35, options=20
0009:trace:winsock:WS2_recv_base  -> 65 bytes
0009:trace:winsock:WS2_recv_base socket 0130, wsabuf 0x32f6e4, nbufs 1, flags 0, from 0x32f734, fromlen 16, ovl (nil), func (nil)
0009:trace:winsock:WS2_recv_base fd=35, options=20
0009:trace:winsock:WS2_recv_base  -> 67 bytes
0009:trace:winsock:WS2_sendto socket 0130, wsabuf 0x32f414, nbufs 1, flags 0, to 0x34b92ec, tolen 16, ovl (nil), func (nil)
0009:trace:winsock:WS2_sendto fd=35, options=20
0009:trace:winsock:WS2_sendto  -> 9 bytes
0009:trace:winsock:WS2_recv_base socket 0130, wsabuf 0x32f6e4, nbufs 1, flags 0, from 0x32f734, fromlen 16, ovl (nil), func (nil)
0009:trace:winsock:WS2_recv_base fd=35, options=20
0009:trace:winsock:WS2_recv_base  -> 65 bytes
0009:trace:winsock:WS2_recv_base socket 0130, wsabuf 0x32f6e4, nbufs 1, flags 0, from 0x32f734, fromlen 16, ovl (nil), func (nil)
0009:trace:winsock:WS2_recv_base fd=35, options=20
0009:trace:winsock:WS2_recv_base  -> 67 bytes
0009:trace:winsock:WS2_sendto socket 0130, wsabuf 0x32f414, nbufs 1, flags 0, to 0x34b92ec, tolen 16, ovl (nil), func (nil)
0009:trace:winsock:WS2_sendto fd=35, options=20
0009:trace:winsock:WS2_sendto  -> 9 bytes
0009:trace:winsock:WS2_recv_base socket 0130, wsabuf 0x32f6e4, nbufs 1, flags 0, from 0x32f734, fromlen 16, ovl (nil), func (nil)
0009:trace:winsock:WS2_recv_base fd=35, options=20
0009:trace:winsock:WS2_recv_base  -> 65 bytes
0009:trace:winsock:WS2_recv_base socket 0130, wsabuf 0x32f6e4, nbufs 1, flags 0, from 0x32f734, fromlen 16, ovl (nil), func (nil)
0009:trace:winsock:WS2_recv_base fd=35, options=20
0009:trace:winsock:WS2_recv_base  -> 67 bytes
0009:trace:winsock:WS2_sendto socket 0130, wsabuf 0x32f414, nbufs 1, flags 0, to 0x34b92ec, tolen 16, ovl (nil), func (nil)
0009:trace:winsock:WS2_sendto fd=35, options=20
0009:trace:winsock:WS2_sendto  -> 9 bytes
0009:trace:winsock:WS2_recv_base socket 0130, wsabuf 0x32f6e4, nbufs 1, flags 0, from 0x32f734, fromlen 16, ovl (nil), func (nil)
0009:trace:winsock:WS2_recv_base fd=35, options=20
0009:trace:winsock:WS2_recv_base  -> 65 bytes
0009:trace:winsock:WS2_recv_base socket 0130, wsabuf 0x32f6e4, nbufs 1, flags 0, from 0x32f734, fromlen 16, ovl (nil), func (nil)
0009:trace:winsock:WS2_recv_base fd=35, options=20
0009:trace:winsock:WS2_recv_base  -> 67 bytes
0009:trace:winsock:WS2_sendto socket 0130, wsabuf 0x32f414, nbufs 1, flags 0, to 0x34b92ec, tolen 16, ovl (nil), func (nil)
0009:trace:winsock:WS2_sendto fd=35, options=20
0009:trace:winsock:WS2_sendto  -> 9 bytes
0009:trace:winsock:WS2_recv_base socket 0130, wsabuf 0x32f6e4, nbufs 1, flags 0, from 0x32f734, fromlen 16, ovl (nil), func (nil)
0009:trace:winsock:WS2_recv_base fd=35, options=20
0009:trace:winsock:WS2_recv_base  -> 65 bytes
0009:trace:winsock:WS2_recv_base socket 0130, wsabuf 0x32f6e4, nbufs 1, flags 0, from 0x32f734, fromlen 16, ovl (nil), func (nil)
0009:trace:winsock:WS2_recv_base fd=35, options=20
0009:trace:winsock:WS2_recv_base  -> 67 bytes
0009:trace:winsock:WS2_sendto socket 0130, wsabuf 0x32f414, nbufs 1, flags 0, to 0x34b92ec, tolen 16, ovl (nil), func (nil)
0009:trace:winsock:WS2_sendto fd=35, options=20
0009:trace:winsock:WS2_sendto  -> 9 bytes
0009:trace:winsock:WS2_recv_base socket 0130, wsabuf 0x32f6e4, nbufs 1, flags 0, from 0x32f734, fromlen 16, ovl (nil), func (nil)
0009:trace:winsock:WS2_recv_base fd=35, options=20
0009:trace:winsock:WS2_recv_base  -> 65 bytes
0009:trace:winsock:WS2_recv_base socket 0130, wsabuf 0x32f6e4, nbufs 1, flags 0, from 0x32f734, fromlen 16, ovl (nil), func (nil)
0009:trace:winsock:WS2_recv_base fd=35, options=20
0009:trace:winsock:WS2_recv_base  -> 67 bytes
0009:trace:winsock:WS2_sendto socket 0130, wsabuf 0x32f414, nbufs 1, flags 0, to 0x34b92ec, tolen 16, ovl (nil), func (nil)
0009:trace:winsock:WS2_sendto fd=35, options=20
0009:trace:winsock:WS2_sendto  -> 9 bytes
0009:trace:winsock:WS2_recv_base socket 0130, wsabuf 0x32f6e4, nbufs 1, flags 0, from 0x32f734, fromlen 16, ovl (nil), func (nil)
0009:trace:winsock:WS2_recv_base fd=35, options=20
0009:trace:winsock:WS2_recv_base  -> 65 bytes
0009:trace:winsock:WS2_recv_base socket 0130, wsabuf 0x32f6e4, nbufs 1, flags 0, from 0x32f734, fromlen 16, ovl (nil), func (nil)
0009:trace:winsock:WS2_recv_base fd=35, options=20
0009:trace:winsock:WS2_recv_base  -> 67 bytes
0009:trace:winsock:WS2_sendto socket 0130, wsabuf 0x32f414, nbufs 1, flags 0, to 0x34b92ec, tolen 16, ovl (nil), func (nil)
0009:trace:winsock:WS2_sendto fd=35, options=20
0009:trace:winsock:WS2_sendto  -> 9 bytes
0009:trace:winsock:WS2_recv_base socket 0130, wsabuf 0x32f6e4, nbufs 1, flags 0, from 0x32f734, fromlen 16, ovl (nil), func (nil)
0009:trace:winsock:WS2_recv_base fd=35, options=20
0009:trace:winsock:WS2_recv_base  -> 65 bytes
0009:trace:winsock:WS2_recv_base socket 0130, wsabuf 0x32f6e4, nbufs 1, flags 0, from 0x32f734, fromlen 16, ovl (nil), func (nil)
0009:trace:winsock:WS2_recv_base fd=35, options=20
0009:trace:winsock:WS2_recv_base  -> 67 bytes
0009:trace:winsock:WS2_sendto socket 0130, wsabuf 0x32f414, nbufs 1, flags 0, to 0x34b92ec, tolen 16, ovl (nil), func (nil)
0009:trace:winsock:WS2_sendto fd=35, options=20
0009:trace:winsock:WS2_sendto  -> 9 bytes
0009:trace:winsock:WS2_recv_base socket 0130, wsabuf 0x32f6e4, nbufs 1, flags 0, from 0x32f734, fromlen 16, ovl (nil), func (nil)
0009:trace:winsock:WS2_recv_base fd=35, options=20
0009:trace:winsock:WS2_recv_base  -> 65 bytes
0009:trace:winsock:WS2_recv_base socket 0130, wsabuf 0x32f6e4, nbufs 1, flags 0, from 0x32f734, fromlen 16, ovl (nil), func (nil)
0009:trace:winsock:WS2_recv_base fd=35, options=20
0009:trace:winsock:WS2_recv_base  -> 67 bytes
0009:trace:winsock:WS2_sendto socket 0130, wsabuf 0x32f414, nbufs 1, flags 0, to 0x34b92ec, tolen 16, ovl (nil), func (nil)
0009:trace:winsock:WS2_sendto fd=35, options=20
0009:trace:winsock:WS2_sendto  -> 9 bytes
0009:trace:winsock:WS2_recv_base socket 0130, wsabuf 0x32f6e4, nbufs 1, flags 0, from 0x32f734, fromlen 16, ovl (nil), func (nil)
0009:trace:winsock:WS2_recv_base fd=35, options=20
0009:trace:winsock:WS2_recv_base  -> 65 bytes
0009:trace:winsock:WS2_recv_base socket 0130, wsabuf 0x32f6e4, nbufs 1, flags 0, from 0x32f734, fromlen 16, ovl (nil), func (nil)
0009:trace:winsock:WS2_recv_base fd=35, options=20
0009:trace:winsock:WS2_recv_base  -> 67 bytes
0009:trace:winsock:WS2_sendto socket 0130, wsabuf 0x32f414, nbufs 1, flags 0, to 0x34b94ac, tolen 16, ovl (nil), func (nil)
0009:trace:winsock:WS2_sendto fd=35, options=20
0009:trace:winsock:WS2_sendto  -> 9 bytes
0009:trace:winsock:WS2_recv_base socket 0130, wsabuf 0x32f6e4, nbufs 1, flags 0, from 0x32f734, fromlen 16, ovl (nil), func (nil)
0009:trace:winsock:WS2_recv_base fd=35, options=20
0009:trace:winsock:WS2_recv_base  -> 65 bytes
0009:trace:winsock:WS2_recv_base socket 0130, wsabuf 0x32f6e4, nbufs 1, flags 0, from 0x32f734, fromlen 16, ovl (nil), func (nil)
0009:trace:winsock:WS2_recv_base fd=35, options=20
0009:trace:winsock:WS2_recv_base  -> 67 bytes
0009:trace:winsock:WS2_sendto socket 0130, wsabuf 0x32f414, nbufs 1, flags 0, to 0x34b94ac, tolen 16, ovl (nil), func (nil)
0009:trace:winsock:WS2_sendto fd=35, options=20
0009:trace:winsock:WS2_sendto  -> 9 bytes
0009:trace:winsock:WS2_recv_base socket 0130, wsabuf 0x32f6e4, nbufs 1, flags 0, from 0x32f734, fromlen 16, ovl (nil), func (nil)
0009:trace:winsock:WS2_recv_base fd=35, options=20
0009:trace:winsock:WS2_recv_base  -> 65 bytes
0009:trace:winsock:WS2_recv_base socket 0130, wsabuf 0x32f6e4, nbufs 1, flags 0, from 0x32f734, fromlen 16, ovl (nil), func (nil)
0009:trace:winsock:WS2_recv_base fd=35, options=20
0009:trace:winsock:WS2_recv_base  -> 67 bytes
0009:trace:winsock:WS2_sendto socket 0130, wsabuf 0x32f414, nbufs 1, flags 0, to 0x34b94ac, tolen 16, ovl (nil), func (nil)
0009:trace:winsock:WS2_sendto fd=35, options=20
0009:trace:winsock:WS2_sendto  -> 9 bytes
0009:trace:winsock:WS2_recv_base socket 0130, wsabuf 0x32f6e4, nbufs 1, flags 0, from 0x32f734, fromlen 16, ovl (nil), func (nil)
0009:trace:winsock:WS2_recv_base fd=35, options=20
0009:trace:winsock:WS2_recv_base  -> 65 bytes
0009:trace:winsock:WS2_recv_base socket 0130, wsabuf 0x32f6e4, nbufs 1, flags 0, from 0x32f734, fromlen 16, ovl (nil), func (nil)
0009:trace:winsock:WS2_recv_base fd=35, options=20
0009:trace:winsock:WS2_recv_base  -> 67 bytes
0009:trace:winsock:WS2_sendto socket 0130, wsabuf 0x32f414, nbufs 1, flags 0, to 0x34b94ac, tolen 16, ovl (nil), func (nil)
0009:trace:winsock:WS2_sendto fd=35, options=20
0009:trace:winsock:WS2_sendto  -> 9 bytes
0009:trace:winsock:WS2_recv_base socket 0130, wsabuf 0x32f6e4, nbufs 1, flags 0, from 0x32f734, fromlen 16, ovl (nil), func (nil)
0009:trace:winsock:WS2_recv_base fd=35, options=20
0009:trace:winsock:WS2_recv_base  -> 65 bytes
0009:trace:winsock:WS2_recv_base socket 0130, wsabuf 0x32f6e4, nbufs 1, flags 0, from 0x32f734, fromlen 16, ovl (nil), func (nil)
0009:trace:winsock:WS2_recv_base fd=35, options=20
0009:trace:winsock:WS2_recv_base  -> 67 bytes
0009:trace:winsock:WS2_sendto socket 0130, wsabuf 0x32f414, nbufs 1, flags 0, to 0x34b94ac, tolen 16, ovl (nil), func (nil)
0009:trace:winsock:WS2_sendto fd=35, options=20
0009:trace:winsock:WS2_sendto  -> 9 bytes
0009:trace:winsock:WS2_recv_base socket 0130, wsabuf 0x32f6e4, nbufs 1, flags 0, from 0x32f734, fromlen 16, ovl (nil), func (nil)
0009:trace:winsock:WS2_recv_base fd=35, options=20
0009:trace:winsock:WS2_recv_base  -> 65 bytes
0009:trace:winsock:WS2_recv_base socket 0130, wsabuf 0x32f6e4, nbufs 1, flags 0, from 0x32f734, fromlen 16, ovl (nil), func (nil)
0009:trace:winsock:WS2_recv_base fd=35, options=20
0009:trace:winsock:WS2_recv_base  -> 67 bytes
0009:trace:winsock:WS2_sendto socket 0130, wsabuf 0x32f414, nbufs 1, flags 0, to 0x34b94ac, tolen 16, ovl (nil), func (nil)
0009:trace:winsock:WS2_sendto fd=35, options=20
0009:trace:winsock:WS2_sendto  -> 9 bytes
0009:trace:winsock:WS2_recv_base socket 0130, wsabuf 0x32f6e4, nbufs 1, flags 0, from 0x32f734, fromlen 16, ovl (nil), func (nil)
0009:trace:winsock:WS2_recv_base fd=35, options=20
0009:trace:winsock:WS2_recv_base  -> 65 bytes
0009:trace:winsock:WS2_recv_base socket 0130, wsabuf 0x32f6e4, nbufs 1, flags 0, from 0x32f734, fromlen 16, ovl (nil), func (nil)
0009:trace:winsock:WS2_recv_base fd=35, options=20
0009:trace:winsock:WS2_recv_base  -> 67 bytes
0009:trace:winsock:WS2_sendto socket 0130, wsabuf 0x32f414, nbufs 1, flags 0, to 0x34b94ac, tolen 16, ovl (nil), func (nil)
0009:trace:winsock:WS2_sendto fd=35, options=20
0009:trace:winsock:WS2_sendto  -> 9 bytes
0009:trace:winsock:WS2_recv_base socket 0130, wsabuf 0x32f6e4, nbufs 1, flags 0, from 0x32f734, fromlen 16, ovl (nil), func (nil)
0009:trace:winsock:WS2_recv_base fd=35, options=20
0009:trace:winsock:WS2_recv_base  -> 65 bytes
0009:trace:winsock:WS2_recv_base socket 0130, wsabuf 0x32f6e4, nbufs 1, flags 0, from 0x32f734, fromlen 16, ovl (nil), func (nil)
0009:trace:winsock:WS2_recv_base fd=35, options=20
0009:trace:winsock:WS2_recv_base  -> 67 bytes
0009:trace:winsock:WS2_sendto socket 0130, wsabuf 0x32f414, nbufs 1, flags 0, to 0x34b94ac, tolen 16, ovl (nil), func (nil)
0009:trace:winsock:WS2_sendto fd=35, options=20
0009:trace:winsock:WS2_sendto  -> 9 bytes
0009:trace:winsock:WS2_recv_base socket 0130, wsabuf 0x32f6e4, nbufs 1, flags 0, from 0x32f734, fromlen 16, ovl (nil), func (nil)
0009:trace:winsock:WS2_recv_base fd=35, options=20
0009:trace:winsock:WS2_recv_base  -> 65 bytes
0009:trace:winsock:WS2_recv_base socket 0130, wsabuf 0x32f6e4, nbufs 1, flags 0, from 0x32f734, fromlen 16, ovl (nil), func (nil)
0009:trace:winsock:WS2_recv_base fd=35, options=20
0009:trace:winsock:WS2_recv_base  -> 67 bytes
0009:trace:winsock:WS2_sendto socket 0130, wsabuf 0x32f414, nbufs 1, flags 0, to 0x34b94ac, tolen 16, ovl (nil), func (nil)
0009:trace:winsock:WS2_sendto fd=35, options=20
0009:trace:winsock:WS2_sendto  -> 9 bytes
0009:trace:winsock:WS2_recv_base socket 0130, wsabuf 0x32f6e4, nbufs 1, flags 0, from 0x32f734, fromlen 16, ovl (nil), func (nil)
0009:trace:winsock:WS2_recv_base fd=35, options=20
0009:trace:winsock:WS2_recv_base  -> 65 bytes
0009:trace:winsock:WS2_recv_base socket 0130, wsabuf 0x32f6e4, nbufs 1, flags 0, from 0x32f734, fromlen 16, ovl (nil), func (nil)
0009:trace:winsock:WS2_recv_base fd=35, options=20
0009:trace:winsock:WS2_recv_base  -> 67 bytes
0009:trace:winsock:WS2_sendto socket 0130, wsabuf 0x32f414, nbufs 1, flags 0, to 0x34b94e4, tolen 16, ovl (nil), func (nil)
0009:trace:winsock:WS2_sendto fd=35, options=20
0009:trace:winsock:WS2_sendto  -> 9 bytes
0009:trace:winsock:WS2_recv_base socket 0130, wsabuf 0x32f6e4, nbufs 1, flags 0, from 0x32f734, fromlen 16, ovl (nil), func (nil)
0009:trace:winsock:WS2_recv_base fd=35, options=20
0009:trace:winsock:WS2_recv_base  -> 65 bytes
0009:trace:winsock:WS2_recv_base socket 0130, wsabuf 0x32f6e4, nbufs 1, flags 0, from 0x32f734, fromlen 16, ovl (nil), func (nil)
0009:trace:winsock:WS2_recv_base fd=35, options=20
0009:trace:winsock:WS2_recv_base  -> 67 bytes
0009:trace:winsock:WS2_sendto socket 0130, wsabuf 0x32f414, nbufs 1, flags 0, to 0x34b94e4, tolen 16, ovl (nil), func (nil)
0009:trace:winsock:WS2_sendto fd=35, options=20
0009:trace:winsock:WS2_sendto  -> 9 bytes
0009:trace:winsock:WS2_recv_base socket 0130, wsabuf 0x32f6e4, nbufs 1, flags 0, from 0x32f734, fromlen 16, ovl (nil), func (nil)
0009:trace:winsock:WS2_recv_base fd=35, options=20
0009:trace:winsock:WS2_recv_base  -> 65 bytes
0009:trace:winsock:WS2_recv_base socket 0130, wsabuf 0x32f6e4, nbufs 1, flags 0, from 0x32f734, fromlen 16, ovl (nil), func (nil)
0009:trace:winsock:WS2_recv_base fd=35, options=20
0009:trace:winsock:WS2_recv_base  -> 67 bytes
0009:trace:winsock:WS2_sendto socket 0130, wsabuf 0x32f414, nbufs 1, flags 0, to 0x34b94e4, tolen 16, ovl (nil), func (nil)
0009:trace:winsock:WS2_sendto fd=35, options=20
0009:trace:winsock:WS2_sendto  -> 9 bytes
0009:trace:winsock:WS2_recv_base socket 0130, wsabuf 0x32f6e4, nbufs 1, flags 0, from 0x32f734, fromlen 16, ovl (nil), func (nil)
0009:trace:winsock:WS2_recv_base fd=35, options=20
0009:trace:winsock:WS2_recv_base  -> 65 bytes
0009:trace:winsock:WS2_recv_base socket 0130, wsabuf 0x32f6e4, nbufs 1, flags 0, from 0x32f734, fromlen 16, ovl (nil), func (nil)
0009:trace:winsock:WS2_recv_base fd=35, options=20
0009:trace:winsock:WS2_recv_base  -> 67 bytes
0009:trace:winsock:WS2_sendto socket 0130, wsabuf 0x32f414, nbufs 1, flags 0, to 0x34b94e4, tolen 16, ovl (nil), func (nil)
0009:trace:winsock:WS2_sendto fd=35, options=20
0009:trace:winsock:WS2_sendto  -> 9 bytes
0009:trace:winsock:WS2_recv_base socket 0130, wsabuf 0x32f6e4, nbufs 1, flags 0, from 0x32f734, fromlen 16, ovl (nil), func (nil)
0009:trace:winsock:WS2_recv_base fd=35, options=20
0009:trace:winsock:WS2_recv_base  -> 65 bytes
0009:trace:winsock:WS2_recv_base socket 0130, wsabuf 0x32f6e4, nbufs 1, flags 0, from 0x32f734, fromlen 16, ovl (nil), func (nil)
0009:trace:winsock:WS2_recv_base fd=35, options=20
0009:trace:winsock:WS2_recv_base  -> 67 bytes
0009:trace:winsock:WS2_sendto socket 0130, wsabuf 0x32f414, nbufs 1, flags 0, to 0x34b94e4, tolen 16, ovl (nil), func (nil)
0009:trace:winsock:WS2_sendto fd=35, options=20
0009:trace:winsock:WS2_sendto  -> 9 bytes
0009:trace:winsock:WS2_recv_base socket 0130, wsabuf 0x32f6e4, nbufs 1, flags 0, from 0x32f734, fromlen 16, ovl (nil), func (nil)
0009:trace:winsock:WS2_recv_base fd=35, options=20
0009:trace:winsock:WS2_recv_base  -> 65 bytes
0009:trace:winsock:WS2_recv_base socket 0130, wsabuf 0x32f6e4, nbufs 1, flags 0, from 0x32f734, fromlen 16, ovl (nil), func (nil)
0009:trace:winsock:WS2_recv_base fd=35, options=20
0009:trace:winsock:WS2_recv_base  -> 67 bytes
0009:trace:winsock:WS2_sendto socket 0130, wsabuf 0x32f414, nbufs 1, flags 0, to 0x34b951c, tolen 16, ovl (nil), func (nil)
0009:trace:winsock:WS2_sendto fd=35, options=20
0009:trace:winsock:WS2_sendto  -> 9 bytes
0009:trace:winsock:WS2_recv_base socket 0130, wsabuf 0x32f6e4, nbufs 1, flags 0, from 0x32f734, fromlen 16, ovl (nil), func (nil)
0009:trace:winsock:WS2_recv_base fd=35, options=20
0009:trace:winsock:WS2_recv_base  -> 65 bytes
0009:trace:winsock:WS2_recv_base socket 0130, wsabuf 0x32f6e4, nbufs 1, flags 0, from 0x32f734, fromlen 16, ovl (nil), func (nil)
0009:trace:winsock:WS2_recv_base fd=35, options=20
0009:trace:winsock:WS2_recv_base  -> 67 bytes
0009:trace:winsock:WS2_sendto socket 0130, wsabuf 0x32f414, nbufs 1, flags 0, to 0x34b951c, tolen 16, ovl (nil), func (nil)
0009:trace:winsock:WS2_sendto fd=35, options=20
0009:trace:winsock:WS2_sendto  -> 9 bytes
0009:trace:winsock:WS2_recv_base socket 0130, wsabuf 0x32f6e4, nbufs 1, flags 0, from 0x32f734, fromlen 16, ovl (nil), func (nil)
0009:trace:winsock:WS2_recv_base fd=35, options=20
0009:trace:winsock:WS2_recv_base  -> 65 bytes
0009:trace:winsock:WS2_recv_base socket 0130, wsabuf 0x32f6e4, nbufs 1, flags 0, from 0x32f734, fromlen 16, ovl (nil), func (nil)
0009:trace:winsock:WS2_recv_base fd=35, options=20
0009:trace:winsock:WS2_recv_base  -> 67 bytes
0009:trace:winsock:WS2_sendto socket 0130, wsabuf 0x32f414, nbufs 1, flags 0, to 0x34b951c, tolen 16, ovl (nil), func (nil)
0009:trace:winsock:WS2_sendto fd=35, options=20
0009:trace:winsock:WS2_sendto  -> 9 bytes
0009:trace:winsock:WS2_recv_base socket 0130, wsabuf 0x32f6e4, nbufs 1, flags 0, from 0x32f734, fromlen 16, ovl (nil), func (nil)
0009:trace:winsock:WS2_recv_base fd=35, options=20
0009:trace:winsock:WS2_recv_base  -> 65 bytes
0009:trace:winsock:WS2_recv_base socket 0130, wsabuf 0x32f6e4, nbufs 1, flags 0, from 0x32f734, fromlen 16, ovl (nil), func (nil)
0009:trace:winsock:WS2_recv_base fd=35, options=20
0009:trace:winsock:WS2_recv_base  -> 67 bytes
0009:trace:winsock:WS2_sendto socket 0130, wsabuf 0x32f414, nbufs 1, flags 0, to 0x34b951c, tolen 16, ovl (nil), func (nil)
0009:trace:winsock:WS2_sendto fd=35, options=20
0009:trace:winsock:WS2_sendto  -> 9 bytes
0009:trace:winsock:WS2_recv_base socket 0130, wsabuf 0x32f6e4, nbufs 1, flags 0, from 0x32f734, fromlen 16, ovl (nil), func (nil)
0009:trace:winsock:WS2_recv_base fd=35, options=20
0009:trace:winsock:WS2_recv_base  -> 67 bytes
0009:trace:winsock:WS2_recv_base socket 0130, wsabuf 0x32f6e4, nbufs 1, flags 0, from 0x32f734, fromlen 16, ovl (nil), func (nil)
0009:trace:winsock:WS2_recv_base fd=35, options=20
0009:trace:winsock:WS2_recv_base  -> 65 bytes
0009:trace:winsock:WS2_sendto socket 0130, wsabuf 0x32f414, nbufs 1, flags 0, to 0x34b951c, tolen 16, ovl (nil), func (nil)
0009:trace:winsock:WS2_sendto fd=35, options=20
0009:trace:winsock:WS2_sendto  -> 9 bytes
0009:trace:winsock:WS2_recv_base socket 0130, wsabuf 0x32f6e4, nbufs 1, flags 0, from 0x32f734, fromlen 16, ovl (nil), func (nil)
0009:trace:winsock:WS2_recv_base fd=35, options=20
0009:trace:winsock:WS2_recv_base  -> 65 bytes
0009:trace:winsock:WS2_recv_base socket 0130, wsabuf 0x32f6e4, nbufs 1, flags 0, from 0x32f734, fromlen 16, ovl (nil), func (nil)
0009:trace:winsock:WS2_recv_base fd=35, options=20
0009:trace:winsock:WS2_recv_base  -> 67 bytes
0009:trace:winsock:WS2_sendto socket 0130, wsabuf 0x32f414, nbufs 1, flags 0, to 0x34b951c, tolen 16, ovl (nil), func (nil)
0009:trace:winsock:WS2_sendto fd=35, options=20
0009:trace:winsock:WS2_sendto  -> 9 bytes
0009:trace:winsock:WS2_recv_base socket 0130, wsabuf 0x32f6e4, nbufs 1, flags 0, from 0x32f734, fromlen 16, ovl (nil), func (nil)
0009:trace:winsock:WS2_recv_base fd=35, options=20
0009:trace:winsock:WS2_recv_base  -> 65 bytes
0009:trace:winsock:WS2_recv_base socket 0130, wsabuf 0x32f6e4, nbufs 1, flags 0, from 0x32f734, fromlen 16, ovl (nil), func (nil)
0009:trace:winsock:WS2_recv_base fd=35, options=20
0009:trace:winsock:WS2_recv_base  -> 67 bytes
0009:trace:winsock:WS2_sendto socket 0130, wsabuf 0x32f414, nbufs 1, flags 0, to 0x34b951c, tolen 16, ovl (nil), func (nil)
0009:trace:winsock:WS2_sendto fd=35, options=20
0009:trace:winsock:WS2_sendto  -> 9 bytes
0009:trace:winsock:WS2_recv_base socket 0130, wsabuf 0x32f6e4, nbufs 1, flags 0, from 0x32f734, fromlen 16, ovl (nil), func (nil)
0009:trace:winsock:WS2_recv_base fd=35, options=20
0009:trace:winsock:WS2_recv_base  -> 65 bytes
0009:trace:winsock:WS2_recv_base socket 0130, wsabuf 0x32f6e4, nbufs 1, flags 0, from 0x32f734, fromlen 16, ovl (nil), func (nil)
0009:trace:winsock:WS2_recv_base fd=35, options=20
0009:trace:winsock:WS2_recv_base  -> 67 bytes
0009:trace:winsock:WS2_sendto socket 0130, wsabuf 0x32f414, nbufs 1, flags 0, to 0x34b951c, tolen 16, ovl (nil), func (nil)
0009:trace:winsock:WS2_sendto fd=35, options=20
0009:trace:winsock:WS2_sendto  -> 9 bytes
0009:trace:winsock:WS2_recv_base socket 0130, wsabuf 0x32f6e4, nbufs 1, flags 0, from 0x32f734, fromlen 16, ovl (nil), func (nil)
0009:trace:winsock:WS2_recv_base fd=35, options=20
0009:trace:winsock:WS2_recv_base  -> 65 bytes
0009:trace:winsock:WS2_recv_base socket 0130, wsabuf 0x32f6e4, nbufs 1, flags 0, from 0x32f734, fromlen 16, ovl (nil), func (nil)
0009:trace:winsock:WS2_recv_base fd=35, options=20
0009:trace:winsock:WS2_recv_base  -> 67 bytes
0009:trace:winsock:WS2_sendto socket 0130, wsabuf 0x32f414, nbufs 1, flags 0, to 0x34b951c, tolen 16, ovl (nil), func (nil)
0009:trace:winsock:WS2_sendto fd=35, options=20
0009:trace:winsock:WS2_sendto  -> 9 bytes
0009:trace:winsock:WS2_recv_base socket 0130, wsabuf 0x32f6e4, nbufs 1, flags 0, from 0x32f734, fromlen 16, ovl (nil), func (nil)
0009:trace:winsock:WS2_recv_base fd=35, options=20
0009:trace:winsock:WS2_recv_base  -> 65 bytes
0009:trace:winsock:WS2_recv_base socket 0130, wsabuf 0x32f6e4, nbufs 1, flags 0, from 0x32f734, fromlen 16, ovl (nil), func (nil)
0009:trace:winsock:WS2_recv_base fd=35, options=20
0009:trace:winsock:WS2_recv_base  -> 67 bytes
0009:trace:winsock:WS2_sendto socket 0130, wsabuf 0x32f414, nbufs 1, flags 0, to 0x34b951c, tolen 16, ovl (nil), func (nil)
0009:trace:winsock:WS2_sendto fd=35, options=20
0009:trace:winsock:WS2_sendto  -> 9 bytes
0009:trace:winsock:WS2_recv_base socket 0130, wsabuf 0x32f6e4, nbufs 1, flags 0, from 0x32f734, fromlen 16, ovl (nil), func (nil)
0009:trace:winsock:WS2_recv_base fd=35, options=20
0009:trace:winsock:WS2_recv_base  -> 65 bytes
0009:trace:winsock:WS2_recv_base socket 0130, wsabuf 0x32f6e4, nbufs 1, flags 0, from 0x32f734, fromlen 16, ovl (nil), func (nil)
0009:trace:winsock:WS2_recv_base fd=35, options=20
0009:trace:winsock:WS2_recv_base  -> 67 bytes
0009:trace:winsock:WS2_sendto socket 0130, wsabuf 0x32f414, nbufs 1, flags 0, to 0x34b951c, tolen 16, ovl (nil), func (nil)
0009:trace:winsock:WS2_sendto fd=35, options=20
0009:trace:winsock:WS2_sendto  -> 9 bytes
0009:trace:winsock:WS2_recv_base socket 0130, wsabuf 0x32f6e4, nbufs 1, flags 0, from 0x32f734, fromlen 16, ovl (nil), func (nil)
0009:trace:winsock:WS2_recv_base fd=35, options=20
0009:trace:winsock:WS2_recv_base  -> 65 bytes
0009:trace:winsock:WS2_sendto socket 0130, wsabuf 0x32f414, nbufs 1, flags 0, to 0x34b951c, tolen 16, ovl (nil), func (nil)
0009:trace:winsock:WS2_sendto fd=35, options=20
0009:trace:winsock:WS2_sendto  -> 9 bytes
0009:trace:winsock:WS2_recv_base socket 0130, wsabuf 0x32f6e4, nbufs 1, flags 0, from 0x32f734, fromlen 16, ovl (nil), func (nil)
0009:trace:winsock:WS2_recv_base fd=35, options=20
0009:trace:winsock:WS2_recv_base  -> 67 bytes
0009:trace:winsock:WS2_recv_base socket 0130, wsabuf 0x32f6e4, nbufs 1, flags 0, from 0x32f734, fromlen 16, ovl (nil), func (nil)
0009:trace:winsock:WS2_recv_base fd=35, options=20
0009:trace:winsock:WS2_recv_base  -> 65 bytes
0009:trace:winsock:WS2_recv_base socket 0130, wsabuf 0x32f6e4, nbufs 1, flags 0, from 0x32f734, fromlen 16, ovl (nil), func (nil)
0009:trace:winsock:WS2_recv_base fd=35, options=20
0009:trace:winsock:WS2_recv_base  -> 67 bytes
0009:trace:winsock:WS2_sendto socket 0130, wsabuf 0x32f414, nbufs 1, flags 0, to 0x34b951c, tolen 16, ovl (nil), func (nil)
0009:trace:winsock:WS2_sendto fd=35, options=20
0009:trace:winsock:WS2_sendto  -> 9 bytes
0009:trace:winsock:WS2_recv_base socket 0130, wsabuf 0x32f6e4, nbufs 1, flags 0, from 0x32f734, fromlen 16, ovl (nil), func (nil)
0009:trace:winsock:WS2_recv_base fd=35, options=20
0009:trace:winsock:WS2_recv_base  -> 65 bytes
0009:trace:winsock:WS2_sendto socket 0130, wsabuf 0x32f414, nbufs 1, flags 0, to 0x34b951c, tolen 16, ovl (nil), func (nil)
0009:trace:winsock:WS2_sendto fd=35, options=20
0009:trace:winsock:WS2_sendto  -> 9 bytes
0009:trace:winsock:WS2_recv_base socket 0130, wsabuf 0x32f6e4, nbufs 1, flags 0, from 0x32f734, fromlen 16, ovl (nil), func (nil)
0009:trace:winsock:WS2_recv_base fd=35, options=20
0009:trace:winsock:WS2_recv_base  -> 67 bytes
0009:trace:winsock:WS2_recv_base socket 0130, wsabuf 0x32f6e4, nbufs 1, flags 0, from 0x32f734, fromlen 16, ovl (nil), func (nil)
0009:trace:winsock:WS2_recv_base fd=35, options=20
0009:trace:winsock:WS2_recv_base  -> 65 bytes
0009:trace:winsock:WS2_recv_base socket 0130, wsabuf 0x32f6e4, nbufs 1, flags 0, from 0x32f734, fromlen 16, ovl (nil), func (nil)
0009:trace:winsock:WS2_recv_base fd=35, options=20
0009:trace:winsock:WS2_recv_base  -> 67 bytes
0009:trace:winsock:WS2_sendto socket 0130, wsabuf 0x32f414, nbufs 1, flags 0, to 0x34b951c, tolen 16, ovl (nil), func (nil)
0009:trace:winsock:WS2_sendto fd=35, options=20
0009:trace:winsock:WS2_sendto  -> 9 bytes
0009:trace:winsock:WS2_recv_base socket 0130, wsabuf 0x32f6e4, nbufs 1, flags 0, from 0x32f734, fromlen 16, ovl (nil), func (nil)
0009:trace:winsock:WS2_recv_base fd=35, options=20
0009:trace:winsock:WS2_recv_base  -> 65 bytes
0009:trace:winsock:WS2_sendto socket 0130, wsabuf 0x32f414, nbufs 1, flags 0, to 0x34b951c, tolen 16, ovl (nil), func (nil)
0009:trace:winsock:WS2_sendto fd=35, options=20
0009:trace:winsock:WS2_sendto  -> 9 bytes
0009:trace:winsock:WS2_recv_base socket 0130, wsabuf 0x32f6e4, nbufs 1, flags 0, from 0x32f734, fromlen 16, ovl (nil), func (nil)
0009:trace:winsock:WS2_recv_base fd=35, options=20
0009:trace:winsock:WS2_recv_base  -> 67 bytes
0009:trace:winsock:WS2_recv_base socket 0130, wsabuf 0x32f6e4, nbufs 1, flags 0, from 0x32f734, fromlen 16, ovl (nil), func (nil)
0009:trace:winsock:WS2_recv_base fd=35, options=20
0009:trace:winsock:WS2_recv_base  -> 65 bytes
0009:trace:winsock:WS2_recv_base socket 0130, wsabuf 0x32f6e4, nbufs 1, flags 0, from 0x32f734, fromlen 16, ovl (nil), func (nil)
0009:trace:winsock:WS2_recv_base fd=35, options=20
0009:trace:winsock:WS2_recv_base  -> 67 bytes
0009:trace:winsock:WS2_sendto socket 0130, wsabuf 0x32f414, nbufs 1, flags 0, to 0x34b951c, tolen 16, ovl (nil), func (nil)
0009:trace:winsock:WS2_sendto fd=35, options=20
0009:trace:winsock:WS2_sendto  -> 9 bytes
0009:trace:winsock:WS2_recv_base socket 0130, wsabuf 0x32f6e4, nbufs 1, flags 0, from 0x32f734, fromlen 16, ovl (nil), func (nil)
0009:trace:winsock:WS2_recv_base fd=35, options=20
0009:trace:winsock:WS2_recv_base  -> 65 bytes
0009:trace:winsock:WS2_recv_base socket 0130, wsabuf 0x32f6e4, nbufs 1, flags 0, from 0x32f734, fromlen 16, ovl (nil), func (nil)
0009:trace:winsock:WS2_recv_base fd=35, options=20
0009:trace:winsock:WS2_recv_base  -> 67 bytes
0009:fixme:msctf:LangBarMgr_GetShowFloatingStatus STUB:(01DE4FA8)
0009:fixme:msctf:LangBarMgr_ShowFloating STUB:(01DE4FA8)
0009:trace:winsock:WS2_sendto socket 0130, wsabuf 0x32f414, nbufs 1, flags 0, to 0x34b951c, tolen 16, ovl (nil), func (nil)
0009:trace:winsock:WS2_sendto fd=39, options=20
0009:trace:winsock:WS2_sendto  -> 9 bytes
0009:trace:winsock:WS2_recv_base socket 0130, wsabuf 0x32f6e4, nbufs 1, flags 0, from 0x32f734, fromlen 16, ovl (nil), func (nil)
0009:trace:winsock:WS2_recv_base fd=39, options=20
0009:trace:winsock:WS2_recv_base  -> 65 bytes
0009:trace:winsock:WS2_recv_base socket 0130, wsabuf 0x32f6e4, nbufs 1, flags 0, from 0x32f734, fromlen 16, ovl (nil), func (nil)
0009:trace:winsock:WS2_recv_base fd=39, options=20
0009:trace:winsock:WS2_recv_base  -> 67 bytes
0009:trace:winsock:WS2_sendto socket 0130, wsabuf 0x32f414, nbufs 1, flags 0, to 0x34b94ac, tolen 16, ovl (nil), func (nil)
0009:trace:winsock:WS2_sendto fd=39, options=20
0009:trace:winsock:WS2_sendto  -> 9 bytes
0009:trace:winsock:WS2_recv_base socket 0130, wsabuf 0x32f6e4, nbufs 1, flags 0, from 0x32f734, fromlen 16, ovl (nil), func (nil)
0009:trace:winsock:WS2_recv_base fd=39, options=20
0009:trace:winsock:WS2_recv_base  -> 65 bytes
0009:trace:winsock:WS2_recv_base socket 0130, wsabuf 0x32f6e4, nbufs 1, flags 0, from 0x32f734, fromlen 16, ovl (nil), func (nil)
0009:trace:winsock:WS2_recv_base fd=39, options=20
0009:trace:winsock:WS2_recv_base  -> 67 bytes
0009:trace:winsock:WS2_sendto socket 0130, wsabuf 0x32f414, nbufs 1, flags 0, to 0x34b94ac, tolen 16, ovl (nil), func (nil)
0009:trace:winsock:WS2_sendto fd=39, options=20
0009:trace:winsock:WS2_sendto  -> 9 bytes
0009:trace:winsock:WS2_recv_base socket 0130, wsabuf 0x32f6e4, nbufs 1, flags 0, from 0x32f734, fromlen 16, ovl (nil), func (nil)
0009:trace:winsock:WS2_recv_base fd=39, options=20
0009:trace:winsock:WS2_recv_base  -> 65 bytes
0009:trace:winsock:WS2_recv_base socket 0130, wsabuf 0x32f6e4, nbufs 1, flags 0, from 0x32f734, fromlen 16, ovl (nil), func (nil)
0009:trace:winsock:WS2_recv_base fd=39, options=20
0009:trace:winsock:WS2_recv_base  -> 67 bytes
0009:trace:winsock:WS2_sendto socket 0130, wsabuf 0x32f414, nbufs 1, flags 0, to 0x34b94ac, tolen 16, ovl (nil), func (nil)
0009:trace:winsock:WS2_sendto fd=39, options=20
0009:trace:winsock:WS2_sendto  -> 9 bytes
0009:trace:winsock:WS2_recv_base socket 0130, wsabuf 0x32f6e4, nbufs 1, flags 0, from 0x32f734, fromlen 16, ovl (nil), func (nil)
0009:trace:winsock:WS2_recv_base fd=39, options=20
0009:trace:winsock:WS2_recv_base  -> 65 bytes
0009:trace:winsock:WS2_recv_base socket 0130, wsabuf 0x32f6e4, nbufs 1, flags 0, from 0x32f734, fromlen 16, ovl (nil), func (nil)
0009:trace:winsock:WS2_recv_base fd=39, options=20
0009:trace:winsock:WS2_recv_base  -> 67 bytes
0009:trace:winsock:WS2_sendto socket 0130, wsabuf 0x32f414, nbufs 1, flags 0, to 0x34b94ac, tolen 16, ovl (nil), func (nil)
0009:trace:winsock:WS2_sendto fd=39, options=20
0009:trace:winsock:WS2_sendto  -> 9 bytes
0009:trace:winsock:WS2_recv_base socket 0130, wsabuf 0x32f6e4, nbufs 1, flags 0, from 0x32f734, fromlen 16, ovl (nil), func (nil)
0009:trace:winsock:WS2_recv_base fd=39, options=20
0009:trace:winsock:WS2_recv_base  -> 67 bytes
0009:trace:winsock:WS2_recv_base socket 0130, wsabuf 0x32f6e4, nbufs 1, flags 0, from 0x32f734, fromlen 16, ovl (nil), func (nil)
0009:trace:winsock:WS2_recv_base fd=39, options=20
0009:trace:winsock:WS2_recv_base  -> 65 bytes
0009:trace:winsock:WS2_sendto socket 0130, wsabuf 0x32f414, nbufs 1, flags 0, to 0x34b94ac, tolen 16, ovl (nil), func (nil)
0009:trace:winsock:WS2_sendto fd=39, options=20
0009:trace:winsock:WS2_sendto  -> 9 bytes
0009:trace:winsock:WS2_recv_base socket 0130, wsabuf 0x32f6e4, nbufs 1, flags 0, from 0x32f734, fromlen 16, ovl (nil), func (nil)
0009:trace:winsock:WS2_recv_base fd=39, options=20
0009:trace:winsock:WS2_recv_base  -> 65 bytes
0009:trace:winsock:WS2_recv_base socket 0130, wsabuf 0x32f6e4, nbufs 1, flags 0, from 0x32f734, fromlen 16, ovl (nil), func (nil)
0009:trace:winsock:WS2_recv_base fd=39, options=20
0009:trace:winsock:WS2_recv_base  -> 67 bytes
0009:trace:winsock:WS2_sendto socket 0130, wsabuf 0x32f414, nbufs 1, flags 0, to 0x34b94ac, tolen 16, ovl (nil), func (nil)
0009:trace:winsock:WS2_sendto fd=39, options=20
0009:trace:winsock:WS2_sendto  -> 9 bytes
0009:trace:winsock:WS2_recv_base socket 0130, wsabuf 0x32f6e4, nbufs 1, flags 0, from 0x32f734, fromlen 16, ovl (nil), func (nil)
0009:trace:winsock:WS2_recv_base fd=39, options=20
0009:trace:winsock:WS2_recv_base  -> 65 bytes
0009:trace:winsock:WS2_recv_base socket 0130, wsabuf 0x32f6e4, nbufs 1, flags 0, from 0x32f734, fromlen 16, ovl (nil), func (nil)
0009:trace:winsock:WS2_recv_base fd=39, options=20
0009:trace:winsock:WS2_recv_base  -> 67 bytes
0009:trace:winsock:WS2_sendto socket 0130, wsabuf 0x32f414, nbufs 1, flags 0, to 0x34b94ac, tolen 16, ovl (nil), func (nil)
0009:trace:winsock:WS2_sendto fd=39, options=20
0009:trace:winsock:WS2_sendto  -> 9 bytes
0009:trace:winsock:WS2_recv_base socket 0130, wsabuf 0x32f6e4, nbufs 1, flags 0, from 0x32f734, fromlen 16, ovl (nil), func (nil)
0009:trace:winsock:WS2_recv_base fd=39, options=20
0009:trace:winsock:WS2_recv_base  -> 65 bytes
0009:trace:winsock:WS2_recv_base socket 0130, wsabuf 0x32f6e4, nbufs 1, flags 0, from 0x32f734, fromlen 16, ovl (nil), func (nil)
0009:trace:winsock:WS2_recv_base fd=39, options=20
0009:trace:winsock:WS2_recv_base  -> 67 bytes
0009:trace:winsock:WS2_sendto socket 0130, wsabuf 0x32f414, nbufs 1, flags 0, to 0x34b94ac, tolen 16, ovl (nil), func (nil)
0009:trace:winsock:WS2_sendto fd=39, options=20
0009:trace:winsock:WS2_sendto  -> 9 bytes
0009:trace:winsock:WS2_recv_base socket 0130, wsabuf 0x32f6e4, nbufs 1, flags 0, from 0x32f734, fromlen 16, ovl (nil), func (nil)
0009:trace:winsock:WS2_recv_base fd=39, options=20
0009:trace:winsock:WS2_recv_base  -> 65 bytes
0009:trace:winsock:WS2_recv_base socket 0130, wsabuf 0x32f6e4, nbufs 1, flags 0, from 0x32f734, fromlen 16, ovl (nil), func (nil)
0009:trace:winsock:WS2_recv_base fd=39, options=20
0009:trace:winsock:WS2_recv_base  -> 67 bytes
0009:trace:winsock:WS2_sendto socket 0130, wsabuf 0x32f414, nbufs 1, flags 0, to 0x34b94ac, tolen 16, ovl (nil), func (nil)
0009:trace:winsock:WS2_sendto fd=39, options=20
0009:trace:winsock:WS2_sendto  -> 9 bytes
0009:trace:winsock:WS2_recv_base socket 0130, wsabuf 0x32f6e4, nbufs 1, flags 0, from 0x32f734, fromlen 16, ovl (nil), func (nil)
0009:trace:winsock:WS2_recv_base fd=39, options=20
0009:trace:winsock:WS2_recv_base  -> 65 bytes
0009:trace:winsock:WS2_recv_base socket 0130, wsabuf 0x32f6e4, nbufs 1, flags 0, from 0x32f734, fromlen 16, ovl (nil), func (nil)
0009:trace:winsock:WS2_recv_base fd=39, options=20
0009:trace:winsock:WS2_recv_base  -> 67 bytes
0009:trace:winsock:WS2_sendto socket 0130, wsabuf 0x32f414, nbufs 1, flags 0, to 0x34b94ac, tolen 16, ovl (nil), func (nil)
0009:trace:winsock:WS2_sendto fd=39, options=20
0009:trace:winsock:WS2_sendto  -> 9 bytes
0009:trace:winsock:WS2_recv_base socket 0130, wsabuf 0x32f6e4, nbufs 1, flags 0, from 0x32f734, fromlen 16, ovl (nil), func (nil)
0009:trace:winsock:WS2_recv_base fd=39, options=20
0009:trace:winsock:WS2_recv_base  -> 65 bytes
0009:trace:winsock:WS2_recv_base socket 0130, wsabuf 0x32f6e4, nbufs 1, flags 0, from 0x32f734, fromlen 16, ovl (nil), func (nil)
0009:trace:winsock:WS2_recv_base fd=39, options=20
0009:trace:winsock:WS2_recv_base  -> 67 bytes
0009:trace:winsock:WS2_sendto socket 0130, wsabuf 0x32f414, nbufs 1, flags 0, to 0x34b94ac, tolen 16, ovl (nil), func (nil)
0009:trace:winsock:WS2_sendto fd=39, options=20
0009:trace:winsock:WS2_sendto  -> 9 bytes
0009:trace:winsock:WS2_recv_base socket 0130, wsabuf 0x32f6e4, nbufs 1, flags 0, from 0x32f734, fromlen 16, ovl (nil), func (nil)
0009:trace:winsock:WS2_recv_base fd=39, options=20
0009:trace:winsock:WS2_recv_base  -> 65 bytes
0009:trace:winsock:WS2_recv_base socket 0130, wsabuf 0x32f6e4, nbufs 1, flags 0, from 0x32f734, fromlen 16, ovl (nil), func (nil)
0009:trace:winsock:WS2_recv_base fd=39, options=20
0009:trace:winsock:WS2_recv_base  -> 67 bytes
0009:trace:winsock:WS2_sendto socket 0130, wsabuf 0x32f414, nbufs 1, flags 0, to 0x34b94ac, tolen 16, ovl (nil), func (nil)
0009:trace:winsock:WS2_sendto fd=39, options=20
0009:trace:winsock:WS2_sendto  -> 9 bytes
0009:trace:winsock:WS2_recv_base socket 0130, wsabuf 0x32f6e4, nbufs 1, flags 0, from 0x32f734, fromlen 16, ovl (nil), func (nil)
0009:trace:winsock:WS2_recv_base fd=39, options=20
0009:trace:winsock:WS2_recv_base  -> 65 bytes
0009:trace:winsock:WS2_recv_base socket 0130, wsabuf 0x32f6e4, nbufs 1, flags 0, from 0x32f734, fromlen 16, ovl (nil), func (nil)
0009:trace:winsock:WS2_recv_base fd=39, options=20
0009:trace:winsock:WS2_recv_base  -> 67 bytes
0009:trace:winsock:WS2_sendto socket 0130, wsabuf 0x32f414, nbufs 1, flags 0, to 0x34b94ac, tolen 16, ovl (nil), func (nil)
0009:trace:winsock:WS2_sendto fd=39, options=20
0009:trace:winsock:WS2_sendto  -> 9 bytes
0009:trace:winsock:WS2_recv_base socket 0130, wsabuf 0x32f6e4, nbufs 1, flags 0, from 0x32f734, fromlen 16, ovl (nil), func (nil)
0009:trace:winsock:WS2_recv_base fd=39, options=20
0009:trace:winsock:WS2_recv_base  -> 65 bytes
0009:trace:winsock:WS2_recv_base socket 0130, wsabuf 0x32f6e4, nbufs 1, flags 0, from 0x32f734, fromlen 16, ovl (nil), func (nil)
0009:trace:winsock:WS2_recv_base fd=39, options=20
0009:trace:winsock:WS2_recv_base  -> 67 bytes
0009:trace:winsock:WS2_sendto socket 0130, wsabuf 0x32f414, nbufs 1, flags 0, to 0x34b94ac, tolen 16, ovl (nil), func (nil)
0009:trace:winsock:WS2_sendto fd=39, options=20
0009:trace:winsock:WS2_sendto  -> 9 bytes
0009:trace:winsock:WS2_recv_base socket 0130, wsabuf 0x32f6e4, nbufs 1, flags 0, from 0x32f734, fromlen 16, ovl (nil), func (nil)
0009:trace:winsock:WS2_recv_base fd=39, options=20
0009:trace:winsock:WS2_recv_base  -> 65 bytes
0009:trace:winsock:WS2_recv_base socket 0130, wsabuf 0x32f6e4, nbufs 1, flags 0, from 0x32f734, fromlen 16, ovl (nil), func (nil)
0009:trace:winsock:WS2_recv_base fd=39, options=20
0009:trace:winsock:WS2_recv_base  -> 67 bytes
0009:trace:winsock:WS2_sendto socket 0130, wsabuf 0x32f414, nbufs 1, flags 0, to 0x34b94ac, tolen 16, ovl (nil), func (nil)
0009:trace:winsock:WS2_sendto fd=39, options=20
0009:trace:winsock:WS2_sendto  -> 9 bytes
0009:trace:winsock:WS2_recv_base socket 0130, wsabuf 0x32f6e4, nbufs 1, flags 0, from 0x32f734, fromlen 16, ovl (nil), func (nil)
0009:trace:winsock:WS2_recv_base fd=39, options=20
0009:trace:winsock:WS2_recv_base  -> 65 bytes
0009:trace:winsock:WS2_recv_base socket 0130, wsabuf 0x32f6e4, nbufs 1, flags 0, from 0x32f734, fromlen 16, ovl (nil), func (nil)
0009:trace:winsock:WS2_recv_base fd=39, options=20
0009:trace:winsock:WS2_recv_base  -> 67 bytes
0009:trace:winsock:WS2_sendto socket 0130, wsabuf 0x32f414, nbufs 1, flags 0, to 0x34b94ac, tolen 16, ovl (nil), func (nil)
0009:trace:winsock:WS2_sendto fd=39, options=20
0009:trace:winsock:WS2_sendto  -> 9 bytes
0009:trace:winsock:WS2_recv_base socket 0130, wsabuf 0x32f6e4, nbufs 1, flags 0, from 0x32f734, fromlen 16, ovl (nil), func (nil)
0009:trace:winsock:WS2_recv_base fd=39, options=20
0009:trace:winsock:WS2_recv_base  -> 65 bytes
0009:trace:winsock:WS2_recv_base socket 0130, wsabuf 0x32f6e4, nbufs 1, flags 0, from 0x32f734, fromlen 16, ovl (nil), func (nil)
0009:trace:winsock:WS2_recv_base fd=39, options=20
0009:trace:winsock:WS2_recv_base  -> 67 bytes
0009:trace:winsock:WS2_sendto socket 0130, wsabuf 0x32f414, nbufs 1, flags 0, to 0x34b94ac, tolen 16, ovl (nil), func (nil)
0009:trace:winsock:WS2_sendto fd=39, options=20
0009:trace:winsock:WS2_sendto  -> 9 bytes
0009:trace:winsock:WS2_recv_base socket 0130, wsabuf 0x32f6e4, nbufs 1, flags 0, from 0x32f734, fromlen 16, ovl (nil), func (nil)
0009:trace:winsock:WS2_recv_base fd=39, options=20
0009:trace:winsock:WS2_recv_base  -> 65 bytes
0009:trace:winsock:WS2_recv_base socket 0130, wsabuf 0x32f6e4, nbufs 1, flags 0, from 0x32f734, fromlen 16, ovl (nil), func (nil)
0009:trace:winsock:WS2_recv_base fd=39, options=20
0009:trace:winsock:WS2_recv_base  -> 67 bytes
0009:trace:winsock:WS2_sendto socket 0130, wsabuf 0x32f414, nbufs 1, flags 0, to 0x34b94ac, tolen 16, ovl (nil), func (nil)
0009:trace:winsock:WS2_sendto fd=39, options=20
0009:trace:winsock:WS2_sendto  -> 9 bytes
0009:trace:winsock:WS2_recv_base socket 0130, wsabuf 0x32f6e4, nbufs 1, flags 0, from 0x32f734, fromlen 16, ovl (nil), func (nil)
0009:trace:winsock:WS2_recv_base fd=39, options=20
0009:trace:winsock:WS2_recv_base  -> 65 bytes
0009:trace:winsock:WS2_recv_base socket 0130, wsabuf 0x32f6e4, nbufs 1, flags 0, from 0x32f734, fromlen 16, ovl (nil), func (nil)
0009:trace:winsock:WS2_recv_base fd=39, options=20
0009:trace:winsock:WS2_recv_base  -> 67 bytes
0009:trace:winsock:WS2_sendto socket 0130, wsabuf 0x32f414, nbufs 1, flags 0, to 0x34b94ac, tolen 16, ovl (nil), func (nil)
0009:trace:winsock:WS2_sendto fd=39, options=20
0009:trace:winsock:WS2_sendto  -> 9 bytes
0009:trace:winsock:WS2_recv_base socket 0130, wsabuf 0x32f6e4, nbufs 1, flags 0, from 0x32f734, fromlen 16, ovl (nil), func (nil)
0009:trace:winsock:WS2_recv_base fd=39, options=20
0009:trace:winsock:WS2_recv_base  -> 65 bytes
0009:trace:winsock:WS2_recv_base socket 0130, wsabuf 0x32f6e4, nbufs 1, flags 0, from 0x32f734, fromlen 16, ovl (nil), func (nil)
0009:trace:winsock:WS2_recv_base fd=39, options=20
0009:trace:winsock:WS2_recv_base  -> 67 bytes
0009:trace:winsock:WS2_sendto socket 0130, wsabuf 0x32f414, nbufs 1, flags 0, to 0x34b951c, tolen 16, ovl (nil), func (nil)
0009:trace:winsock:WS2_sendto fd=39, options=20
0009:trace:winsock:WS2_sendto  -> 9 bytes
0009:trace:winsock:WS2_recv_base socket 0130, wsabuf 0x32f6e4, nbufs 1, flags 0, from 0x32f734, fromlen 16, ovl (nil), func (nil)
0009:trace:winsock:WS2_recv_base fd=39, options=20
0009:trace:winsock:WS2_recv_base  -> 65 bytes
0009:trace:winsock:WS2_recv_base socket 0130, wsabuf 0x32f6e4, nbufs 1, flags 0, from 0x32f734, fromlen 16, ovl (nil), func (nil)
0009:trace:winsock:WS2_recv_base fd=39, options=20
0009:trace:winsock:WS2_recv_base  -> 67 bytes
0009:trace:winsock:WS2_sendto socket 0130, wsabuf 0x32f414, nbufs 1, flags 0, to 0x34b951c, tolen 16, ovl (nil), func (nil)
0009:trace:winsock:WS2_sendto fd=39, options=20
0009:trace:winsock:WS2_sendto  -> 9 bytes
0009:trace:winsock:WS2_recv_base socket 0130, wsabuf 0x32f6e4, nbufs 1, flags 0, from 0x32f734, fromlen 16, ovl (nil), func (nil)
0009:trace:winsock:WS2_recv_base fd=39, options=20
0009:trace:winsock:WS2_recv_base  -> 65 bytes
0009:trace:winsock:WS2_recv_base socket 0130, wsabuf 0x32f6e4, nbufs 1, flags 0, from 0x32f734, fromlen 16, ovl (nil), func (nil)
0009:trace:winsock:WS2_recv_base fd=39, options=20
0009:trace:winsock:WS2_recv_base  -> 67 bytes
0009:trace:winsock:WS2_sendto socket 0130, wsabuf 0x32f414, nbufs 1, flags 0, to 0x34b951c, tolen 16, ovl (nil), func (nil)
0009:trace:winsock:WS2_sendto fd=39, options=20
0009:trace:winsock:WS2_sendto  -> 9 bytes
0009:trace:winsock:WS2_recv_base socket 0130, wsabuf 0x32f6e4, nbufs 1, flags 0, from 0x32f734, fromlen 16, ovl (nil), func (nil)
0009:trace:winsock:WS2_recv_base fd=39, options=20
0009:trace:winsock:WS2_recv_base  -> 65 bytes
0009:trace:winsock:WS2_recv_base socket 0130, wsabuf 0x32f6e4, nbufs 1, flags 0, from 0x32f734, fromlen 16, ovl (nil), func (nil)
0009:trace:winsock:WS2_recv_base fd=39, options=20
0009:trace:winsock:WS2_recv_base  -> 67 bytes
0009:fixme:msctf:LangBarMgr_GetShowFloatingStatus STUB:(01DE4FA8)
0009:fixme:msctf:LangBarMgr_ShowFloating STUB:(01DE4FA8)
0009:trace:winsock:WS2_sendto socket 0130, wsabuf 0x32f414, nbufs 1, flags 0, to 0x34b951c, tolen 16, ovl (nil), func (nil)
0009:trace:winsock:WS2_sendto fd=35, options=20
0009:trace:winsock:WS2_sendto  -> 9 bytes
0009:trace:winsock:WS2_recv_base socket 0130, wsabuf 0x32f6e4, nbufs 1, flags 0, from 0x32f734, fromlen 16, ovl (nil), func (nil)
0009:trace:winsock:WS2_recv_base fd=35, options=20
0009:trace:winsock:WS2_recv_base  -> 65 bytes
0009:trace:winsock:WS2_recv_base socket 0130, wsabuf 0x32f6e4, nbufs 1, flags 0, from 0x32f734, fromlen 16, ovl (nil), func (nil)
0009:trace:winsock:WS2_recv_base fd=35, options=20
0009:trace:winsock:WS2_recv_base  -> 67 bytes
0009:trace:winsock:WS2_sendto socket 0130, wsabuf 0x32f414, nbufs 1, flags 0, to 0x34b951c, tolen 16, ovl (nil), func (nil)
0009:trace:winsock:WS2_sendto fd=35, options=20
0009:trace:winsock:WS2_sendto  -> 9 bytes
0009:trace:winsock:WS2_recv_base socket 0130, wsabuf 0x32f6e4, nbufs 1, flags 0, from 0x32f734, fromlen 16, ovl (nil), func (nil)
0009:trace:winsock:WS2_recv_base fd=35, options=20
0009:trace:winsock:WS2_recv_base  -> 65 bytes
0009:trace:winsock:WS2_recv_base socket 0130, wsabuf 0x32f6e4, nbufs 1, flags 0, from 0x32f734, fromlen 16, ovl (nil), func (nil)
0009:trace:winsock:WS2_recv_base fd=35, options=20
0009:trace:winsock:WS2_recv_base  -> 67 bytes
0009:trace:winsock:WS2_sendto socket 0130, wsabuf 0x32f414, nbufs 1, flags 0, to 0x34b951c, tolen 16, ovl (nil), func (nil)
0009:trace:winsock:WS2_sendto fd=35, options=20
0009:trace:winsock:WS2_sendto  -> 9 bytes
0009:trace:winsock:WS2_recv_base socket 0130, wsabuf 0x32f6e4, nbufs 1, flags 0, from 0x32f734, fromlen 16, ovl (nil), func (nil)
0009:trace:winsock:WS2_recv_base fd=35, options=20
0009:trace:winsock:WS2_recv_base  -> 65 bytes
0009:trace:winsock:WS2_recv_base socket 0130, wsabuf 0x32f6e4, nbufs 1, flags 0, from 0x32f734, fromlen 16, ovl (nil), func (nil)
0009:trace:winsock:WS2_recv_base fd=35, options=20
0009:trace:winsock:WS2_recv_base  -> 67 bytes
0009:trace:winsock:WS2_sendto socket 0130, wsabuf 0x32f414, nbufs 1, flags 0, to 0x34b951c, tolen 16, ovl (nil), func (nil)
0009:trace:winsock:WS2_sendto fd=35, options=20
0009:trace:winsock:WS2_sendto  -> 9 bytes
0009:trace:winsock:WS2_recv_base socket 0130, wsabuf 0x32f6e4, nbufs 1, flags 0, from 0x32f734, fromlen 16, ovl (nil), func (nil)
0009:trace:winsock:WS2_recv_base fd=35, options=20
0009:trace:winsock:WS2_recv_base  -> 65 bytes
0009:trace:winsock:WS2_recv_base socket 0130, wsabuf 0x32f6e4, nbufs 1, flags 0, from 0x32f734, fromlen 16, ovl (nil), func (nil)
0009:trace:winsock:WS2_recv_base fd=35, options=20
0009:trace:winsock:WS2_recv_base  -> 67 bytes
0009:trace:winsock:WS2_sendto socket 0130, wsabuf 0x32f414, nbufs 1, flags 0, to 0x34b951c, tolen 16, ovl (nil), func (nil)
0009:trace:winsock:WS2_sendto fd=35, options=20
0009:trace:winsock:WS2_sendto  -> 9 bytes
0009:trace:winsock:WS2_recv_base socket 0130, wsabuf 0x32f6e4, nbufs 1, flags 0, from 0x32f734, fromlen 16, ovl (nil), func (nil)
0009:trace:winsock:WS2_recv_base fd=35, options=20
0009:trace:winsock:WS2_recv_base  -> 65 bytes
0009:trace:winsock:WS2_recv_base socket 0130, wsabuf 0x32f6e4, nbufs 1, flags 0, from 0x32f734, fromlen 16, ovl (nil), func (nil)
0009:trace:winsock:WS2_recv_base fd=35, options=20
0009:trace:winsock:WS2_recv_base  -> 67 bytes
0009:trace:winsock:WS2_sendto socket 0130, wsabuf 0x32f414, nbufs 1, flags 0, to 0x34b951c, tolen 16, ovl (nil), func (nil)
0009:trace:winsock:WS2_sendto fd=35, options=20
0009:trace:winsock:WS2_sendto  -> 9 bytes
0009:trace:winsock:WS2_recv_base socket 0130, wsabuf 0x32f6e4, nbufs 1, flags 0, from 0x32f734, fromlen 16, ovl (nil), func (nil)
0009:trace:winsock:WS2_recv_base fd=35, options=20
0009:trace:winsock:WS2_recv_base  -> 65 bytes
0009:trace:winsock:WS2_recv_base socket 0130, wsabuf 0x32f6e4, nbufs 1, flags 0, from 0x32f734, fromlen 16, ovl (nil), func (nil)
0009:trace:winsock:WS2_recv_base fd=35, options=20
0009:trace:winsock:WS2_recv_base  -> 67 bytes
0009:trace:winsock:WS2_sendto socket 0130, wsabuf 0x32f414, nbufs 1, flags 0, to 0x34b951c, tolen 16, ovl (nil), func (nil)
0009:trace:winsock:WS2_sendto fd=35, options=20
0009:trace:winsock:WS2_sendto  -> 9 bytes
0009:trace:winsock:WS2_recv_base socket 0130, wsabuf 0x32f6e4, nbufs 1, flags 0, from 0x32f734, fromlen 16, ovl (nil), func (nil)
0009:trace:winsock:WS2_recv_base fd=35, options=20
0009:trace:winsock:WS2_recv_base  -> 65 bytes
0009:trace:winsock:WS2_recv_base socket 0130, wsabuf 0x32f6e4, nbufs 1, flags 0, from 0x32f734, fromlen 16, ovl (nil), func (nil)
0009:trace:winsock:WS2_recv_base fd=35, options=20
0009:trace:winsock:WS2_recv_base  -> 67 bytes
0009:trace:winsock:WS2_sendto socket 0130, wsabuf 0x32f414, nbufs 1, flags 0, to 0x34b951c, tolen 16, ovl (nil), func (nil)
0009:trace:winsock:WS2_sendto fd=35, options=20
0009:trace:winsock:WS2_sendto  -> 9 bytes
0009:trace:winsock:WS2_recv_base socket 0130, wsabuf 0x32f6e4, nbufs 1, flags 0, from 0x32f734, fromlen 16, ovl (nil), func (nil)
0009:trace:winsock:WS2_recv_base fd=35, options=20
0009:trace:winsock:WS2_recv_base  -> 65 bytes
0009:trace:winsock:WS2_recv_base socket 0130, wsabuf 0x32f6e4, nbufs 1, flags 0, from 0x32f734, fromlen 16, ovl (nil), func (nil)
0009:trace:winsock:WS2_recv_base fd=35, options=20
0009:trace:winsock:WS2_recv_base  -> 67 bytes
0009:trace:winsock:WS2_sendto socket 0130, wsabuf 0x32f414, nbufs 1, flags 0, to 0x34b951c, tolen 16, ovl (nil), func (nil)
0009:trace:winsock:WS2_sendto fd=35, options=20
0009:trace:winsock:WS2_sendto  -> 9 bytes
0009:trace:winsock:WS2_recv_base socket 0130, wsabuf 0x32f6e4, nbufs 1, flags 0, from 0x32f734, fromlen 16, ovl (nil), func (nil)
0009:trace:winsock:WS2_recv_base fd=35, options=20
0009:trace:winsock:WS2_recv_base  -> 67 bytes
0009:trace:winsock:WS2_recv_base socket 0130, wsabuf 0x32f6e4, nbufs 1, flags 0, from 0x32f734, fromlen 16, ovl (nil), func (nil)
0009:trace:winsock:WS2_recv_base fd=35, options=20
0009:trace:winsock:WS2_recv_base  -> 65 bytes
0009:trace:winsock:WS2_sendto socket 0130, wsabuf 0x32f414, nbufs 1, flags 0, to 0x34b951c, tolen 16, ovl (nil), func (nil)
0009:trace:winsock:WS2_sendto fd=35, options=20
0009:trace:winsock:WS2_sendto  -> 9 bytes
0009:trace:winsock:WS2_recv_base socket 0130, wsabuf 0x32f6e4, nbufs 1, flags 0, from 0x32f734, fromlen 16, ovl (nil), func (nil)
0009:trace:winsock:WS2_recv_base fd=35, options=20
0009:trace:winsock:WS2_recv_base  -> 65 bytes
0009:trace:winsock:WS2_recv_base socket 0130, wsabuf 0x32f6e4, nbufs 1, flags 0, from 0x32f734, fromlen 16, ovl (nil), func (nil)
0009:trace:winsock:WS2_recv_base fd=35, options=20
0009:trace:winsock:WS2_recv_base  -> 67 bytes
0009:trace:winsock:WS2_sendto socket 0130, wsabuf 0x32f414, nbufs 1, flags 0, to 0x34b94ac, tolen 16, ovl (nil), func (nil)
0009:trace:winsock:WS2_sendto fd=35, options=20
0009:trace:winsock:WS2_sendto  -> 9 bytes
0009:trace:winsock:WS2_recv_base socket 0130, wsabuf 0x32f6e4, nbufs 1, flags 0, from 0x32f734, fromlen 16, ovl (nil), func (nil)
0009:trace:winsock:WS2_recv_base fd=35, options=20
0009:trace:winsock:WS2_recv_base  -> 65 bytes
0009:trace:winsock:WS2_recv_base socket 0130, wsabuf 0x32f6e4, nbufs 1, flags 0, from 0x32f734, fromlen 16, ovl (nil), func (nil)
0009:trace:winsock:WS2_recv_base fd=35, options=20
0009:trace:winsock:WS2_recv_base  -> 67 bytes
0009:trace:winsock:WS2_sendto socket 0130, wsabuf 0x32f414, nbufs 1, flags 0, to 0x34b94ac, tolen 16, ovl (nil), func (nil)
0009:trace:winsock:WS2_sendto fd=35, options=20
0009:trace:winsock:WS2_sendto  -> 9 bytes
0009:trace:winsock:WS2_recv_base socket 0130, wsabuf 0x32f6e4, nbufs 1, flags 0, from 0x32f734, fromlen 16, ovl (nil), func (nil)
0009:trace:winsock:WS2_recv_base fd=35, options=20
0009:trace:winsock:WS2_recv_base  -> 65 bytes
0009:trace:winsock:WS2_recv_base socket 0130, wsabuf 0x32f6e4, nbufs 1, flags 0, from 0x32f734, fromlen 16, ovl (nil), func (nil)
0009:trace:winsock:WS2_recv_base fd=35, options=20
0009:trace:winsock:WS2_recv_base  -> 67 bytes
0009:trace:winsock:WS2_sendto socket 0130, wsabuf 0x32f414, nbufs 1, flags 0, to 0x34b94ac, tolen 16, ovl (nil), func (nil)
0009:trace:winsock:WS2_sendto fd=35, options=20
0009:trace:winsock:WS2_sendto  -> 9 bytes
0009:trace:winsock:WS2_recv_base socket 0130, wsabuf 0x32f6e4, nbufs 1, flags 0, from 0x32f734, fromlen 16, ovl (nil), func (nil)
0009:trace:winsock:WS2_recv_base fd=35, options=20
0009:trace:winsock:WS2_recv_base  -> 65 bytes
0009:trace:winsock:WS2_recv_base socket 0130, wsabuf 0x32f6e4, nbufs 1, flags 0, from 0x32f734, fromlen 16, ovl (nil), func (nil)
0009:trace:winsock:WS2_recv_base fd=35, options=20
0009:trace:winsock:WS2_recv_base  -> 67 bytes
0009:trace:winsock:WS2_sendto socket 0130, wsabuf 0x32f414, nbufs 1, flags 0, to 0x34b94ac, tolen 16, ovl (nil), func (nil)
0009:trace:winsock:WS2_sendto fd=35, options=20
0009:trace:winsock:WS2_sendto  -> 9 bytes
0009:trace:winsock:WS2_recv_base socket 0130, wsabuf 0x32f6e4, nbufs 1, flags 0, from 0x32f734, fromlen 16, ovl (nil), func (nil)
0009:trace:winsock:WS2_recv_base fd=35, options=20
0009:trace:winsock:WS2_recv_base  -> 65 bytes
0009:trace:winsock:WS2_recv_base socket 0130, wsabuf 0x32f6e4, nbufs 1, flags 0, from 0x32f734, fromlen 16, ovl (nil), func (nil)
0009:trace:winsock:WS2_recv_base fd=35, options=20
0009:trace:winsock:WS2_recv_base  -> 67 bytes
0009:trace:winsock:WS2_sendto socket 0130, wsabuf 0x32f414, nbufs 1, flags 0, to 0x34b94ac, tolen 16, ovl (nil), func (nil)
0009:trace:winsock:WS2_sendto fd=35, options=20
0009:trace:winsock:WS2_sendto  -> 9 bytes
0009:trace:winsock:WS2_recv_base socket 0130, wsabuf 0x32f6e4, nbufs 1, flags 0, from 0x32f734, fromlen 16, ovl (nil), func (nil)
0009:trace:winsock:WS2_recv_base fd=35, options=20
0009:trace:winsock:WS2_recv_base  -> 65 bytes
0009:trace:winsock:WS2_recv_base socket 0130, wsabuf 0x32f6e4, nbufs 1, flags 0, from 0x32f734, fromlen 16, ovl (nil), func (nil)
0009:trace:winsock:WS2_recv_base fd=35, options=20
0009:trace:winsock:WS2_recv_base  -> 67 bytes
0009:trace:winsock:WS2_sendto socket 0130, wsabuf 0x32f414, nbufs 1, flags 0, to 0x34b94ac, tolen 16, ovl (nil), func (nil)
0009:trace:winsock:WS2_sendto fd=35, options=20
0009:trace:winsock:WS2_sendto  -> 9 bytes
0009:trace:winsock:WS2_recv_base socket 0130, wsabuf 0x32f6e4, nbufs 1, flags 0, from 0x32f734, fromlen 16, ovl (nil), func (nil)
0009:trace:winsock:WS2_recv_base fd=35, options=20
0009:trace:winsock:WS2_recv_base  -> 65 bytes
0009:trace:winsock:WS2_recv_base socket 0130, wsabuf 0x32f6e4, nbufs 1, flags 0, from 0x32f734, fromlen 16, ovl (nil), func (nil)
0009:trace:winsock:WS2_recv_base fd=35, options=20
0009:trace:winsock:WS2_recv_base  -> 67 bytes
0009:trace:winsock:WS2_sendto socket 0130, wsabuf 0x32f414, nbufs 1, flags 0, to 0x34b94ac, tolen 16, ovl (nil), func (nil)
0009:trace:winsock:WS2_sendto fd=35, options=20
0009:trace:winsock:WS2_sendto  -> 9 bytes
0009:trace:winsock:WS2_recv_base socket 0130, wsabuf 0x32f6e4, nbufs 1, flags 0, from 0x32f734, fromlen 16, ovl (nil), func (nil)
0009:trace:winsock:WS2_recv_base fd=35, options=20
0009:trace:winsock:WS2_recv_base  -> 65 bytes
0009:trace:winsock:WS2_recv_base socket 0130, wsabuf 0x32f6e4, nbufs 1, flags 0, from 0x32f734, fromlen 16, ovl (nil), func (nil)
0009:trace:winsock:WS2_recv_base fd=35, options=20
0009:trace:winsock:WS2_recv_base  -> 67 bytes
0009:trace:winsock:WS2_sendto socket 0130, wsabuf 0x32f414, nbufs 1, flags 0, to 0x34b94ac, tolen 16, ovl (nil), func (nil)
0009:trace:winsock:WS2_sendto fd=35, options=20
0009:trace:winsock:WS2_sendto  -> 9 bytes
0009:trace:winsock:WS2_recv_base socket 0130, wsabuf 0x32f6e4, nbufs 1, flags 0, from 0x32f734, fromlen 16, ovl (nil), func (nil)
0009:trace:winsock:WS2_recv_base fd=35, options=20
0009:trace:winsock:WS2_recv_base  -> 65 bytes
0009:trace:winsock:WS2_recv_base socket 0130, wsabuf 0x32f6e4, nbufs 1, flags 0, from 0x32f734, fromlen 16, ovl (nil), func (nil)
0009:trace:winsock:WS2_recv_base fd=35, options=20
0009:trace:winsock:WS2_recv_base  -> 67 bytes
0009:trace:winsock:WS2_sendto socket 0130, wsabuf 0x32f414, nbufs 1, flags 0, to 0x34b94ac, tolen 16, ovl (nil), func (nil)
0009:trace:winsock:WS2_sendto fd=35, options=20
0009:trace:winsock:WS2_sendto  -> 9 bytes
0009:trace:winsock:WS2_recv_base socket 0130, wsabuf 0x32f6e4, nbufs 1, flags 0, from 0x32f734, fromlen 16, ovl (nil), func (nil)
0009:trace:winsock:WS2_recv_base fd=35, options=20
0009:trace:winsock:WS2_recv_base  -> 65 bytes
0009:trace:winsock:WS2_recv_base socket 0130, wsabuf 0x32f6e4, nbufs 1, flags 0, from 0x32f734, fromlen 16, ovl (nil), func (nil)
0009:trace:winsock:WS2_recv_base fd=35, options=20
0009:trace:winsock:WS2_recv_base  -> 67 bytes
0009:trace:winsock:WS2_sendto socket 0130, wsabuf 0x32f414, nbufs 1, flags 0, to 0x34b94ac, tolen 16, ovl (nil), func (nil)
0009:trace:winsock:WS2_sendto fd=35, options=20
0009:trace:winsock:WS2_sendto  -> 9 bytes
0009:trace:winsock:WS2_recv_base socket 0130, wsabuf 0x32f6e4, nbufs 1, flags 0, from 0x32f734, fromlen 16, ovl (nil), func (nil)
0009:trace:winsock:WS2_recv_base fd=35, options=20
0009:trace:winsock:WS2_recv_base  -> 65 bytes
0009:trace:winsock:WS2_recv_base socket 0130, wsabuf 0x32f6e4, nbufs 1, flags 0, from 0x32f734, fromlen 16, ovl (nil), func (nil)
0009:trace:winsock:WS2_recv_base fd=35, options=20
0009:trace:winsock:WS2_recv_base  -> 67 bytes
0009:trace:winsock:WS2_sendto socket 0130, wsabuf 0x32f414, nbufs 1, flags 0, to 0x34b94ac, tolen 16, ovl (nil), func (nil)
0009:trace:winsock:WS2_sendto fd=35, options=20
0009:trace:winsock:WS2_sendto  -> 9 bytes
0009:trace:winsock:WS2_recv_base socket 0130, wsabuf 0x32f6e4, nbufs 1, flags 0, from 0x32f734, fromlen 16, ovl (nil), func (nil)
0009:trace:winsock:WS2_recv_base fd=35, options=20
0009:trace:winsock:WS2_recv_base  -> 65 bytes
0009:trace:winsock:WS2_recv_base socket 0130, wsabuf 0x32f6e4, nbufs 1, flags 0, from 0x32f734, fromlen 16, ovl (nil), func (nil)
0009:trace:winsock:WS2_recv_base fd=35, options=20
0009:trace:winsock:WS2_recv_base  -> 67 bytes
0009:trace:winsock:WS2_sendto socket 0130, wsabuf 0x32f414, nbufs 1, flags 0, to 0x34b94ac, tolen 16, ovl (nil), func (nil)
0009:trace:winsock:WS2_sendto fd=35, options=20
0009:trace:winsock:WS2_sendto  -> 9 bytes
0009:trace:winsock:WS2_recv_base socket 0130, wsabuf 0x32f6e4, nbufs 1, flags 0, from 0x32f734, fromlen 16, ovl (nil), func (nil)
0009:trace:winsock:WS2_recv_base fd=35, options=20
0009:trace:winsock:WS2_recv_base  -> 65 bytes
0009:trace:winsock:WS2_recv_base socket 0130, wsabuf 0x32f6e4, nbufs 1, flags 0, from 0x32f734, fromlen 16, ovl (nil), func (nil)
0009:trace:winsock:WS2_recv_base fd=35, options=20
0009:trace:winsock:WS2_recv_base  -> 67 bytes
0009:trace:winsock:WS2_sendto socket 0130, wsabuf 0x32f414, nbufs 1, flags 0, to 0x34b94ac, tolen 16, ovl (nil), func (nil)
0009:trace:winsock:WS2_sendto fd=35, options=20
0009:trace:winsock:WS2_sendto  -> 9 bytes
0009:trace:winsock:WS2_recv_base socket 0130, wsabuf 0x32f6e4, nbufs 1, flags 0, from 0x32f734, fromlen 16, ovl (nil), func (nil)
0009:trace:winsock:WS2_recv_base fd=35, options=20
0009:trace:winsock:WS2_recv_base  -> 65 bytes
0009:trace:winsock:WS2_recv_base socket 0130, wsabuf 0x32f6e4, nbufs 1, flags 0, from 0x32f734, fromlen 16, ovl (nil), func (nil)
0009:trace:winsock:WS2_recv_base fd=35, options=20
0009:trace:winsock:WS2_recv_base  -> 67 bytes
0009:trace:winsock:WS2_sendto socket 0130, wsabuf 0x32f414, nbufs 1, flags 0, to 0x34b94ac, tolen 16, ovl (nil), func (nil)
0009:trace:winsock:WS2_sendto fd=35, options=20
0009:trace:winsock:WS2_sendto  -> 9 bytes
0009:trace:winsock:WS2_recv_base socket 0130, wsabuf 0x32f6e4, nbufs 1, flags 0, from 0x32f734, fromlen 16, ovl (nil), func (nil)
0009:trace:winsock:WS2_recv_base fd=35, options=20
0009:trace:winsock:WS2_recv_base  -> 65 bytes
0009:trace:winsock:WS2_recv_base socket 0130, wsabuf 0x32f6e4, nbufs 1, flags 0, from 0x32f734, fromlen 16, ovl (nil), func (nil)
0009:trace:winsock:WS2_recv_base fd=35, options=20
0009:trace:winsock:WS2_recv_base  -> 67 bytes
0009:trace:winsock:WS2_sendto socket 0130, wsabuf 0x32f414, nbufs 1, flags 0, to 0x34b94ac, tolen 16, ovl (nil), func (nil)
0009:trace:winsock:WS2_sendto fd=35, options=20
0009:trace:winsock:WS2_sendto  -> 9 bytes
0009:trace:winsock:WS2_recv_base socket 0130, wsabuf 0x32f6e4, nbufs 1, flags 0, from 0x32f734, fromlen 16, ovl (nil), func (nil)
0009:trace:winsock:WS2_recv_base fd=35, options=20
0009:trace:winsock:WS2_recv_base  -> 65 bytes
0009:trace:winsock:WS2_recv_base socket 0130, wsabuf 0x32f6e4, nbufs 1, flags 0, from 0x32f734, fromlen 16, ovl (nil), func (nil)
0009:trace:winsock:WS2_recv_base fd=35, options=20
0009:trace:winsock:WS2_recv_base  -> 67 bytes
0009:trace:winsock:WS2_sendto socket 0130, wsabuf 0x32f414, nbufs 1, flags 0, to 0x34b94ac, tolen 16, ovl (nil), func (nil)
0009:trace:winsock:WS2_sendto fd=35, options=20
0009:trace:winsock:WS2_sendto  -> 9 bytes
0009:trace:winsock:WS2_recv_base socket 0130, wsabuf 0x32f6e4, nbufs 1, flags 0, from 0x32f734, fromlen 16, ovl (nil), func (nil)
0009:trace:winsock:WS2_recv_base fd=35, options=20
0009:trace:winsock:WS2_recv_base  -> 65 bytes
0009:trace:winsock:WS2_recv_base socket 0130, wsabuf 0x32f6e4, nbufs 1, flags 0, from 0x32f734, fromlen 16, ovl (nil), func (nil)
0009:trace:winsock:WS2_recv_base fd=35, options=20
0009:trace:winsock:WS2_recv_base  -> 67 bytes
0009:trace:winsock:WS2_sendto socket 0130, wsabuf 0x32f414, nbufs 1, flags 0, to 0x34b94ac, tolen 16, ovl (nil), func (nil)
0009:trace:winsock:WS2_sendto fd=35, options=20
0009:trace:winsock:WS2_sendto  -> 9 bytes
0009:trace:winsock:WS2_recv_base socket 0130, wsabuf 0x32f6e4, nbufs 1, flags 0, from 0x32f734, fromlen 16, ovl (nil), func (nil)
0009:trace:winsock:WS2_recv_base fd=35, options=20
0009:trace:winsock:WS2_recv_base  -> 65 bytes
0009:trace:winsock:WS2_recv_base socket 0130, wsabuf 0x32f6e4, nbufs 1, flags 0, from 0x32f734, fromlen 16, ovl (nil), func (nil)
0009:trace:winsock:WS2_recv_base fd=35, options=20
0009:trace:winsock:WS2_recv_base  -> 67 bytes
0009:trace:winsock:WS2_sendto socket 0130, wsabuf 0x32f414, nbufs 1, flags 0, to 0x34b94ac, tolen 16, ovl (nil), func (nil)
0009:trace:winsock:WS2_sendto fd=35, options=20
0009:trace:winsock:WS2_sendto  -> 9 bytes
0009:trace:winsock:WS2_recv_base socket 0130, wsabuf 0x32f6e4, nbufs 1, flags 0, from 0x32f734, fromlen 16, ovl (nil), func (nil)
0009:trace:winsock:WS2_recv_base fd=35, options=20
0009:trace:winsock:WS2_recv_base  -> 65 bytes
0009:trace:winsock:WS2_recv_base socket 0130, wsabuf 0x32f6e4, nbufs 1, flags 0, from 0x32f734, fromlen 16, ovl (nil), func (nil)
0009:trace:winsock:WS2_recv_base fd=35, options=20
0009:trace:winsock:WS2_recv_base  -> 67 bytes
0009:trace:winsock:WS2_sendto socket 0130, wsabuf 0x32f414, nbufs 1, flags 0, to 0x34b94ac, tolen 16, ovl (nil), func (nil)
0009:trace:winsock:WS2_sendto fd=35, options=20
0009:trace:winsock:WS2_sendto  -> 9 bytes
0009:trace:winsock:WS2_recv_base socket 0130, wsabuf 0x32f6e4, nbufs 1, flags 0, from 0x32f734, fromlen 16, ovl (nil), func (nil)
0009:trace:winsock:WS2_recv_base fd=35, options=20
0009:trace:winsock:WS2_recv_base  -> 65 bytes
0009:trace:winsock:WS2_recv_base socket 0130, wsabuf 0x32f6e4, nbufs 1, flags 0, from 0x32f734, fromlen 16, ovl (nil), func (nil)
0009:trace:winsock:WS2_recv_base fd=35, options=20
0009:trace:winsock:WS2_recv_base  -> 67 bytes
0009:trace:winsock:WS2_sendto socket 0130, wsabuf 0x32f414, nbufs 1, flags 0, to 0x34b94ac, tolen 16, ovl (nil), func (nil)
0009:trace:winsock:WS2_sendto fd=35, options=20
0009:trace:winsock:WS2_sendto  -> 9 bytes
0009:trace:winsock:WS2_recv_base socket 0130, wsabuf 0x32f6e4, nbufs 1, flags 0, from 0x32f734, fromlen 16, ovl (nil), func (nil)
0009:trace:winsock:WS2_recv_base fd=35, options=20
0009:trace:winsock:WS2_recv_base  -> 65 bytes
0009:trace:winsock:WS2_recv_base socket 0130, wsabuf 0x32f6e4, nbufs 1, flags 0, from 0x32f734, fromlen 16, ovl (nil), func (nil)
0009:trace:winsock:WS2_recv_base fd=35, options=20
0009:trace:winsock:WS2_recv_base  -> 67 bytes
0009:trace:winsock:WS2_sendto socket 0130, wsabuf 0x32f414, nbufs 1, flags 0, to 0x34b94ac, tolen 16, ovl (nil), func (nil)
0009:trace:winsock:WS2_sendto fd=35, options=20
0009:trace:winsock:WS2_sendto  -> 9 bytes
0009:trace:winsock:WS2_recv_base socket 0130, wsabuf 0x32f6e4, nbufs 1, flags 0, from 0x32f734, fromlen 16, ovl (nil), func (nil)
0009:trace:winsock:WS2_recv_base fd=35, options=20
0009:trace:winsock:WS2_recv_base  -> 65 bytes
0009:trace:winsock:WS2_recv_base socket 0130, wsabuf 0x32f6e4, nbufs 1, flags 0, from 0x32f734, fromlen 16, ovl (nil), func (nil)
0009:trace:winsock:WS2_recv_base fd=35, options=20
0009:trace:winsock:WS2_recv_base  -> 67 bytes
0009:trace:winsock:WS2_sendto socket 0130, wsabuf 0x32f414, nbufs 1, flags 0, to 0x34b94ac, tolen 16, ovl (nil), func (nil)
0009:trace:winsock:WS2_sendto fd=35, options=20
0009:trace:winsock:WS2_sendto  -> 9 bytes
0009:trace:winsock:WS2_recv_base socket 0130, wsabuf 0x32f6e4, nbufs 1, flags 0, from 0x32f734, fromlen 16, ovl (nil), func (nil)
0009:trace:winsock:WS2_recv_base fd=35, options=20
0009:trace:winsock:WS2_recv_base  -> 67 bytes
0009:trace:winsock:WS2_recv_base socket 0130, wsabuf 0x32f6e4, nbufs 1, flags 0, from 0x32f734, fromlen 16, ovl (nil), func (nil)
0009:trace:winsock:WS2_recv_base fd=35, options=20
0009:trace:winsock:WS2_recv_base  -> 65 bytes
0009:trace:winsock:WS2_sendto socket 0130, wsabuf 0x32f414, nbufs 1, flags 0, to 0x34b951c, tolen 16, ovl (nil), func (nil)
0009:trace:winsock:WS2_sendto fd=35, options=20
0009:trace:winsock:WS2_sendto  -> 9 bytes
0009:trace:winsock:WS2_recv_base socket 0130, wsabuf 0x32f6e4, nbufs 1, flags 0, from 0x32f734, fromlen 16, ovl (nil), func (nil)
0009:trace:winsock:WS2_recv_base fd=35, options=20
0009:trace:winsock:WS2_recv_base  -> 65 bytes
0009:trace:winsock:WS2_recv_base socket 0130, wsabuf 0x32f6e4, nbufs 1, flags 0, from 0x32f734, fromlen 16, ovl (nil), func (nil)
0009:trace:winsock:WS2_recv_base fd=35, options=20
0009:trace:winsock:WS2_recv_base  -> 67 bytes
0009:trace:winsock:WS2_sendto socket 0130, wsabuf 0x32f414, nbufs 1, flags 0, to 0x34b951c, tolen 16, ovl (nil), func (nil)
0009:trace:winsock:WS2_sendto fd=35, options=20
0009:trace:winsock:WS2_sendto  -> 9 bytes
0009:trace:winsock:WS2_recv_base socket 0130, wsabuf 0x32f6e4, nbufs 1, flags 0, from 0x32f734, fromlen 16, ovl (nil), func (nil)
0009:trace:winsock:WS2_recv_base fd=35, options=20
0009:trace:winsock:WS2_recv_base  -> 65 bytes
0009:trace:winsock:WS2_recv_base socket 0130, wsabuf 0x32f6e4, nbufs 1, flags 0, from 0x32f734, fromlen 16, ovl (nil), func (nil)
0009:trace:winsock:WS2_recv_base fd=35, options=20
0009:trace:winsock:WS2_recv_base  -> 67 bytes
0009:trace:winsock:WS2_sendto socket 0130, wsabuf 0x32f414, nbufs 1, flags 0, to 0x34b951c, tolen 16, ovl (nil), func (nil)
0009:trace:winsock:WS2_sendto fd=35, options=20
0009:trace:winsock:WS2_sendto  -> 9 bytes
0009:trace:winsock:WS2_recv_base socket 0130, wsabuf 0x32f6e4, nbufs 1, flags 0, from 0x32f734, fromlen 16, ovl (nil), func (nil)
0009:trace:winsock:WS2_recv_base fd=35, options=20
0009:trace:winsock:WS2_recv_base  -> 65 bytes
0009:trace:winsock:WS2_recv_base socket 0130, wsabuf 0x32f6e4, nbufs 1, flags 0, from 0x32f734, fromlen 16, ovl (nil), func (nil)
0009:trace:winsock:WS2_recv_base fd=35, options=20
0009:trace:winsock:WS2_recv_base  -> 67 bytes
0009:trace:winsock:WS2_sendto socket 0130, wsabuf 0x32f414, nbufs 1, flags 0, to 0x34b951c, tolen 16, ovl (nil), func (nil)
0009:trace:winsock:WS2_sendto fd=35, options=20
0009:trace:winsock:WS2_sendto  -> 9 bytes
0009:trace:winsock:WS2_recv_base socket 0130, wsabuf 0x32f6e4, nbufs 1, flags 0, from 0x32f734, fromlen 16, ovl (nil), func (nil)
0009:trace:winsock:WS2_recv_base fd=35, options=20
0009:trace:winsock:WS2_recv_base  -> 65 bytes
0009:trace:winsock:WS2_recv_base socket 0130, wsabuf 0x32f6e4, nbufs 1, flags 0, from 0x32f734, fromlen 16, ovl (nil), func (nil)
0009:trace:winsock:WS2_recv_base fd=35, options=20
0009:trace:winsock:WS2_recv_base  -> 67 bytes
0009:trace:winsock:WSASocketA af=2 type=2 protocol=17 protocol_info=(nil) group=0 flags=0x0
0009:trace:winsock:WSASocketW af=2 type=2 protocol=17 protocol_info=(nil) group=0 flags=0x0
0009:trace:winsock:WSASocketW 	created 0104
0009:trace:winsock:WS_setsockopt (socket 0104, level SOL_SOCKET, name SO_BROADCAST, optval 0x32fb9c (1), optlen 4)
0009:trace:winsock:WS_setsockopt (socket 0104, level SOL_SOCKET, name SO_REUSEADDR, optval 0x32fb9c (1), optlen 4)
0009:trace:winsock:WS_inet_ntop family 2, addr (0x2b41abc), buffer (0x32fa1e), len 16
0009:trace:winsock:WS_bind socket 0104, ptr 0x2b41ab8 { family AF_INET, address 0.0.0.0, port 0 }, length 16
0009:trace:winsock:WS_getsockname socket 0104, ptr 0x2b41ab8, len 00000010
0009:err:winsock:interface_bind_check No cache entry for ifindex 0.
0009:trace:winsock:WS_inet_ntop family 2, addr (0x2b41abc), buffer (0x32fa6e), len 16
0009:trace:winsock:WS_getsockname => { family AF_INET, address 0.0.0.0, port 57657 }
0009:trace:winsock:WSAAsyncSelect 0104, hWnd 0x100a2, uMsg 00000400, event 00000003
0009:trace:winsock:WS2_sendto socket 0104, wsabuf 0x32f414, nbufs 1, flags 0, to 0x34b951c, tolen 16, ovl (nil), func (nil)
0009:trace:winsock:WS2_sendto fd=42, options=20
0009:trace:winsock:WS2_sendto  -> 9 bytes
0009:trace:winsock:WS2_recv_base socket 0104, wsabuf 0x32f6e4, nbufs 1, flags 0, from 0x32f734, fromlen 16, ovl (nil), func (nil)
0009:trace:winsock:WS2_recv_base fd=42, options=20
0009:trace:winsock:WS2_recv_base  -> 65 bytes
0009:trace:winsock:WS2_sendto socket 0130, wsabuf 0x32f414, nbufs 1, flags 0, to 0x34b951c, tolen 16, ovl (nil), func (nil)
0009:trace:winsock:WS2_sendto fd=42, options=20
0009:trace:winsock:WS2_sendto  -> 9 bytes
0009:trace:winsock:WS2_recv_base socket 0130, wsabuf 0x32f6e4, nbufs 1, flags 0, from 0x32f734, fromlen 16, ovl (nil), func (nil)
0009:trace:winsock:WS2_recv_base fd=42, options=20
0009:trace:winsock:WS2_recv_base  -> 65 bytes
0009:trace:winsock:WS2_sendto socket 0104, wsabuf 0x32f414, nbufs 1, flags 0, to 0x34b951c, tolen 16, ovl (nil), func (nil)
0009:trace:winsock:WS2_sendto fd=42, options=20
0009:trace:winsock:WS2_sendto  -> 9 bytes
0009:trace:winsock:WS2_recv_base socket 0104, wsabuf 0x32f6e4, nbufs 1, flags 0, from 0x32f734, fromlen 16, ovl (nil), func (nil)
0009:trace:winsock:WS2_recv_base fd=42, options=20
0009:trace:winsock:WS2_recv_base  -> 65 bytes
0009:trace:winsock:WS2_recv_base socket 0130, wsabuf 0x32f6e4, nbufs 1, flags 0, from 0x32f734, fromlen 16, ovl (nil), func (nil)
0009:trace:winsock:WS2_recv_base fd=42, options=20
0009:trace:winsock:WS2_recv_base  -> 67 bytes
0009:trace:winsock:WS2_sendto socket 0130, wsabuf 0x32f414, nbufs 1, flags 0, to 0x34b951c, tolen 16, ovl (nil), func (nil)
0009:trace:winsock:WS2_sendto fd=42, options=20
0009:trace:winsock:WS2_sendto  -> 9 bytes
0009:trace:winsock:WS2_recv_base socket 0130, wsabuf 0x32f6e4, nbufs 1, flags 0, from 0x32f734, fromlen 16, ovl (nil), func (nil)
0009:trace:winsock:WS2_recv_base fd=42, options=20
0009:trace:winsock:WS2_recv_base  -> 65 bytes
0009:trace:winsock:WS2_sendto socket 0104, wsabuf 0x32f414, nbufs 1, flags 0, to 0x34b951c, tolen 16, ovl (nil), func (nil)
0009:trace:winsock:WS2_sendto fd=42, options=20
0009:trace:winsock:WS2_sendto  -> 9 bytes
0009:trace:winsock:WS2_recv_base socket 0130, wsabuf 0x32f6e4, nbufs 1, flags 0, from 0x32f734, fromlen 16, ovl (nil), func (nil)
0009:trace:winsock:WS2_recv_base fd=42, options=20
0009:trace:winsock:WS2_recv_base  -> 67 bytes
0009:trace:winsock:WS2_recv_base socket 0104, wsabuf 0x32f6e4, nbufs 1, flags 0, from 0x32f734, fromlen 16, ovl (nil), func (nil)
0009:trace:winsock:WS2_recv_base fd=42, options=20
0009:trace:winsock:WS2_recv_base  -> 65 bytes
0009:trace:winsock:WS2_sendto socket 0130, wsabuf 0x32f414, nbufs 1, flags 0, to 0x34b95fc, tolen 16, ovl (nil), func (nil)
0009:trace:winsock:WS2_sendto fd=42, options=20
0009:trace:winsock:WS2_sendto  -> 9 bytes
0009:trace:winsock:WS2_recv_base socket 0130, wsabuf 0x32f6e4, nbufs 1, flags 0, from 0x32f734, fromlen 16, ovl (nil), func (nil)
0009:trace:winsock:WS2_recv_base fd=42, options=20
0009:trace:winsock:WS2_recv_base  -> 65 bytes
0009:trace:winsock:WS2_sendto socket 0104, wsabuf 0x32f414, nbufs 1, flags 0, to 0x34b95fc, tolen 16, ovl (nil), func (nil)
0009:trace:winsock:WS2_sendto fd=42, options=20
0009:trace:winsock:WS2_sendto  -> 9 bytes
0009:trace:winsock:WS2_recv_base socket 0130, wsabuf 0x32f6e4, nbufs 1, flags 0, from 0x32f734, fromlen 16, ovl (nil), func (nil)
0009:trace:winsock:WS2_recv_base fd=42, options=20
0009:trace:winsock:WS2_recv_base  -> 67 bytes
0009:trace:winsock:WS2_recv_base socket 0104, wsabuf 0x32f6e4, nbufs 1, flags 0, from 0x32f734, fromlen 16, ovl (nil), func (nil)
0009:trace:winsock:WS2_recv_base fd=42, options=20
0009:trace:winsock:WS2_recv_base  -> 65 bytes
0009:trace:winsock:WS2_sendto socket 0104, wsabuf 0x32f424, nbufs 1, flags 0, to 0x64b93d4, tolen 16, ovl (nil), func (nil)
0009:trace:winsock:WS2_sendto fd=42, options=20
0009:trace:winsock:WS2_sendto  -> 41 bytes
0009:trace:winsock:WS2_recv_base socket 0104, wsabuf 0x32f6e4, nbufs 1, flags 0, from 0x32f734, fromlen 16, ovl (nil), func (nil)
0009:trace:winsock:WS2_recv_base fd=42, options=20
0009:trace:winsock:WS2_recv_base  -> 41 bytes
0009:trace:winsock:WSAAsyncSelect 0130, hWnd 0x100a0, uMsg 00000000, event 00000000
0009:trace:winsock:WS_closesocket (socket 0130) -> 0
0009:trace:winsock:WSAAsyncSelect 0104, hWnd 0x100a2, uMsg 00000000, event 00000000
0009:trace:winsock:WS_closesocket (socket 0104) -> 0
0009:trace:winsock:WSAStartup verReq=2
0009:trace:winsock:WSAStartup succeeded starts: 2
0009:trace:winsock:WSASocketA af=2 type=1 protocol=6 protocol_info=(nil) group=0 flags=0x1
0009:trace:winsock:WSASocketW af=2 type=1 protocol=6 protocol_info=(nil) group=0 flags=0x1
0009:trace:winsock:WSASocketW 	created 0104
0009:trace:winsock:WS_setsockopt (socket 0104, level SOL_SOCKET, name SO_REUSEADDR, optval 0x32fb50 (1), optlen 4)
0009:trace:winsock:WS_inet_ntop family 2, addr (0x1ad60a4), buffer (0x32f9ce), len 16
0009:trace:winsock:WS_bind socket 0104, ptr 0x1ad60a0 { family AF_INET, address 192.168.49.4, port 2300 }, length 16
0009:trace:winsock:WS_listen socket 0104, backlog 16
0009:trace:winsock:WSAAsyncSelect 0104, hWnd 0x200a0, uMsg 00000400, event 00000008
0009:trace:winsock:WS_getsockname socket 0104, ptr 0x32fb68, len 00000010
0009:trace:winsock:WS_inet_ntop family 2, addr (0x32fb6c), buffer (0x32fa1e), len 16
0009:trace:winsock:WS_getsockname => { family AF_INET, address 192.168.49.4, port 2300 }
0009:trace:winsock:WSASocketA af=2 type=2 protocol=17 protocol_info=(nil) group=0 flags=0x0
0009:trace:winsock:WSASocketW af=2 type=2 protocol=17 protocol_info=(nil) group=0 flags=0x0
0009:trace:winsock:WSASocketW 	created 0130
0009:trace:winsock:WS_setsockopt (socket 0130, level SOL_SOCKET, name SO_BROADCAST, optval 0x32fb30 (1), optlen 4)
0009:trace:winsock:WS_setsockopt (socket 0130, level SOL_SOCKET, name SO_REUSEADDR, optval 0x32fb30 (1), optlen 4)
0009:trace:winsock:WS_inet_ntop family 2, addr (0x6c966fc), buffer (0x32f9ae), len 16
0009:trace:winsock:WS_bind socket 0130, ptr 0x6c966f8 { family AF_INET, address 192.168.49.4, port 2300 }, length 16
0009:trace:winsock:interface_bind Socket 0130 bound to interface index 2
0009:trace:winsock:WS_getsockname socket 0130, ptr 0x6c966f8, len 00000010
0009:trace:winsock:WS_inet_ntop family 2, addr (0x6c966fc), buffer (0x32f9fe), len 16
0009:trace:winsock:WS_getsockname => { family AF_INET, address 192.168.49.4, port 2300 }
0009:trace:winsock:WSAAsyncSelect 0130, hWnd 0x100a4, uMsg 00000400, event 00000003
0009:trace:winsock:WS2_recv_base socket 0130, wsabuf 0x32f6e4, nbufs 1, flags 0, from 0x32f734, fromlen 16, ovl (nil), func (nil)
0009:trace:winsock:WS2_recv_base fd=42, options=20
0009:trace:winsock:WS2_recv_base  -> 40 bytes
0009:trace:winsock:WS2_sendto socket 0130, wsabuf 0x32f5a4, nbufs 1, flags 0, to 0x64b94f4, tolen 16, ovl (nil), func (nil)
0009:trace:winsock:WS2_sendto fd=42, options=20
0009:trace:winsock:WS2_sendto  -> 40 bytes
0009:trace:winsock:WS2_sendto socket 0130, wsabuf 0x32f604, nbufs 1, flags 0, to 0x64b94f4, tolen 16, ovl (nil), func (nil)
0009:trace:winsock:WS2_sendto fd=42, options=20
0009:trace:winsock:WS2_sendto  -> 40 bytes
0009:trace:winsock:WS2_recv_base socket 0130, wsabuf 0x32f6e4, nbufs 1, flags 0, from 0x32f734, fromlen 16, ovl (nil), func (nil)
0009:trace:winsock:WS2_recv_base fd=42, options=20
0009:trace:winsock:WS2_recv_base  -> 40 bytes
0009:trace:winsock:WS2_recv_base socket 0130, wsabuf 0x32f6e4, nbufs 1, flags 0, from 0x32f734, fromlen 16, ovl (nil), func (nil)
0009:trace:winsock:WS2_recv_base fd=42, options=20
0009:trace:winsock:WS2_recv_base  -> 10 bytes
0009:trace:winsock:WS2_recv_base socket 0130, wsabuf 0x32f6e4, nbufs 1, flags 0, from 0x32f734, fromlen 16, ovl (nil), func (nil)
0009:trace:winsock:WS2_recv_base fd=42, options=20
0009:trace:winsock:WS2_recv_base  -> 24 bytes
0009:trace:winsock:WS2_sendto socket 0130, wsabuf 0x32f5a4, nbufs 1, flags 0, to 0x2b61014, tolen 16, ovl (nil), func (nil)
0009:trace:winsock:WS2_sendto fd=42, options=20
0009:trace:winsock:WS2_sendto  -> 24 bytes
0009:trace:winsock:WS2_recv_base socket 0130, wsabuf 0x32f6e4, nbufs 1, flags 0, from 0x32f734, fromlen 16, ovl (nil), func (nil)
0009:trace:winsock:WS2_recv_base fd=42, options=20
0009:trace:winsock:WS2_recv_base  -> 15 bytes
0009:trace:winsock:WS2_recv_base socket 0130, wsabuf 0x32f6e4, nbufs 1, flags 0, from 0x32f734, fromlen 16, ovl (nil), func (nil)
0009:trace:winsock:WS2_recv_base fd=42, options=20
0009:trace:winsock:WS2_recv_base  -> 45 bytes
0009:trace:winsock:WS2_recv_base socket 0130, wsabuf 0x32f6e4, nbufs 1, flags 0, from 0x32f734, fromlen 16, ovl (nil), func (nil)
0009:trace:winsock:WS2_recv_base fd=42, options=20
0009:trace:winsock:WS2_recv_base  -> 51 bytes
0009:trace:winsock:WS2_recv_base socket 0130, wsabuf 0x32f6e4, nbufs 1, flags 0, from 0x32f734, fromlen 16, ovl (nil), func (nil)
0009:trace:winsock:WS2_recv_base fd=42, options=20
0009:trace:winsock:WS2_recv_base  -> 16 bytes
0009:trace:winsock:WS2_recv_base socket 0130, wsabuf 0x32f6e4, nbufs 1, flags 0, from 0x32f734, fromlen 16, ovl (nil), func (nil)
0009:trace:winsock:WS2_recv_base fd=42, options=20
0009:trace:winsock:WS2_recv_base  -> 19 bytes
0009:trace:winsock:WS2_recv_base socket 0130, wsabuf 0x32f6e4, nbufs 1, flags 0, from 0x32f734, fromlen 16, ovl (nil), func (nil)
0009:trace:winsock:WS2_recv_base fd=42, options=20
0009:trace:winsock:WS2_recv_base  -> 37 bytes
0009:trace:winsock:WS2_recv_base socket 0130, wsabuf 0x32f6e4, nbufs 1, flags 0, from 0x32f734, fromlen 16, ovl (nil), func (nil)
0009:trace:winsock:WS2_recv_base fd=42, options=20
0009:trace:winsock:WS2_recv_base  -> 19 bytes
0009:trace:winsock:WS2_recv_base socket 0130, wsabuf 0x32f6e4, nbufs 1, flags 0, from 0x32f734, fromlen 16, ovl (nil), func (nil)
0009:trace:winsock:WS2_recv_base fd=42, options=20
0009:trace:winsock:WS2_recv_base  -> 40 bytes
0009:trace:winsock:WS2_recv_base socket 0130, wsabuf 0x32f6e4, nbufs 1, flags 0, from 0x32f734, fromlen 16, ovl (nil), func (nil)
0009:trace:winsock:WS2_recv_base fd=42, options=20
0009:trace:winsock:WS2_recv_base  -> 19 bytes
0009:trace:winsock:WS2_recv_base socket 0130, wsabuf 0x32f6e4, nbufs 1, flags 0, from 0x32f734, fromlen 16, ovl (nil), func (nil)
0009:trace:winsock:WS2_recv_base fd=42, options=20
0009:trace:winsock:WS2_recv_base  -> 122 bytes
0009:trace:winsock:WS2_recv_base socket 0130, wsabuf 0x32f6e4, nbufs 1, flags 0, from 0x32f734, fromlen 16, ovl (nil), func (nil)
0009:trace:winsock:WS2_recv_base fd=42, options=20
0009:trace:winsock:WS2_recv_base  -> 19 bytes
0009:trace:winsock:WS2_recv_base socket 0130, wsabuf 0x32f6e4, nbufs 1, flags 0, from 0x32f734, fromlen 16, ovl (nil), func (nil)
0009:trace:winsock:WS2_recv_base fd=42, options=20
0009:trace:winsock:WS2_recv_base  -> 139 bytes
0009:trace:winsock:WS2_recv_base socket 0130, wsabuf 0x32f6e4, nbufs 1, flags 0, from 0x32f734, fromlen 16, ovl (nil), func (nil)
0009:trace:winsock:WS2_recv_base fd=42, options=20
0009:trace:winsock:WS2_recv_base  -> 19 bytes
0009:trace:winsock:WS2_recv_base socket 0130, wsabuf 0x32f6e4, nbufs 1, flags 0, from 0x32f734, fromlen 16, ovl (nil), func (nil)
0009:trace:winsock:WS2_recv_base fd=42, options=20
0009:trace:winsock:WS2_recv_base  -> 43 bytes
0009:trace:winsock:WS2_recv_base socket 0130, wsabuf 0x32f6e4, nbufs 1, flags 0, from 0x32f734, fromlen 16, ovl (nil), func (nil)
0009:trace:winsock:WS2_recv_base fd=42, options=20
0009:trace:winsock:WS2_recv_base  -> 19 bytes
0009:trace:winsock:WS2_recv_base socket 0130, wsabuf 0x32f6e4, nbufs 1, flags 0, from 0x32f734, fromlen 16, ovl (nil), func (nil)
0009:trace:winsock:WS2_recv_base fd=42, options=20
0009:trace:winsock:WS2_recv_base  -> 43 bytes
0009:trace:winsock:WS2_recv_base socket 0130, wsabuf 0x32f6e4, nbufs 1, flags 0, from 0x32f734, fromlen 16, ovl (nil), func (nil)
0009:trace:winsock:WS2_recv_base fd=42, options=20
0009:trace:winsock:WS2_recv_base  -> 19 bytes
0009:trace:winsock:WS2_recv_base socket 0130, wsabuf 0x32f6e4, nbufs 1, flags 0, from 0x32f734, fromlen 16, ovl (nil), func (nil)
0009:trace:winsock:WS2_recv_base fd=42, options=20
0009:trace:winsock:WS2_recv_base  -> 43 bytes
0009:trace:winsock:WS2_recv_base socket 0130, wsabuf 0x32f6e4, nbufs 1, flags 0, from 0x32f734, fromlen 16, ovl (nil), func (nil)
0009:trace:winsock:WS2_recv_base fd=42, options=20
0009:trace:winsock:WS2_recv_base  -> 19 bytes
0009:trace:winsock:WS2_recv_base socket 0130, wsabuf 0x32f6e4, nbufs 1, flags 0, from 0x32f734, fromlen 16, ovl (nil), func (nil)
0009:trace:winsock:WS2_recv_base fd=42, options=20
0009:trace:winsock:WS2_recv_base  -> 43 bytes
0009:trace:winsock:WS2_recv_base socket 0130, wsabuf 0x32f6e4, nbufs 1, flags 0, from 0x32f734, fromlen 16, ovl (nil), func (nil)
0009:trace:winsock:WS2_recv_base fd=42, options=20
0009:trace:winsock:WS2_recv_base  -> 19 bytes
0009:trace:winsock:WS2_recv_base socket 0130, wsabuf 0x32f6e4, nbufs 1, flags 0, from 0x32f734, fromlen 16, ovl (nil), func (nil)
0009:trace:winsock:WS2_recv_base fd=42, options=20
0009:trace:winsock:WS2_recv_base  -> 43 bytes
0009:trace:winsock:WS2_recv_base socket 0130, wsabuf 0x32f6e4, nbufs 1, flags 0, from 0x32f734, fromlen 16, ovl (nil), func (nil)
0009:trace:winsock:WS2_recv_base fd=42, options=20
0009:trace:winsock:WS2_recv_base  -> 19 bytes
0009:trace:winsock:WS2_recv_base socket 0130, wsabuf 0x32f6e4, nbufs 1, flags 0, from 0x32f734, fromlen 16, ovl (nil), func (nil)
0009:trace:winsock:WS2_recv_base fd=42, options=20
0009:trace:winsock:WS2_recv_base  -> 43 bytes
0009:trace:winsock:WS2_recv_base socket 0130, wsabuf 0x32f6e4, nbufs 1, flags 0, from 0x32f734, fromlen 16, ovl (nil), func (nil)
0009:trace:winsock:WS2_recv_base fd=42, options=20
0009:trace:winsock:WS2_recv_base  -> 19 bytes
0009:trace:winsock:WS2_recv_base socket 0130, wsabuf 0x32f6e4, nbufs 1, flags 0, from 0x32f734, fromlen 16, ovl (nil), func (nil)
0009:trace:winsock:WS2_recv_base fd=42, options=20
0009:trace:winsock:WS2_recv_base  -> 43 bytes
0009:trace:winsock:WS2_recv_base socket 0130, wsabuf 0x32f6e4, nbufs 1, flags 0, from 0x32f734, fromlen 16, ovl (nil), func (nil)
0009:trace:winsock:WS2_recv_base fd=42, options=20
0009:trace:winsock:WS2_recv_base  -> 19 bytes
0009:trace:winsock:WS2_recv_base socket 0130, wsabuf 0x32f6e4, nbufs 1, flags 0, from 0x32f734, fromlen 16, ovl (nil), func (nil)
0009:trace:winsock:WS2_recv_base fd=42, options=20
0009:trace:winsock:WS2_recv_base  -> 43 bytes
0009:trace:winsock:WS2_recv_base socket 0130, wsabuf 0x32f6e4, nbufs 1, flags 0, from 0x32f734, fromlen 16, ovl (nil), func (nil)
0009:trace:winsock:WS2_recv_base fd=42, options=20
0009:trace:winsock:WS2_recv_base  -> 19 bytes
0009:trace:winsock:WS2_recv_base socket 0130, wsabuf 0x32f6e4, nbufs 1, flags 0, from 0x32f734, fromlen 16, ovl (nil), func (nil)
0009:trace:winsock:WS2_recv_base fd=42, options=20
0009:trace:winsock:WS2_recv_base  -> 43 bytes
0009:trace:winsock:WS2_recv_base socket 0130, wsabuf 0x32f6e4, nbufs 1, flags 0, from 0x32f734, fromlen 16, ovl (nil), func (nil)
0009:trace:winsock:WS2_recv_base fd=42, options=20
0009:trace:winsock:WS2_recv_base  -> 19 bytes
0009:trace:winsock:WS2_recv_base socket 0130, wsabuf 0x32f6e4, nbufs 1, flags 0, from 0x32f734, fromlen 16, ovl (nil), func (nil)
0009:trace:winsock:WS2_recv_base fd=42, options=20
0009:trace:winsock:WS2_recv_base  -> 43 bytes
0009:trace:winsock:WS2_recv_base socket 0130, wsabuf 0x32f6e4, nbufs 1, flags 0, from 0x32f734, fromlen 16, ovl (nil), func (nil)
0009:trace:winsock:WS2_recv_base fd=42, options=20
0009:trace:winsock:WS2_recv_base  -> 19 bytes
0009:trace:winsock:WS2_recv_base socket 0130, wsabuf 0x32f6e4, nbufs 1, flags 0, from 0x32f734, fromlen 16, ovl (nil), func (nil)
0009:trace:winsock:WS2_recv_base fd=42, options=20
0009:trace:winsock:WS2_recv_base  -> 43 bytes
0009:trace:winsock:WS2_recv_base socket 0130, wsabuf 0x32f6e4, nbufs 1, flags 0, from 0x32f734, fromlen 16, ovl (nil), func (nil)
0009:trace:winsock:WS2_recv_base fd=42, options=20
0009:trace:winsock:WS2_recv_base  -> 19 bytes
0009:trace:winsock:WS2_sendto socket 0130, wsabuf 0x32f5e4, nbufs 1, flags 0, to 0x2b61494, tolen 16, ovl (nil), func (nil)
0009:trace:winsock:WS2_sendto fd=42, options=20
0009:trace:winsock:WS2_sendto  -> 10 bytes
0009:trace:winsock:WS2_recv_base socket 0130, wsabuf 0x32f6e4, nbufs 1, flags 0, from 0x32f734, fromlen 16, ovl (nil), func (nil)
0009:trace:winsock:WS2_recv_base fd=42, options=20
0009:trace:winsock:WS2_recv_base  -> 43 bytes
0009:trace:winsock:WS2_recv_base socket 0130, wsabuf 0x32f6e4, nbufs 1, flags 0, from 0x32f734, fromlen 16, ovl (nil), func (nil)
0009:trace:winsock:WS2_recv_base fd=42, options=20
0009:trace:winsock:WS2_recv_base  -> 19 bytes
0009:trace:winsock:WS2_recv_base socket 0130, wsabuf 0x32f6e4, nbufs 1, flags 0, from 0x32f734, fromlen 16, ovl (nil), func (nil)
0009:trace:winsock:WS2_recv_base fd=42, options=20
0009:trace:winsock:WS2_recv_base  -> 43 bytes
0009:trace:winsock:WS2_recv_base socket 0130, wsabuf 0x32f6e4, nbufs 1, flags 0, from 0x32f734, fromlen 16, ovl (nil), func (nil)
0009:trace:winsock:WS2_recv_base fd=42, options=20
0009:trace:winsock:WS2_recv_base  -> 19 bytes
0009:trace:winsock:WS2_recv_base socket 0130, wsabuf 0x32f6e4, nbufs 1, flags 0, from 0x32f734, fromlen 16, ovl (nil), func (nil)
0009:trace:winsock:WS2_recv_base fd=42, options=20
0009:trace:winsock:WS2_recv_base  -> 43 bytes
0009:trace:winsock:WS2_recv_base socket 0130, wsabuf 0x32f6e4, nbufs 1, flags 0, from 0x32f734, fromlen 16, ovl (nil), func (nil)
0009:trace:winsock:WS2_recv_base fd=42, options=20
0009:trace:winsock:WS2_recv_base  -> 19 bytes
0009:trace:winsock:WS2_recv_base socket 0130, wsabuf 0x32f6e4, nbufs 1, flags 0, from 0x32f734, fromlen 16, ovl (nil), func (nil)
0009:trace:winsock:WS2_recv_base fd=42, options=20
0009:trace:winsock:WS2_recv_base  -> 43 bytes
0009:trace:winsock:WS2_recv_base socket 0130, wsabuf 0x32f6e4, nbufs 1, flags 0, from 0x32f734, fromlen 16, ovl (nil), func (nil)
0009:trace:winsock:WS2_recv_base fd=42, options=20
0009:trace:winsock:WS2_recv_base  -> 19 bytes
0009:trace:winsock:WS2_recv_base socket 0130, wsabuf 0x32f6e4, nbufs 1, flags 0, from 0x32f734, fromlen 16, ovl (nil), func (nil)
0009:trace:winsock:WS2_recv_base fd=42, options=20
0009:trace:winsock:WS2_recv_base  -> 43 bytes
0009:trace:winsock:WS2_recv_base socket 0130, wsabuf 0x32f6e4, nbufs 1, flags 0, from 0x32f734, fromlen 16, ovl (nil), func (nil)
0009:trace:winsock:WS2_recv_base fd=42, options=20
0009:trace:winsock:WS2_recv_base  -> 19 bytes
0009:trace:winsock:WS2_recv_base socket 0130, wsabuf 0x32f6e4, nbufs 1, flags 0, from 0x32f734, fromlen 16, ovl (nil), func (nil)
0009:trace:winsock:WS2_recv_base fd=42, options=20
0009:trace:winsock:WS2_recv_base  -> 25 bytes
0009:trace:winsock:WS2_recv_base socket 0130, wsabuf 0x32f6e4, nbufs 1, flags 0, from 0x32f734, fromlen 16, ovl (nil), func (nil)
0009:trace:winsock:WS2_recv_base fd=42, options=20
0009:trace:winsock:WS2_recv_base  -> 19 bytes
0009:trace:winsock:WS2_recv_base socket 0130, wsabuf 0x32f6e4, nbufs 1, flags 0, from 0x32f734, fromlen 16, ovl (nil), func (nil)
0009:trace:winsock:WS2_recv_base fd=42, options=20
0009:trace:winsock:WS2_recv_base  -> 46 bytes
0009:trace:winsock:WS2_recv_base socket 0130, wsabuf 0x32f6e4, nbufs 1, flags 0, from 0x32f734, fromlen 16, ovl (nil), func (nil)
0009:trace:winsock:WS2_recv_base fd=42, options=20
0009:trace:winsock:WS2_recv_base  -> 27 bytes
0009:trace:winsock:WS2_sendto socket 0130, wsabuf 0x32ef54, nbufs 1, flags 0, to 0x2b61314, tolen 16, ovl (nil), func (nil)
0009:trace:winsock:WS2_sendto fd=42, options=20
0009:trace:winsock:WS2_sendto  -> 11 bytes
0009:trace:winsock:WS2_sendto socket 0130, wsabuf 0x32ee94, nbufs 1, flags 0, to 0x6cdac14, tolen 16, ovl (nil), func (nil)
0009:trace:winsock:WS2_sendto fd=42, options=20
0009:trace:winsock:WS2_sendto  -> 25 bytes
0009:trace:winsock:WS2_sendto socket 0130, wsabuf 0x32ee94, nbufs 1, flags 0, to 0x6cdac14, tolen 16, ovl (nil), func (nil)
0009:trace:winsock:WS2_sendto fd=42, options=20
0009:trace:winsock:WS2_sendto  -> 25 bytes
0009:trace:winsock:WS2_sendto socket 0130, wsabuf 0x32ee84, nbufs 1, flags 0, to 0x6cdb014, tolen 16, ovl (nil), func (nil)
0009:trace:winsock:WS2_sendto fd=42, options=20
0009:trace:winsock:WS2_sendto  -> 25 bytes
0009:trace:winsock:WS2_sendto socket 0130, wsabuf 0x32e804, nbufs 1, flags 0, to 0x6cdb014, tolen 16, ovl (nil), func (nil)
0009:trace:winsock:WS2_sendto fd=42, options=20
0009:trace:winsock:WS2_sendto  -> 16 bytes
0009:trace:winsock:WS2_recv_base socket 0130, wsabuf 0x32f6e4, nbufs 1, flags 0, from 0x32f734, fromlen 16, ovl (nil), func (nil)
0009:trace:winsock:WS2_recv_base fd=42, options=20
0009:trace:winsock:WS2_recv_base  -> 12 bytes
0009:trace:winsock:WS2_sendto socket 0130, wsabuf 0x32ef34, nbufs 1, flags 0, to 0x6cdb194, tolen 16, ovl (nil), func (nil)
0009:trace:winsock:WS2_sendto fd=42, options=20
0009:trace:winsock:WS2_sendto  -> 12 bytes
0009:trace:winsock:WSASocketA af=2 type=2 protocol=17 protocol_info=(nil) group=0 flags=0x0
0009:trace:winsock:WSASocketW af=2 type=2 protocol=17 protocol_info=(nil) group=0 flags=0x0
0009:trace:winsock:WSASocketW 	created 0138
0009:trace:winsock:WSAIoctl 0138, SIO_ROUTING_INTERFACE_QUERY, 0x32f890, 16, 0x6a00000, 1024, 0x32f888, (nil), (nil)
0009:trace:winsock:WSAIoctl -> WS_SIO_ROUTING_INTERFACE_QUERY request
0009:trace:winsock:WS_closesocket (socket 0138) -> 0
0009:trace:winsock:WS2_sendto socket 0130, wsabuf 0x32f964, nbufs 1, flags 0, to 0x6cdb194, tolen 16, ovl (nil), func (nil)
0009:trace:winsock:WS2_sendto fd=42, options=20
0009:trace:winsock:WS2_sendto  -> 24 bytes
0009:trace:winsock:WS2_sendto socket 0130, wsabuf 0x32f964, nbufs 1, flags 0, to 0x2b62394, tolen 16, ovl (nil), func (nil)
0009:trace:winsock:WS2_sendto fd=42, options=20
0009:trace:winsock:WS2_sendto  -> 95 bytes
0009:trace:winsock:WS2_sendto socket 0130, wsabuf 0x32f9c4, nbufs 1, flags 0, to 0x6cdb194, tolen 16, ovl (nil), func (nil)
0009:trace:winsock:WS2_sendto fd=42, options=20
0009:trace:winsock:WS2_sendto  -> 12 bytes
0009:trace:winsock:WS2_recv_base socket 0130, wsabuf 0x32f6e4, nbufs 1, flags 0, from 0x32f734, fromlen 16, ovl (nil), func (nil)
0009:trace:winsock:WS2_recv_base fd=42, options=20
0009:trace:winsock:WS2_recv_base  -> 12 bytes
0009:trace:winsock:WS2_recv_base socket 0130, wsabuf 0x32f6e4, nbufs 1, flags 0, from 0x32f734, fromlen 16, ovl (nil), func (nil)
0009:trace:winsock:WS2_recv_base fd=42, options=20
0009:trace:winsock:WS2_recv_base  -> 10 bytes
0009:trace:winsock:WS2_recv_base socket 0130, wsabuf 0x32f6e4, nbufs 1, flags 0, from 0x32f734, fromlen 16, ovl (nil), func (nil)
0009:trace:winsock:WS2_recv_base fd=42, options=20
0009:trace:winsock:WS2_recv_base  -> 16 bytes
0009:trace:winsock:WS2_sendto socket 0130, wsabuf 0x32f964, nbufs 1, flags 0, to 0x6cdb194, tolen 16, ovl (nil), func (nil)
0009:trace:winsock:WS2_sendto fd=42, options=20
0009:trace:winsock:WS2_sendto  -> 22 bytes
0009:trace:winsock:WS2_sendto socket 0130, wsabuf 0x32f5e4, nbufs 1, flags 0, to 0x6cdb194, tolen 16, ovl (nil), func (nil)
0009:trace:winsock:WS2_sendto fd=42, options=20
0009:trace:winsock:WS2_sendto  -> 10 bytes
0009:trace:winsock:WS2_recv_base socket 0130, wsabuf 0x32f6e4, nbufs 1, flags 0, from 0x32f734, fromlen 16, ovl (nil), func (nil)
0009:trace:winsock:WS2_recv_base fd=42, options=20
0009:trace:winsock:WS2_recv_base  -> 10 bytes
0009:trace:winsock:WS2_sendto socket 0130, wsabuf 0x32f5e4, nbufs 1, flags 0, to 0x6cdb194, tolen 16, ovl (nil), func (nil)
0009:trace:winsock:WS2_sendto fd=42, options=20
0009:trace:winsock:WS2_sendto  -> 10 bytes
0009:trace:winsock:WS2_recv_base socket 0130, wsabuf 0x32f6e4, nbufs 1, flags 0, from 0x32f734, fromlen 16, ovl (nil), func (nil)
0009:trace:winsock:WS2_recv_base fd=42, options=20
0009:trace:winsock:WS2_recv_base  -> 10 bytes
0009:trace:winsock:WS2_sendto socket 0130, wsabuf 0x32f964, nbufs 1, flags 0, to 0x6cdb194, tolen 16, ovl (nil), func (nil)
0009:trace:winsock:WS2_sendto fd=42, options=20
0009:trace:winsock:WS2_sendto  -> 16 bytes
0009:trace:winsock:WS2_sendto socket 0130, wsabuf 0x32f5e4, nbufs 1, flags 0, to 0x6cdb194, tolen 16, ovl (nil), func (nil)
0009:trace:winsock:WS2_sendto fd=42, options=20
0009:trace:winsock:WS2_sendto  -> 10 bytes
0009:trace:winsock:WS2_recv_base socket 0130, wsabuf 0x32f6e4, nbufs 1, flags 0, from 0x32f734, fromlen 16, ovl (nil), func (nil)
0009:trace:winsock:WS2_recv_base fd=42, options=20
0009:trace:winsock:WS2_recv_base  -> 10 bytes
0009:trace:winsock:WS2_recv_base socket 0130, wsabuf 0x32f6e4, nbufs 1, flags 0, from 0x32f734, fromlen 16, ovl (nil), func (nil)
0009:trace:winsock:WS2_recv_base fd=42, options=20
0009:trace:winsock:WS2_recv_base  -> 16 bytes
0009:trace:winsock:WS2_sendto socket 0130, wsabuf 0x32f964, nbufs 1, flags 0, to 0x6cdb194, tolen 16, ovl (nil), func (nil)
0009:trace:winsock:WS2_sendto fd=42, options=20
0009:trace:winsock:WS2_sendto  -> 22 bytes
0009:trace:winsock:WS2_sendto socket 0130, wsabuf 0x32f964, nbufs 1, flags 0, to 0x6cdb194, tolen 16, ovl (nil), func (nil)
0009:trace:winsock:WS2_sendto fd=42, options=20
0009:trace:winsock:WS2_sendto  -> 27 bytes
0009:trace:winsock:WS2_recv_base socket 0130, wsabuf 0x32f6e4, nbufs 1, flags 0, from 0x32f734, fromlen 16, ovl (nil), func (nil)
0009:trace:winsock:WS2_recv_base fd=42, options=20
0009:trace:winsock:WS2_recv_base  -> 12 bytes
0009:trace:winsock:WS2_sendto socket 0130, wsabuf 0x32ef34, nbufs 1, flags 0, to 0x6cdb194, tolen 16, ovl (nil), func (nil)
0009:trace:winsock:WS2_sendto fd=42, options=20
0009:trace:winsock:WS2_sendto  -> 12 bytes
0009:trace:winsock:WS2_sendto socket 0130, wsabuf 0x32f5e4, nbufs 1, flags 0, to 0x6cdb194, tolen 16, ovl (nil), func (nil)
0009:trace:winsock:WS2_sendto fd=42, options=20
0009:trace:winsock:WS2_sendto  -> 10 bytes
0009:trace:winsock:WS2_sendto socket 0130, wsabuf 0x32f9c4, nbufs 1, flags 0, to 0x6cdb194, tolen 16, ovl (nil), func (nil)
0009:trace:winsock:WS2_sendto fd=42, options=20
0009:trace:winsock:WS2_sendto  -> 12 bytes
0009:trace:winsock:WS2_recv_base socket 0130, wsabuf 0x32f6e4, nbufs 1, flags 0, from 0x32f734, fromlen 16, ovl (nil), func (nil)
0009:trace:winsock:WS2_recv_base fd=42, options=20
0009:trace:winsock:WS2_recv_base  -> 12 bytes
0009:trace:winsock:WS2_recv_base socket 0130, wsabuf 0x32f6e4, nbufs 1, flags 0, from 0x32f734, fromlen 16, ovl (nil), func (nil)
0009:trace:winsock:WS2_recv_base fd=42, options=20
0009:trace:winsock:WS2_recv_base  -> 10 bytes
0009:trace:winsock:WS2_sendto socket 0130, wsabuf 0x32f5e4, nbufs 1, flags 0, to 0x6cdb194, tolen 16, ovl (nil), func (nil)
0009:trace:winsock:WS2_sendto fd=42, options=20
0009:trace:winsock:WS2_sendto  -> 10 bytes
0009:trace:winsock:WS2_recv_base socket 0130, wsabuf 0x32f6e4, nbufs 1, flags 0, from 0x32f734, fromlen 16, ovl (nil), func (nil)
0009:trace:winsock:WS2_recv_base fd=42, options=20
0009:trace:winsock:WS2_recv_base  -> 10 bytes
0009:trace:winsock:WS2_sendto socket 0130, wsabuf 0x32f964, nbufs 1, flags 0, to 0x6cdb194, tolen 16, ovl (nil), func (nil)
0009:trace:winsock:WS2_sendto fd=42, options=20
0009:trace:winsock:WS2_sendto  -> 16 bytes
0009:trace:winsock:WS2_sendto socket 0130, wsabuf 0x32f5e4, nbufs 1, flags 0, to 0x6cdb194, tolen 16, ovl (nil), func (nil)
0009:trace:winsock:WS2_sendto fd=42, options=20
0009:trace:winsock:WS2_sendto  -> 10 bytes
0009:trace:winsock:WS2_recv_base socket 0130, wsabuf 0x32f6e4, nbufs 1, flags 0, from 0x32f734, fromlen 16, ovl (nil), func (nil)
0009:trace:winsock:WS2_recv_base fd=42, options=20
0009:trace:winsock:WS2_recv_base  -> 10 bytes
0009:trace:winsock:WS2_recv_base socket 0130, wsabuf 0x32f6e4, nbufs 1, flags 0, from 0x32f734, fromlen 16, ovl (nil), func (nil)
0009:trace:winsock:WS2_recv_base fd=42, options=20
0009:trace:winsock:WS2_recv_base  -> 16 bytes
0009:trace:winsock:WS2_sendto socket 0130, wsabuf 0x32f5e4, nbufs 1, flags 0, to 0x6cdb194, tolen 16, ovl (nil), func (nil)
0009:trace:winsock:WS2_sendto fd=42, options=20
0009:trace:winsock:WS2_sendto  -> 10 bytes
0009:trace:winsock:WS2_recv_base socket 0130, wsabuf 0x32f6e4, nbufs 1, flags 0, from 0x32f734, fromlen 16, ovl (nil), func (nil)
0009:trace:winsock:WS2_recv_base fd=42, options=20
0009:trace:winsock:WS2_recv_base  -> 10 bytes
0009:trace:winsock:WS2_recv_base socket 0130, wsabuf 0x32f6e4, nbufs 1, flags 0, from 0x32f734, fromlen 16, ovl (nil), func (nil)
0009:trace:winsock:WS2_recv_base fd=42, options=20
0009:trace:winsock:WS2_recv_base  -> 12 bytes
0009:trace:winsock:WS2_sendto socket 0130, wsabuf 0x32ef34, nbufs 1, flags 0, to 0x6cdb194, tolen 16, ovl (nil), func (nil)
0009:trace:winsock:WS2_sendto fd=42, options=20
0009:trace:winsock:WS2_sendto  -> 12 bytes
0009:trace:winsock:WS2_sendto socket 0130, wsabuf 0x32f5e4, nbufs 1, flags 0, to 0x6cdb194, tolen 16, ovl (nil), func (nil)
0009:trace:winsock:WS2_sendto fd=42, options=20
0009:trace:winsock:WS2_sendto  -> 10 bytes
0009:trace:winsock:WS2_sendto socket 0130, wsabuf 0x32f9c4, nbufs 1, flags 0, to 0x6cdb194, tolen 16, ovl (nil), func (nil)
0009:trace:winsock:WS2_sendto fd=42, options=20
0009:trace:winsock:WS2_sendto  -> 12 bytes
0009:trace:winsock:WS2_recv_base socket 0130, wsabuf 0x32f6e4, nbufs 1, flags 0, from 0x32f734, fromlen 16, ovl (nil), func (nil)
0009:trace:winsock:WS2_recv_base fd=42, options=20
0009:trace:winsock:WS2_recv_base  -> 12 bytes
0009:trace:winsock:WS2_recv_base socket 0130, wsabuf 0x32f6e4, nbufs 1, flags 0, from 0x32f734, fromlen 16, ovl (nil), func (nil)
0009:trace:winsock:WS2_recv_base fd=42, options=20
0009:trace:winsock:WS2_recv_base  -> 10 bytes
0009:trace:winsock:WS2_sendto socket 0130, wsabuf 0x32f5e4, nbufs 1, flags 0, to 0x6cdb194, tolen 16, ovl (nil), func (nil)
0009:trace:winsock:WS2_sendto fd=42, options=20
0009:trace:winsock:WS2_sendto  -> 10 bytes
0009:trace:winsock:WS2_sendto socket 0130, wsabuf 0x32f964, nbufs 1, flags 0, to 0x6cdb194, tolen 16, ovl (nil), func (nil)
0009:trace:winsock:WS2_sendto fd=42, options=20
0009:trace:winsock:WS2_sendto  -> 16 bytes
0009:trace:winsock:WS2_recv_base socket 0130, wsabuf 0x32f6e4, nbufs 1, flags 0, from 0x32f734, fromlen 16, ovl (nil), func (nil)
0009:trace:winsock:WS2_recv_base fd=42, options=20
0009:trace:winsock:WS2_recv_base  -> 10 bytes
0009:trace:winsock:WS2_recv_base socket 0130, wsabuf 0x32f6e4, nbufs 1, flags 0, from 0x32f734, fromlen 16, ovl (nil), func (nil)
0009:trace:winsock:WS2_recv_base fd=42, options=20
0009:trace:winsock:WS2_recv_base  -> 16 bytes
0009:trace:winsock:WS2_sendto socket 0130, wsabuf 0x32f5e4, nbufs 1, flags 0, to 0x6cdb194, tolen 16, ovl (nil), func (nil)
0009:trace:winsock:WS2_sendto fd=42, options=20
0009:trace:winsock:WS2_sendto  -> 10 bytes
0009:trace:winsock:WS2_recv_base socket 0130, wsabuf 0x32f6e4, nbufs 1, flags 0, from 0x32f734, fromlen 16, ovl (nil), func (nil)
0009:trace:winsock:WS2_recv_base fd=42, options=20
0009:trace:winsock:WS2_recv_base  -> 10 bytes
0009:trace:winsock:WS2_sendto socket 0130, wsabuf 0x32f5e4, nbufs 1, flags 0, to 0x6cdb194, tolen 16, ovl (nil), func (nil)
0009:trace:winsock:WS2_sendto fd=42, options=20
0009:trace:winsock:WS2_sendto  -> 10 bytes
0009:trace:winsock:WS2_recv_base socket 0130, wsabuf 0x32f6e4, nbufs 1, flags 0, from 0x32f734, fromlen 16, ovl (nil), func (nil)
0009:trace:winsock:WS2_recv_base fd=42, options=20
0009:trace:winsock:WS2_recv_base  -> 10 bytes
0009:trace:winsock:WS2_recv_base socket 0130, wsabuf 0x32f6e4, nbufs 1, flags 0, from 0x32f734, fromlen 16, ovl (nil), func (nil)
0009:trace:winsock:WS2_recv_base fd=42, options=20
0009:trace:winsock:WS2_recv_base  -> 12 bytes
0009:trace:winsock:WS2_sendto socket 0130, wsabuf 0x32ef34, nbufs 1, flags 0, to 0x6cdb194, tolen 16, ovl (nil), func (nil)
0009:trace:winsock:WS2_sendto fd=42, options=20
0009:trace:winsock:WS2_sendto  -> 12 bytes
0009:trace:winsock:WS2_sendto socket 0130, wsabuf 0x32f5e4, nbufs 1, flags 0, to 0x6cdb194, tolen 16, ovl (nil), func (nil)
0009:trace:winsock:WS2_sendto fd=42, options=20
0009:trace:winsock:WS2_sendto  -> 10 bytes
0009:trace:winsock:WS2_sendto socket 0130, wsabuf 0x32f964, nbufs 1, flags 0, to 0x6cdb194, tolen 16, ovl (nil), func (nil)
0009:trace:winsock:WS2_sendto fd=42, options=20
0009:trace:winsock:WS2_sendto  -> 16 bytes
0009:trace:winsock:WS2_sendto socket 0130, wsabuf 0x32f9c4, nbufs 1, flags 0, to 0x6cdb194, tolen 16, ovl (nil), func (nil)
0009:trace:winsock:WS2_sendto fd=42, options=20
0009:trace:winsock:WS2_sendto  -> 12 bytes
0009:trace:winsock:WS2_recv_base socket 0130, wsabuf 0x32f6e4, nbufs 1, flags 0, from 0x32f734, fromlen 16, ovl (nil), func (nil)
0009:trace:winsock:WS2_recv_base fd=42, options=20
0009:trace:winsock:WS2_recv_base  -> 12 bytes
0009:trace:winsock:WS2_recv_base socket 0130, wsabuf 0x32f6e4, nbufs 1, flags 0, from 0x32f734, fromlen 16, ovl (nil), func (nil)
0009:trace:winsock:WS2_recv_base fd=42, options=20
0009:trace:winsock:WS2_recv_base  -> 10 bytes
0009:trace:winsock:WS2_sendto socket 0130, wsabuf 0x32f5e4, nbufs 1, flags 0, to 0x6cdb194, tolen 16, ovl (nil), func (nil)
0009:trace:winsock:WS2_sendto fd=42, options=20
0009:trace:winsock:WS2_sendto  -> 10 bytes
0009:trace:winsock:WS2_recv_base socket 0130, wsabuf 0x32f6e4, nbufs 1, flags 0, from 0x32f734, fromlen 16, ovl (nil), func (nil)
0009:trace:winsock:WS2_recv_base fd=42, options=20
0009:trace:winsock:WS2_recv_base  -> 16 bytes
0009:trace:winsock:WS2_recv_base socket 0130, wsabuf 0x32f6e4, nbufs 1, flags 0, from 0x32f734, fromlen 16, ovl (nil), func (nil)
0009:trace:winsock:WS2_recv_base fd=42, options=20
0009:trace:winsock:WS2_recv_base  -> 10 bytes
0009:trace:winsock:WS2_sendto socket 0130, wsabuf 0x32f5e4, nbufs 1, flags 0, to 0x6cdb194, tolen 16, ovl (nil), func (nil)
0009:trace:winsock:WS2_sendto fd=42, options=20
0009:trace:winsock:WS2_sendto  -> 10 bytes
0009:trace:winsock:WS2_recv_base socket 0130, wsabuf 0x32f6e4, nbufs 1, flags 0, from 0x32f734, fromlen 16, ovl (nil), func (nil)
0009:trace:winsock:WS2_recv_base fd=42, options=20
0009:trace:winsock:WS2_recv_base  -> 10 bytes
0009:trace:winsock:WS2_sendto socket 0130, wsabuf 0x32f5e4, nbufs 1, flags 0, to 0x6cdb194, tolen 16, ovl (nil), func (nil)
0009:trace:winsock:WS2_sendto fd=42, options=20
0009:trace:winsock:WS2_sendto  -> 10 bytes
0009:trace:winsock:WS2_sendto socket 0130, wsabuf 0x32f964, nbufs 1, flags 0, to 0x6cdb194, tolen 16, ovl (nil), func (nil)
0009:trace:winsock:WS2_sendto fd=42, options=20
0009:trace:winsock:WS2_sendto  -> 16 bytes
0009:trace:winsock:WS2_recv_base socket 0130, wsabuf 0x32f6e4, nbufs 1, flags 0, from 0x32f734, fromlen 16, ovl (nil), func (nil)
0009:trace:winsock:WS2_recv_base fd=42, options=20
0009:trace:winsock:WS2_recv_base  -> 10 bytes
0009:trace:winsock:WS2_sendto socket 0130, wsabuf 0x32f5e4, nbufs 1, flags 0, to 0x6cdb194, tolen 16, ovl (nil), func (nil)
0009:trace:winsock:WS2_sendto fd=42, options=20
0009:trace:winsock:WS2_sendto  -> 10 bytes
0009:trace:winsock:WS2_recv_base socket 0130, wsabuf 0x32f6e4, nbufs 1, flags 0, from 0x32f734, fromlen 16, ovl (nil), func (nil)
0009:trace:winsock:WS2_recv_base fd=42, options=20
0009:trace:winsock:WS2_recv_base  -> 12 bytes
0009:trace:winsock:WS2_sendto socket 0130, wsabuf 0x32ef34, nbufs 1, flags 0, to 0x6cdb194, tolen 16, ovl (nil), func (nil)
0009:trace:winsock:WS2_sendto fd=42, options=20
0009:trace:winsock:WS2_sendto  -> 12 bytes
0009:trace:winsock:WS2_recv_base socket 0130, wsabuf 0x32f6e4, nbufs 1, flags 0, from 0x32f734, fromlen 16, ovl (nil), func (nil)
0009:trace:winsock:WS2_recv_base fd=42, options=20
0009:trace:winsock:WS2_recv_base  -> 16 bytes
0009:trace:winsock:WS2_sendto socket 0130, wsabuf 0x32f9c4, nbufs 1, flags 0, to 0x6cdb194, tolen 16, ovl (nil), func (nil)
0009:trace:winsock:WS2_sendto fd=42, options=20
0009:trace:winsock:WS2_sendto  -> 12 bytes
0009:trace:winsock:WS2_recv_base socket 0130, wsabuf 0x32f6e4, nbufs 1, flags 0, from 0x32f734, fromlen 16, ovl (nil), func (nil)
0009:trace:winsock:WS2_recv_base fd=42, options=20
0009:trace:winsock:WS2_recv_base  -> 12 bytes
0009:trace:winsock:WS2_recv_base socket 0130, wsabuf 0x32f6e4, nbufs 1, flags 0, from 0x32f734, fromlen 16, ovl (nil), func (nil)
0009:trace:winsock:WS2_recv_base fd=42, options=20
0009:trace:winsock:WS2_recv_base  -> 10 bytes
0009:trace:winsock:WS2_sendto socket 0130, wsabuf 0x32f5e4, nbufs 1, flags 0, to 0x6cdb194, tolen 16, ovl (nil), func (nil)
0009:trace:winsock:WS2_sendto fd=42, options=20
0009:trace:winsock:WS2_sendto  -> 10 bytes
0009:trace:winsock:WS2_recv_base socket 0130, wsabuf 0x32f6e4, nbufs 1, flags 0, from 0x32f734, fromlen 16, ovl (nil), func (nil)
0009:trace:winsock:WS2_recv_base fd=42, options=20
0009:trace:winsock:WS2_recv_base  -> 10 bytes
0009:trace:winsock:WS2_sendto socket 0130, wsabuf 0x32f5e4, nbufs 1, flags 0, to 0x6cdb194, tolen 16, ovl (nil), func (nil)
0009:trace:winsock:WS2_sendto fd=42, options=20
0009:trace:winsock:WS2_sendto  -> 10 bytes
0009:trace:winsock:WS2_sendto socket 0130, wsabuf 0x32f964, nbufs 1, flags 0, to 0x6cdb194, tolen 16, ovl (nil), func (nil)
0009:trace:winsock:WS2_sendto fd=42, options=20
0009:trace:winsock:WS2_sendto  -> 16 bytes
0009:trace:winsock:WS2_recv_base socket 0130, wsabuf 0x32f6e4, nbufs 1, flags 0, from 0x32f734, fromlen 16, ovl (nil), func (nil)
0009:trace:winsock:WS2_recv_base fd=42, options=20
0009:trace:winsock:WS2_recv_base  -> 10 bytes
0009:trace:winsock:WS2_sendto socket 0130, wsabuf 0x32f5e4, nbufs 1, flags 0, to 0x6cdb194, tolen 16, ovl (nil), func (nil)
0009:trace:winsock:WS2_sendto fd=42, options=20
0009:trace:winsock:WS2_sendto  -> 10 bytes
0009:trace:winsock:WS2_recv_base socket 0130, wsabuf 0x32f6e4, nbufs 1, flags 0, from 0x32f734, fromlen 16, ovl (nil), func (nil)
0009:trace:winsock:WS2_recv_base fd=42, options=20
0009:trace:winsock:WS2_recv_base  -> 16 bytes
0009:trace:winsock:WS2_recv_base socket 0130, wsabuf 0x32f6e4, nbufs 1, flags 0, from 0x32f734, fromlen 16, ovl (nil), func (nil)
0009:trace:winsock:WS2_recv_base fd=42, options=20
0009:trace:winsock:WS2_recv_base  -> 10 bytes
0009:trace:winsock:WS2_sendto socket 0130, wsabuf 0x32f5e4, nbufs 1, flags 0, to 0x6cdb194, tolen 16, ovl (nil), func (nil)
0009:trace:winsock:WS2_sendto fd=42, options=20
0009:trace:winsock:WS2_sendto  -> 10 bytes
0009:trace:winsock:WS2_recv_base socket 0130, wsabuf 0x32f6e4, nbufs 1, flags 0, from 0x32f734, fromlen 16, ovl (nil), func (nil)
0009:trace:winsock:WS2_recv_base fd=42, options=20
0009:trace:winsock:WS2_recv_base  -> 12 bytes
0009:trace:winsock:WS2_sendto socket 0130, wsabuf 0x32ef34, nbufs 1, flags 0, to 0x6cdb194, tolen 16, ovl (nil), func (nil)
0009:trace:winsock:WS2_sendto fd=42, options=20
0009:trace:winsock:WS2_sendto  -> 12 bytes
0009:trace:winsock:WS2_sendto socket 0130, wsabuf 0x32f9c4, nbufs 1, flags 0, to 0x6cdb194, tolen 16, ovl (nil), func (nil)
0009:trace:winsock:WS2_sendto fd=42, options=20
0009:trace:winsock:WS2_sendto  -> 12 bytes
0009:trace:winsock:WS2_recv_base socket 0130, wsabuf 0x32f6e4, nbufs 1, flags 0, from 0x32f734, fromlen 16, ovl (nil), func (nil)
0009:trace:winsock:WS2_recv_base fd=42, options=20
0009:trace:winsock:WS2_recv_base  -> 12 bytes
0009:trace:winsock:WS2_recv_base socket 0130, wsabuf 0x32f6e4, nbufs 1, flags 0, from 0x32f734, fromlen 16, ovl (nil), func (nil)
0009:trace:winsock:WS2_recv_base fd=42, options=20
0009:trace:winsock:WS2_recv_base  -> 10 bytes
0009:trace:winsock:WS2_sendto socket 0130, wsabuf 0x32f5e4, nbufs 1, flags 0, to 0x6cdb194, tolen 16, ovl (nil), func (nil)
0009:trace:winsock:WS2_sendto fd=42, options=20
0009:trace:winsock:WS2_sendto  -> 10 bytes
0009:trace:winsock:WS2_sendto socket 0130, wsabuf 0x32f964, nbufs 1, flags 0, to 0x6cdb194, tolen 16, ovl (nil), func (nil)
0009:trace:winsock:WS2_sendto fd=42, options=20
0009:trace:winsock:WS2_sendto  -> 16 bytes
0009:trace:winsock:WS2_recv_base socket 0130, wsabuf 0x32f6e4, nbufs 1, flags 0, from 0x32f734, fromlen 16, ovl (nil), func (nil)
0009:trace:winsock:WS2_recv_base fd=42, options=20
0009:trace:winsock:WS2_recv_base  -> 10 bytes
0009:trace:winsock:WS2_sendto socket 0130, wsabuf 0x32f5e4, nbufs 1, flags 0, to 0x6cdb194, tolen 16, ovl (nil), func (nil)
0009:trace:winsock:WS2_sendto fd=42, options=20
0009:trace:winsock:WS2_sendto  -> 10 bytes
0009:trace:winsock:WS2_recv_base socket 0130, wsabuf 0x32f6e4, nbufs 1, flags 0, from 0x32f734, fromlen 16, ovl (nil), func (nil)
0009:trace:winsock:WS2_recv_base fd=42, options=20
0009:trace:winsock:WS2_recv_base  -> 16 bytes
0009:trace:winsock:WS2_recv_base socket 0130, wsabuf 0x32f6e4, nbufs 1, flags 0, from 0x32f734, fromlen 16, ovl (nil), func (nil)
0009:trace:winsock:WS2_recv_base fd=42, options=20
0009:trace:winsock:WS2_recv_base  -> 10 bytes
0009:trace:winsock:WS2_sendto socket 0130, wsabuf 0x32f5e4, nbufs 1, flags 0, to 0x6cdb194, tolen 16, ovl (nil), func (nil)
0009:trace:winsock:WS2_sendto fd=42, options=20
0009:trace:winsock:WS2_sendto  -> 10 bytes
0009:trace:winsock:WS2_recv_base socket 0130, wsabuf 0x32f6e4, nbufs 1, flags 0, from 0x32f734, fromlen 16, ovl (nil), func (nil)
0009:trace:winsock:WS2_recv_base fd=42, options=20
0009:trace:winsock:WS2_recv_base  -> 10 bytes
0009:trace:winsock:WS2_sendto socket 0130, wsabuf 0x32f5e4, nbufs 1, flags 0, to 0x6cdb194, tolen 16, ovl (nil), func (nil)
0009:trace:winsock:WS2_sendto fd=42, options=20
0009:trace:winsock:WS2_sendto  -> 10 bytes
0009:trace:winsock:WS2_recv_base socket 0130, wsabuf 0x32f6e4, nbufs 1, flags 0, from 0x32f734, fromlen 16, ovl (nil), func (nil)
0009:trace:winsock:WS2_recv_base fd=42, options=20
0009:trace:winsock:WS2_recv_base  -> 12 bytes
0009:trace:winsock:WS2_sendto socket 0130, wsabuf 0x32ef34, nbufs 1, flags 0, to 0x6cdb194, tolen 16, ovl (nil), func (nil)
0009:trace:winsock:WS2_sendto fd=42, options=20
0009:trace:winsock:WS2_sendto  -> 12 bytes
0009:trace:winsock:WS2_sendto socket 0130, wsabuf 0x32f9c4, nbufs 1, flags 0, to 0x6cdb194, tolen 16, ovl (nil), func (nil)
0009:trace:winsock:WS2_sendto fd=42, options=20
0009:trace:winsock:WS2_sendto  -> 12 bytes
0009:trace:winsock:WS2_recv_base socket 0130, wsabuf 0x32f6e4, nbufs 1, flags 0, from 0x32f734, fromlen 16, ovl (nil), func (nil)
0009:trace:winsock:WS2_recv_base fd=42, options=20
0009:trace:winsock:WS2_recv_base  -> 12 bytes
0009:trace:winsock:WS2_recv_base socket 0130, wsabuf 0x32f6e4, nbufs 1, flags 0, from 0x32f734, fromlen 16, ovl (nil), func (nil)
0009:trace:winsock:WS2_recv_base fd=42, options=20
0009:trace:winsock:WS2_recv_base  -> 10 bytes
0009:trace:winsock:WS2_sendto socket 0130, wsabuf 0x32f964, nbufs 1, flags 0, to 0x6cdb194, tolen 16, ovl (nil), func (nil)
0009:trace:winsock:WS2_sendto fd=42, options=20
0009:trace:winsock:WS2_sendto  -> 16 bytes
0009:trace:winsock:WS2_sendto socket 0130, wsabuf 0x32f5e4, nbufs 1, flags 0, to 0x6cdb194, tolen 16, ovl (nil), func (nil)
0009:trace:winsock:WS2_sendto fd=42, options=20
0009:trace:winsock:WS2_sendto  -> 10 bytes
0009:trace:winsock:WS2_recv_base socket 0130, wsabuf 0x32f6e4, nbufs 1, flags 0, from 0x32f734, fromlen 16, ovl (nil), func (nil)
0009:trace:winsock:WS2_recv_base fd=42, options=20
0009:trace:winsock:WS2_recv_base  -> 10 bytes
0009:trace:winsock:WS2_recv_base socket 0130, wsabuf 0x32f6e4, nbufs 1, flags 0, from 0x32f734, fromlen 16, ovl (nil), func (nil)
0009:trace:winsock:WS2_recv_base fd=42, options=20
0009:trace:winsock:WS2_recv_base  -> 16 bytes
0009:trace:winsock:WS2_sendto socket 0130, wsabuf 0x32f5e4, nbufs 1, flags 0, to 0x6cdb194, tolen 16, ovl (nil), func (nil)
0009:trace:winsock:WS2_sendto fd=42, options=20
0009:trace:winsock:WS2_sendto  -> 10 bytes
0009:trace:winsock:WS2_recv_base socket 0130, wsabuf 0x32f6e4, nbufs 1, flags 0, from 0x32f734, fromlen 16, ovl (nil), func (nil)
0009:trace:winsock:WS2_recv_base fd=42, options=20
0009:trace:winsock:WS2_recv_base  -> 10 bytes
0009:trace:winsock:WS2_sendto socket 0130, wsabuf 0x32f5e4, nbufs 1, flags 0, to 0x6cdb194, tolen 16, ovl (nil), func (nil)
0009:trace:winsock:WS2_sendto fd=42, options=20
0009:trace:winsock:WS2_sendto  -> 10 bytes
0009:trace:winsock:WS2_recv_base socket 0130, wsabuf 0x32f6e4, nbufs 1, flags 0, from 0x32f734, fromlen 16, ovl (nil), func (nil)
0009:trace:winsock:WS2_recv_base fd=42, options=20
0009:trace:winsock:WS2_recv_base  -> 10 bytes
0009:trace:winsock:WS2_sendto socket 0130, wsabuf 0x32f964, nbufs 1, flags 0, to 0x6cdb194, tolen 16, ovl (nil), func (nil)
0009:trace:winsock:WS2_sendto fd=42, options=20
0009:trace:winsock:WS2_sendto  -> 16 bytes
0009:trace:winsock:WS2_sendto socket 0130, wsabuf 0x32f5e4, nbufs 1, flags 0, to 0x6cdb194, tolen 16, ovl (nil), func (nil)
0009:trace:winsock:WS2_sendto fd=42, options=20
0009:trace:winsock:WS2_sendto  -> 10 bytes
0009:trace:winsock:WS2_recv_base socket 0130, wsabuf 0x32f6e4, nbufs 1, flags 0, from 0x32f734, fromlen 16, ovl (nil), func (nil)
0009:trace:winsock:WS2_recv_base fd=42, options=20
0009:trace:winsock:WS2_recv_base  -> 12 bytes
0009:trace:winsock:WS2_sendto socket 0130, wsabuf 0x32ef34, nbufs 1, flags 0, to 0x6cdb194, tolen 16, ovl (nil), func (nil)
0009:trace:winsock:WS2_sendto fd=42, options=20
0009:trace:winsock:WS2_sendto  -> 12 bytes
0009:trace:winsock:WS2_sendto socket 0130, wsabuf 0x32f9c4, nbufs 1, flags 0, to 0x6cdb194, tolen 16, ovl (nil), func (nil)
0009:trace:winsock:WS2_sendto fd=42, options=20
0009:trace:winsock:WS2_sendto  -> 12 bytes
0009:trace:winsock:WS2_recv_base socket 0130, wsabuf 0x32f6e4, nbufs 1, flags 0, from 0x32f734, fromlen 16, ovl (nil), func (nil)
0009:trace:winsock:WS2_recv_base fd=42, options=20
0009:trace:winsock:WS2_recv_base  -> 12 bytes
0009:trace:winsock:WS2_recv_base socket 0130, wsabuf 0x32f6e4, nbufs 1, flags 0, from 0x32f734, fromlen 16, ovl (nil), func (nil)
0009:trace:winsock:WS2_recv_base fd=42, options=20
0009:trace:winsock:WS2_recv_base  -> 10 bytes
0009:trace:winsock:WS2_recv_base socket 0130, wsabuf 0x32f6e4, nbufs 1, flags 0, from 0x32f734, fromlen 16, ovl (nil), func (nil)
0009:trace:winsock:WS2_recv_base fd=42, options=20
0009:trace:winsock:WS2_recv_base  -> 16 bytes
0009:trace:winsock:WS2_sendto socket 0130, wsabuf 0x32f5e4, nbufs 1, flags 0, to 0x6cdb194, tolen 16, ovl (nil), func (nil)
0009:trace:winsock:WS2_sendto fd=42, options=20
0009:trace:winsock:WS2_sendto  -> 10 bytes
0009:trace:winsock:WS2_recv_base socket 0130, wsabuf 0x32f6e4, nbufs 1, flags 0, from 0x32f734, fromlen 16, ovl (nil), func (nil)
0009:trace:winsock:WS2_recv_base fd=42, options=20
0009:trace:winsock:WS2_recv_base  -> 10 bytes
0009:trace:winsock:WS2_sendto socket 0130, wsabuf 0x32f5e4, nbufs 1, flags 0, to 0x6cdb194, tolen 16, ovl (nil), func (nil)
0009:trace:winsock:WS2_sendto fd=42, options=20
0009:trace:winsock:WS2_sendto  -> 10 bytes
0009:trace:winsock:WS2_recv_base socket 0130, wsabuf 0x32f6e4, nbufs 1, flags 0, from 0x32f734, fromlen 16, ovl (nil), func (nil)
0009:trace:winsock:WS2_recv_base fd=42, options=20
0009:trace:winsock:WS2_recv_base  -> 10 bytes
0009:trace:winsock:WS2_sendto socket 0130, wsabuf 0x32f964, nbufs 1, flags 0, to 0x6cdb194, tolen 16, ovl (nil), func (nil)
0009:trace:winsock:WS2_sendto fd=42, options=20
0009:trace:winsock:WS2_sendto  -> 16 bytes
0009:trace:winsock:WS2_sendto socket 0130, wsabuf 0x32f5e4, nbufs 1, flags 0, to 0x6cdb194, tolen 16, ovl (nil), func (nil)
0009:trace:winsock:WS2_sendto fd=42, options=20
0009:trace:winsock:WS2_sendto  -> 10 bytes
0009:trace:winsock:WS2_recv_base socket 0130, wsabuf 0x32f6e4, nbufs 1, flags 0, from 0x32f734, fromlen 16, ovl (nil), func (nil)
0009:trace:winsock:WS2_recv_base fd=42, options=20
0009:trace:winsock:WS2_recv_base  -> 10 bytes
0009:trace:winsock:WS2_recv_base socket 0130, wsabuf 0x32f6e4, nbufs 1, flags 0, from 0x32f734, fromlen 16, ovl (nil), func (nil)
0009:trace:winsock:WS2_recv_base fd=42, options=20
0009:trace:winsock:WS2_recv_base  -> 16 bytes
0009:trace:winsock:WS2_sendto socket 0130, wsabuf 0x32f5e4, nbufs 1, flags 0, to 0x6cdb194, tolen 16, ovl (nil), func (nil)
0009:trace:winsock:WS2_sendto fd=42, options=20
0009:trace:winsock:WS2_sendto  -> 10 bytes
0009:trace:winsock:WS2_recv_base socket 0130, wsabuf 0x32f6e4, nbufs 1, flags 0, from 0x32f734, fromlen 16, ovl (nil), func (nil)
0009:trace:winsock:WS2_recv_base fd=42, options=20
0009:trace:winsock:WS2_recv_base  -> 12 bytes
0009:trace:winsock:WS2_sendto socket 0130, wsabuf 0x32ef34, nbufs 1, flags 0, to 0x6cdb194, tolen 16, ovl (nil), func (nil)
0009:trace:winsock:WS2_sendto fd=42, options=20
0009:trace:winsock:WS2_sendto  -> 12 bytes
0009:trace:winsock:WS2_sendto socket 0130, wsabuf 0x32f9c4, nbufs 1, flags 0, to 0x6cdb194, tolen 16, ovl (nil), func (nil)
0009:trace:winsock:WS2_sendto fd=42, options=20
0009:trace:winsock:WS2_sendto  -> 12 bytes
0009:trace:winsock:WS2_recv_base socket 0130, wsabuf 0x32f6e4, nbufs 1, flags 0, from 0x32f734, fromlen 16, ovl (nil), func (nil)
0009:trace:winsock:WS2_recv_base fd=42, options=20
0009:trace:winsock:WS2_recv_base  -> 12 bytes
0009:trace:winsock:WS2_recv_base socket 0130, wsabuf 0x32f6e4, nbufs 1, flags 0, from 0x32f734, fromlen 16, ovl (nil), func (nil)
0009:trace:winsock:WS2_recv_base fd=42, options=20
0009:trace:winsock:WS2_recv_base  -> 10 bytes
0009:trace:winsock:WS2_sendto socket 0130, wsabuf 0x32f5e4, nbufs 1, flags 0, to 0x6cdb194, tolen 16, ovl (nil), func (nil)
0009:trace:winsock:WS2_sendto fd=42, options=20
0009:trace:winsock:WS2_sendto  -> 10 bytes
0009:trace:winsock:WS2_recv_base socket 0130, wsabuf 0x32f6e4, nbufs 1, flags 0, from 0x32f734, fromlen 16, ovl (nil), func (nil)
0009:trace:winsock:WS2_recv_base fd=42, options=20
0009:trace:winsock:WS2_recv_base  -> 10 bytes
0009:trace:winsock:WS2_sendto socket 0130, wsabuf 0x32f964, nbufs 1, flags 0, to 0x6cdb194, tolen 16, ovl (nil), func (nil)
0009:trace:winsock:WS2_sendto fd=42, options=20
0009:trace:winsock:WS2_sendto  -> 16 bytes
0009:trace:winsock:WS2_sendto socket 0130, wsabuf 0x32f5e4, nbufs 1, flags 0, to 0x6cdb194, tolen 16, ovl (nil), func (nil)
0009:trace:winsock:WS2_sendto fd=42, options=20
0009:trace:winsock:WS2_sendto  -> 10 bytes
0009:trace:winsock:WS2_recv_base socket 0130, wsabuf 0x32f6e4, nbufs 1, flags 0, from 0x32f734, fromlen 16, ovl (nil), func (nil)
0009:trace:winsock:WS2_recv_base fd=42, options=20
0009:trace:winsock:WS2_recv_base  -> 10 bytes
0009:trace:winsock:WS2_recv_base socket 0130, wsabuf 0x32f6e4, nbufs 1, flags 0, from 0x32f734, fromlen 16, ovl (nil), func (nil)
0009:trace:winsock:WS2_recv_base fd=42, options=20
0009:trace:winsock:WS2_recv_base  -> 16 bytes
0009:trace:winsock:WS2_sendto socket 0130, wsabuf 0x32f5e4, nbufs 1, flags 0, to 0x6cdb194, tolen 16, ovl (nil), func (nil)
0009:trace:winsock:WS2_sendto fd=42, options=20
0009:trace:winsock:WS2_sendto  -> 10 bytes
0009:trace:winsock:WS2_recv_base socket 0130, wsabuf 0x32f6e4, nbufs 1, flags 0, from 0x32f734, fromlen 16, ovl (nil), func (nil)
0009:trace:winsock:WS2_recv_base fd=42, options=20
0009:trace:winsock:WS2_recv_base  -> 10 bytes
0009:trace:winsock:WS2_sendto socket 0130, wsabuf 0x32f5e4, nbufs 1, flags 0, to 0x6cdb194, tolen 16, ovl (nil), func (nil)
0009:trace:winsock:WS2_sendto fd=42, options=20
0009:trace:winsock:WS2_sendto  -> 10 bytes
0009:trace:winsock:WS2_recv_base socket 0130, wsabuf 0x32f6e4, nbufs 1, flags 0, from 0x32f734, fromlen 16, ovl (nil), func (nil)
0009:trace:winsock:WS2_recv_base fd=42, options=20
0009:trace:winsock:WS2_recv_base  -> 12 bytes
0009:trace:winsock:WS2_sendto socket 0130, wsabuf 0x32ef34, nbufs 1, flags 0, to 0x6cdb194, tolen 16, ovl (nil), func (nil)
0009:trace:winsock:WS2_sendto fd=42, options=20
0009:trace:winsock:WS2_sendto  -> 12 bytes
0009:trace:winsock:WS2_recv_base socket 0130, wsabuf 0x32f6e4, nbufs 1, flags 0, from 0x32f734, fromlen 16, ovl (nil), func (nil)
0009:trace:winsock:WS2_recv_base fd=42, options=20
0009:trace:winsock:WS2_recv_base  -> 10 bytes
0009:trace:winsock:WS2_sendto socket 0130, wsabuf 0x32f9c4, nbufs 1, flags 0, to 0x6cdb194, tolen 16, ovl (nil), func (nil)
0009:trace:winsock:WS2_sendto fd=42, options=20
0009:trace:winsock:WS2_sendto  -> 12 bytes
0009:trace:winsock:WS2_recv_base socket 0130, wsabuf 0x32f6e4, nbufs 1, flags 0, from 0x32f734, fromlen 16, ovl (nil), func (nil)
0009:trace:winsock:WS2_recv_base fd=42, options=20
0009:trace:winsock:WS2_recv_base  -> 12 bytes
0009:trace:winsock:WS2_sendto socket 0130, wsabuf 0x32f5e4, nbufs 1, flags 0, to 0x6cdb194, tolen 16, ovl (nil), func (nil)
0009:trace:winsock:WS2_sendto fd=42, options=20
0009:trace:winsock:WS2_sendto  -> 10 bytes
0009:trace:winsock:WS2_sendto socket 0130, wsabuf 0x32f964, nbufs 1, flags 0, to 0x6cdb194, tolen 16, ovl (nil), func (nil)
0009:trace:winsock:WS2_sendto fd=42, options=20
0009:trace:winsock:WS2_sendto  -> 16 bytes
0009:trace:winsock:WS2_recv_base socket 0130, wsabuf 0x32f6e4, nbufs 1, flags 0, from 0x32f734, fromlen 16, ovl (nil), func (nil)
0009:trace:winsock:WS2_recv_base fd=42, options=20
0009:trace:winsock:WS2_recv_base  -> 10 bytes
0009:trace:winsock:WS2_recv_base socket 0130, wsabuf 0x32f6e4, nbufs 1, flags 0, from 0x32f734, fromlen 16, ovl (nil), func (nil)
0009:trace:winsock:WS2_recv_base fd=42, options=20
0009:trace:winsock:WS2_recv_base  -> 16 bytes
0009:trace:winsock:WS2_sendto socket 0130, wsabuf 0x32f5e4, nbufs 1, flags 0, to 0x6cdb194, tolen 16, ovl (nil), func (nil)
0009:trace:winsock:WS2_sendto fd=42, options=20
0009:trace:winsock:WS2_sendto  -> 10 bytes
0009:trace:winsock:WS2_recv_base socket 0130, wsabuf 0x32f6e4, nbufs 1, flags 0, from 0x32f734, fromlen 16, ovl (nil), func (nil)
0009:trace:winsock:WS2_recv_base fd=42, options=20
0009:trace:winsock:WS2_recv_base  -> 10 bytes
0009:trace:winsock:WS2_sendto socket 0130, wsabuf 0x32f5e4, nbufs 1, flags 0, to 0x6cdb194, tolen 16, ovl (nil), func (nil)
0009:trace:winsock:WS2_sendto fd=42, options=20
0009:trace:winsock:WS2_sendto  -> 10 bytes
0009:trace:winsock:WS2_recv_base socket 0130, wsabuf 0x32f6e4, nbufs 1, flags 0, from 0x32f734, fromlen 16, ovl (nil), func (nil)
0009:trace:winsock:WS2_recv_base fd=42, options=20
0009:trace:winsock:WS2_recv_base  -> 10 bytes
0009:trace:winsock:WS2_sendto socket 0130, wsabuf 0x32f5e4, nbufs 1, flags 0, to 0x6cdb194, tolen 16, ovl (nil), func (nil)
0009:trace:winsock:WS2_sendto fd=42, options=20
0009:trace:winsock:WS2_sendto  -> 10 bytes
0009:trace:winsock:WS2_recv_base socket 0130, wsabuf 0x32f6e4, nbufs 1, flags 0, from 0x32f734, fromlen 16, ovl (nil), func (nil)
0009:trace:winsock:WS2_recv_base fd=42, options=20
0009:trace:winsock:WS2_recv_base  -> 12 bytes
0009:trace:winsock:WS2_sendto socket 0130, wsabuf 0x32ef34, nbufs 1, flags 0, to 0x6cdb194, tolen 16, ovl (nil), func (nil)
0009:trace:winsock:WS2_sendto fd=42, options=20
0009:trace:winsock:WS2_sendto  -> 12 bytes
0009:trace:winsock:WS2_sendto socket 0130, wsabuf 0x32f964, nbufs 1, flags 0, to 0x6cdb194, tolen 16, ovl (nil), func (nil)
0009:trace:winsock:WS2_sendto fd=42, options=20
0009:trace:winsock:WS2_sendto  -> 16 bytes
0009:trace:winsock:WS2_recv_base socket 0130, wsabuf 0x32f6e4, nbufs 1, flags 0, from 0x32f734, fromlen 16, ovl (nil), func (nil)
0009:trace:winsock:WS2_recv_base fd=42, options=20
0009:trace:winsock:WS2_recv_base  -> 10 bytes
0009:trace:winsock:WS2_sendto socket 0130, wsabuf 0x32f9c4, nbufs 1, flags 0, to 0x6cdb194, tolen 16, ovl (nil), func (nil)
0009:trace:winsock:WS2_sendto fd=42, options=20
0009:trace:winsock:WS2_sendto  -> 12 bytes
0009:trace:winsock:WS2_recv_base socket 0130, wsabuf 0x32f6e4, nbufs 1, flags 0, from 0x32f734, fromlen 16, ovl (nil), func (nil)
0009:trace:winsock:WS2_recv_base fd=42, options=20
0009:trace:winsock:WS2_recv_base  -> 12 bytes
0009:trace:winsock:WS2_sendto socket 0130, wsabuf 0x32f5e4, nbufs 1, flags 0, to 0x6cdb194, tolen 16, ovl (nil), func (nil)
0009:trace:winsock:WS2_sendto fd=42, options=20
0009:trace:winsock:WS2_sendto  -> 10 bytes
0009:trace:winsock:WS2_recv_base socket 0130, wsabuf 0x32f6e4, nbufs 1, flags 0, from 0x32f734, fromlen 16, ovl (nil), func (nil)
0009:trace:winsock:WS2_recv_base fd=42, options=20
0009:trace:winsock:WS2_recv_base  -> 16 bytes
0009:trace:winsock:WS2_recv_base socket 0130, wsabuf 0x32f6e4, nbufs 1, flags 0, from 0x32f734, fromlen 16, ovl (nil), func (nil)
0009:trace:winsock:WS2_recv_base fd=42, options=20
0009:trace:winsock:WS2_recv_base  -> 10 bytes
0009:trace:winsock:WS2_sendto socket 0130, wsabuf 0x32f5e4, nbufs 1, flags 0, to 0x6cdb194, tolen 16, ovl (nil), func (nil)
0009:trace:winsock:WS2_sendto fd=42, options=20
0009:trace:winsock:WS2_sendto  -> 10 bytes
0009:trace:winsock:WS2_recv_base socket 0130, wsabuf 0x32f6e4, nbufs 1, flags 0, from 0x32f734, fromlen 16, ovl (nil), func (nil)
0009:trace:winsock:WS2_recv_base fd=42, options=20
0009:trace:winsock:WS2_recv_base  -> 10 bytes
0009:trace:winsock:WS2_sendto socket 0130, wsabuf 0x32f5e4, nbufs 1, flags 0, to 0x6cdb194, tolen 16, ovl (nil), func (nil)
0009:trace:winsock:WS2_sendto fd=42, options=20
0009:trace:winsock:WS2_sendto  -> 10 bytes
0009:trace:winsock:WS2_sendto socket 0130, wsabuf 0x32f964, nbufs 1, flags 0, to 0x6cdb194, tolen 16, ovl (nil), func (nil)
0009:trace:winsock:WS2_sendto fd=42, options=20
0009:trace:winsock:WS2_sendto  -> 16 bytes
0009:trace:winsock:WS2_recv_base socket 0130, wsabuf 0x32f6e4, nbufs 1, flags 0, from 0x32f734, fromlen 16, ovl (nil), func (nil)
0009:trace:winsock:WS2_recv_base fd=42, options=20
0009:trace:winsock:WS2_recv_base  -> 10 bytes
0009:trace:winsock:WS2_sendto socket 0130, wsabuf 0x32f5e4, nbufs 1, flags 0, to 0x6cdb194, tolen 16, ovl (nil), func (nil)
0009:trace:winsock:WS2_sendto fd=42, options=20
0009:trace:winsock:WS2_sendto  -> 10 bytes
0009:trace:winsock:WS2_recv_base socket 0130, wsabuf 0x32f6e4, nbufs 1, flags 0, from 0x32f734, fromlen 16, ovl (nil), func (nil)
0009:trace:winsock:WS2_recv_base fd=42, options=20
0009:trace:winsock:WS2_recv_base  -> 16 bytes
0009:trace:winsock:WS2_recv_base socket 0130, wsabuf 0x32f6e4, nbufs 1, flags 0, from 0x32f734, fromlen 16, ovl (nil), func (nil)
0009:trace:winsock:WS2_recv_base fd=42, options=20
0009:trace:winsock:WS2_recv_base  -> 12 bytes
0009:trace:winsock:WS2_sendto socket 0130, wsabuf 0x32ef34, nbufs 1, flags 0, to 0x6cdb194, tolen 16, ovl (nil), func (nil)
0009:trace:winsock:WS2_sendto fd=42, options=20
0009:trace:winsock:WS2_sendto  -> 12 bytes
0009:trace:winsock:WS2_recv_base socket 0130, wsabuf 0x32f6e4, nbufs 1, flags 0, from 0x32f734, fromlen 16, ovl (nil), func (nil)
0009:trace:winsock:WS2_recv_base fd=42, options=20
0009:trace:winsock:WS2_recv_base  -> 10 bytes
0009:trace:winsock:WS2_sendto socket 0130, wsabuf 0x32f9c4, nbufs 1, flags 0, to 0x6cdb194, tolen 16, ovl (nil), func (nil)
0009:trace:winsock:WS2_sendto fd=42, options=20
0009:trace:winsock:WS2_sendto  -> 12 bytes
0009:trace:winsock:WS2_recv_base socket 0130, wsabuf 0x32f6e4, nbufs 1, flags 0, from 0x32f734, fromlen 16, ovl (nil), func (nil)
0009:trace:winsock:WS2_recv_base fd=42, options=20
0009:trace:winsock:WS2_recv_base  -> 12 bytes
0009:trace:winsock:WS2_sendto socket 0130, wsabuf 0x32f5e4, nbufs 1, flags 0, to 0x6cdb194, tolen 16, ovl (nil), func (nil)
0009:trace:winsock:WS2_sendto fd=42, options=20
0009:trace:winsock:WS2_sendto  -> 10 bytes
0009:trace:winsock:WS2_recv_base socket 0130, wsabuf 0x32f6e4, nbufs 1, flags 0, from 0x32f734, fromlen 16, ovl (nil), func (nil)
0009:trace:winsock:WS2_recv_base fd=42, options=20
0009:trace:winsock:WS2_recv_base  -> 10 bytes
0009:fixme:msctf:LangBarMgr_GetShowFloatingStatus STUB:(01DDBD90)
0009:fixme:msctf:LangBarMgr_ShowFloating STUB:(01DDBD90)
0009:trace:winsock:WS2_sendto socket 0130, wsabuf 0x32f5e4, nbufs 1, flags 0, to 0x6cdb194, tolen 16, ovl (nil), func (nil)
0009:trace:winsock:WS2_sendto fd=39, options=20
0009:trace:winsock:WS2_sendto  -> 10 bytes
0009:trace:winsock:WS2_sendto socket 0130, wsabuf 0x32f964, nbufs 1, flags 0, to 0x6cdb194, tolen 16, ovl (nil), func (nil)
0009:trace:winsock:WS2_sendto fd=39, options=20
0009:trace:winsock:WS2_sendto  -> 16 bytes
0009:trace:winsock:WS2_recv_base socket 0130, wsabuf 0x32f6e4, nbufs 1, flags 0, from 0x32f734, fromlen 16, ovl (nil), func (nil)
0009:trace:winsock:WS2_recv_base fd=39, options=20
0009:trace:winsock:WS2_recv_base  -> 10 bytes
0009:trace:winsock:WS2_sendto socket 0130, wsabuf 0x32f5e4, nbufs 1, flags 0, to 0x6cdb194, tolen 16, ovl (nil), func (nil)
0009:trace:winsock:WS2_sendto fd=39, options=20
0009:trace:winsock:WS2_sendto  -> 10 bytes
0009:trace:winsock:WS2_recv_base socket 0130, wsabuf 0x32f6e4, nbufs 1, flags 0, from 0x32f734, fromlen 16, ovl (nil), func (nil)
0009:trace:winsock:WS2_recv_base fd=39, options=20
0009:trace:winsock:WS2_recv_base  -> 16 bytes
0009:trace:winsock:WS2_recv_base socket 0130, wsabuf 0x32f6e4, nbufs 1, flags 0, from 0x32f734, fromlen 16, ovl (nil), func (nil)
0009:trace:winsock:WS2_recv_base fd=39, options=20
0009:trace:winsock:WS2_recv_base  -> 10 bytes
0009:trace:winsock:WS2_sendto socket 0130, wsabuf 0x32f5e4, nbufs 1, flags 0, to 0x6cdb194, tolen 16, ovl (nil), func (nil)
0009:trace:winsock:WS2_sendto fd=39, options=20
0009:trace:winsock:WS2_sendto  -> 10 bytes
0009:trace:winsock:WS2_recv_base socket 0130, wsabuf 0x32f6e4, nbufs 1, flags 0, from 0x32f734, fromlen 16, ovl (nil), func (nil)
0009:trace:winsock:WS2_recv_base fd=39, options=20
0009:trace:winsock:WS2_recv_base  -> 12 bytes
0009:trace:winsock:WS2_sendto socket 0130, wsabuf 0x32ef34, nbufs 1, flags 0, to 0x6cdb194, tolen 16, ovl (nil), func (nil)
0009:trace:winsock:WS2_sendto fd=39, options=20
0009:trace:winsock:WS2_sendto  -> 12 bytes
0009:trace:winsock:WS2_recv_base socket 0130, wsabuf 0x32f6e4, nbufs 1, flags 0, from 0x32f734, fromlen 16, ovl (nil), func (nil)
0009:trace:winsock:WS2_recv_base fd=39, options=20
0009:trace:winsock:WS2_recv_base  -> 10 bytes
0009:trace:winsock:WS2_sendto socket 0130, wsabuf 0x32f9c4, nbufs 1, flags 0, to 0x6cdb194, tolen 16, ovl (nil), func (nil)
0009:trace:winsock:WS2_sendto fd=39, options=20
0009:trace:winsock:WS2_sendto  -> 12 bytes
0009:trace:winsock:WS2_recv_base socket 0130, wsabuf 0x32f6e4, nbufs 1, flags 0, from 0x32f734, fromlen 16, ovl (nil), func (nil)
0009:trace:winsock:WS2_recv_base fd=39, options=20
0009:trace:winsock:WS2_recv_base  -> 12 bytes
0009:trace:winsock:WS2_sendto socket 0130, wsabuf 0x32f5e4, nbufs 1, flags 0, to 0x6cdb194, tolen 16, ovl (nil), func (nil)
0009:trace:winsock:WS2_sendto fd=39, options=20
0009:trace:winsock:WS2_sendto  -> 10 bytes
0009:trace:winsock:WS2_sendto socket 0130, wsabuf 0x32f964, nbufs 1, flags 0, to 0x6cdb194, tolen 16, ovl (nil), func (nil)
0009:trace:winsock:WS2_sendto fd=39, options=20
0009:trace:winsock:WS2_sendto  -> 16 bytes
0009:trace:winsock:WS2_recv_base socket 0130, wsabuf 0x32f6e4, nbufs 1, flags 0, from 0x32f734, fromlen 16, ovl (nil), func (nil)
0009:trace:winsock:WS2_recv_base fd=39, options=20
0009:trace:winsock:WS2_recv_base  -> 10 bytes
0009:trace:winsock:WS2_sendto socket 0130, wsabuf 0x32f5e4, nbufs 1, flags 0, to 0x6cdb194, tolen 16, ovl (nil), func (nil)
0009:trace:winsock:WS2_sendto fd=39, options=20
0009:trace:winsock:WS2_sendto  -> 10 bytes
0009:trace:winsock:WS2_recv_base socket 0130, wsabuf 0x32f6e4, nbufs 1, flags 0, from 0x32f734, fromlen 16, ovl (nil), func (nil)
0009:trace:winsock:WS2_recv_base fd=39, options=20
0009:trace:winsock:WS2_recv_base  -> 16 bytes
0009:trace:winsock:WS2_recv_base socket 0130, wsabuf 0x32f6e4, nbufs 1, flags 0, from 0x32f734, fromlen 16, ovl (nil), func (nil)
0009:trace:winsock:WS2_recv_base fd=39, options=20
0009:trace:winsock:WS2_recv_base  -> 10 bytes
0009:trace:winsock:WS2_sendto socket 0130, wsabuf 0x32f5e4, nbufs 1, flags 0, to 0x6cdb194, tolen 16, ovl (nil), func (nil)
0009:trace:winsock:WS2_sendto fd=39, options=20
0009:trace:winsock:WS2_sendto  -> 10 bytes
0009:trace:winsock:WS2_recv_base socket 0130, wsabuf 0x32f6e4, nbufs 1, flags 0, from 0x32f734, fromlen 16, ovl (nil), func (nil)
0009:trace:winsock:WS2_recv_base fd=39, options=20
0009:trace:winsock:WS2_recv_base  -> 10 bytes
0009:trace:winsock:WS2_sendto socket 0130, wsabuf 0x32f5e4, nbufs 1, flags 0, to 0x6cdb194, tolen 16, ovl (nil), func (nil)
0009:trace:winsock:WS2_sendto fd=39, options=20
0009:trace:winsock:WS2_sendto  -> 10 bytes
0009:trace:winsock:WS2_recv_base socket 0130, wsabuf 0x32f6e4, nbufs 1, flags 0, from 0x32f734, fromlen 16, ovl (nil), func (nil)
0009:trace:winsock:WS2_recv_base fd=39, options=20
0009:trace:winsock:WS2_recv_base  -> 12 bytes
0009:trace:winsock:WS2_sendto socket 0130, wsabuf 0x32ef34, nbufs 1, flags 0, to 0x6cdb194, tolen 16, ovl (nil), func (nil)
0009:trace:winsock:WS2_sendto fd=39, options=20
0009:trace:winsock:WS2_sendto  -> 12 bytes
0009:trace:winsock:WS2_recv_base socket 0130, wsabuf 0x32f6e4, nbufs 1, flags 0, from 0x32f734, fromlen 16, ovl (nil), func (nil)
0009:trace:winsock:WS2_recv_base fd=39, options=20
0009:trace:winsock:WS2_recv_base  -> 10 bytes
0009:trace:winsock:WS2_sendto socket 0130, wsabuf 0x32f964, nbufs 1, flags 0, to 0x6cdb194, tolen 16, ovl (nil), func (nil)
0009:trace:winsock:WS2_sendto fd=39, options=20
0009:trace:winsock:WS2_sendto  -> 16 bytes
0009:trace:winsock:WS2_sendto socket 0130, wsabuf 0x32f9c4, nbufs 1, flags 0, to 0x6cdb194, tolen 16, ovl (nil), func (nil)
0009:trace:winsock:WS2_sendto fd=39, options=20
0009:trace:winsock:WS2_sendto  -> 12 bytes
0009:trace:winsock:WS2_recv_base socket 0130, wsabuf 0x32f6e4, nbufs 1, flags 0, from 0x32f734, fromlen 16, ovl (nil), func (nil)
0009:trace:winsock:WS2_recv_base fd=39, options=20
0009:trace:winsock:WS2_recv_base  -> 12 bytes
0009:trace:winsock:WS2_sendto socket 0130, wsabuf 0x32f5e4, nbufs 1, flags 0, to 0x6cdb194, tolen 16, ovl (nil), func (nil)
0009:trace:winsock:WS2_sendto fd=39, options=20
0009:trace:winsock:WS2_sendto  -> 10 bytes
0009:trace:winsock:WS2_recv_base socket 0130, wsabuf 0x32f6e4, nbufs 1, flags 0, from 0x32f734, fromlen 16, ovl (nil), func (nil)
0009:trace:winsock:WS2_recv_base fd=39, options=20
0009:trace:winsock:WS2_recv_base  -> 16 bytes
0009:trace:winsock:WS2_recv_base socket 0130, wsabuf 0x32f6e4, nbufs 1, flags 0, from 0x32f734, fromlen 16, ovl (nil), func (nil)
0009:trace:winsock:WS2_recv_base fd=39, options=20
0009:trace:winsock:WS2_recv_base  -> 10 bytes
0009:trace:winsock:WS2_sendto socket 0130, wsabuf 0x32f5e4, nbufs 1, flags 0, to 0x6cdb194, tolen 16, ovl (nil), func (nil)
0009:trace:winsock:WS2_sendto fd=39, options=20
0009:trace:winsock:WS2_sendto  -> 10 bytes
0009:trace:winsock:WS2_recv_base socket 0130, wsabuf 0x32f6e4, nbufs 1, flags 0, from 0x32f734, fromlen 16, ovl (nil), func (nil)
0009:trace:winsock:WS2_recv_base fd=39, options=20
0009:trace:winsock:WS2_recv_base  -> 10 bytes
0009:trace:winsock:WS2_sendto socket 0130, wsabuf 0x32f5e4, nbufs 1, flags 0, to 0x6cdb194, tolen 16, ovl (nil), func (nil)
0009:trace:winsock:WS2_sendto fd=39, options=20
0009:trace:winsock:WS2_sendto  -> 10 bytes
0009:trace:winsock:WS2_recv_base socket 0130, wsabuf 0x32f6e4, nbufs 1, flags 0, from 0x32f734, fromlen 16, ovl (nil), func (nil)
0009:trace:winsock:WS2_recv_base fd=39, options=20
0009:trace:winsock:WS2_recv_base  -> 10 bytes
0009:trace:winsock:WS2_sendto socket 0130, wsabuf 0x32f964, nbufs 1, flags 0, to 0x6cdb194, tolen 16, ovl (nil), func (nil)
0009:trace:winsock:WS2_sendto fd=39, options=20
0009:trace:winsock:WS2_sendto  -> 16 bytes
0009:trace:winsock:WS2_sendto socket 0130, wsabuf 0x32f5e4, nbufs 1, flags 0, to 0x6cdb194, tolen 16, ovl (nil), func (nil)
0009:trace:winsock:WS2_sendto fd=39, options=20
0009:trace:winsock:WS2_sendto  -> 10 bytes
0009:trace:winsock:WS2_recv_base socket 0130, wsabuf 0x32f6e4, nbufs 1, flags 0, from 0x32f734, fromlen 16, ovl (nil), func (nil)
0009:trace:winsock:WS2_recv_base fd=39, options=20
0009:trace:winsock:WS2_recv_base  -> 12 bytes
0009:trace:winsock:WS2_sendto socket 0130, wsabuf 0x32ef34, nbufs 1, flags 0, to 0x6cdb194, tolen 16, ovl (nil), func (nil)
0009:trace:winsock:WS2_sendto fd=39, options=20
0009:trace:winsock:WS2_sendto  -> 12 bytes
0009:trace:winsock:WS2_recv_base socket 0130, wsabuf 0x32f6e4, nbufs 1, flags 0, from 0x32f734, fromlen 16, ovl (nil), func (nil)
0009:trace:winsock:WS2_recv_base fd=39, options=20
0009:trace:winsock:WS2_recv_base  -> 10 bytes
0009:trace:winsock:WS2_recv_base socket 0130, wsabuf 0x32f6e4, nbufs 1, flags 0, from 0x32f734, fromlen 16, ovl (nil), func (nil)
0009:trace:winsock:WS2_recv_base fd=39, options=20
0009:trace:winsock:WS2_recv_base  -> 16 bytes
0009:trace:winsock:WS2_sendto socket 0130, wsabuf 0x32f9c4, nbufs 1, flags 0, to 0x6cdb194, tolen 16, ovl (nil), func (nil)
0009:trace:winsock:WS2_sendto fd=39, options=20
0009:trace:winsock:WS2_sendto  -> 12 bytes
0009:trace:winsock:WS2_recv_base socket 0130, wsabuf 0x32f6e4, nbufs 1, flags 0, from 0x32f734, fromlen 16, ovl (nil), func (nil)
0009:trace:winsock:WS2_recv_base fd=39, options=20
0009:trace:winsock:WS2_recv_base  -> 12 bytes
0009:trace:winsock:WS2_sendto socket 0130, wsabuf 0x32f5e4, nbufs 1, flags 0, to 0x6cdb194, tolen 16, ovl (nil), func (nil)
0009:trace:winsock:WS2_sendto fd=39, options=20
0009:trace:winsock:WS2_sendto  -> 10 bytes
0009:trace:winsock:WS2_recv_base socket 0130, wsabuf 0x32f6e4, nbufs 1, flags 0, from 0x32f734, fromlen 16, ovl (nil), func (nil)
0009:trace:winsock:WS2_recv_base fd=39, options=20
0009:trace:winsock:WS2_recv_base  -> 10 bytes
0009:trace:winsock:WS2_sendto socket 0130, wsabuf 0x32f5e4, nbufs 1, flags 0, to 0x6cdb194, tolen 16, ovl (nil), func (nil)
0009:trace:winsock:WS2_sendto fd=39, options=20
0009:trace:winsock:WS2_sendto  -> 10 bytes
0009:trace:winsock:WS2_recv_base socket 0130, wsabuf 0x32f6e4, nbufs 1, flags 0, from 0x32f734, fromlen 16, ovl (nil), func (nil)
0009:trace:winsock:WS2_recv_base fd=39, options=20
0009:trace:winsock:WS2_recv_base  -> 10 bytes
0009:trace:winsock:WS2_sendto socket 0130, wsabuf 0x32f964, nbufs 1, flags 0, to 0x6cdb194, tolen 16, ovl (nil), func (nil)
0009:trace:winsock:WS2_sendto fd=39, options=20
0009:trace:winsock:WS2_sendto  -> 16 bytes
0009:trace:winsock:WS2_sendto socket 0130, wsabuf 0x32f5e4, nbufs 1, flags 0, to 0x6cdb194, tolen 16, ovl (nil), func (nil)
0009:trace:winsock:WS2_sendto fd=39, options=20
0009:trace:winsock:WS2_sendto  -> 10 bytes
0009:trace:winsock:WS2_recv_base socket 0130, wsabuf 0x32f6e4, nbufs 1, flags 0, from 0x32f734, fromlen 16, ovl (nil), func (nil)
0009:trace:winsock:WS2_recv_base fd=39, options=20
0009:trace:winsock:WS2_recv_base  -> 10 bytes
0009:trace:winsock:WS2_recv_base socket 0130, wsabuf 0x32f6e4, nbufs 1, flags 0, from 0x32f734, fromlen 16, ovl (nil), func (nil)
0009:trace:winsock:WS2_recv_base fd=39, options=20
0009:trace:winsock:WS2_recv_base  -> 16 bytes
0009:trace:winsock:WS2_sendto socket 0130, wsabuf 0x32f5e4, nbufs 1, flags 0, to 0x6cdb194, tolen 16, ovl (nil), func (nil)
0009:trace:winsock:WS2_sendto fd=39, options=20
0009:trace:winsock:WS2_sendto  -> 10 bytes
0009:trace:winsock:WS2_recv_base socket 0130, wsabuf 0x32f6e4, nbufs 1, flags 0, from 0x32f734, fromlen 16, ovl (nil), func (nil)
0009:trace:winsock:WS2_recv_base fd=39, options=20
0009:trace:winsock:WS2_recv_base  -> 12 bytes
0009:trace:winsock:WS2_sendto socket 0130, wsabuf 0x32ef34, nbufs 1, flags 0, to 0x6cdb194, tolen 16, ovl (nil), func (nil)
0009:trace:winsock:WS2_sendto fd=39, options=20
0009:trace:winsock:WS2_sendto  -> 12 bytes
0009:trace:winsock:WS2_recv_base socket 0130, wsabuf 0x32f6e4, nbufs 1, flags 0, from 0x32f734, fromlen 16, ovl (nil), func (nil)
0009:trace:winsock:WS2_recv_base fd=39, options=20
0009:trace:winsock:WS2_recv_base  -> 10 bytes
0009:trace:winsock:WS2_sendto socket 0130, wsabuf 0x32f9c4, nbufs 1, flags 0, to 0x6cdb194, tolen 16, ovl (nil), func (nil)
0009:trace:winsock:WS2_sendto fd=39, options=20
0009:trace:winsock:WS2_sendto  -> 12 bytes
0009:trace:winsock:WS2_recv_base socket 0130, wsabuf 0x32f6e4, nbufs 1, flags 0, from 0x32f734, fromlen 16, ovl (nil), func (nil)
0009:trace:winsock:WS2_recv_base fd=39, options=20
0009:trace:winsock:WS2_recv_base  -> 12 bytes
0009:trace:winsock:WS2_sendto socket 0130, wsabuf 0x32f5e4, nbufs 1, flags 0, to 0x6cdb194, tolen 16, ovl (nil), func (nil)
0009:trace:winsock:WS2_sendto fd=39, options=20
0009:trace:winsock:WS2_sendto  -> 10 bytes
0009:trace:winsock:WS2_recv_base socket 0130, wsabuf 0x32f6e4, nbufs 1, flags 0, from 0x32f734, fromlen 16, ovl (nil), func (nil)
0009:trace:winsock:WS2_recv_base fd=39, options=20
0009:trace:winsock:WS2_recv_base  -> 10 bytes
0009:trace:winsock:WS2_sendto socket 0130, wsabuf 0x32f5e4, nbufs 1, flags 0, to 0x6cdb194, tolen 16, ovl (nil), func (nil)
0009:trace:winsock:WS2_sendto fd=39, options=20
0009:trace:winsock:WS2_sendto  -> 10 bytes
0009:trace:winsock:WS2_recv_base socket 0130, wsabuf 0x32f6e4, nbufs 1, flags 0, from 0x32f734, fromlen 16, ovl (nil), func (nil)
0009:trace:winsock:WS2_recv_base fd=39, options=20
0009:trace:winsock:WS2_recv_base  -> 25 bytes
0009:trace:winsock:WS2_recv_base socket 0130, wsabuf 0x32f6e4, nbufs 1, flags 0, from 0x32f734, fromlen 16, ovl (nil), func (nil)
0009:trace:winsock:WS2_recv_base fd=39, options=20
0009:trace:winsock:WS2_recv_base  -> 25 bytes
0009:trace:winsock:WS2_recv_base socket 0130, wsabuf 0x32f6e4, nbufs 1, flags 0, from 0x32f734, fromlen 16, ovl (nil), func (nil)
0009:trace:winsock:WS2_recv_base fd=39, options=20
0009:trace:winsock:WS2_recv_base  -> 25 bytes
0009:trace:winsock:WS2_recv_base socket 0130, wsabuf 0x32f6e4, nbufs 1, flags 0, from 0x32f734, fromlen 16, ovl (nil), func (nil)
0009:trace:winsock:WS2_recv_base fd=39, options=20
0009:trace:winsock:WS2_recv_base  -> 25 bytes
0009:trace:winsock:WS2_recv_base socket 0130, wsabuf 0x32f6e4, nbufs 1, flags 0, from 0x32f734, fromlen 16, ovl (nil), func (nil)
0009:trace:winsock:WS2_recv_base fd=39, options=20
0009:trace:winsock:WS2_recv_base  -> 25 bytes
0009:trace:winsock:WS2_recv_base socket 0130, wsabuf 0x32f6e4, nbufs 1, flags 0, from 0x32f734, fromlen 16, ovl (nil), func (nil)
0009:trace:winsock:WS2_recv_base fd=39, options=20
0009:trace:winsock:WS2_recv_base  -> 25 bytes
0009:trace:winsock:WS2_recv_base socket 0130, wsabuf 0x32f6e4, nbufs 1, flags 0, from 0x32f734, fromlen 16, ovl (nil), func (nil)
0009:trace:winsock:WS2_recv_base fd=39, options=20
0009:trace:winsock:WS2_recv_base  -> 25 bytes
0009:trace:winsock:WS2_recv_base socket 0130, wsabuf 0x32f6e4, nbufs 1, flags 0, from 0x32f734, fromlen 16, ovl (nil), func (nil)
0009:trace:winsock:WS2_recv_base fd=39, options=20
0009:trace:winsock:WS2_recv_base  -> 25 bytes
0009:trace:winsock:WS2_recv_base socket 0130, wsabuf 0x32f6e4, nbufs 1, flags 0, from 0x32f734, fromlen 16, ovl (nil), func (nil)
0009:trace:winsock:WS2_recv_base fd=39, options=20
0009:trace:winsock:WS2_recv_base  -> 25 bytes
0009:trace:winsock:WS2_recv_base socket 0130, wsabuf 0x32f6e4, nbufs 1, flags 0, from 0x32f734, fromlen 16, ovl (nil), func (nil)
0009:trace:winsock:WS2_recv_base fd=39, options=20
0009:trace:winsock:WS2_recv_base  -> 25 bytes
0009:trace:winsock:WS2_recv_base socket 0130, wsabuf 0x32f6e4, nbufs 1, flags 0, from 0x32f734, fromlen 16, ovl (nil), func (nil)
0009:trace:winsock:WS2_recv_base fd=39, options=20
0009:trace:winsock:WS2_recv_base  -> 25 bytes
0009:trace:winsock:WS2_recv_base socket 0130, wsabuf 0x32f6e4, nbufs 1, flags 0, from 0x32f734, fromlen 16, ovl (nil), func (nil)
0009:trace:winsock:WS2_recv_base fd=39, options=20
0009:trace:winsock:WS2_recv_base  -> 25 bytes
0009:trace:winsock:WS2_recv_base socket 0130, wsabuf 0x32f6e4, nbufs 1, flags 0, from 0x32f734, fromlen 16, ovl (nil), func (nil)
0009:trace:winsock:WS2_recv_base fd=39, options=20
0009:trace:winsock:WS2_recv_base  -> 25 bytes
0009:trace:winsock:WS2_recv_base socket 0130, wsabuf 0x32f6e4, nbufs 1, flags 0, from 0x32f734, fromlen 16, ovl (nil), func (nil)
0009:trace:winsock:WS2_recv_base fd=39, options=20
0009:trace:winsock:WS2_recv_base  -> 25 bytes
0009:trace:winsock:WS2_recv_base socket 0130, wsabuf 0x32f6e4, nbufs 1, flags 0, from 0x32f734, fromlen 16, ovl (nil), func (nil)
0009:trace:winsock:WS2_recv_base fd=39, options=20
0009:trace:winsock:WS2_recv_base  -> 25 bytes
0009:trace:winsock:WS2_recv_base socket 0130, wsabuf 0x32f6e4, nbufs 1, flags 0, from 0x32f734, fromlen 16, ovl (nil), func (nil)
0009:trace:winsock:WS2_recv_base fd=39, options=20
0009:trace:winsock:WS2_recv_base  -> 25 bytes
0009:trace:winsock:WS2_recv_base socket 0130, wsabuf 0x32f6e4, nbufs 1, flags 0, from 0x32f734, fromlen 16, ovl (nil), func (nil)
0009:trace:winsock:WS2_recv_base fd=39, options=20
0009:trace:winsock:WS2_recv_base  -> 25 bytes
0009:trace:winsock:WS2_recv_base socket 0130, wsabuf 0x32f6e4, nbufs 1, flags 0, from 0x32f734, fromlen 16, ovl (nil), func (nil)
0009:trace:winsock:WS2_recv_base fd=39, options=20
0009:trace:winsock:WS2_recv_base  -> 25 bytes
0009:trace:winsock:WS2_recv_base socket 0130, wsabuf 0x32f6e4, nbufs 1, flags 0, from 0x32f734, fromlen 16, ovl (nil), func (nil)
0009:trace:winsock:WS2_recv_base fd=39, options=20
0009:trace:winsock:WS2_recv_base  -> 25 bytes
0009:trace:winsock:WS2_recv_base socket 0130, wsabuf 0x32f6e4, nbufs 1, flags 0, from 0x32f734, fromlen 16, ovl (nil), func (nil)
0009:trace:winsock:WS2_recv_base fd=39, options=20
0009:trace:winsock:WS2_recv_base  -> 25 bytes
0009:trace:winsock:WS2_sendto socket 0130, wsabuf 0x32f964, nbufs 1, flags 0, to 0x6cdb194, tolen 16, ovl (nil), func (nil)
0009:trace:winsock:WS2_sendto fd=39, options=20
0009:trace:winsock:WS2_sendto  -> 16 bytes
0009:trace:winsock:WS2_recv_base socket 0130, wsabuf 0x32f6e4, nbufs 1, flags 0, from 0x32f734, fromlen 16, ovl (nil), func (nil)
0009:trace:winsock:WS2_recv_base fd=39, options=20
0009:trace:winsock:WS2_recv_base  -> 22 bytes
0009:trace:winsock:WS2_recv_base socket 0130, wsabuf 0x32f6e4, nbufs 1, flags 0, from 0x32f734, fromlen 16, ovl (nil), func (nil)
0009:trace:winsock:WS2_recv_base fd=39, options=20
0009:trace:winsock:WS2_recv_base  -> 22 bytes
0009:trace:winsock:WS2_recv_base socket 0130, wsabuf 0x32f6e4, nbufs 1, flags 0, from 0x32f734, fromlen 16, ovl (nil), func (nil)
0009:trace:winsock:WS2_recv_base fd=39, options=20
0009:trace:winsock:WS2_recv_base  -> 22 bytes
0009:trace:winsock:WS2_recv_base socket 0130, wsabuf 0x32f6e4, nbufs 1, flags 0, from 0x32f734, fromlen 16, ovl (nil), func (nil)
0009:trace:winsock:WS2_recv_base fd=39, options=20
0009:trace:winsock:WS2_recv_base  -> 22 bytes
0009:trace:winsock:WS2_recv_base socket 0130, wsabuf 0x32f6e4, nbufs 1, flags 0, from 0x32f734, fromlen 16, ovl (nil), func (nil)
0009:trace:winsock:WS2_recv_base fd=39, options=20
0009:trace:winsock:WS2_recv_base  -> 22 bytes
0009:trace:winsock:WS2_recv_base socket 0130, wsabuf 0x32f6e4, nbufs 1, flags 0, from 0x32f734, fromlen 16, ovl (nil), func (nil)
0009:trace:winsock:WS2_recv_base fd=39, options=20
0009:trace:winsock:WS2_recv_base  -> 22 bytes
0009:trace:winsock:WS2_recv_base socket 0130, wsabuf 0x32f6e4, nbufs 1, flags 0, from 0x32f734, fromlen 16, ovl (nil), func (nil)
0009:trace:winsock:WS2_recv_base fd=39, options=20
0009:trace:winsock:WS2_recv_base  -> 22 bytes
0009:trace:winsock:WS2_recv_base socket 0130, wsabuf 0x32f6e4, nbufs 1, flags 0, from 0x32f734, fromlen 16, ovl (nil), func (nil)
0009:trace:winsock:WS2_recv_base fd=39, options=20
0009:trace:winsock:WS2_recv_base  -> 22 bytes
0009:trace:winsock:WS2_recv_base socket 0130, wsabuf 0x32f6e4, nbufs 1, flags 0, from 0x32f734, fromlen 16, ovl (nil), func (nil)
0009:trace:winsock:WS2_recv_base fd=39, options=20
0009:trace:winsock:WS2_recv_base  -> 22 bytes
0009:trace:winsock:WS2_recv_base socket 0130, wsabuf 0x32f6e4, nbufs 1, flags 0, from 0x32f734, fromlen 16, ovl (nil), func (nil)
0009:trace:winsock:WS2_recv_base fd=39, options=20
0009:trace:winsock:WS2_recv_base  -> 22 bytes
0009:trace:winsock:WS2_recv_base socket 0130, wsabuf 0x32f6e4, nbufs 1, flags 0, from 0x32f734, fromlen 16, ovl (nil), func (nil)
0009:trace:winsock:WS2_recv_base fd=39, options=20
0009:trace:winsock:WS2_recv_base  -> 31 bytes
0009:trace:winsock:WS2_recv_base socket 0130, wsabuf 0x32f6e4, nbufs 1, flags 0, from 0x32f734, fromlen 16, ovl (nil), func (nil)
0009:trace:winsock:WS2_recv_base fd=39, options=20
0009:trace:winsock:WS2_recv_base  -> 31 bytes
0009:trace:winsock:WS2_recv_base socket 0130, wsabuf 0x32f6e4, nbufs 1, flags 0, from 0x32f734, fromlen 16, ovl (nil), func (nil)
0009:trace:winsock:WS2_recv_base fd=39, options=20
0009:trace:winsock:WS2_recv_base  -> 31 bytes
0009:trace:winsock:WS2_recv_base socket 0130, wsabuf 0x32f6e4, nbufs 1, flags 0, from 0x32f734, fromlen 16, ovl (nil), func (nil)
0009:trace:winsock:WS2_recv_base fd=39, options=20
0009:trace:winsock:WS2_recv_base  -> 31 bytes
0009:trace:winsock:WS2_recv_base socket 0130, wsabuf 0x32f6e4, nbufs 1, flags 0, from 0x32f734, fromlen 16, ovl (nil), func (nil)
0009:trace:winsock:WS2_recv_base fd=39, options=20
0009:trace:winsock:WS2_recv_base  -> 31 bytes
0009:trace:winsock:WS2_recv_base socket 0130, wsabuf 0x32f6e4, nbufs 1, flags 0, from 0x32f734, fromlen 16, ovl (nil), func (nil)
0009:trace:winsock:WS2_recv_base fd=39, options=20
0009:trace:winsock:WS2_recv_base  -> 31 bytes
0009:trace:winsock:WS2_recv_base socket 0130, wsabuf 0x32f6e4, nbufs 1, flags 0, from 0x32f734, fromlen 16, ovl (nil), func (nil)
0009:trace:winsock:WS2_recv_base fd=39, options=20
0009:trace:winsock:WS2_recv_base  -> 31 bytes
0009:trace:winsock:WS2_recv_base socket 0130, wsabuf 0x32f6e4, nbufs 1, flags 0, from 0x32f734, fromlen 16, ovl (nil), func (nil)
0009:trace:winsock:WS2_recv_base fd=39, options=20
0009:trace:winsock:WS2_recv_base  -> 31 bytes
0009:trace:winsock:WS2_recv_base socket 0130, wsabuf 0x32f6e4, nbufs 1, flags 0, from 0x32f734, fromlen 16, ovl (nil), func (nil)
0009:trace:winsock:WS2_recv_base fd=39, options=20
0009:trace:winsock:WS2_recv_base  -> 31 bytes
0009:trace:winsock:WS2_recv_base socket 0130, wsabuf 0x32f6e4, nbufs 1, flags 0, from 0x32f734, fromlen 16, ovl (nil), func (nil)
0009:trace:winsock:WS2_recv_base fd=39, options=20
0009:trace:winsock:WS2_recv_base  -> 31 bytes
0009:trace:winsock:WS2_recv_base socket 0130, wsabuf 0x32f6e4, nbufs 1, flags 0, from 0x32f734, fromlen 16, ovl (nil), func (nil)
0009:trace:winsock:WS2_recv_base fd=39, options=20
0009:trace:winsock:WS2_recv_base  -> 33 bytes
0009:trace:winsock:WS2_recv_base socket 0130, wsabuf 0x32f6e4, nbufs 1, flags 0, from 0x32f734, fromlen 16, ovl (nil), func (nil)
0009:trace:winsock:WS2_recv_base fd=39, options=20
0009:trace:winsock:WS2_recv_base  -> 10 bytes
0009:trace:winsock:WS2_recv_base socket 0130, wsabuf 0x32f6e4, nbufs 1, flags 0, from 0x32f734, fromlen 16, ovl (nil), func (nil)
0009:trace:winsock:WS2_recv_base fd=39, options=20
0009:trace:winsock:WS2_recv_base  -> 16 bytes
0009:trace:winsock:WS2_sendto socket 0130, wsabuf 0x32f5e4, nbufs 1, flags 0, to 0x6cdb194, tolen 16, ovl (nil), func (nil)
0009:trace:winsock:WS2_sendto fd=39, options=20
0009:trace:winsock:WS2_sendto  -> 10 bytes
0009:trace:winsock:WS2_recv_base socket 0130, wsabuf 0x32f6e4, nbufs 1, flags 0, from 0x32f734, fromlen 16, ovl (nil), func (nil)
0009:trace:winsock:WS2_recv_base fd=39, options=20
0009:trace:winsock:WS2_recv_base  -> 10 bytes
0009:trace:winsock:WS2_sendto socket 0130, wsabuf 0x32f5e4, nbufs 1, flags 0, to 0x6cdb194, tolen 16, ovl (nil), func (nil)
0009:trace:winsock:WS2_sendto fd=39, options=20
0009:trace:winsock:WS2_sendto  -> 10 bytes
0009:trace:winsock:WS2_recv_base socket 0130, wsabuf 0x32f6e4, nbufs 1, flags 0, from 0x32f734, fromlen 16, ovl (nil), func (nil)
0009:trace:winsock:WS2_recv_base fd=39, options=20
0009:trace:winsock:WS2_recv_base  -> 12 bytes
0009:trace:winsock:WS2_sendto socket 0130, wsabuf 0x32ef34, nbufs 1, flags 0, to 0x6cdb194, tolen 16, ovl (nil), func (nil)
0009:trace:winsock:WS2_sendto fd=39, options=20
0009:trace:winsock:WS2_sendto  -> 12 bytes
0009:trace:winsock:WS2_recv_base socket 0130, wsabuf 0x32f6e4, nbufs 1, flags 0, from 0x32f734, fromlen 16, ovl (nil), func (nil)
0009:trace:winsock:WS2_recv_base fd=39, options=20
0009:trace:winsock:WS2_recv_base  -> 10 bytes
0009:trace:winsock:WS2_sendto socket 0130, wsabuf 0x32f9c4, nbufs 1, flags 0, to 0x6cdb194, tolen 16, ovl (nil), func (nil)
0009:trace:winsock:WS2_sendto fd=39, options=20
0009:trace:winsock:WS2_sendto  -> 12 bytes
0009:trace:winsock:WS2_recv_base socket 0130, wsabuf 0x32f6e4, nbufs 1, flags 0, from 0x32f734, fromlen 16, ovl (nil), func (nil)
0009:trace:winsock:WS2_recv_base fd=39, options=20
0009:trace:winsock:WS2_recv_base  -> 12 bytes
0009:trace:winsock:WS2_sendto socket 0130, wsabuf 0x32f5e4, nbufs 1, flags 0, to 0x6cdb194, tolen 16, ovl (nil), func (nil)
0009:trace:winsock:WS2_sendto fd=39, options=20
0009:trace:winsock:WS2_sendto  -> 10 bytes
0009:trace:winsock:WS2_sendto socket 0130, wsabuf 0x32f964, nbufs 1, flags 0, to 0x6cdb194, tolen 16, ovl (nil), func (nil)
0009:trace:winsock:WS2_sendto fd=39, options=20
0009:trace:winsock:WS2_sendto  -> 16 bytes
0009:trace:winsock:WS2_recv_base socket 0130, wsabuf 0x32f6e4, nbufs 1, flags 0, from 0x32f734, fromlen 16, ovl (nil), func (nil)
0009:trace:winsock:WS2_recv_base fd=39, options=20
0009:trace:winsock:WS2_recv_base  -> 10 bytes
0009:trace:winsock:WS2_recv_base socket 0130, wsabuf 0x32f6e4, nbufs 1, flags 0, from 0x32f734, fromlen 16, ovl (nil), func (nil)
0009:trace:winsock:WS2_recv_base fd=39, options=20
0009:trace:winsock:WS2_recv_base  -> 16 bytes
0009:trace:winsock:WS2_sendto socket 0130, wsabuf 0x32f5e4, nbufs 1, flags 0, to 0x6cdb194, tolen 16, ovl (nil), func (nil)
0009:trace:winsock:WS2_sendto fd=39, options=20
0009:trace:winsock:WS2_sendto  -> 10 bytes
0009:trace:winsock:WS2_recv_base socket 0130, wsabuf 0x32f6e4, nbufs 1, flags 0, from 0x32f734, fromlen 16, ovl (nil), func (nil)
0009:trace:winsock:WS2_recv_base fd=39, options=20
0009:trace:winsock:WS2_recv_base  -> 10 bytes
0009:trace:winsock:WS2_sendto socket 0130, wsabuf 0x32f5e4, nbufs 1, flags 0, to 0x6cdb194, tolen 16, ovl (nil), func (nil)
0009:trace:winsock:WS2_sendto fd=39, options=20
0009:trace:winsock:WS2_sendto  -> 10 bytes
0009:trace:winsock:WS2_recv_base socket 0130, wsabuf 0x32f6e4, nbufs 1, flags 0, from 0x32f734, fromlen 16, ovl (nil), func (nil)
0009:trace:winsock:WS2_recv_base fd=39, options=20
0009:trace:winsock:WS2_recv_base  -> 10 bytes
0009:trace:winsock:WS2_sendto socket 0130, wsabuf 0x32f5e4, nbufs 1, flags 0, to 0x6cdb194, tolen 16, ovl (nil), func (nil)
0009:trace:winsock:WS2_sendto fd=39, options=20
0009:trace:winsock:WS2_sendto  -> 10 bytes
0009:trace:winsock:WS2_sendto socket 0130, wsabuf 0x32f964, nbufs 1, flags 0, to 0x6cdb194, tolen 16, ovl (nil), func (nil)
0009:trace:winsock:WS2_sendto fd=39, options=20
0009:trace:winsock:WS2_sendto  -> 16 bytes
0009:trace:winsock:WS2_recv_base socket 0130, wsabuf 0x32f6e4, nbufs 1, flags 0, from 0x32f734, fromlen 16, ovl (nil), func (nil)
0009:trace:winsock:WS2_recv_base fd=39, options=20
0009:trace:winsock:WS2_recv_base  -> 12 bytes
0009:trace:winsock:WS2_sendto socket 0130, wsabuf 0x32ef34, nbufs 1, flags 0, to 0x6cdb194, tolen 16, ovl (nil), func (nil)
0009:trace:winsock:WS2_sendto fd=39, options=20
0009:trace:winsock:WS2_sendto  -> 12 bytes
0009:trace:winsock:WS2_recv_base socket 0130, wsabuf 0x32f6e4, nbufs 1, flags 0, from 0x32f734, fromlen 16, ovl (nil), func (nil)
0009:trace:winsock:WS2_recv_base fd=39, options=20
0009:trace:winsock:WS2_recv_base  -> 10 bytes
0009:trace:winsock:WS2_recv_base socket 0130, wsabuf 0x32f6e4, nbufs 1, flags 0, from 0x32f734, fromlen 16, ovl (nil), func (nil)
0009:trace:winsock:WS2_recv_base fd=39, options=20
0009:trace:winsock:WS2_recv_base  -> 16 bytes
0009:trace:winsock:WS2_sendto socket 0130, wsabuf 0x32f9c4, nbufs 1, flags 0, to 0x6cdb194, tolen 16, ovl (nil), func (nil)
0009:trace:winsock:WS2_sendto fd=39, options=20
0009:trace:winsock:WS2_sendto  -> 12 bytes
0009:trace:winsock:WS2_recv_base socket 0130, wsabuf 0x32f6e4, nbufs 1, flags 0, from 0x32f734, fromlen 16, ovl (nil), func (nil)
0009:trace:winsock:WS2_recv_base fd=39, options=20
0009:trace:winsock:WS2_recv_base  -> 12 bytes
0009:trace:winsock:WS2_sendto socket 0130, wsabuf 0x32f5e4, nbufs 1, flags 0, to 0x6cdb194, tolen 16, ovl (nil), func (nil)
0009:trace:winsock:WS2_sendto fd=39, options=20
0009:trace:winsock:WS2_sendto  -> 10 bytes
0009:trace:winsock:WS2_recv_base socket 0130, wsabuf 0x32f6e4, nbufs 1, flags 0, from 0x32f734, fromlen 16, ovl (nil), func (nil)
0009:trace:winsock:WS2_recv_base fd=39, options=20
0009:trace:winsock:WS2_recv_base  -> 10 bytes
0009:trace:winsock:WS2_sendto socket 0130, wsabuf 0x32f5e4, nbufs 1, flags 0, to 0x6cdb194, tolen 16, ovl (nil), func (nil)
0009:trace:winsock:WS2_sendto fd=39, options=20
0009:trace:winsock:WS2_sendto  -> 10 bytes
0009:trace:winsock:WS2_recv_base socket 0130, wsabuf 0x32f6e4, nbufs 1, flags 0, from 0x32f734, fromlen 16, ovl (nil), func (nil)
0009:trace:winsock:WS2_recv_base fd=39, options=20
0009:trace:winsock:WS2_recv_base  -> 10 bytes
0009:trace:winsock:WS2_sendto socket 0130, wsabuf 0x32f5e4, nbufs 1, flags 0, to 0x6cdb194, tolen 16, ovl (nil), func (nil)
0009:trace:winsock:WS2_sendto fd=39, options=20
0009:trace:winsock:WS2_sendto  -> 10 bytes
0009:trace:winsock:WS2_sendto socket 0130, wsabuf 0x32f964, nbufs 1, flags 0, to 0x6cdb194, tolen 16, ovl (nil), func (nil)
0009:trace:winsock:WS2_sendto fd=39, options=20
0009:trace:winsock:WS2_sendto  -> 16 bytes
0009:trace:winsock:WS2_recv_base socket 0130, wsabuf 0x32f6e4, nbufs 1, flags 0, from 0x32f734, fromlen 16, ovl (nil), func (nil)
0009:trace:winsock:WS2_recv_base fd=39, options=20
0009:trace:winsock:WS2_recv_base  -> 10 bytes
0009:trace:winsock:WS2_recv_base socket 0130, wsabuf 0x32f6e4, nbufs 1, flags 0, from 0x32f734, fromlen 16, ovl (nil), func (nil)
0009:trace:winsock:WS2_recv_base fd=39, options=20
0009:trace:winsock:WS2_recv_base  -> 16 bytes
0009:trace:winsock:WS2_sendto socket 0130, wsabuf 0x32f5e4, nbufs 1, flags 0, to 0x6cdb194, tolen 16, ovl (nil), func (nil)
0009:trace:winsock:WS2_sendto fd=39, options=20
0009:trace:winsock:WS2_sendto  -> 10 bytes
0009:trace:winsock:WS2_recv_base socket 0130, wsabuf 0x32f6e4, nbufs 1, flags 0, from 0x32f734, fromlen 16, ovl (nil), func (nil)
0009:trace:winsock:WS2_recv_base fd=39, options=20
0009:trace:winsock:WS2_recv_base  -> 10 bytes
0009:trace:winsock:WS2_recv_base socket 0130, wsabuf 0x32f6e4, nbufs 1, flags 0, from 0x32f734, fromlen 16, ovl (nil), func (nil)
0009:trace:winsock:WS2_recv_base fd=39, options=20
0009:trace:winsock:WS2_recv_base  -> 12 bytes
0009:trace:winsock:WS2_sendto socket 0130, wsabuf 0x32ef34, nbufs 1, flags 0, to 0x6cdb194, tolen 16, ovl (nil), func (nil)
0009:trace:winsock:WS2_sendto fd=39, options=20
0009:trace:winsock:WS2_sendto  -> 12 bytes
0009:trace:winsock:WS2_sendto socket 0130, wsabuf 0x32f5e4, nbufs 1, flags 0, to 0x6cdb194, tolen 16, ovl (nil), func (nil)
0009:trace:winsock:WS2_sendto fd=39, options=20
0009:trace:winsock:WS2_sendto  -> 10 bytes
0009:trace:winsock:WS2_sendto socket 0130, wsabuf 0x32f9c4, nbufs 1, flags 0, to 0x6cdb194, tolen 16, ovl (nil), func (nil)
0009:trace:winsock:WS2_sendto fd=39, options=20
0009:trace:winsock:WS2_sendto  -> 12 bytes
0009:trace:winsock:WS2_recv_base socket 0130, wsabuf 0x32f6e4, nbufs 1, flags 0, from 0x32f734, fromlen 16, ovl (nil), func (nil)
0009:trace:winsock:WS2_recv_base fd=39, options=20
0009:trace:winsock:WS2_recv_base  -> 12 bytes
0009:trace:winsock:WS2_recv_base socket 0130, wsabuf 0x32f6e4, nbufs 1, flags 0, from 0x32f734, fromlen 16, ovl (nil), func (nil)
0009:trace:winsock:WS2_recv_base fd=39, options=20
0009:trace:winsock:WS2_recv_base  -> 10 bytes
0009:trace:winsock:WS2_sendto socket 0130, wsabuf 0x32f5e4, nbufs 1, flags 0, to 0x6cdb194, tolen 16, ovl (nil), func (nil)
0009:trace:winsock:WS2_sendto fd=39, options=20
0009:trace:winsock:WS2_sendto  -> 10 bytes
0009:trace:winsock:WS2_sendto socket 0130, wsabuf 0x32f964, nbufs 1, flags 0, to 0x6cdb194, tolen 16, ovl (nil), func (nil)
0009:trace:winsock:WS2_sendto fd=39, options=20
0009:trace:winsock:WS2_sendto  -> 16 bytes
0009:trace:winsock:WS2_recv_base socket 0130, wsabuf 0x32f6e4, nbufs 1, flags 0, from 0x32f734, fromlen 16, ovl (nil), func (nil)
0009:trace:winsock:WS2_recv_base fd=39, options=20
0009:trace:winsock:WS2_recv_base  -> 10 bytes
0009:trace:winsock:WS2_sendto socket 0130, wsabuf 0x32f5e4, nbufs 1, flags 0, to 0x6cdb194, tolen 16, ovl (nil), func (nil)
0009:trace:winsock:WS2_sendto fd=39, options=20
0009:trace:winsock:WS2_sendto  -> 10 bytes
0009:trace:winsock:WS2_recv_base socket 0130, wsabuf 0x32f6e4, nbufs 1, flags 0, from 0x32f734, fromlen 16, ovl (nil), func (nil)
0009:trace:winsock:WS2_recv_base fd=39, options=20
0009:trace:winsock:WS2_recv_base  -> 16 bytes
0009:trace:winsock:WS2_recv_base socket 0130, wsabuf 0x32f6e4, nbufs 1, flags 0, from 0x32f734, fromlen 16, ovl (nil), func (nil)
0009:trace:winsock:WS2_recv_base fd=39, options=20
0009:trace:winsock:WS2_recv_base  -> 10 bytes
0009:trace:winsock:WS2_sendto socket 0130, wsabuf 0x32f5e4, nbufs 1, flags 0, to 0x6cdb194, tolen 16, ovl (nil), func (nil)
0009:trace:winsock:WS2_sendto fd=39, options=20
0009:trace:winsock:WS2_sendto  -> 10 bytes
0009:trace:winsock:WS2_recv_base socket 0130, wsabuf 0x32f6e4, nbufs 1, flags 0, from 0x32f734, fromlen 16, ovl (nil), func (nil)
0009:trace:winsock:WS2_recv_base fd=39, options=20
0009:trace:winsock:WS2_recv_base  -> 10 bytes
0009:trace:winsock:WS2_recv_base socket 0130, wsabuf 0x32f6e4, nbufs 1, flags 0, from 0x32f734, fromlen 16, ovl (nil), func (nil)
0009:trace:winsock:WS2_recv_base fd=39, options=20
0009:trace:winsock:WS2_recv_base  -> 12 bytes
0009:trace:winsock:WS2_sendto socket 0130, wsabuf 0x32ef34, nbufs 1, flags 0, to 0x6cdb194, tolen 16, ovl (nil), func (nil)
0009:trace:winsock:WS2_sendto fd=39, options=20
0009:trace:winsock:WS2_sendto  -> 12 bytes
0009:trace:winsock:WS2_sendto socket 0130, wsabuf 0x32f5e4, nbufs 1, flags 0, to 0x6cdb194, tolen 16, ovl (nil), func (nil)
0009:trace:winsock:WS2_sendto fd=39, options=20
0009:trace:winsock:WS2_sendto  -> 10 bytes
0009:trace:winsock:WS2_sendto socket 0130, wsabuf 0x32f9c4, nbufs 1, flags 0, to 0x6cdb194, tolen 16, ovl (nil), func (nil)
0009:trace:winsock:WS2_sendto fd=39, options=20
0009:trace:winsock:WS2_sendto  -> 12 bytes
0009:trace:winsock:WS2_recv_base socket 0130, wsabuf 0x32f6e4, nbufs 1, flags 0, from 0x32f734, fromlen 16, ovl (nil), func (nil)
0009:trace:winsock:WS2_recv_base fd=39, options=20
0009:trace:winsock:WS2_recv_base  -> 12 bytes
0009:trace:winsock:WS2_recv_base socket 0130, wsabuf 0x32f6e4, nbufs 1, flags 0, from 0x32f734, fromlen 16, ovl (nil), func (nil)
0009:trace:winsock:WS2_recv_base fd=39, options=20
0009:trace:winsock:WS2_recv_base  -> 10 bytes
0009:trace:winsock:WS2_sendto socket 0130, wsabuf 0x32f964, nbufs 1, flags 0, to 0x6cdb194, tolen 16, ovl (nil), func (nil)
0009:trace:winsock:WS2_sendto fd=39, options=20
0009:trace:winsock:WS2_sendto  -> 16 bytes
0009:trace:winsock:WS2_sendto socket 0130, wsabuf 0x32f5e4, nbufs 1, flags 0, to 0x6cdb194, tolen 16, ovl (nil), func (nil)
0009:trace:winsock:WS2_sendto fd=39, options=20
0009:trace:winsock:WS2_sendto  -> 10 bytes
0009:trace:winsock:WS2_recv_base socket 0130, wsabuf 0x32f6e4, nbufs 1, flags 0, from 0x32f734, fromlen 16, ovl (nil), func (nil)
0009:trace:winsock:WS2_recv_base fd=39, options=20
0009:trace:winsock:WS2_recv_base  -> 16 bytes
0009:trace:winsock:WS2_recv_base socket 0130, wsabuf 0x32f6e4, nbufs 1, flags 0, from 0x32f734, fromlen 16, ovl (nil), func (nil)
0009:trace:winsock:WS2_recv_base fd=39, options=20
0009:trace:winsock:WS2_recv_base  -> 10 bytes
0009:trace:winsock:WS2_sendto socket 0130, wsabuf 0x32f5e4, nbufs 1, flags 0, to 0x6cdb194, tolen 16, ovl (nil), func (nil)
0009:trace:winsock:WS2_sendto fd=39, options=20
0009:trace:winsock:WS2_sendto  -> 10 bytes
0009:trace:winsock:WS2_recv_base socket 0130, wsabuf 0x32f6e4, nbufs 1, flags 0, from 0x32f734, fromlen 16, ovl (nil), func (nil)
0009:trace:winsock:WS2_recv_base fd=39, options=20
0009:trace:winsock:WS2_recv_base  -> 10 bytes
0009:trace:winsock:WS2_sendto socket 0130, wsabuf 0x32f5e4, nbufs 1, flags 0, to 0x6cdb194, tolen 16, ovl (nil), func (nil)
0009:trace:winsock:WS2_sendto fd=39, options=20
0009:trace:winsock:WS2_sendto  -> 10 bytes
0009:trace:winsock:WS2_recv_base socket 0130, wsabuf 0x32f6e4, nbufs 1, flags 0, from 0x32f734, fromlen 16, ovl (nil), func (nil)
0009:trace:winsock:WS2_recv_base fd=39, options=20
0009:trace:winsock:WS2_recv_base  -> 10 bytes
0009:trace:winsock:WS2_recv_base socket 0130, wsabuf 0x32f6e4, nbufs 1, flags 0, from 0x32f734, fromlen 16, ovl (nil), func (nil)
0009:trace:winsock:WS2_recv_base fd=39, options=20
0009:trace:winsock:WS2_recv_base  -> 12 bytes
0009:trace:winsock:WS2_sendto socket 0130, wsabuf 0x32ef34, nbufs 1, flags 0, to 0x6cdb194, tolen 16, ovl (nil), func (nil)
0009:trace:winsock:WS2_sendto fd=39, options=20
0009:trace:winsock:WS2_sendto  -> 12 bytes
0009:trace:winsock:WS2_sendto socket 0130, wsabuf 0x32f964, nbufs 1, flags 0, to 0x6cdb194, tolen 16, ovl (nil), func (nil)
0009:trace:winsock:WS2_sendto fd=39, options=20
0009:trace:winsock:WS2_sendto  -> 16 bytes
0009:trace:winsock:WS2_sendto socket 0130, wsabuf 0x32f5e4, nbufs 1, flags 0, to 0x6cdb194, tolen 16, ovl (nil), func (nil)
0009:trace:winsock:WS2_sendto fd=39, options=20
0009:trace:winsock:WS2_sendto  -> 10 bytes
0009:trace:winsock:WS2_sendto socket 0130, wsabuf 0x32f9c4, nbufs 1, flags 0, to 0x6cdb194, tolen 16, ovl (nil), func (nil)
0009:trace:winsock:WS2_sendto fd=39, options=20
0009:trace:winsock:WS2_sendto  -> 12 bytes
0009:trace:winsock:WS2_recv_base socket 0130, wsabuf 0x32f6e4, nbufs 1, flags 0, from 0x32f734, fromlen 16, ovl (nil), func (nil)
0009:trace:winsock:WS2_recv_base fd=39, options=20
0009:trace:winsock:WS2_recv_base  -> 12 bytes
0009:trace:winsock:WS2_recv_base socket 0130, wsabuf 0x32f6e4, nbufs 1, flags 0, from 0x32f734, fromlen 16, ovl (nil), func (nil)
0009:trace:winsock:WS2_recv_base fd=39, options=20
0009:trace:winsock:WS2_recv_base  -> 16 bytes
0009:trace:winsock:WS2_recv_base socket 0130, wsabuf 0x32f6e4, nbufs 1, flags 0, from 0x32f734, fromlen 16, ovl (nil), func (nil)
0009:trace:winsock:WS2_recv_base fd=39, options=20
0009:trace:winsock:WS2_recv_base  -> 10 bytes
0009:trace:winsock:WS2_sendto socket 0130, wsabuf 0x32f5e4, nbufs 1, flags 0, to 0x6cdb194, tolen 16, ovl (nil), func (nil)
0009:trace:winsock:WS2_sendto fd=39, options=20
0009:trace:winsock:WS2_sendto  -> 10 bytes
0009:trace:winsock:WS2_recv_base socket 0130, wsabuf 0x32f6e4, nbufs 1, flags 0, from 0x32f734, fromlen 16, ovl (nil), func (nil)
0009:trace:winsock:WS2_recv_base fd=39, options=20
0009:trace:winsock:WS2_recv_base  -> 10 bytes
0009:trace:winsock:WS2_sendto socket 0130, wsabuf 0x32f5e4, nbufs 1, flags 0, to 0x6cdb194, tolen 16, ovl (nil), func (nil)
0009:trace:winsock:WS2_sendto fd=39, options=20
0009:trace:winsock:WS2_sendto  -> 10 bytes
0009:trace:winsock:WS2_recv_base socket 0130, wsabuf 0x32f6e4, nbufs 1, flags 0, from 0x32f734, fromlen 16, ovl (nil), func (nil)
0009:trace:winsock:WS2_recv_base fd=39, options=20
0009:trace:winsock:WS2_recv_base  -> 10 bytes
0009:trace:winsock:WS2_sendto socket 0130, wsabuf 0x32f964, nbufs 1, flags 0, to 0x6cdb194, tolen 16, ovl (nil), func (nil)
0009:trace:winsock:WS2_sendto fd=39, options=20
0009:trace:winsock:WS2_sendto  -> 16 bytes
0009:trace:winsock:WS2_sendto socket 0130, wsabuf 0x32f5e4, nbufs 1, flags 0, to 0x6cdb194, tolen 16, ovl (nil), func (nil)
0009:trace:winsock:WS2_sendto fd=39, options=20
0009:trace:winsock:WS2_sendto  -> 10 bytes
0009:trace:winsock:WS2_recv_base socket 0130, wsabuf 0x32f6e4, nbufs 1, flags 0, from 0x32f734, fromlen 16, ovl (nil), func (nil)
0009:trace:winsock:WS2_recv_base fd=39, options=20
0009:trace:winsock:WS2_recv_base  -> 10 bytes
0009:trace:winsock:WS2_recv_base socket 0130, wsabuf 0x32f6e4, nbufs 1, flags 0, from 0x32f734, fromlen 16, ovl (nil), func (nil)
0009:trace:winsock:WS2_recv_base fd=39, options=20
0009:trace:winsock:WS2_recv_base  -> 16 bytes
0009:trace:winsock:WS2_recv_base socket 0130, wsabuf 0x32f6e4, nbufs 1, flags 0, from 0x32f734, fromlen 16, ovl (nil), func (nil)
0009:trace:winsock:WS2_recv_base fd=39, options=20
0009:trace:winsock:WS2_recv_base  -> 12 bytes
0009:trace:winsock:WS2_sendto socket 0130, wsabuf 0x32ef34, nbufs 1, flags 0, to 0x6cdb194, tolen 16, ovl (nil), func (nil)
0009:trace:winsock:WS2_sendto fd=39, options=20
0009:trace:winsock:WS2_sendto  -> 12 bytes
0009:trace:winsock:WS2_sendto socket 0130, wsabuf 0x32f5e4, nbufs 1, flags 0, to 0x6cdb194, tolen 16, ovl (nil), func (nil)
0009:trace:winsock:WS2_sendto fd=39, options=20
0009:trace:winsock:WS2_sendto  -> 10 bytes
0009:trace:winsock:WS2_sendto socket 0130, wsabuf 0x32f9c4, nbufs 1, flags 0, to 0x6cdb194, tolen 16, ovl (nil), func (nil)
0009:trace:winsock:WS2_sendto fd=39, options=20
0009:trace:winsock:WS2_sendto  -> 12 bytes
0009:trace:winsock:WS2_recv_base socket 0130, wsabuf 0x32f6e4, nbufs 1, flags 0, from 0x32f734, fromlen 16, ovl (nil), func (nil)
0009:trace:winsock:WS2_recv_base fd=39, options=20
0009:trace:winsock:WS2_recv_base  -> 12 bytes
0009:trace:winsock:WS2_recv_base socket 0130, wsabuf 0x32f6e4, nbufs 1, flags 0, from 0x32f734, fromlen 16, ovl (nil), func (nil)
0009:trace:winsock:WS2_recv_base fd=39, options=20
0009:trace:winsock:WS2_recv_base  -> 10 bytes
0009:trace:winsock:WS2_sendto socket 0130, wsabuf 0x32f5e4, nbufs 1, flags 0, to 0x6cdb194, tolen 16, ovl (nil), func (nil)
0009:trace:winsock:WS2_sendto fd=39, options=20
0009:trace:winsock:WS2_sendto  -> 10 bytes
0009:trace:winsock:WS2_recv_base socket 0130, wsabuf 0x32f6e4, nbufs 1, flags 0, from 0x32f734, fromlen 16, ovl (nil), func (nil)
0009:trace:winsock:WS2_recv_base fd=39, options=20
0009:trace:winsock:WS2_recv_base  -> 10 bytes
0009:trace:winsock:WS2_sendto socket 0130, wsabuf 0x32f964, nbufs 1, flags 0, to 0x6cdb194, tolen 16, ovl (nil), func (nil)
0009:trace:winsock:WS2_sendto fd=39, options=20
0009:trace:winsock:WS2_sendto  -> 16 bytes
0009:trace:winsock:WS2_sendto socket 0130, wsabuf 0x32f5e4, nbufs 1, flags 0, to 0x6cdb194, tolen 16, ovl (nil), func (nil)
0009:trace:winsock:WS2_sendto fd=39, options=20
0009:trace:winsock:WS2_sendto  -> 10 bytes
0009:trace:winsock:WS2_recv_base socket 0130, wsabuf 0x32f6e4, nbufs 1, flags 0, from 0x32f734, fromlen 16, ovl (nil), func (nil)
0009:trace:winsock:WS2_recv_base fd=39, options=20
0009:trace:winsock:WS2_recv_base  -> 10 bytes
0009:trace:winsock:WS2_recv_base socket 0130, wsabuf 0x32f6e4, nbufs 1, flags 0, from 0x32f734, fromlen 16, ovl (nil), func (nil)
0009:trace:winsock:WS2_recv_base fd=39, options=20
0009:trace:winsock:WS2_recv_base  -> 16 bytes
0009:trace:winsock:WS2_sendto socket 0130, wsabuf 0x32f5e4, nbufs 1, flags 0, to 0x6cdb194, tolen 16, ovl (nil), func (nil)
0009:trace:winsock:WS2_sendto fd=39, options=20
0009:trace:winsock:WS2_sendto  -> 10 bytes
0009:trace:winsock:WS2_recv_base socket 0130, wsabuf 0x32f6e4, nbufs 1, flags 0, from 0x32f734, fromlen 16, ovl (nil), func (nil)
0009:trace:winsock:WS2_recv_base fd=39, options=20
0009:trace:winsock:WS2_recv_base  -> 51 bytes
0009:trace:winsock:WS2_recv_base socket 0130, wsabuf 0x32f6e4, nbufs 1, flags 0, from 0x32f734, fromlen 16, ovl (nil), func (nil)
0009:trace:winsock:WS2_recv_base fd=39, options=20
0009:trace:winsock:WS2_recv_base  -> 31 bytes
0009:trace:winsock:WS2_recv_base socket 0130, wsabuf 0x32f6e4, nbufs 1, flags 0, from 0x32f734, fromlen 16, ovl (nil), func (nil)
0009:trace:winsock:WS2_recv_base fd=39, options=20
0009:trace:winsock:WS2_recv_base  -> 10 bytes
0009:trace:winsock:WS2_recv_base socket 0130, wsabuf 0x32f6e4, nbufs 1, flags 0, from 0x32f734, fromlen 16, ovl (nil), func (nil)
0009:trace:winsock:WS2_recv_base fd=39, options=20
0009:trace:winsock:WS2_recv_base  -> 12 bytes
0009:trace:winsock:WS2_sendto socket 0130, wsabuf 0x32ef34, nbufs 1, flags 0, to 0x6cdb194, tolen 16, ovl (nil), func (nil)
0009:trace:winsock:WS2_sendto fd=39, options=20
0009:trace:winsock:WS2_sendto  -> 12 bytes
0009:trace:winsock:WS2_sendto socket 0130, wsabuf 0x32f5e4, nbufs 1, flags 0, to 0x6cdb194, tolen 16, ovl (nil), func (nil)
0009:trace:winsock:WS2_sendto fd=39, options=20
0009:trace:winsock:WS2_sendto  -> 10 bytes
0009:trace:winsock:WS2_sendto socket 0130, wsabuf 0x32f604, nbufs 1, flags 0, to 0x64b9794, tolen 16, ovl (nil), func (nil)
0009:trace:winsock:WS2_sendto fd=39, options=20
0009:trace:winsock:WS2_sendto  -> 40 bytes
0009:trace:winsock:WS2_recv_base socket 0130, wsabuf 0x32f6e4, nbufs 1, flags 0, from 0x32f734, fromlen 16, ovl (nil), func (nil)
0009:trace:winsock:WS2_recv_base fd=39, options=20
0009:trace:winsock:WS2_recv_base  -> 40 bytes
0009:trace:winsock:WS2_recv_base socket 0130, wsabuf 0x32f6e4, nbufs 1, flags 0, from 0x32f734, fromlen 16, ovl (nil), func (nil)
0009:trace:winsock:WS2_recv_base fd=39, options=20
0009:trace:winsock:WS2_recv_base  -> 40 bytes
0009:trace:winsock:WS2_sendto socket 0130, wsabuf 0x32f5a4, nbufs 1, flags 0, to 0x64b9794, tolen 16, ovl (nil), func (nil)
0009:trace:winsock:WS2_sendto fd=39, options=20
0009:trace:winsock:WS2_sendto  -> 40 bytes
0009:trace:winsock:WS2_sendto socket 0130, wsabuf 0x32f9c4, nbufs 1, flags 0, to 0x6cdb194, tolen 16, ovl (nil), func (nil)
0009:trace:winsock:WS2_sendto fd=39, options=20
0009:trace:winsock:WS2_sendto  -> 12 bytes
0009:trace:winsock:WS2_recv_base socket 0130, wsabuf 0x32f6e4, nbufs 1, flags 0, from 0x32f734, fromlen 16, ovl (nil), func (nil)
0009:trace:winsock:WS2_recv_base fd=39, options=20
0009:trace:winsock:WS2_recv_base  -> 12 bytes
0009:trace:winsock:WS2_recv_base socket 0130, wsabuf 0x32f6e4, nbufs 1, flags 0, from 0x32f734, fromlen 16, ovl (nil), func (nil)
0009:trace:winsock:WS2_recv_base fd=39, options=20
0009:trace:winsock:WS2_recv_base  -> 10 bytes
0009:trace:winsock:WS2_sendto socket 0130, wsabuf 0x32f5e4, nbufs 1, flags 0, to 0x6cdb194, tolen 16, ovl (nil), func (nil)
0009:trace:winsock:WS2_sendto fd=39, options=20
0009:trace:winsock:WS2_sendto  -> 10 bytes
0009:trace:winsock:WS2_sendto socket 0130, wsabuf 0x32f674, nbufs 1, flags 0, to 0x6cdb194, tolen 16, ovl (nil), func (nil)
0009:trace:winsock:WS2_sendto fd=39, options=20
0009:trace:winsock:WS2_sendto  -> 24 bytes
0009:trace:winsock:WS2_recv_base socket 0130, wsabuf 0x32f6e4, nbufs 1, flags 0, from 0x32f734, fromlen 16, ovl (nil), func (nil)
0009:trace:winsock:WS2_recv_base fd=39, options=20
0009:trace:winsock:WS2_recv_base  -> 25 bytes
0009:trace:winsock:WS2_recv_base socket 0130, wsabuf 0x32f6e4, nbufs 1, flags 0, from 0x32f734, fromlen 16, ovl (nil), func (nil)
0009:trace:winsock:WS2_recv_base fd=39, options=20
0009:trace:winsock:WS2_recv_base  -> 25 bytes
0009:trace:winsock:WS2_recv_base socket 0130, wsabuf 0x32f6e4, nbufs 1, flags 0, from 0x32f734, fromlen 16, ovl (nil), func (nil)
0009:trace:winsock:WS2_recv_base fd=39, options=20
0009:trace:winsock:WS2_recv_base  -> 25 bytes
0009:trace:winsock:WS2_recv_base socket 0130, wsabuf 0x32f6e4, nbufs 1, flags 0, from 0x32f734, fromlen 16, ovl (nil), func (nil)
0009:trace:winsock:WS2_recv_base fd=39, options=20
0009:trace:winsock:WS2_recv_base  -> 24 bytes
0009:trace:winsock:WS2_sendto socket 0130, wsabuf 0x32e5f4, nbufs 1, flags 0, to 0x6cdb194, tolen 16, ovl (nil), func (nil)
0009:trace:winsock:WS2_sendto fd=39, options=20
0009:trace:winsock:WS2_sendto  -> 16 bytes
0009:trace:winsock:WS2_sendto socket 0130, wsabuf 0x32e5b4, nbufs 1, flags 0, to 0x6cdb194, tolen 16, ovl (nil), func (nil)
0009:trace:winsock:WS2_sendto fd=39, options=20
0009:trace:winsock:WS2_sendto  -> 19 bytes
0009:trace:winsock:WS2_sendto socket 0130, wsabuf 0x32e554, nbufs 1, flags 0, to 0x6cdb194, tolen 16, ovl (nil), func (nil)
0009:trace:winsock:WS2_sendto fd=39, options=20
0009:trace:winsock:WS2_sendto  -> 37 bytes
0009:trace:winsock:WS2_sendto socket 0130, wsabuf 0x32e5b4, nbufs 1, flags 0, to 0x6cdb194, tolen 16, ovl (nil), func (nil)
0009:trace:winsock:WS2_sendto fd=39, options=20
0009:trace:winsock:WS2_sendto  -> 19 bytes
0009:trace:winsock:WS2_sendto socket 0130, wsabuf 0x32e554, nbufs 1, flags 0, to 0x2b19714, tolen 16, ovl (nil), func (nil)
0009:trace:winsock:WS2_sendto fd=39, options=20
0009:trace:winsock:WS2_sendto  -> 128 bytes
0009:trace:winsock:WS2_recv_base socket 0130, wsabuf 0x32f6e4, nbufs 1, flags 0, from 0x32f734, fromlen 16, ovl (nil), func (nil)
0009:trace:winsock:WS2_recv_base fd=39, options=20
0009:trace:winsock:WS2_recv_base  -> 10 bytes
0009:trace:winsock:WS2_recv_base socket 0130, wsabuf 0x32f6e4, nbufs 1, flags 0, from 0x32f734, fromlen 16, ovl (nil), func (nil)
0009:trace:winsock:WS2_recv_base fd=39, options=20
0009:trace:winsock:WS2_recv_base  -> 24 bytes
0009:trace:winsock:WS2_recv_base socket 0130, wsabuf 0x32f6e4, nbufs 1, flags 0, from 0x32f734, fromlen 16, ovl (nil), func (nil)
0009:trace:winsock:WS2_recv_base fd=39, options=20
0009:trace:winsock:WS2_recv_base  -> 95 bytes
0009:trace:winsock:WS2_recv_base socket 0130, wsabuf 0x32f6e4, nbufs 1, flags 0, from 0x32f734, fromlen 16, ovl (nil), func (nil)
0009:trace:winsock:WS2_recv_base fd=39, options=20
0009:trace:winsock:WS2_recv_base  -> 12 bytes
0009:trace:winsock:WS2_sendto socket 0130, wsabuf 0x32ef34, nbufs 1, flags 0, to 0x6cdb194, tolen 16, ovl (nil), func (nil)
0009:trace:winsock:WS2_sendto fd=39, options=20
0009:trace:winsock:WS2_sendto  -> 12 bytes
0009:trace:winsock:WS2_recv_base socket 0130, wsabuf 0x32f6e4, nbufs 1, flags 0, from 0x32f734, fromlen 16, ovl (nil), func (nil)
0009:trace:winsock:WS2_recv_base fd=39, options=20
0009:trace:winsock:WS2_recv_base  -> 16 bytes
0009:trace:winsock:WS2_sendto socket 0130, wsabuf 0x32f964, nbufs 1, flags 0, to 0x6cdb194, tolen 16, ovl (nil), func (nil)
0009:trace:winsock:WS2_sendto fd=39, options=20
0009:trace:winsock:WS2_sendto  -> 22 bytes
0009:trace:winsock:WS2_sendto socket 0130, wsabuf 0x32f964, nbufs 1, flags 0, to 0x6cdb194, tolen 16, ovl (nil), func (nil)
0009:trace:winsock:WS2_sendto fd=39, options=20
0009:trace:winsock:WS2_sendto  -> 22 bytes
0009:trace:winsock:WS2_sendto socket 0130, wsabuf 0x32f9c4, nbufs 1, flags 0, to 0x6cdb194, tolen 16, ovl (nil), func (nil)
0009:trace:winsock:WS2_sendto fd=39, options=20
0009:trace:winsock:WS2_sendto  -> 12 bytes
0009:trace:winsock:WS2_recv_base socket 0130, wsabuf 0x32f6e4, nbufs 1, flags 0, from 0x32f734, fromlen 16, ovl (nil), func (nil)
0009:trace:winsock:WS2_recv_base fd=39, options=20
0009:trace:winsock:WS2_recv_base  -> 12 bytes
0009:trace:winsock:WS2_sendto socket 0130, wsabuf 0x32f5e4, nbufs 1, flags 0, to 0x6cdb194, tolen 16, ovl (nil), func (nil)
0009:trace:winsock:WS2_sendto fd=39, options=20
0009:trace:winsock:WS2_sendto  -> 10 bytes
0009:trace:winsock:WS2_sendto socket 0130, wsabuf 0x32f964, nbufs 1, flags 0, to 0x6cdb194, tolen 16, ovl (nil), func (nil)
0009:trace:winsock:WS2_sendto fd=39, options=20
0009:trace:winsock:WS2_sendto  -> 16 bytes
0009:trace:winsock:WS2_sendto socket 0130, wsabuf 0x32f964, nbufs 1, flags 0, to 0x6cdb194, tolen 16, ovl (nil), func (nil)
0009:trace:winsock:WS2_sendto fd=39, options=20
0009:trace:winsock:WS2_sendto  -> 16 bytes
0009:trace:winsock:WS2_recv_base socket 0130, wsabuf 0x32f6e4, nbufs 1, flags 0, from 0x32f734, fromlen 16, ovl (nil), func (nil)
0009:trace:winsock:WS2_recv_base fd=39, options=20
0009:trace:winsock:WS2_recv_base  -> 10 bytes
0009:trace:winsock:WS2_sendto socket 0130, wsabuf 0x32f5e4, nbufs 1, flags 0, to 0x6cdb194, tolen 16, ovl (nil), func (nil)
0009:trace:winsock:WS2_sendto fd=39, options=20
0009:trace:winsock:WS2_sendto  -> 10 bytes
0009:trace:winsock:WS2_recv_base socket 0130, wsabuf 0x32f6e4, nbufs 1, flags 0, from 0x32f734, fromlen 16, ovl (nil), func (nil)
0009:trace:winsock:WS2_recv_base fd=39, options=20
0009:trace:winsock:WS2_recv_base  -> 10 bytes
0009:trace:winsock:WS2_recv_base socket 0130, wsabuf 0x32f6e4, nbufs 1, flags 0, from 0x32f734, fromlen 16, ovl (nil), func (nil)
0009:trace:winsock:WS2_recv_base fd=39, options=20
0009:trace:winsock:WS2_recv_base  -> 16 bytes
0009:trace:winsock:WS2_sendto socket 0130, wsabuf 0x32f5e4, nbufs 1, flags 0, to 0x6cdb194, tolen 16, ovl (nil), func (nil)
0009:trace:winsock:WS2_sendto fd=39, options=20
0009:trace:winsock:WS2_sendto  -> 10 bytes
0009:trace:winsock:WS2_recv_base socket 0130, wsabuf 0x32f6e4, nbufs 1, flags 0, from 0x32f734, fromlen 16, ovl (nil), func (nil)
0009:trace:winsock:WS2_recv_base fd=39, options=20
0009:trace:winsock:WS2_recv_base  -> 22 bytes
0009:trace:winsock:WS2_recv_base socket 0130, wsabuf 0x32f6e4, nbufs 1, flags 0, from 0x32f734, fromlen 16, ovl (nil), func (nil)
0009:trace:winsock:WS2_recv_base fd=39, options=20
0009:trace:winsock:WS2_recv_base  -> 28 bytes
0009:trace:winsock:WS2_recv_base socket 0130, wsabuf 0x32f6e4, nbufs 1, flags 0, from 0x32f734, fromlen 16, ovl (nil), func (nil)
0009:trace:winsock:WS2_recv_base fd=39, options=20
0009:trace:winsock:WS2_recv_base  -> 10 bytes
0009:trace:winsock:WS2_sendto socket 0130, wsabuf 0x32f5e4, nbufs 1, flags 0, to 0x6cdb194, tolen 16, ovl (nil), func (nil)
0009:trace:winsock:WS2_sendto fd=39, options=20
0009:trace:winsock:WS2_sendto  -> 10 bytes
0009:trace:winsock:WS2_recv_base socket 0130, wsabuf 0x32f6e4, nbufs 1, flags 0, from 0x32f734, fromlen 16, ovl (nil), func (nil)
0009:trace:winsock:WS2_recv_base fd=39, options=20
0009:trace:winsock:WS2_recv_base  -> 10 bytes
0009:trace:winsock:WS2_sendto socket 0130, wsabuf 0x32f5e4, nbufs 1, flags 0, to 0x6cdb194, tolen 16, ovl (nil), func (nil)
0009:trace:winsock:WS2_sendto fd=39, options=20
0009:trace:winsock:WS2_sendto  -> 10 bytes
0009:trace:winsock:WS2_recv_base socket 0130, wsabuf 0x32f6e4, nbufs 1, flags 0, from 0x32f734, fromlen 16, ovl (nil), func (nil)
0009:trace:winsock:WS2_recv_base fd=39, options=20
0009:trace:winsock:WS2_recv_base  -> 10 bytes
0009:trace:winsock:WS2_sendto socket 0130, wsabuf 0x32f5e4, nbufs 1, flags 0, to 0x6cdb194, tolen 16, ovl (nil), func (nil)
0009:trace:winsock:WS2_sendto fd=39, options=20
0009:trace:winsock:WS2_sendto  -> 10 bytes
0009:trace:winsock:WS2_recv_base socket 0130, wsabuf 0x32f6e4, nbufs 1, flags 0, from 0x32f734, fromlen 16, ovl (nil), func (nil)
0009:trace:winsock:WS2_recv_base fd=39, options=20
0009:trace:winsock:WS2_recv_base  -> 10 bytes
0009:trace:winsock:WS2_recv_base socket 0130, wsabuf 0x32f6e4, nbufs 1, flags 0, from 0x32f734, fromlen 16, ovl (nil), func (nil)
0009:trace:winsock:WS2_recv_base fd=39, options=20
0009:trace:winsock:WS2_recv_base  -> 12 bytes
0009:trace:winsock:WS2_sendto socket 0130, wsabuf 0x32ef34, nbufs 1, flags 0, to 0x6cdb194, tolen 16, ovl (nil), func (nil)
0009:trace:winsock:WS2_sendto fd=39, options=20
0009:trace:winsock:WS2_sendto  -> 12 bytes
0009:trace:winsock:WS2_recv_base socket 0130, wsabuf 0x32f6e4, nbufs 1, flags 0, from 0x32f734, fromlen 16, ovl (nil), func (nil)
0009:trace:winsock:WS2_recv_base fd=39, options=20
0009:trace:winsock:WS2_recv_base  -> 16 bytes
0009:trace:winsock:WS2_sendto socket 0130, wsabuf 0x32f5e4, nbufs 1, flags 0, to 0x6cdb194, tolen 16, ovl (nil), func (nil)
0009:trace:winsock:WS2_sendto fd=39, options=20
0009:trace:winsock:WS2_sendto  -> 10 bytes
0009:trace:winsock:WS2_sendto socket 0130, wsabuf 0x32f964, nbufs 1, flags 0, to 0x6cdb194, tolen 16, ovl (nil), func (nil)
0009:trace:winsock:WS2_sendto fd=39, options=20
0009:trace:winsock:WS2_sendto  -> 16 bytes
0009:trace:winsock:WS2_sendto socket 0130, wsabuf 0x32f964, nbufs 1, flags 0, to 0x6cdb194, tolen 16, ovl (nil), func (nil)
0009:trace:winsock:WS2_sendto fd=39, options=20
0009:trace:winsock:WS2_sendto  -> 16 bytes
0009:trace:winsock:WS2_sendto socket 0130, wsabuf 0x32f9c4, nbufs 1, flags 0, to 0x6cdb194, tolen 16, ovl (nil), func (nil)
0009:trace:winsock:WS2_sendto fd=39, options=20
0009:trace:winsock:WS2_sendto  -> 12 bytes
0009:trace:winsock:WS2_recv_base socket 0130, wsabuf 0x32f6e4, nbufs 1, flags 0, from 0x32f734, fromlen 16, ovl (nil), func (nil)
0009:trace:winsock:WS2_recv_base fd=39, options=20
0009:trace:winsock:WS2_recv_base  -> 12 bytes
0009:trace:winsock:WS2_recv_base socket 0130, wsabuf 0x32f6e4, nbufs 1, flags 0, from 0x32f734, fromlen 16, ovl (nil), func (nil)
0009:trace:winsock:WS2_recv_base fd=39, options=20
0009:trace:winsock:WS2_recv_base  -> 10 bytes
0009:trace:winsock:WS2_sendto socket 0130, wsabuf 0x32f5e4, nbufs 1, flags 0, to 0x6cdb194, tolen 16, ovl (nil), func (nil)
0009:trace:winsock:WS2_sendto fd=39, options=20
0009:trace:winsock:WS2_sendto  -> 10 bytes
0009:trace:winsock:WS2_recv_base socket 0130, wsabuf 0x32f6e4, nbufs 1, flags 0, from 0x32f734, fromlen 16, ovl (nil), func (nil)
0009:trace:winsock:WS2_recv_base fd=39, options=20
0009:trace:winsock:WS2_recv_base  -> 10 bytes
0009:trace:winsock:WS2_recv_base socket 0130, wsabuf 0x32f6e4, nbufs 1, flags 0, from 0x32f734, fromlen 16, ovl (nil), func (nil)
0009:trace:winsock:WS2_recv_base fd=39, options=20
0009:trace:winsock:WS2_recv_base  -> 12 bytes
0009:trace:winsock:WS2_sendto socket 0130, wsabuf 0x32ef34, nbufs 1, flags 0, to 0x6cdb194, tolen 16, ovl (nil), func (nil)
0009:trace:winsock:WS2_sendto fd=39, options=20
0009:trace:winsock:WS2_sendto  -> 12 bytes
0009:trace:winsock:WS2_recv_base socket 0130, wsabuf 0x32f6e4, nbufs 1, flags 0, from 0x32f734, fromlen 16, ovl (nil), func (nil)
0009:trace:winsock:WS2_recv_base fd=39, options=20
0009:trace:winsock:WS2_recv_base  -> 16 bytes
0009:trace:winsock:WS2_sendto socket 0130, wsabuf 0x32f5e4, nbufs 1, flags 0, to 0x6cdb194, tolen 16, ovl (nil), func (nil)
0009:trace:winsock:WS2_sendto fd=39, options=20
0009:trace:winsock:WS2_sendto  -> 10 bytes
0009:trace:winsock:WS2_sendto socket 0130, wsabuf 0x32f9c4, nbufs 1, flags 0, to 0x6cdb194, tolen 16, ovl (nil), func (nil)
0009:trace:winsock:WS2_sendto fd=39, options=20
0009:trace:winsock:WS2_sendto  -> 12 bytes
0009:trace:winsock:WS2_recv_base socket 0130, wsabuf 0x32f6e4, nbufs 1, flags 0, from 0x32f734, fromlen 16, ovl (nil), func (nil)
0009:trace:winsock:WS2_recv_base fd=39, options=20
0009:trace:winsock:WS2_recv_base  -> 12 bytes
0009:trace:winsock:WS2_recv_base socket 0130, wsabuf 0x32f6e4, nbufs 1, flags 0, from 0x32f734, fromlen 16, ovl (nil), func (nil)
0009:trace:winsock:WS2_recv_base fd=39, options=20
0009:trace:winsock:WS2_recv_base  -> 10 bytes
0009:trace:winsock:WS2_sendto socket 0130, wsabuf 0x32f5e4, nbufs 1, flags 0, to 0x6cdb194, tolen 16, ovl (nil), func (nil)
0009:trace:winsock:WS2_sendto fd=39, options=20
0009:trace:winsock:WS2_sendto  -> 10 bytes
0009:trace:winsock:WS2_recv_base socket 0130, wsabuf 0x32f6e4, nbufs 1, flags 0, from 0x32f734, fromlen 16, ovl (nil), func (nil)
0009:trace:winsock:WS2_recv_base fd=39, options=20
0009:trace:winsock:WS2_recv_base  -> 10 bytes
0009:trace:winsock:WS2_sendto socket 0130, wsabuf 0x32f5e4, nbufs 1, flags 0, to 0x6cdb194, tolen 16, ovl (nil), func (nil)
0009:trace:winsock:WS2_sendto fd=39, options=20
0009:trace:winsock:WS2_sendto  -> 10 bytes
0009:trace:winsock:WS2_recv_base socket 0130, wsabuf 0x32f6e4, nbufs 1, flags 0, from 0x32f734, fromlen 16, ovl (nil), func (nil)
0009:trace:winsock:WS2_recv_base fd=39, options=20
0009:trace:winsock:WS2_recv_base  -> 10 bytes
0009:trace:winsock:WS2_sendto socket 0130, wsabuf 0x32f5e4, nbufs 1, flags 0, to 0x6cdb194, tolen 16, ovl (nil), func (nil)
0009:trace:winsock:WS2_sendto fd=39, options=20
0009:trace:winsock:WS2_sendto  -> 10 bytes
0009:trace:winsock:WS2_recv_base socket 0130, wsabuf 0x32f6e4, nbufs 1, flags 0, from 0x32f734, fromlen 16, ovl (nil), func (nil)
0009:trace:winsock:WS2_recv_base fd=39, options=20
0009:trace:winsock:WS2_recv_base  -> 10 bytes
0009:trace:winsock:WS2_sendto socket 0130, wsabuf 0x32f5e4, nbufs 1, flags 0, to 0x6cdb194, tolen 16, ovl (nil), func (nil)
0009:trace:winsock:WS2_sendto fd=39, options=20
0009:trace:winsock:WS2_sendto  -> 10 bytes
0009:trace:winsock:WS2_recv_base socket 0130, wsabuf 0x32f6e4, nbufs 1, flags 0, from 0x32f734, fromlen 16, ovl (nil), func (nil)
0009:trace:winsock:WS2_recv_base fd=39, options=20
0009:trace:winsock:WS2_recv_base  -> 16 bytes
0009:trace:winsock:WS2_sendto socket 0130, wsabuf 0x32f964, nbufs 1, flags 0, to 0x6cdb194, tolen 16, ovl (nil), func (nil)
0009:trace:winsock:WS2_sendto fd=39, options=20
0009:trace:winsock:WS2_sendto  -> 16 bytes
0009:trace:winsock:WS2_sendto socket 0130, wsabuf 0x32f964, nbufs 1, flags 0, to 0x6cdb194, tolen 16, ovl (nil), func (nil)
0009:trace:winsock:WS2_sendto fd=39, options=20
0009:trace:winsock:WS2_sendto  -> 16 bytes
0009:trace:winsock:WS2_recv_base socket 0130, wsabuf 0x32f6e4, nbufs 1, flags 0, from 0x32f734, fromlen 16, ovl (nil), func (nil)
0009:trace:winsock:WS2_recv_base fd=39, options=20
0009:trace:winsock:WS2_recv_base  -> 10 bytes
0009:trace:winsock:WS2_recv_base socket 0130, wsabuf 0x32f6e4, nbufs 1, flags 0, from 0x32f734, fromlen 16, ovl (nil), func (nil)
0009:trace:winsock:WS2_recv_base fd=39, options=20
0009:trace:winsock:WS2_recv_base  -> 10 bytes
0009:trace:winsock:WS2_sendto socket 0130, wsabuf 0x32f5e4, nbufs 1, flags 0, to 0x6cdb194, tolen 16, ovl (nil), func (nil)
0009:trace:winsock:WS2_sendto fd=39, options=20
0009:trace:winsock:WS2_sendto  -> 10 bytes
0009:trace:winsock:WS2_recv_base socket 0130, wsabuf 0x32f6e4, nbufs 1, flags 0, from 0x32f734, fromlen 16, ovl (nil), func (nil)
0009:trace:winsock:WS2_recv_base fd=39, options=20
0009:trace:winsock:WS2_recv_base  -> 12 bytes
0009:trace:winsock:WS2_sendto socket 0130, wsabuf 0x32ef34, nbufs 1, flags 0, to 0x6cdb194, tolen 16, ovl (nil), func (nil)
0009:trace:winsock:WS2_sendto fd=39, options=20
0009:trace:winsock:WS2_sendto  -> 12 bytes
0009:trace:winsock:WS2_recv_base socket 0130, wsabuf 0x32f6e4, nbufs 1, flags 0, from 0x32f734, fromlen 16, ovl (nil), func (nil)
0009:trace:winsock:WS2_recv_base fd=39, options=20
0009:trace:winsock:WS2_recv_base  -> 16 bytes
0009:trace:winsock:WS2_sendto socket 0130, wsabuf 0x32f5e4, nbufs 1, flags 0, to 0x6cdb194, tolen 16, ovl (nil), func (nil)
0009:trace:winsock:WS2_sendto fd=39, options=20
0009:trace:winsock:WS2_sendto  -> 10 bytes
0009:trace:winsock:WS2_sendto socket 0130, wsabuf 0x32f9c4, nbufs 1, flags 0, to 0x6cdb194, tolen 16, ovl (nil), func (nil)
0009:trace:winsock:WS2_sendto fd=39, options=20
0009:trace:winsock:WS2_sendto  -> 12 bytes
0009:trace:winsock:WS2_recv_base socket 0130, wsabuf 0x32f6e4, nbufs 1, flags 0, from 0x32f734, fromlen 16, ovl (nil), func (nil)
0009:trace:winsock:WS2_recv_base fd=39, options=20
0009:trace:winsock:WS2_recv_base  -> 12 bytes
0009:trace:winsock:WS2_recv_base socket 0130, wsabuf 0x32f6e4, nbufs 1, flags 0, from 0x32f734, fromlen 16, ovl (nil), func (nil)
0009:trace:winsock:WS2_recv_base fd=39, options=20
0009:trace:winsock:WS2_recv_base  -> 10 bytes
0009:trace:winsock:WS2_recv_base socket 0130, wsabuf 0x32f6e4, nbufs 1, flags 0, from 0x32f734, fromlen 16, ovl (nil), func (nil)
0009:trace:winsock:WS2_recv_base fd=39, options=20
0009:trace:winsock:WS2_recv_base  -> 10 bytes
0009:trace:winsock:WS2_sendto socket 0130, wsabuf 0x32f5e4, nbufs 1, flags 0, to 0x6cdb194, tolen 16, ovl (nil), func (nil)
0009:trace:winsock:WS2_sendto fd=39, options=20
0009:trace:winsock:WS2_sendto  -> 10 bytes
0009:trace:winsock:WS2_recv_base socket 0130, wsabuf 0x32f6e4, nbufs 1, flags 0, from 0x32f734, fromlen 16, ovl (nil), func (nil)
0009:trace:winsock:WS2_recv_base fd=39, options=20
0009:trace:winsock:WS2_recv_base  -> 12 bytes
0009:trace:winsock:WS2_sendto socket 0130, wsabuf 0x32ef34, nbufs 1, flags 0, to 0x6cdb194, tolen 16, ovl (nil), func (nil)
0009:trace:winsock:WS2_sendto fd=39, options=20
0009:trace:winsock:WS2_sendto  -> 12 bytes
0009:trace:winsock:WS2_sendto socket 0130, wsabuf 0x32f5e4, nbufs 1, flags 0, to 0x6cdb194, tolen 16, ovl (nil), func (nil)
0009:trace:winsock:WS2_sendto fd=39, options=20
0009:trace:winsock:WS2_sendto  -> 10 bytes
0009:trace:winsock:WS2_sendto socket 0130, wsabuf 0x32f9c4, nbufs 1, flags 0, to 0x6cdb194, tolen 16, ovl (nil), func (nil)
0009:trace:winsock:WS2_sendto fd=39, options=20
0009:trace:winsock:WS2_sendto  -> 12 bytes
0009:trace:winsock:WS2_recv_base socket 0130, wsabuf 0x32f6e4, nbufs 1, flags 0, from 0x32f734, fromlen 16, ovl (nil), func (nil)
0009:trace:winsock:WS2_recv_base fd=39, options=20
0009:trace:winsock:WS2_recv_base  -> 12 bytes
0009:trace:winsock:WS2_recv_base socket 0130, wsabuf 0x32f6e4, nbufs 1, flags 0, from 0x32f734, fromlen 16, ovl (nil), func (nil)
0009:trace:winsock:WS2_recv_base fd=39, options=20
0009:trace:winsock:WS2_recv_base  -> 10 bytes
0009:trace:winsock:WS2_sendto socket 0130, wsabuf 0x32f5e4, nbufs 1, flags 0, to 0x6cdb194, tolen 16, ovl (nil), func (nil)
0009:trace:winsock:WS2_sendto fd=39, options=20
0009:trace:winsock:WS2_sendto  -> 10 bytes
0009:trace:winsock:WS2_recv_base socket 0130, wsabuf 0x32f6e4, nbufs 1, flags 0, from 0x32f734, fromlen 16, ovl (nil), func (nil)
0009:trace:winsock:WS2_recv_base fd=39, options=20
0009:trace:winsock:WS2_recv_base  -> 10 bytes
0009:trace:winsock:WS2_sendto socket 0130, wsabuf 0x32f5e4, nbufs 1, flags 0, to 0x6cdb194, tolen 16, ovl (nil), func (nil)
0009:trace:winsock:WS2_sendto fd=39, options=20
0009:trace:winsock:WS2_sendto  -> 10 bytes
0009:trace:winsock:WS2_recv_base socket 0130, wsabuf 0x32f6e4, nbufs 1, flags 0, from 0x32f734, fromlen 16, ovl (nil), func (nil)
0009:trace:winsock:WS2_recv_base fd=39, options=20
0009:trace:winsock:WS2_recv_base  -> 16 bytes
0009:trace:winsock:WS2_sendto socket 0130, wsabuf 0x32f964, nbufs 1, flags 0, to 0x6cdb194, tolen 16, ovl (nil), func (nil)
0009:trace:winsock:WS2_sendto fd=39, options=20
0009:trace:winsock:WS2_sendto  -> 16 bytes
0009:trace:winsock:WS2_sendto socket 0130, wsabuf 0x32f964, nbufs 1, flags 0, to 0x6cdb194, tolen 16, ovl (nil), func (nil)
0009:trace:winsock:WS2_sendto fd=39, options=20
0009:trace:winsock:WS2_sendto  -> 16 bytes
0009:trace:winsock:WS2_recv_base socket 0130, wsabuf 0x32f6e4, nbufs 1, flags 0, from 0x32f734, fromlen 16, ovl (nil), func (nil)
0009:trace:winsock:WS2_recv_base fd=39, options=20
0009:trace:winsock:WS2_recv_base  -> 10 bytes
0009:trace:winsock:WS2_sendto socket 0130, wsabuf 0x32f5e4, nbufs 1, flags 0, to 0x6cdb194, tolen 16, ovl (nil), func (nil)
0009:trace:winsock:WS2_sendto fd=39, options=20
0009:trace:winsock:WS2_sendto  -> 10 bytes
0009:trace:winsock:WS2_recv_base socket 0130, wsabuf 0x32f6e4, nbufs 1, flags 0, from 0x32f734, fromlen 16, ovl (nil), func (nil)
0009:trace:winsock:WS2_recv_base fd=39, options=20
0009:trace:winsock:WS2_recv_base  -> 10 bytes
0009:trace:winsock:WS2_sendto socket 0130, wsabuf 0x32f5e4, nbufs 1, flags 0, to 0x6cdb194, tolen 16, ovl (nil), func (nil)
0009:trace:winsock:WS2_sendto fd=39, options=20
0009:trace:winsock:WS2_sendto  -> 10 bytes
0009:trace:winsock:WS2_recv_base socket 0130, wsabuf 0x32f6e4, nbufs 1, flags 0, from 0x32f734, fromlen 16, ovl (nil), func (nil)
0009:trace:winsock:WS2_recv_base fd=39, options=20
0009:trace:winsock:WS2_recv_base  -> 16 bytes
0009:trace:winsock:WS2_recv_base socket 0130, wsabuf 0x32f6e4, nbufs 1, flags 0, from 0x32f734, fromlen 16, ovl (nil), func (nil)
0009:trace:winsock:WS2_recv_base fd=39, options=20
0009:trace:winsock:WS2_recv_base  -> 10 bytes
0009:trace:winsock:WS2_sendto socket 0130, wsabuf 0x32f5e4, nbufs 1, flags 0, to 0x6cdb194, tolen 16, ovl (nil), func (nil)
0009:trace:winsock:WS2_sendto fd=39, options=20
0009:trace:winsock:WS2_sendto  -> 10 bytes
0009:trace:winsock:WS2_recv_base socket 0130, wsabuf 0x32f6e4, nbufs 1, flags 0, from 0x32f734, fromlen 16, ovl (nil), func (nil)
0009:trace:winsock:WS2_recv_base fd=39, options=20
0009:trace:winsock:WS2_recv_base  -> 10 bytes
0009:trace:winsock:WS2_recv_base socket 0130, wsabuf 0x32f6e4, nbufs 1, flags 0, from 0x32f734, fromlen 16, ovl (nil), func (nil)
0009:trace:winsock:WS2_recv_base fd=39, options=20
0009:trace:winsock:WS2_recv_base  -> 12 bytes
0009:trace:winsock:WS2_sendto socket 0130, wsabuf 0x32ef34, nbufs 1, flags 0, to 0x6cdb194, tolen 16, ovl (nil), func (nil)
0009:trace:winsock:WS2_sendto fd=39, options=20
0009:trace:winsock:WS2_sendto  -> 12 bytes
0009:trace:winsock:WS2_sendto socket 0130, wsabuf 0x32f5e4, nbufs 1, flags 0, to 0x6cdb194, tolen 16, ovl (nil), func (nil)
0009:trace:winsock:WS2_sendto fd=39, options=20
0009:trace:winsock:WS2_sendto  -> 10 bytes
0009:trace:winsock:WS2_sendto socket 0130, wsabuf 0x32f9c4, nbufs 1, flags 0, to 0x6cdb194, tolen 16, ovl (nil), func (nil)
0009:trace:winsock:WS2_sendto fd=39, options=20
0009:trace:winsock:WS2_sendto  -> 12 bytes
0009:trace:winsock:WS2_recv_base socket 0130, wsabuf 0x32f6e4, nbufs 1, flags 0, from 0x32f734, fromlen 16, ovl (nil), func (nil)
0009:trace:winsock:WS2_recv_base fd=39, options=20
0009:trace:winsock:WS2_recv_base  -> 12 bytes
0009:trace:winsock:WS2_recv_base socket 0130, wsabuf 0x32f6e4, nbufs 1, flags 0, from 0x32f734, fromlen 16, ovl (nil), func (nil)
0009:trace:winsock:WS2_recv_base fd=39, options=20
0009:trace:winsock:WS2_recv_base  -> 10 bytes
0009:trace:winsock:WS2_sendto socket 0130, wsabuf 0x32f5e4, nbufs 1, flags 0, to 0x6cdb194, tolen 16, ovl (nil), func (nil)
0009:trace:winsock:WS2_sendto fd=39, options=20
0009:trace:winsock:WS2_sendto  -> 10 bytes
0009:trace:winsock:WS2_recv_base socket 0130, wsabuf 0x32f6e4, nbufs 1, flags 0, from 0x32f734, fromlen 16, ovl (nil), func (nil)
0009:trace:winsock:WS2_recv_base fd=39, options=20
0009:trace:winsock:WS2_recv_base  -> 10 bytes
0009:trace:winsock:WS2_recv_base socket 0130, wsabuf 0x32f6e4, nbufs 1, flags 0, from 0x32f734, fromlen 16, ovl (nil), func (nil)
0009:trace:winsock:WS2_recv_base fd=39, options=20
0009:trace:winsock:WS2_recv_base  -> 12 bytes
0009:trace:winsock:WS2_sendto socket 0130, wsabuf 0x32ef34, nbufs 1, flags 0, to 0x6cdb194, tolen 16, ovl (nil), func (nil)
0009:trace:winsock:WS2_sendto fd=39, options=20
0009:trace:winsock:WS2_sendto  -> 12 bytes
0009:trace:winsock:WS2_sendto socket 0130, wsabuf 0x32f5e4, nbufs 1, flags 0, to 0x6cdb194, tolen 16, ovl (nil), func (nil)
0009:trace:winsock:WS2_sendto fd=39, options=20
0009:trace:winsock:WS2_sendto  -> 10 bytes
0009:trace:winsock:WS2_sendto socket 0130, wsabuf 0x32f9c4, nbufs 1, flags 0, to 0x6cdb194, tolen 16, ovl (nil), func (nil)
0009:trace:winsock:WS2_sendto fd=39, options=20
0009:trace:winsock:WS2_sendto  -> 12 bytes
0009:trace:winsock:WS2_recv_base socket 0130, wsabuf 0x32f6e4, nbufs 1, flags 0, from 0x32f734, fromlen 16, ovl (nil), func (nil)
0009:trace:winsock:WS2_recv_base fd=39, options=20
0009:trace:winsock:WS2_recv_base  -> 12 bytes
0009:trace:winsock:WS2_recv_base socket 0130, wsabuf 0x32f6e4, nbufs 1, flags 0, from 0x32f734, fromlen 16, ovl (nil), func (nil)
0009:trace:winsock:WS2_recv_base fd=39, options=20
0009:trace:winsock:WS2_recv_base  -> 16 bytes
0009:trace:winsock:WS2_sendto socket 0130, wsabuf 0x32f964, nbufs 1, flags 0, to 0x6cdb194, tolen 16, ovl (nil), func (nil)
0009:trace:winsock:WS2_sendto fd=39, options=20
0009:trace:winsock:WS2_sendto  -> 16 bytes
0009:trace:winsock:WS2_sendto socket 0130, wsabuf 0x32f964, nbufs 1, flags 0, to 0x6cdb194, tolen 16, ovl (nil), func (nil)
0009:trace:winsock:WS2_sendto fd=39, options=20
0009:trace:winsock:WS2_sendto  -> 16 bytes
0009:trace:winsock:WS2_recv_base socket 0130, wsabuf 0x32f6e4, nbufs 1, flags 0, from 0x32f734, fromlen 16, ovl (nil), func (nil)
0009:trace:winsock:WS2_recv_base fd=39, options=20
0009:trace:winsock:WS2_recv_base  -> 10 bytes
0009:trace:winsock:WS2_sendto socket 0130, wsabuf 0x32f5e4, nbufs 1, flags 0, to 0x6cdb194, tolen 16, ovl (nil), func (nil)
0009:trace:winsock:WS2_sendto fd=39, options=20
0009:trace:winsock:WS2_sendto  -> 10 bytes
0009:trace:winsock:WS2_recv_base socket 0130, wsabuf 0x32f6e4, nbufs 1, flags 0, from 0x32f734, fromlen 16, ovl (nil), func (nil)
0009:trace:winsock:WS2_recv_base fd=39, options=20
0009:trace:winsock:WS2_recv_base  -> 10 bytes
0009:trace:winsock:WS2_sendto socket 0130, wsabuf 0x32f5e4, nbufs 1, flags 0, to 0x6cdb194, tolen 16, ovl (nil), func (nil)
0009:trace:winsock:WS2_sendto fd=39, options=20
0009:trace:winsock:WS2_sendto  -> 10 bytes
0009:trace:winsock:WS2_recv_base socket 0130, wsabuf 0x32f6e4, nbufs 1, flags 0, from 0x32f734, fromlen 16, ovl (nil), func (nil)
0009:trace:winsock:WS2_recv_base fd=39, options=20
0009:trace:winsock:WS2_recv_base  -> 16 bytes
0009:trace:winsock:WS2_recv_base socket 0130, wsabuf 0x32f6e4, nbufs 1, flags 0, from 0x32f734, fromlen 16, ovl (nil), func (nil)
0009:trace:winsock:WS2_recv_base fd=39, options=20
0009:trace:winsock:WS2_recv_base  -> 10 bytes
0009:trace:winsock:WS2_sendto socket 0130, wsabuf 0x32f5e4, nbufs 1, flags 0, to 0x6cdb194, tolen 16, ovl (nil), func (nil)
0009:trace:winsock:WS2_sendto fd=39, options=20
0009:trace:winsock:WS2_sendto  -> 10 bytes
0009:trace:winsock:WS2_recv_base socket 0130, wsabuf 0x32f6e4, nbufs 1, flags 0, from 0x32f734, fromlen 16, ovl (nil), func (nil)
0009:trace:winsock:WS2_recv_base fd=39, options=20
0009:trace:winsock:WS2_recv_base  -> 10 bytes
0009:trace:winsock:WS2_sendto socket 0130, wsabuf 0x32f5e4, nbufs 1, flags 0, to 0x6cdb194, tolen 16, ovl (nil), func (nil)
0009:trace:winsock:WS2_sendto fd=39, options=20
0009:trace:winsock:WS2_sendto  -> 10 bytes
0009:trace:winsock:WS2_recv_base socket 0130, wsabuf 0x32f6e4, nbufs 1, flags 0, from 0x32f734, fromlen 16, ovl (nil), func (nil)
0009:trace:winsock:WS2_recv_base fd=39, options=20
0009:trace:winsock:WS2_recv_base  -> 10 bytes
0009:trace:winsock:WS2_sendto socket 0130, wsabuf 0x32f5e4, nbufs 1, flags 0, to 0x6cdb194, tolen 16, ovl (nil), func (nil)
0009:trace:winsock:WS2_sendto fd=39, options=20
0009:trace:winsock:WS2_sendto  -> 10 bytes
0009:trace:winsock:WS2_recv_base socket 0130, wsabuf 0x32f6e4, nbufs 1, flags 0, from 0x32f734, fromlen 16, ovl (nil), func (nil)
0009:trace:winsock:WS2_recv_base fd=39, options=20
0009:trace:winsock:WS2_recv_base  -> 10 bytes
0009:trace:winsock:WS2_recv_base socket 0130, wsabuf 0x32f6e4, nbufs 1, flags 0, from 0x32f734, fromlen 16, ovl (nil), func (nil)
0009:trace:winsock:WS2_recv_base fd=39, options=20
0009:trace:winsock:WS2_recv_base  -> 12 bytes
0009:trace:winsock:WS2_sendto socket 0130, wsabuf 0x32ef34, nbufs 1, flags 0, to 0x6cdb194, tolen 16, ovl (nil), func (nil)
0009:trace:winsock:WS2_sendto fd=39, options=20
0009:trace:winsock:WS2_sendto  -> 12 bytes
0009:trace:winsock:WS2_sendto socket 0130, wsabuf 0x32f5e4, nbufs 1, flags 0, to 0x6cdb194, tolen 16, ovl (nil), func (nil)
0009:trace:winsock:WS2_sendto fd=39, options=20
0009:trace:winsock:WS2_sendto  -> 10 bytes
0009:trace:winsock:WS2_sendto socket 0130, wsabuf 0x32f9c4, nbufs 1, flags 0, to 0x6cdb194, tolen 16, ovl (nil), func (nil)
0009:trace:winsock:WS2_sendto fd=39, options=20
0009:trace:winsock:WS2_sendto  -> 12 bytes
0009:trace:winsock:WS2_recv_base socket 0130, wsabuf 0x32f6e4, nbufs 1, flags 0, from 0x32f734, fromlen 16, ovl (nil), func (nil)
0009:trace:winsock:WS2_recv_base fd=39, options=20
0009:trace:winsock:WS2_recv_base  -> 12 bytes
0009:trace:winsock:WS2_recv_base socket 0130, wsabuf 0x32f6e4, nbufs 1, flags 0, from 0x32f734, fromlen 16, ovl (nil), func (nil)
0009:trace:winsock:WS2_recv_base fd=39, options=20
0009:trace:winsock:WS2_recv_base  -> 16 bytes
0009:trace:winsock:WS2_recv_base socket 0130, wsabuf 0x32f6e4, nbufs 1, flags 0, from 0x32f734, fromlen 16, ovl (nil), func (nil)
0009:trace:winsock:WS2_recv_base fd=39, options=20
0009:trace:winsock:WS2_recv_base  -> 10 bytes
0009:trace:winsock:WS2_sendto socket 0130, wsabuf 0x32f964, nbufs 1, flags 0, to 0x6cdb194, tolen 16, ovl (nil), func (nil)
0009:trace:winsock:WS2_sendto fd=39, options=20
0009:trace:winsock:WS2_sendto  -> 16 bytes
0009:trace:winsock:WS2_sendto socket 0130, wsabuf 0x32f964, nbufs 1, flags 0, to 0x6cdb194, tolen 16, ovl (nil), func (nil)
0009:trace:winsock:WS2_sendto fd=39, options=20
0009:trace:winsock:WS2_sendto  -> 16 bytes
0009:trace:winsock:WS2_sendto socket 0130, wsabuf 0x32f5e4, nbufs 1, flags 0, to 0x6cdb194, tolen 16, ovl (nil), func (nil)
0009:trace:winsock:WS2_sendto fd=39, options=20
0009:trace:winsock:WS2_sendto  -> 10 bytes
0009:trace:winsock:WS2_recv_base socket 0130, wsabuf 0x32f6e4, nbufs 1, flags 0, from 0x32f734, fromlen 16, ovl (nil), func (nil)
0009:trace:winsock:WS2_recv_base fd=39, options=20
0009:trace:winsock:WS2_recv_base  -> 10 bytes
0009:trace:winsock:WS2_recv_base socket 0130, wsabuf 0x32f6e4, nbufs 1, flags 0, from 0x32f734, fromlen 16, ovl (nil), func (nil)
0009:trace:winsock:WS2_recv_base fd=39, options=20
0009:trace:winsock:WS2_recv_base  -> 12 bytes
0009:trace:winsock:WS2_sendto socket 0130, wsabuf 0x32ef34, nbufs 1, flags 0, to 0x6cdb194, tolen 16, ovl (nil), func (nil)
0009:trace:winsock:WS2_sendto fd=39, options=20
0009:trace:winsock:WS2_sendto  -> 12 bytes
0009:trace:winsock:WS2_recv_base socket 0130, wsabuf 0x32f6e4, nbufs 1, flags 0, from 0x32f734, fromlen 16, ovl (nil), func (nil)
0009:trace:winsock:WS2_recv_base fd=39, options=20
0009:trace:winsock:WS2_recv_base  -> 22 bytes
0009:trace:winsock:WS2_sendto socket 0130, wsabuf 0x32f5e4, nbufs 1, flags 0, to 0x6cdb194, tolen 16, ovl (nil), func (nil)
0009:trace:winsock:WS2_sendto fd=39, options=20
0009:trace:winsock:WS2_sendto  -> 10 bytes
0009:trace:winsock:WS2_sendto socket 0130, wsabuf 0x32f9c4, nbufs 1, flags 0, to 0x6cdb194, tolen 16, ovl (nil), func (nil)
0009:trace:winsock:WS2_sendto fd=39, options=20
0009:trace:winsock:WS2_sendto  -> 12 bytes
0009:trace:winsock:WS2_recv_base socket 0130, wsabuf 0x32f6e4, nbufs 1, flags 0, from 0x32f734, fromlen 16, ovl (nil), func (nil)
0009:trace:winsock:WS2_recv_base fd=39, options=20
0009:trace:winsock:WS2_recv_base  -> 12 bytes
0009:trace:winsock:WS2_recv_base socket 0130, wsabuf 0x32f6e4, nbufs 1, flags 0, from 0x32f734, fromlen 16, ovl (nil), func (nil)
0009:trace:winsock:WS2_recv_base fd=39, options=20
0009:trace:winsock:WS2_recv_base  -> 16 bytes
0009:trace:winsock:WS2_recv_base socket 0130, wsabuf 0x32f6e4, nbufs 1, flags 0, from 0x32f734, fromlen 16, ovl (nil), func (nil)
0009:trace:winsock:WS2_recv_base fd=39, options=20
0009:trace:winsock:WS2_recv_base  -> 10 bytes
0009:trace:winsock:WS2_sendto socket 0130, wsabuf 0x32f5e4, nbufs 1, flags 0, to 0x6cdb194, tolen 16, ovl (nil), func (nil)
0009:trace:winsock:WS2_sendto fd=39, options=20
0009:trace:winsock:WS2_sendto  -> 10 bytes
0009:trace:winsock:WS2_recv_base socket 0130, wsabuf 0x32f6e4, nbufs 1, flags 0, from 0x32f734, fromlen 16, ovl (nil), func (nil)
0009:trace:winsock:WS2_recv_base fd=39, options=20
0009:trace:winsock:WS2_recv_base  -> 10 bytes
0009:trace:winsock:WS2_sendto socket 0130, wsabuf 0x32f5e4, nbufs 1, flags 0, to 0x6cdb194, tolen 16, ovl (nil), func (nil)
0009:trace:winsock:WS2_sendto fd=39, options=20
0009:trace:winsock:WS2_sendto  -> 10 bytes
0009:trace:winsock:WS2_recv_base socket 0130, wsabuf 0x32f6e4, nbufs 1, flags 0, from 0x32f734, fromlen 16, ovl (nil), func (nil)
0009:trace:winsock:WS2_recv_base fd=39, options=20
0009:trace:winsock:WS2_recv_base  -> 10 bytes
0009:trace:winsock:WS2_sendto socket 0130, wsabuf 0x32f5e4, nbufs 1, flags 0, to 0x6cdb194, tolen 16, ovl (nil), func (nil)
0009:trace:winsock:WS2_sendto fd=39, options=20
0009:trace:winsock:WS2_sendto  -> 10 bytes
0009:trace:winsock:WS2_recv_base socket 0130, wsabuf 0x32f6e4, nbufs 1, flags 0, from 0x32f734, fromlen 16, ovl (nil), func (nil)
0009:trace:winsock:WS2_recv_base fd=39, options=20
0009:trace:winsock:WS2_recv_base  -> 10 bytes
0009:trace:winsock:WS2_sendto socket 0130, wsabuf 0x32f5e4, nbufs 1, flags 0, to 0x6cdb194, tolen 16, ovl (nil), func (nil)
0009:trace:winsock:WS2_sendto fd=39, options=20
0009:trace:winsock:WS2_sendto  -> 10 bytes
0009:trace:winsock:WS2_recv_base socket 0130, wsabuf 0x32f6e4, nbufs 1, flags 0, from 0x32f734, fromlen 16, ovl (nil), func (nil)
0009:trace:winsock:WS2_recv_base fd=39, options=20
0009:trace:winsock:WS2_recv_base  -> 10 bytes
0009:trace:winsock:WS2_recv_base socket 0130, wsabuf 0x32f6e4, nbufs 1, flags 0, from 0x32f734, fromlen 16, ovl (nil), func (nil)
0009:trace:winsock:WS2_recv_base fd=39, options=20
0009:trace:winsock:WS2_recv_base  -> 16 bytes
0009:trace:winsock:WS2_recv_base socket 0130, wsabuf 0x32f6e4, nbufs 1, flags 0, from 0x32f734, fromlen 16, ovl (nil), func (nil)
0009:trace:winsock:WS2_recv_base fd=39, options=20
0009:trace:winsock:WS2_recv_base  -> 10 bytes
0009:trace:winsock:WS2_sendto socket 0130, wsabuf 0x32f5e4, nbufs 1, flags 0, to 0x6cdb194, tolen 16, ovl (nil), func (nil)
0009:trace:winsock:WS2_sendto fd=39, options=20
0009:trace:winsock:WS2_sendto  -> 10 bytes
0009:trace:winsock:WS2_sendto socket 0130, wsabuf 0x32f964, nbufs 1, flags 0, to 0x6cdb194, tolen 16, ovl (nil), func (nil)
0009:trace:winsock:WS2_sendto fd=39, options=20
0009:trace:winsock:WS2_sendto  -> 16 bytes
0009:trace:winsock:WS2_sendto socket 0130, wsabuf 0x32f964, nbufs 1, flags 0, to 0x6cdb194, tolen 16, ovl (nil), func (nil)
0009:trace:winsock:WS2_sendto fd=39, options=20
0009:trace:winsock:WS2_sendto  -> 16 bytes
0009:trace:winsock:WS2_recv_base socket 0130, wsabuf 0x32f6e4, nbufs 1, flags 0, from 0x32f734, fromlen 16, ovl (nil), func (nil)
0009:trace:winsock:WS2_recv_base fd=39, options=20
0009:trace:winsock:WS2_recv_base  -> 12 bytes
0009:trace:winsock:WS2_sendto socket 0130, wsabuf 0x32ef34, nbufs 1, flags 0, to 0x6cdb194, tolen 16, ovl (nil), func (nil)
0009:trace:winsock:WS2_sendto fd=39, options=20
0009:trace:winsock:WS2_sendto  -> 12 bytes
0009:trace:winsock:WS2_sendto socket 0130, wsabuf 0x32f5e4, nbufs 1, flags 0, to 0x6cdb194, tolen 16, ovl (nil), func (nil)
0009:trace:winsock:WS2_sendto fd=39, options=20
0009:trace:winsock:WS2_sendto  -> 10 bytes
0009:trace:winsock:WS2_sendto socket 0130, wsabuf 0x32f9c4, nbufs 1, flags 0, to 0x6cdb194, tolen 16, ovl (nil), func (nil)
0009:trace:winsock:WS2_sendto fd=39, options=20
0009:trace:winsock:WS2_sendto  -> 12 bytes
0009:trace:winsock:WS2_recv_base socket 0130, wsabuf 0x32f6e4, nbufs 1, flags 0, from 0x32f734, fromlen 16, ovl (nil), func (nil)
0009:trace:winsock:WS2_recv_base fd=39, options=20
0009:trace:winsock:WS2_recv_base  -> 12 bytes
0009:trace:winsock:WS2_recv_base socket 0130, wsabuf 0x32f6e4, nbufs 1, flags 0, from 0x32f734, fromlen 16, ovl (nil), func (nil)
0009:trace:winsock:WS2_recv_base fd=39, options=20
0009:trace:winsock:WS2_recv_base  -> 16 bytes
0009:trace:winsock:WS2_recv_base socket 0130, wsabuf 0x32f6e4, nbufs 1, flags 0, from 0x32f734, fromlen 16, ovl (nil), func (nil)
0009:trace:winsock:WS2_recv_base fd=39, options=20
0009:trace:winsock:WS2_recv_base  -> 10 bytes
0009:trace:winsock:WS2_sendto socket 0130, wsabuf 0x32f5e4, nbufs 1, flags 0, to 0x6cdb194, tolen 16, ovl (nil), func (nil)
0009:trace:winsock:WS2_sendto fd=39, options=20
0009:trace:winsock:WS2_sendto  -> 10 bytes
0009:trace:winsock:WS2_recv_base socket 0130, wsabuf 0x32f6e4, nbufs 1, flags 0, from 0x32f734, fromlen 16, ovl (nil), func (nil)
0009:trace:winsock:WS2_recv_base fd=39, options=20
0009:trace:winsock:WS2_recv_base  -> 10 bytes
0009:trace:winsock:WS2_recv_base socket 0130, wsabuf 0x32f6e4, nbufs 1, flags 0, from 0x32f734, fromlen 16, ovl (nil), func (nil)
0009:trace:winsock:WS2_recv_base fd=39, options=20
0009:trace:winsock:WS2_recv_base  -> 12 bytes
0009:trace:winsock:WS2_sendto socket 0130, wsabuf 0x32ef34, nbufs 1, flags 0, to 0x6cdb194, tolen 16, ovl (nil), func (nil)
0009:trace:winsock:WS2_sendto fd=39, options=20
0009:trace:winsock:WS2_sendto  -> 12 bytes
0009:trace:winsock:WS2_sendto socket 0130, wsabuf 0x32f5e4, nbufs 1, flags 0, to 0x6cdb194, tolen 16, ovl (nil), func (nil)
0009:trace:winsock:WS2_sendto fd=39, options=20
0009:trace:winsock:WS2_sendto  -> 10 bytes
0009:trace:winsock:WS2_sendto socket 0130, wsabuf 0x32f9c4, nbufs 1, flags 0, to 0x6cdb194, tolen 16, ovl (nil), func (nil)
0009:trace:winsock:WS2_sendto fd=39, options=20
0009:trace:winsock:WS2_sendto  -> 12 bytes
0009:trace:winsock:WS2_recv_base socket 0130, wsabuf 0x32f6e4, nbufs 1, flags 0, from 0x32f734, fromlen 16, ovl (nil), func (nil)
0009:trace:winsock:WS2_recv_base fd=39, options=20
0009:trace:winsock:WS2_recv_base  -> 12 bytes
0009:trace:winsock:WS2_recv_base socket 0130, wsabuf 0x32f6e4, nbufs 1, flags 0, from 0x32f734, fromlen 16, ovl (nil), func (nil)
0009:trace:winsock:WS2_recv_base fd=39, options=20
0009:trace:winsock:WS2_recv_base  -> 10 bytes
0009:trace:winsock:WS2_sendto socket 0130, wsabuf 0x32f5e4, nbufs 1, flags 0, to 0x6cdb194, tolen 16, ovl (nil), func (nil)
0009:trace:winsock:WS2_sendto fd=39, options=20
0009:trace:winsock:WS2_sendto  -> 10 bytes
0009:trace:winsock:WS2_recv_base socket 0130, wsabuf 0x32f6e4, nbufs 1, flags 0, from 0x32f734, fromlen 16, ovl (nil), func (nil)
0009:trace:winsock:WS2_recv_base fd=39, options=20
0009:trace:winsock:WS2_recv_base  -> 10 bytes
0009:trace:winsock:WS2_sendto socket 0130, wsabuf 0x32f5e4, nbufs 1, flags 0, to 0x6cdb194, tolen 16, ovl (nil), func (nil)
0009:trace:winsock:WS2_sendto fd=39, options=20
0009:trace:winsock:WS2_sendto  -> 10 bytes
0009:trace:winsock:WS2_recv_base socket 0130, wsabuf 0x32f6e4, nbufs 1, flags 0, from 0x32f734, fromlen 16, ovl (nil), func (nil)
0009:trace:winsock:WS2_recv_base fd=39, options=20
0009:trace:winsock:WS2_recv_base  -> 10 bytes
0009:trace:winsock:WS2_sendto socket 0130, wsabuf 0x32f5e4, nbufs 1, flags 0, to 0x6cdb194, tolen 16, ovl (nil), func (nil)
0009:trace:winsock:WS2_sendto fd=39, options=20
0009:trace:winsock:WS2_sendto  -> 10 bytes
0009:trace:winsock:WS2_recv_base socket 0130, wsabuf 0x32f6e4, nbufs 1, flags 0, from 0x32f734, fromlen 16, ovl (nil), func (nil)
0009:trace:winsock:WS2_recv_base fd=39, options=20
0009:trace:winsock:WS2_recv_base  -> 16 bytes
0009:trace:winsock:WS2_recv_base socket 0130, wsabuf 0x32f6e4, nbufs 1, flags 0, from 0x32f734, fromlen 16, ovl (nil), func (nil)
0009:trace:winsock:WS2_recv_base fd=39, options=20
0009:trace:winsock:WS2_recv_base  -> 10 bytes
0009:trace:winsock:WS2_sendto socket 0130, wsabuf 0x32f964, nbufs 1, flags 0, to 0x6cdb194, tolen 16, ovl (nil), func (nil)
0009:trace:winsock:WS2_sendto fd=39, options=20
0009:trace:winsock:WS2_sendto  -> 16 bytes
0009:trace:winsock:WS2_sendto socket 0130, wsabuf 0x32f964, nbufs 1, flags 0, to 0x6cdb194, tolen 16, ovl (nil), func (nil)
0009:trace:winsock:WS2_sendto fd=39, options=20
0009:trace:winsock:WS2_sendto  -> 16 bytes
0009:trace:winsock:WS2_sendto socket 0130, wsabuf 0x32f5e4, nbufs 1, flags 0, to 0x6cdb194, tolen 16, ovl (nil), func (nil)
0009:trace:winsock:WS2_sendto fd=39, options=20
0009:trace:winsock:WS2_sendto  -> 10 bytes
0009:trace:winsock:WS2_recv_base socket 0130, wsabuf 0x32f6e4, nbufs 1, flags 0, from 0x32f734, fromlen 16, ovl (nil), func (nil)
0009:trace:winsock:WS2_recv_base fd=39, options=20
0009:trace:winsock:WS2_recv_base  -> 10 bytes
0009:trace:winsock:WS2_recv_base socket 0130, wsabuf 0x32f6e4, nbufs 1, flags 0, from 0x32f734, fromlen 16, ovl (nil), func (nil)
0009:trace:winsock:WS2_recv_base fd=39, options=20
0009:trace:winsock:WS2_recv_base  -> 16 bytes
0009:trace:winsock:WS2_sendto socket 0130, wsabuf 0x32f5e4, nbufs 1, flags 0, to 0x6cdb194, tolen 16, ovl (nil), func (nil)
0009:trace:winsock:WS2_sendto fd=39, options=20
0009:trace:winsock:WS2_sendto  -> 10 bytes
0009:trace:winsock:WS2_recv_base socket 0130, wsabuf 0x32f6e4, nbufs 1, flags 0, from 0x32f734, fromlen 16, ovl (nil), func (nil)
0009:trace:winsock:WS2_recv_base fd=39, options=20
0009:trace:winsock:WS2_recv_base  -> 10 bytes
0009:trace:winsock:WS2_sendto socket 0130, wsabuf 0x32f5e4, nbufs 1, flags 0, to 0x6cdb194, tolen 16, ovl (nil), func (nil)
0009:trace:winsock:WS2_sendto fd=39, options=20
0009:trace:winsock:WS2_sendto  -> 10 bytes
0009:trace:winsock:WS2_recv_base socket 0130, wsabuf 0x32f6e4, nbufs 1, flags 0, from 0x32f734, fromlen 16, ovl (nil), func (nil)
0009:trace:winsock:WS2_recv_base fd=39, options=20
0009:trace:winsock:WS2_recv_base  -> 12 bytes
0009:trace:winsock:WS2_sendto socket 0130, wsabuf 0x32ef34, nbufs 1, flags 0, to 0x6cdb194, tolen 16, ovl (nil), func (nil)
0009:trace:winsock:WS2_sendto fd=39, options=20
0009:trace:winsock:WS2_sendto  -> 12 bytes
0009:trace:winsock:WS2_sendto socket 0130, wsabuf 0x32f9c4, nbufs 1, flags 0, to 0x6cdb194, tolen 16, ovl (nil), func (nil)
0009:trace:winsock:WS2_sendto fd=39, options=20
0009:trace:winsock:WS2_sendto  -> 12 bytes
0009:trace:winsock:WS2_recv_base socket 0130, wsabuf 0x32f6e4, nbufs 1, flags 0, from 0x32f734, fromlen 16, ovl (nil), func (nil)
0009:trace:winsock:WS2_recv_base fd=39, options=20
0009:trace:winsock:WS2_recv_base  -> 12 bytes
0009:trace:winsock:WS2_recv_base socket 0130, wsabuf 0x32f6e4, nbufs 1, flags 0, from 0x32f734, fromlen 16, ovl (nil), func (nil)
0009:trace:winsock:WS2_recv_base fd=39, options=20
0009:trace:winsock:WS2_recv_base  -> 10 bytes
0009:trace:winsock:WS2_sendto socket 0130, wsabuf 0x32f5e4, nbufs 1, flags 0, to 0x6cdb194, tolen 16, ovl (nil), func (nil)
0009:trace:winsock:WS2_sendto fd=39, options=20
0009:trace:winsock:WS2_sendto  -> 10 bytes
0009:trace:winsock:WS2_recv_base socket 0130, wsabuf 0x32f6e4, nbufs 1, flags 0, from 0x32f734, fromlen 16, ovl (nil), func (nil)
0009:trace:winsock:WS2_recv_base fd=39, options=20
0009:trace:winsock:WS2_recv_base  -> 10 bytes
0009:trace:winsock:WS2_recv_base socket 0130, wsabuf 0x32f6e4, nbufs 1, flags 0, from 0x32f734, fromlen 16, ovl (nil), func (nil)
0009:trace:winsock:WS2_recv_base fd=39, options=20
0009:trace:winsock:WS2_recv_base  -> 12 bytes
0009:trace:winsock:WS2_sendto socket 0130, wsabuf 0x32ef34, nbufs 1, flags 0, to 0x6cdb194, tolen 16, ovl (nil), func (nil)
0009:trace:winsock:WS2_sendto fd=39, options=20
0009:trace:winsock:WS2_sendto  -> 12 bytes
0009:trace:winsock:WS2_sendto socket 0130, wsabuf 0x32f5e4, nbufs 1, flags 0, to 0x6cdb194, tolen 16, ovl (nil), func (nil)
0009:trace:winsock:WS2_sendto fd=39, options=20
0009:trace:winsock:WS2_sendto  -> 10 bytes
0009:trace:winsock:WS2_sendto socket 0130, wsabuf 0x32f9c4, nbufs 1, flags 0, to 0x6cdb194, tolen 16, ovl (nil), func (nil)
0009:trace:winsock:WS2_sendto fd=39, options=20
0009:trace:winsock:WS2_sendto  -> 12 bytes
0009:trace:winsock:WS2_recv_base socket 0130, wsabuf 0x32f6e4, nbufs 1, flags 0, from 0x32f734, fromlen 16, ovl (nil), func (nil)
0009:trace:winsock:WS2_recv_base fd=39, options=20
0009:trace:winsock:WS2_recv_base  -> 12 bytes
0009:trace:winsock:WS2_recv_base socket 0130, wsabuf 0x32f6e4, nbufs 1, flags 0, from 0x32f734, fromlen 16, ovl (nil), func (nil)
0009:trace:winsock:WS2_recv_base fd=39, options=20
0009:trace:winsock:WS2_recv_base  -> 10 bytes
0009:trace:winsock:WS2_sendto socket 0130, wsabuf 0x32f5e4, nbufs 1, flags 0, to 0x6cdb194, tolen 16, ovl (nil), func (nil)
0009:trace:winsock:WS2_sendto fd=39, options=20
0009:trace:winsock:WS2_sendto  -> 10 bytes
0009:trace:winsock:WS2_recv_base socket 0130, wsabuf 0x32f6e4, nbufs 1, flags 0, from 0x32f734, fromlen 16, ovl (nil), func (nil)
0009:trace:winsock:WS2_recv_base fd=39, options=20
0009:trace:winsock:WS2_recv_base  -> 10 bytes
0009:trace:winsock:WS2_recv_base socket 0130, wsabuf 0x32f6e4, nbufs 1, flags 0, from 0x32f734, fromlen 16, ovl (nil), func (nil)
0009:trace:winsock:WS2_recv_base fd=39, options=20
0009:trace:winsock:WS2_recv_base  -> 16 bytes
0009:trace:winsock:WS2_sendto socket 0130, wsabuf 0x32f964, nbufs 1, flags 0, to 0x6cdb194, tolen 16, ovl (nil), func (nil)
0009:trace:winsock:WS2_sendto fd=39, options=20
0009:trace:winsock:WS2_sendto  -> 16 bytes
0009:trace:winsock:WS2_sendto socket 0130, wsabuf 0x32f964, nbufs 1, flags 0, to 0x6cdb194, tolen 16, ovl (nil), func (nil)
0009:trace:winsock:WS2_sendto fd=39, options=20
0009:trace:winsock:WS2_sendto  -> 16 bytes
0009:trace:winsock:WS2_sendto socket 0130, wsabuf 0x32f5e4, nbufs 1, flags 0, to 0x6cdb194, tolen 16, ovl (nil), func (nil)
0009:trace:winsock:WS2_sendto fd=39, options=20
0009:trace:winsock:WS2_sendto  -> 10 bytes
0009:trace:winsock:WS2_recv_base socket 0130, wsabuf 0x32f6e4, nbufs 1, flags 0, from 0x32f734, fromlen 16, ovl (nil), func (nil)
0009:trace:winsock:WS2_recv_base fd=39, options=20
0009:trace:winsock:WS2_recv_base  -> 10 bytes
0009:trace:winsock:WS2_sendto socket 0130, wsabuf 0x32f5e4, nbufs 1, flags 0, to 0x6cdb194, tolen 16, ovl (nil), func (nil)
0009:trace:winsock:WS2_sendto fd=39, options=20
0009:trace:winsock:WS2_sendto  -> 10 bytes
0009:trace:winsock:WS2_recv_base socket 0130, wsabuf 0x32f6e4, nbufs 1, flags 0, from 0x32f734, fromlen 16, ovl (nil), func (nil)
0009:trace:winsock:WS2_recv_base fd=39, options=20
0009:trace:winsock:WS2_recv_base  -> 10 bytes
0009:trace:winsock:WS2_recv_base socket 0130, wsabuf 0x32f6e4, nbufs 1, flags 0, from 0x32f734, fromlen 16, ovl (nil), func (nil)
0009:trace:winsock:WS2_recv_base fd=39, options=20
0009:trace:winsock:WS2_recv_base  -> 16 bytes
0009:trace:winsock:WS2_sendto socket 0130, wsabuf 0x32f5e4, nbufs 1, flags 0, to 0x6cdb194, tolen 16, ovl (nil), func (nil)
0009:trace:winsock:WS2_sendto fd=39, options=20
0009:trace:winsock:WS2_sendto  -> 10 bytes
0009:trace:winsock:WS2_recv_base socket 0130, wsabuf 0x32f6e4, nbufs 1, flags 0, from 0x32f734, fromlen 16, ovl (nil), func (nil)
0009:trace:winsock:WS2_recv_base fd=39, options=20
0009:trace:winsock:WS2_recv_base  -> 10 bytes
0009:trace:winsock:WS2_sendto socket 0130, wsabuf 0x32f5e4, nbufs 1, flags 0, to 0x6cdb194, tolen 16, ovl (nil), func (nil)
0009:trace:winsock:WS2_sendto fd=39, options=20
0009:trace:winsock:WS2_sendto  -> 10 bytes
0009:trace:winsock:WS2_recv_base socket 0130, wsabuf 0x32f6e4, nbufs 1, flags 0, from 0x32f734, fromlen 16, ovl (nil), func (nil)
0009:trace:winsock:WS2_recv_base fd=39, options=20
0009:trace:winsock:WS2_recv_base  -> 10 bytes
0009:trace:winsock:WS2_sendto socket 0130, wsabuf 0x32f5e4, nbufs 1, flags 0, to 0x6cdb194, tolen 16, ovl (nil), func (nil)
0009:trace:winsock:WS2_sendto fd=39, options=20
0009:trace:winsock:WS2_sendto  -> 10 bytes
0009:trace:winsock:WS2_recv_base socket 0130, wsabuf 0x32f6e4, nbufs 1, flags 0, from 0x32f734, fromlen 16, ovl (nil), func (nil)
0009:trace:winsock:WS2_recv_base fd=39, options=20
0009:trace:winsock:WS2_recv_base  -> 12 bytes
0009:trace:winsock:WS2_sendto socket 0130, wsabuf 0x32ef34, nbufs 1, flags 0, to 0x6cdb194, tolen 16, ovl (nil), func (nil)
0009:trace:winsock:WS2_sendto fd=39, options=20
0009:trace:winsock:WS2_sendto  -> 12 bytes
0009:trace:winsock:WS2_sendto socket 0130, wsabuf 0x32f9c4, nbufs 1, flags 0, to 0x6cdb194, tolen 16, ovl (nil), func (nil)
0009:trace:winsock:WS2_sendto fd=39, options=20
0009:trace:winsock:WS2_sendto  -> 12 bytes
0009:trace:winsock:WS2_recv_base socket 0130, wsabuf 0x32f6e4, nbufs 1, flags 0, from 0x32f734, fromlen 16, ovl (nil), func (nil)
0009:trace:winsock:WS2_recv_base fd=39, options=20
0009:trace:winsock:WS2_recv_base  -> 12 bytes
0009:trace:winsock:WS2_recv_base socket 0130, wsabuf 0x32f6e4, nbufs 1, flags 0, from 0x32f734, fromlen 16, ovl (nil), func (nil)
0009:trace:winsock:WS2_recv_base fd=39, options=20
0009:trace:winsock:WS2_recv_base  -> 10 bytes
0009:trace:winsock:WS2_recv_base socket 0130, wsabuf 0x32f6e4, nbufs 1, flags 0, from 0x32f734, fromlen 16, ovl (nil), func (nil)
0009:trace:winsock:WS2_recv_base fd=39, options=20
0009:trace:winsock:WS2_recv_base  -> 10 bytes
0009:trace:winsock:WS2_sendto socket 0130, wsabuf 0x32f5e4, nbufs 1, flags 0, to 0x6cdb194, tolen 16, ovl (nil), func (nil)
0009:trace:winsock:WS2_sendto fd=39, options=20
0009:trace:winsock:WS2_sendto  -> 10 bytes
0009:trace:winsock:WS2_recv_base socket 0130, wsabuf 0x32f6e4, nbufs 1, flags 0, from 0x32f734, fromlen 16, ovl (nil), func (nil)
0009:trace:winsock:WS2_recv_base fd=39, options=20
0009:trace:winsock:WS2_recv_base  -> 16 bytes
0009:trace:winsock:WS2_recv_base socket 0130, wsabuf 0x32f6e4, nbufs 1, flags 0, from 0x32f734, fromlen 16, ovl (nil), func (nil)
0009:trace:winsock:WS2_recv_base fd=39, options=20
0009:trace:winsock:WS2_recv_base  -> 12 bytes
0009:trace:winsock:WS2_sendto socket 0130, wsabuf 0x32ef34, nbufs 1, flags 0, to 0x6cdb194, tolen 16, ovl (nil), func (nil)
0009:trace:winsock:WS2_sendto fd=39, options=20
0009:trace:winsock:WS2_sendto  -> 12 bytes
0009:trace:winsock:WS2_sendto socket 0130, wsabuf 0x32f5e4, nbufs 1, flags 0, to 0x6cdb194, tolen 16, ovl (nil), func (nil)
0009:trace:winsock:WS2_sendto fd=39, options=20
0009:trace:winsock:WS2_sendto  -> 10 bytes
0009:trace:winsock:WS2_sendto socket 0130, wsabuf 0x32f964, nbufs 1, flags 0, to 0x6cdb194, tolen 16, ovl (nil), func (nil)
0009:trace:winsock:WS2_sendto fd=39, options=20
0009:trace:winsock:WS2_sendto  -> 16 bytes
0009:trace:winsock:WS2_sendto socket 0130, wsabuf 0x32f964, nbufs 1, flags 0, to 0x6cdb194, tolen 16, ovl (nil), func (nil)
0009:trace:winsock:WS2_sendto fd=39, options=20
0009:trace:winsock:WS2_sendto  -> 16 bytes
0009:trace:winsock:WS2_sendto socket 0130, wsabuf 0x32f9c4, nbufs 1, flags 0, to 0x6cdb194, tolen 16, ovl (nil), func (nil)
0009:trace:winsock:WS2_sendto fd=39, options=20
0009:trace:winsock:WS2_sendto  -> 12 bytes
0009:trace:winsock:WS2_recv_base socket 0130, wsabuf 0x32f6e4, nbufs 1, flags 0, from 0x32f734, fromlen 16, ovl (nil), func (nil)
0009:trace:winsock:WS2_recv_base fd=39, options=20
0009:trace:winsock:WS2_recv_base  -> 12 bytes
0009:trace:winsock:WS2_recv_base socket 0130, wsabuf 0x32f6e4, nbufs 1, flags 0, from 0x32f734, fromlen 16, ovl (nil), func (nil)
0009:trace:winsock:WS2_recv_base fd=39, options=20
0009:trace:winsock:WS2_recv_base  -> 10 bytes
0009:trace:winsock:WS2_sendto socket 0130, wsabuf 0x32f5e4, nbufs 1, flags 0, to 0x6cdb194, tolen 16, ovl (nil), func (nil)
0009:trace:winsock:WS2_sendto fd=39, options=20
0009:trace:winsock:WS2_sendto  -> 10 bytes
0009:trace:winsock:WS2_recv_base socket 0130, wsabuf 0x32f6e4, nbufs 1, flags 0, from 0x32f734, fromlen 16, ovl (nil), func (nil)
0009:trace:winsock:WS2_recv_base fd=39, options=20
0009:trace:winsock:WS2_recv_base  -> 10 bytes
0009:trace:winsock:WS2_recv_base socket 0130, wsabuf 0x32f6e4, nbufs 1, flags 0, from 0x32f734, fromlen 16, ovl (nil), func (nil)
0009:trace:winsock:WS2_recv_base fd=39, options=20
0009:trace:winsock:WS2_recv_base  -> 16 bytes
0009:trace:winsock:WS2_sendto socket 0130, wsabuf 0x32f5e4, nbufs 1, flags 0, to 0x6cdb194, tolen 16, ovl (nil), func (nil)
0009:trace:winsock:WS2_sendto fd=39, options=20
0009:trace:winsock:WS2_sendto  -> 10 bytes
0009:trace:winsock:WS2_recv_base socket 0130, wsabuf 0x32f6e4, nbufs 1, flags 0, from 0x32f734, fromlen 16, ovl (nil), func (nil)
0009:trace:winsock:WS2_recv_base fd=39, options=20
0009:trace:winsock:WS2_recv_base  -> 10 bytes
0009:trace:winsock:WS2_sendto socket 0130, wsabuf 0x32f5e4, nbufs 1, flags 0, to 0x6cdb194, tolen 16, ovl (nil), func (nil)
0009:trace:winsock:WS2_sendto fd=39, options=20
0009:trace:winsock:WS2_sendto  -> 10 bytes
0009:trace:winsock:WS2_recv_base socket 0130, wsabuf 0x32f6e4, nbufs 1, flags 0, from 0x32f734, fromlen 16, ovl (nil), func (nil)
0009:trace:winsock:WS2_recv_base fd=39, options=20
0009:trace:winsock:WS2_recv_base  -> 10 bytes
0009:trace:winsock:WS2_sendto socket 0130, wsabuf 0x32f5e4, nbufs 1, flags 0, to 0x6cdb194, tolen 16, ovl (nil), func (nil)
0009:trace:winsock:WS2_sendto fd=39, options=20
0009:trace:winsock:WS2_sendto  -> 10 bytes
0009:trace:winsock:WS2_recv_base socket 0130, wsabuf 0x32f6e4, nbufs 1, flags 0, from 0x32f734, fromlen 16, ovl (nil), func (nil)
0009:trace:winsock:WS2_recv_base fd=39, options=20
0009:trace:winsock:WS2_recv_base  -> 10 bytes
0009:trace:winsock:WS2_sendto socket 0130, wsabuf 0x32f5e4, nbufs 1, flags 0, to 0x6cdb194, tolen 16, ovl (nil), func (nil)
0009:trace:winsock:WS2_sendto fd=39, options=20
0009:trace:winsock:WS2_sendto  -> 10 bytes
0009:trace:winsock:WS2_recv_base socket 0130, wsabuf 0x32f6e4, nbufs 1, flags 0, from 0x32f734, fromlen 16, ovl (nil), func (nil)
0009:trace:winsock:WS2_recv_base fd=39, options=20
0009:trace:winsock:WS2_recv_base  -> 10 bytes
0009:trace:winsock:WS2_sendto socket 0130, wsabuf 0x32f5e4, nbufs 1, flags 0, to 0x6cdb194, tolen 16, ovl (nil), func (nil)
0009:trace:winsock:WS2_sendto fd=39, options=20
0009:trace:winsock:WS2_sendto  -> 10 bytes
0009:trace:winsock:WS2_recv_base socket 0130, wsabuf 0x32f6e4, nbufs 1, flags 0, from 0x32f734, fromlen 16, ovl (nil), func (nil)
0009:trace:winsock:WS2_recv_base fd=39, options=20
0009:trace:winsock:WS2_recv_base  -> 12 bytes
0009:trace:winsock:WS2_sendto socket 0130, wsabuf 0x32ef34, nbufs 1, flags 0, to 0x6cdb194, tolen 16, ovl (nil), func (nil)
0009:trace:winsock:WS2_sendto fd=39, options=20
0009:trace:winsock:WS2_sendto  -> 12 bytes
0009:trace:winsock:WS2_recv_base socket 0130, wsabuf 0x32f6e4, nbufs 1, flags 0, from 0x32f734, fromlen 16, ovl (nil), func (nil)
0009:trace:winsock:WS2_recv_base fd=39, options=20
0009:trace:winsock:WS2_recv_base  -> 16 bytes
0009:trace:winsock:WS2_sendto socket 0130, wsabuf 0x32f964, nbufs 1, flags 0, to 0x6cdb194, tolen 16, ovl (nil), func (nil)
0009:trace:winsock:WS2_sendto fd=39, options=20
0009:trace:winsock:WS2_sendto  -> 16 bytes
0009:trace:winsock:WS2_sendto socket 0130, wsabuf 0x32f964, nbufs 1, flags 0, to 0x6cdb194, tolen 16, ovl (nil), func (nil)
0009:trace:winsock:WS2_sendto fd=39, options=20
0009:trace:winsock:WS2_sendto  -> 16 bytes
0009:trace:winsock:WS2_sendto socket 0130, wsabuf 0x32f9c4, nbufs 1, flags 0, to 0x6cdb194, tolen 16, ovl (nil), func (nil)
0009:trace:winsock:WS2_sendto fd=39, options=20
0009:trace:winsock:WS2_sendto  -> 12 bytes
0009:trace:winsock:WS2_recv_base socket 0130, wsabuf 0x32f6e4, nbufs 1, flags 0, from 0x32f734, fromlen 16, ovl (nil), func (nil)
0009:trace:winsock:WS2_recv_base fd=39, options=20
0009:trace:winsock:WS2_recv_base  -> 12 bytes
0009:trace:winsock:WS2_recv_base socket 0130, wsabuf 0x32f6e4, nbufs 1, flags 0, from 0x32f734, fromlen 16, ovl (nil), func (nil)
0009:trace:winsock:WS2_recv_base fd=39, options=20
0009:trace:winsock:WS2_recv_base  -> 10 bytes
0009:trace:winsock:WS2_sendto socket 0130, wsabuf 0x32f5e4, nbufs 1, flags 0, to 0x6cdb194, tolen 16, ovl (nil), func (nil)
0009:trace:winsock:WS2_sendto fd=39, options=20
0009:trace:winsock:WS2_sendto  -> 10 bytes
0009:trace:winsock:WS2_recv_base socket 0130, wsabuf 0x32f6e4, nbufs 1, flags 0, from 0x32f734, fromlen 16, ovl (nil), func (nil)
0009:trace:winsock:WS2_recv_base fd=39, options=20
0009:trace:winsock:WS2_recv_base  -> 10 bytes
0009:trace:winsock:WS2_recv_base socket 0130, wsabuf 0x32f6e4, nbufs 1, flags 0, from 0x32f734, fromlen 16, ovl (nil), func (nil)
0009:trace:winsock:WS2_recv_base fd=39, options=20
0009:trace:winsock:WS2_recv_base  -> 12 bytes
0009:trace:winsock:WS2_sendto socket 0130, wsabuf 0x32ef34, nbufs 1, flags 0, to 0x6cdb194, tolen 16, ovl (nil), func (nil)
0009:trace:winsock:WS2_sendto fd=39, options=20
0009:trace:winsock:WS2_sendto  -> 12 bytes
0009:trace:winsock:WS2_sendto socket 0130, wsabuf 0x32f5e4, nbufs 1, flags 0, to 0x6cdb194, tolen 16, ovl (nil), func (nil)
0009:trace:winsock:WS2_sendto fd=39, options=20
0009:trace:winsock:WS2_sendto  -> 10 bytes
0009:trace:winsock:WS2_recv_base socket 0130, wsabuf 0x32f6e4, nbufs 1, flags 0, from 0x32f734, fromlen 16, ovl (nil), func (nil)
0009:trace:winsock:WS2_recv_base fd=39, options=20
0009:trace:winsock:WS2_recv_base  -> 16 bytes
0009:trace:winsock:WS2_sendto socket 0130, wsabuf 0x32f9c4, nbufs 1, flags 0, to 0x6cdb194, tolen 16, ovl (nil), func (nil)
0009:trace:winsock:WS2_sendto fd=39, options=20
0009:trace:winsock:WS2_sendto  -> 12 bytes
0009:trace:winsock:WS2_recv_base socket 0130, wsabuf 0x32f6e4, nbufs 1, flags 0, from 0x32f734, fromlen 16, ovl (nil), func (nil)
0009:trace:winsock:WS2_recv_base fd=39, options=20
0009:trace:winsock:WS2_recv_base  -> 12 bytes
0009:trace:winsock:WS2_recv_base socket 0130, wsabuf 0x32f6e4, nbufs 1, flags 0, from 0x32f734, fromlen 16, ovl (nil), func (nil)
0009:trace:winsock:WS2_recv_base fd=39, options=20
0009:trace:winsock:WS2_recv_base  -> 10 bytes
0009:trace:winsock:WS2_sendto socket 0130, wsabuf 0x32f5e4, nbufs 1, flags 0, to 0x6cdb194, tolen 16, ovl (nil), func (nil)
0009:trace:winsock:WS2_sendto fd=39, options=20
0009:trace:winsock:WS2_sendto  -> 10 bytes
0009:trace:winsock:WS2_recv_base socket 0130, wsabuf 0x32f6e4, nbufs 1, flags 0, from 0x32f734, fromlen 16, ovl (nil), func (nil)
0009:trace:winsock:WS2_recv_base fd=39, options=20
0009:trace:winsock:WS2_recv_base  -> 10 bytes
0009:trace:winsock:WS2_sendto socket 0130, wsabuf 0x32f5e4, nbufs 1, flags 0, to 0x6cdb194, tolen 16, ovl (nil), func (nil)
0009:trace:winsock:WS2_sendto fd=39, options=20
0009:trace:winsock:WS2_sendto  -> 10 bytes
0009:trace:winsock:WS2_recv_base socket 0130, wsabuf 0x32f6e4, nbufs 1, flags 0, from 0x32f734, fromlen 16, ovl (nil), func (nil)
0009:trace:winsock:WS2_recv_base fd=39, options=20
0009:trace:winsock:WS2_recv_base  -> 10 bytes
0009:trace:winsock:WS2_sendto socket 0130, wsabuf 0x32f5e4, nbufs 1, flags 0, to 0x6cdb194, tolen 16, ovl (nil), func (nil)
0009:trace:winsock:WS2_sendto fd=39, options=20
0009:trace:winsock:WS2_sendto  -> 10 bytes
0009:trace:winsock:WS2_recv_base socket 0130, wsabuf 0x32f6e4, nbufs 1, flags 0, from 0x32f734, fromlen 16, ovl (nil), func (nil)
0009:trace:winsock:WS2_recv_base fd=39, options=20
0009:trace:winsock:WS2_recv_base  -> 10 bytes
0009:trace:winsock:WS2_sendto socket 0130, wsabuf 0x32f5e4, nbufs 1, flags 0, to 0x6cdb194, tolen 16, ovl (nil), func (nil)
0009:trace:winsock:WS2_sendto fd=39, options=20
0009:trace:winsock:WS2_sendto  -> 10 bytes
0009:trace:winsock:WS2_recv_base socket 0130, wsabuf 0x32f6e4, nbufs 1, flags 0, from 0x32f734, fromlen 16, ovl (nil), func (nil)
0009:trace:winsock:WS2_recv_base fd=39, options=20
0009:trace:winsock:WS2_recv_base  -> 16 bytes
0009:trace:winsock:WS2_sendto socket 0130, wsabuf 0x32f964, nbufs 1, flags 0, to 0x6cdb194, tolen 16, ovl (nil), func (nil)
0009:trace:winsock:WS2_sendto fd=39, options=20
0009:trace:winsock:WS2_sendto  -> 16 bytes
0009:trace:winsock:WS2_sendto socket 0130, wsabuf 0x32f964, nbufs 1, flags 0, to 0x6cdb194, tolen 16, ovl (nil), func (nil)
0009:trace:winsock:WS2_sendto fd=39, options=20
0009:trace:winsock:WS2_sendto  -> 16 bytes
0009:trace:winsock:WS2_recv_base socket 0130, wsabuf 0x32f6e4, nbufs 1, flags 0, from 0x32f734, fromlen 16, ovl (nil), func (nil)
0009:trace:winsock:WS2_recv_base fd=39, options=20
0009:trace:winsock:WS2_recv_base  -> 10 bytes
0009:trace:winsock:WS2_sendto socket 0130, wsabuf 0x32f5e4, nbufs 1, flags 0, to 0x6cdb194, tolen 16, ovl (nil), func (nil)
0009:trace:winsock:WS2_sendto fd=39, options=20
0009:trace:winsock:WS2_sendto  -> 10 bytes
0009:trace:winsock:WS2_recv_base socket 0130, wsabuf 0x32f6e4, nbufs 1, flags 0, from 0x32f734, fromlen 16, ovl (nil), func (nil)
0009:trace:winsock:WS2_recv_base fd=39, options=20
0009:trace:winsock:WS2_recv_base  -> 10 bytes
0009:trace:winsock:WS2_sendto socket 0130, wsabuf 0x32f5e4, nbufs 1, flags 0, to 0x6cdb194, tolen 16, ovl (nil), func (nil)
0009:trace:winsock:WS2_sendto fd=39, options=20
0009:trace:winsock:WS2_sendto  -> 10 bytes
0009:trace:winsock:WS2_recv_base socket 0130, wsabuf 0x32f6e4, nbufs 1, flags 0, from 0x32f734, fromlen 16, ovl (nil), func (nil)
0009:trace:winsock:WS2_recv_base fd=39, options=20
0009:trace:winsock:WS2_recv_base  -> 12 bytes
0009:trace:winsock:WS2_sendto socket 0130, wsabuf 0x32ef34, nbufs 1, flags 0, to 0x6cdb194, tolen 16, ovl (nil), func (nil)
0009:trace:winsock:WS2_sendto fd=39, options=20
0009:trace:winsock:WS2_sendto  -> 12 bytes
0009:trace:winsock:WS2_recv_base socket 0130, wsabuf 0x32f6e4, nbufs 1, flags 0, from 0x32f734, fromlen 16, ovl (nil), func (nil)
0009:trace:winsock:WS2_recv_base fd=39, options=20
0009:trace:winsock:WS2_recv_base  -> 16 bytes
0009:trace:winsock:WS2_sendto socket 0130, wsabuf 0x32f9c4, nbufs 1, flags 0, to 0x6cdb194, tolen 16, ovl (nil), func (nil)
0009:trace:winsock:WS2_sendto fd=39, options=20
0009:trace:winsock:WS2_sendto  -> 12 bytes
0009:trace:winsock:WS2_recv_base socket 0130, wsabuf 0x32f6e4, nbufs 1, flags 0, from 0x32f734, fromlen 16, ovl (nil), func (nil)
0009:trace:winsock:WS2_recv_base fd=39, options=20
0009:trace:winsock:WS2_recv_base  -> 12 bytes
0009:trace:winsock:WS2_recv_base socket 0130, wsabuf 0x32f6e4, nbufs 1, flags 0, from 0x32f734, fromlen 16, ovl (nil), func (nil)
0009:trace:winsock:WS2_recv_base fd=39, options=20
0009:trace:winsock:WS2_recv_base  -> 10 bytes
0009:trace:winsock:WS2_sendto socket 0130, wsabuf 0x32f5e4, nbufs 1, flags 0, to 0x6cdb194, tolen 16, ovl (nil), func (nil)
0009:trace:winsock:WS2_sendto fd=39, options=20
0009:trace:winsock:WS2_sendto  -> 10 bytes
0009:trace:winsock:WS2_recv_base socket 0130, wsabuf 0x32f6e4, nbufs 1, flags 0, from 0x32f734, fromlen 16, ovl (nil), func (nil)
0009:trace:winsock:WS2_recv_base fd=39, options=20
0009:trace:winsock:WS2_recv_base  -> 10 bytes
0009:trace:winsock:WS2_recv_base socket 0130, wsabuf 0x32f6e4, nbufs 1, flags 0, from 0x32f734, fromlen 16, ovl (nil), func (nil)
0009:trace:winsock:WS2_recv_base fd=39, options=20
0009:trace:winsock:WS2_recv_base  -> 12 bytes
0009:trace:winsock:WS2_sendto socket 0130, wsabuf 0x32ef34, nbufs 1, flags 0, to 0x6cdb194, tolen 16, ovl (nil), func (nil)
0009:trace:winsock:WS2_sendto fd=39, options=20
0009:trace:winsock:WS2_sendto  -> 12 bytes
0009:trace:winsock:WS2_sendto socket 0130, wsabuf 0x32f5e4, nbufs 1, flags 0, to 0x6cdb194, tolen 16, ovl (nil), func (nil)
0009:trace:winsock:WS2_sendto fd=39, options=20
0009:trace:winsock:WS2_sendto  -> 10 bytes
0009:trace:winsock:WS2_sendto socket 0130, wsabuf 0x32f9c4, nbufs 1, flags 0, to 0x6cdb194, tolen 16, ovl (nil), func (nil)
0009:trace:winsock:WS2_sendto fd=39, options=20
0009:trace:winsock:WS2_sendto  -> 12 bytes
0009:trace:winsock:WS2_recv_base socket 0130, wsabuf 0x32f6e4, nbufs 1, flags 0, from 0x32f734, fromlen 16, ovl (nil), func (nil)
0009:trace:winsock:WS2_recv_base fd=39, options=20
0009:trace:winsock:WS2_recv_base  -> 12 bytes
0009:trace:winsock:WS2_recv_base socket 0130, wsabuf 0x32f6e4, nbufs 1, flags 0, from 0x32f734, fromlen 16, ovl (nil), func (nil)
0009:trace:winsock:WS2_recv_base fd=39, options=20
0009:trace:winsock:WS2_recv_base  -> 10 bytes
0009:trace:winsock:WS2_sendto socket 0130, wsabuf 0x32f5e4, nbufs 1, flags 0, to 0x6cdb194, tolen 16, ovl (nil), func (nil)
0009:trace:winsock:WS2_sendto fd=39, options=20
0009:trace:winsock:WS2_sendto  -> 10 bytes
0009:trace:winsock:WS2_recv_base socket 0130, wsabuf 0x32f6e4, nbufs 1, flags 0, from 0x32f734, fromlen 16, ovl (nil), func (nil)
0009:trace:winsock:WS2_recv_base fd=39, options=20
0009:trace:winsock:WS2_recv_base  -> 10 bytes
0009:trace:winsock:WS2_sendto socket 0130, wsabuf 0x32f5e4, nbufs 1, flags 0, to 0x6cdb194, tolen 16, ovl (nil), func (nil)
0009:trace:winsock:WS2_sendto fd=39, options=20
0009:trace:winsock:WS2_sendto  -> 10 bytes
0009:trace:winsock:WS2_sendto socket 0130, wsabuf 0x32f964, nbufs 1, flags 0, to 0x6cdb194, tolen 16, ovl (nil), func (nil)
0009:trace:winsock:WS2_sendto fd=39, options=20
0009:trace:winsock:WS2_sendto  -> 16 bytes
0009:trace:winsock:WS2_sendto socket 0130, wsabuf 0x32f964, nbufs 1, flags 0, to 0x6cdb194, tolen 16, ovl (nil), func (nil)
0009:trace:winsock:WS2_sendto fd=39, options=20
0009:trace:winsock:WS2_sendto  -> 16 bytes
0009:trace:winsock:WS2_recv_base socket 0130, wsabuf 0x32f6e4, nbufs 1, flags 0, from 0x32f734, fromlen 16, ovl (nil), func (nil)
0009:trace:winsock:WS2_recv_base fd=39, options=20
0009:trace:winsock:WS2_recv_base  -> 16 bytes
0009:trace:winsock:WS2_recv_base socket 0130, wsabuf 0x32f6e4, nbufs 1, flags 0, from 0x32f734, fromlen 16, ovl (nil), func (nil)
0009:trace:winsock:WS2_recv_base fd=39, options=20
0009:trace:winsock:WS2_recv_base  -> 10 bytes
0009:trace:winsock:WS2_sendto socket 0130, wsabuf 0x32f5e4, nbufs 1, flags 0, to 0x6cdb194, tolen 16, ovl (nil), func (nil)
0009:trace:winsock:WS2_sendto fd=39, options=20
0009:trace:winsock:WS2_sendto  -> 10 bytes
0009:trace:winsock:WS2_recv_base socket 0130, wsabuf 0x32f6e4, nbufs 1, flags 0, from 0x32f734, fromlen 16, ovl (nil), func (nil)
0009:trace:winsock:WS2_recv_base fd=39, options=20
0009:trace:winsock:WS2_recv_base  -> 10 bytes
0009:trace:winsock:WS2_sendto socket 0130, wsabuf 0x32f5e4, nbufs 1, flags 0, to 0x6cdb194, tolen 16, ovl (nil), func (nil)
0009:trace:winsock:WS2_sendto fd=39, options=20
0009:trace:winsock:WS2_sendto  -> 10 bytes
0009:trace:winsock:WS2_recv_base socket 0130, wsabuf 0x32f6e4, nbufs 1, flags 0, from 0x32f734, fromlen 16, ovl (nil), func (nil)
0009:trace:winsock:WS2_recv_base fd=39, options=20
0009:trace:winsock:WS2_recv_base  -> 16 bytes
0009:trace:winsock:WS2_recv_base socket 0130, wsabuf 0x32f6e4, nbufs 1, flags 0, from 0x32f734, fromlen 16, ovl (nil), func (nil)
0009:trace:winsock:WS2_recv_base fd=39, options=20
0009:trace:winsock:WS2_recv_base  -> 10 bytes
0009:trace:winsock:WS2_sendto socket 0130, wsabuf 0x32f5e4, nbufs 1, flags 0, to 0x6cdb194, tolen 16, ovl (nil), func (nil)
0009:trace:winsock:WS2_sendto fd=39, options=20
0009:trace:winsock:WS2_sendto  -> 10 bytes
0009:trace:winsock:WS2_recv_base socket 0130, wsabuf 0x32f6e4, nbufs 1, flags 0, from 0x32f734, fromlen 16, ovl (nil), func (nil)
0009:trace:winsock:WS2_recv_base fd=39, options=20
0009:trace:winsock:WS2_recv_base  -> 10 bytes
0009:trace:winsock:WS2_sendto socket 0130, wsabuf 0x32f5e4, nbufs 1, flags 0, to 0x6cdb194, tolen 16, ovl (nil), func (nil)
0009:trace:winsock:WS2_sendto fd=39, options=20
0009:trace:winsock:WS2_sendto  -> 10 bytes
0009:trace:winsock:WS2_recv_base socket 0130, wsabuf 0x32f6e4, nbufs 1, flags 0, from 0x32f734, fromlen 16, ovl (nil), func (nil)
0009:trace:winsock:WS2_recv_base fd=39, options=20
0009:trace:winsock:WS2_recv_base  -> 12 bytes
0009:trace:winsock:WS2_sendto socket 0130, wsabuf 0x32ef34, nbufs 1, flags 0, to 0x6cdb194, tolen 16, ovl (nil), func (nil)
0009:trace:winsock:WS2_sendto fd=39, options=20
0009:trace:winsock:WS2_sendto  -> 12 bytes
0009:trace:winsock:WS2_recv_base socket 0130, wsabuf 0x32f6e4, nbufs 1, flags 0, from 0x32f734, fromlen 16, ovl (nil), func (nil)
0009:trace:winsock:WS2_recv_base fd=39, options=20
0009:trace:winsock:WS2_recv_base  -> 10 bytes
0009:trace:winsock:WS2_sendto socket 0130, wsabuf 0x32f9c4, nbufs 1, flags 0, to 0x6cdb194, tolen 16, ovl (nil), func (nil)
0009:trace:winsock:WS2_sendto fd=39, options=20
0009:trace:winsock:WS2_sendto  -> 12 bytes
0009:trace:winsock:WS2_recv_base socket 0130, wsabuf 0x32f6e4, nbufs 1, flags 0, from 0x32f734, fromlen 16, ovl (nil), func (nil)
0009:trace:winsock:WS2_recv_base fd=39, options=20
0009:trace:winsock:WS2_recv_base  -> 12 bytes
0009:trace:winsock:WS2_sendto socket 0130, wsabuf 0x32f5e4, nbufs 1, flags 0, to 0x6cdb194, tolen 16, ovl (nil), func (nil)
0009:trace:winsock:WS2_sendto fd=39, options=20
0009:trace:winsock:WS2_sendto  -> 10 bytes
0009:trace:winsock:WS2_recv_base socket 0130, wsabuf 0x32f6e4, nbufs 1, flags 0, from 0x32f734, fromlen 16, ovl (nil), func (nil)
0009:trace:winsock:WS2_recv_base fd=39, options=20
0009:trace:winsock:WS2_recv_base  -> 10 bytes
0009:trace:winsock:WS2_recv_base socket 0130, wsabuf 0x32f6e4, nbufs 1, flags 0, from 0x32f734, fromlen 16, ovl (nil), func (nil)
0009:trace:winsock:WS2_recv_base fd=39, options=20
0009:trace:winsock:WS2_recv_base  -> 12 bytes
0009:trace:winsock:WS2_sendto socket 0130, wsabuf 0x32ef34, nbufs 1, flags 0, to 0x6cdb194, tolen 16, ovl (nil), func (nil)
0009:trace:winsock:WS2_sendto fd=39, options=20
0009:trace:winsock:WS2_sendto  -> 12 bytes
0009:trace:winsock:WS2_sendto socket 0130, wsabuf 0x32f5e4, nbufs 1, flags 0, to 0x6cdb194, tolen 16, ovl (nil), func (nil)
0009:trace:winsock:WS2_sendto fd=39, options=20
0009:trace:winsock:WS2_sendto  -> 10 bytes
0009:trace:winsock:WS2_sendto socket 0130, wsabuf 0x32f9c4, nbufs 1, flags 0, to 0x6cdb194, tolen 16, ovl (nil), func (nil)
0009:trace:winsock:WS2_sendto fd=39, options=20
0009:trace:winsock:WS2_sendto  -> 12 bytes
0009:trace:winsock:WS2_recv_base socket 0130, wsabuf 0x32f6e4, nbufs 1, flags 0, from 0x32f734, fromlen 16, ovl (nil), func (nil)
0009:trace:winsock:WS2_recv_base fd=39, options=20
0009:trace:winsock:WS2_recv_base  -> 12 bytes
0009:trace:winsock:WS2_recv_base socket 0130, wsabuf 0x32f6e4, nbufs 1, flags 0, from 0x32f734, fromlen 16, ovl (nil), func (nil)
0009:trace:winsock:WS2_recv_base fd=39, options=20
0009:trace:winsock:WS2_recv_base  -> 10 bytes
0009:trace:winsock:WS2_sendto socket 0130, wsabuf 0x32f964, nbufs 1, flags 0, to 0x6cdb194, tolen 16, ovl (nil), func (nil)
0009:trace:winsock:WS2_sendto fd=39, options=20
0009:trace:winsock:WS2_sendto  -> 16 bytes
0009:trace:winsock:WS2_sendto socket 0130, wsabuf 0x32f964, nbufs 1, flags 0, to 0x6cdb194, tolen 16, ovl (nil), func (nil)
0009:trace:winsock:WS2_sendto fd=39, options=20
0009:trace:winsock:WS2_sendto  -> 16 bytes
0009:trace:winsock:WS2_recv_base socket 0130, wsabuf 0x32f6e4, nbufs 1, flags 0, from 0x32f734, fromlen 16, ovl (nil), func (nil)
0009:trace:winsock:WS2_recv_base fd=39, options=20
0009:trace:winsock:WS2_recv_base  -> 16 bytes
0009:trace:winsock:WS2_sendto socket 0130, wsabuf 0x32f5e4, nbufs 1, flags 0, to 0x6cdb194, tolen 16, ovl (nil), func (nil)
0009:trace:winsock:WS2_sendto fd=39, options=20
0009:trace:winsock:WS2_sendto  -> 10 bytes
0009:trace:winsock:WS2_recv_base socket 0130, wsabuf 0x32f6e4, nbufs 1, flags 0, from 0x32f734, fromlen 16, ovl (nil), func (nil)
0009:trace:winsock:WS2_recv_base fd=39, options=20
0009:trace:winsock:WS2_recv_base  -> 10 bytes
0009:trace:winsock:WS2_sendto socket 0130, wsabuf 0x32f5e4, nbufs 1, flags 0, to 0x6cdb194, tolen 16, ovl (nil), func (nil)
0009:trace:winsock:WS2_sendto fd=39, options=20
0009:trace:winsock:WS2_sendto  -> 10 bytes
0009:trace:winsock:WS2_recv_base socket 0130, wsabuf 0x32f6e4, nbufs 1, flags 0, from 0x32f734, fromlen 16, ovl (nil), func (nil)
0009:trace:winsock:WS2_recv_base fd=39, options=20
0009:trace:winsock:WS2_recv_base  -> 16 bytes
0009:trace:winsock:WS2_recv_base socket 0130, wsabuf 0x32f6e4, nbufs 1, flags 0, from 0x32f734, fromlen 16, ovl (nil), func (nil)
0009:trace:winsock:WS2_recv_base fd=39, options=20
0009:trace:winsock:WS2_recv_base  -> 10 bytes
0009:trace:winsock:WS2_sendto socket 0130, wsabuf 0x32f5e4, nbufs 1, flags 0, to 0x6cdb194, tolen 16, ovl (nil), func (nil)
0009:trace:winsock:WS2_sendto fd=39, options=20
0009:trace:winsock:WS2_sendto  -> 10 bytes
0009:trace:winsock:WS2_recv_base socket 0130, wsabuf 0x32f6e4, nbufs 1, flags 0, from 0x32f734, fromlen 16, ovl (nil), func (nil)
0009:trace:winsock:WS2_recv_base fd=39, options=20
0009:trace:winsock:WS2_recv_base  -> 10 bytes
0009:trace:winsock:WS2_sendto socket 0130, wsabuf 0x32f5e4, nbufs 1, flags 0, to 0x6cdb194, tolen 16, ovl (nil), func (nil)
0009:trace:winsock:WS2_sendto fd=39, options=20
0009:trace:winsock:WS2_sendto  -> 10 bytes
0009:trace:winsock:WS2_recv_base socket 0130, wsabuf 0x32f6e4, nbufs 1, flags 0, from 0x32f734, fromlen 16, ovl (nil), func (nil)
0009:trace:winsock:WS2_recv_base fd=39, options=20
0009:trace:winsock:WS2_recv_base  -> 10 bytes
0009:trace:winsock:WS2_sendto socket 0130, wsabuf 0x32f5e4, nbufs 1, flags 0, to 0x6cdb194, tolen 16, ovl (nil), func (nil)
0009:trace:winsock:WS2_sendto fd=39, options=20
0009:trace:winsock:WS2_sendto  -> 10 bytes
0009:trace:winsock:WS2_recv_base socket 0130, wsabuf 0x32f6e4, nbufs 1, flags 0, from 0x32f734, fromlen 16, ovl (nil), func (nil)
0009:trace:winsock:WS2_recv_base fd=39, options=20
0009:trace:winsock:WS2_recv_base  -> 10 bytes
0009:trace:winsock:WS2_sendto socket 0130, wsabuf 0x32f5e4, nbufs 1, flags 0, to 0x6cdb194, tolen 16, ovl (nil), func (nil)
0009:trace:winsock:WS2_sendto fd=39, options=20
0009:trace:winsock:WS2_sendto  -> 10 bytes
0009:trace:winsock:WS2_recv_base socket 0130, wsabuf 0x32f6e4, nbufs 1, flags 0, from 0x32f734, fromlen 16, ovl (nil), func (nil)
0009:trace:winsock:WS2_recv_base fd=39, options=20
0009:trace:winsock:WS2_recv_base  -> 12 bytes
0009:trace:winsock:WS2_sendto socket 0130, wsabuf 0x32ef34, nbufs 1, flags 0, to 0x6cdb194, tolen 16, ovl (nil), func (nil)
0009:trace:winsock:WS2_sendto fd=39, options=20
0009:trace:winsock:WS2_sendto  -> 12 bytes
0009:fixme:msctf:LangBarMgr_GetShowFloatingStatus STUB:(018AAA58)
0009:fixme:msctf:LangBarMgr_ShowFloating STUB:(018AAA58)
0009:trace:winsock:WS2_recv_base socket 0130, wsabuf 0x32f6e4, nbufs 1, flags 0, from 0x32f734, fromlen 16, ovl (nil), func (nil)
0009:trace:winsock:WS2_recv_base fd=42, options=20
0009:trace:winsock:WS2_recv_base  -> 10 bytes
0009:trace:winsock:WS2_sendto socket 0130, wsabuf 0x32f9c4, nbufs 1, flags 0, to 0x6cdb194, tolen 16, ovl (nil), func (nil)
0009:trace:winsock:WS2_sendto fd=42, options=20
0009:trace:winsock:WS2_sendto  -> 12 bytes
0009:trace:winsock:WS2_recv_base socket 0130, wsabuf 0x32f6e4, nbufs 1, flags 0, from 0x32f734, fromlen 16, ovl (nil), func (nil)
0009:trace:winsock:WS2_recv_base fd=42, options=20
0009:trace:winsock:WS2_recv_base  -> 12 bytes
0009:trace:winsock:WS2_sendto socket 0130, wsabuf 0x32f5e4, nbufs 1, flags 0, to 0x6cdb194, tolen 16, ovl (nil), func (nil)
0009:trace:winsock:WS2_sendto fd=42, options=20
0009:trace:winsock:WS2_sendto  -> 10 bytes
0009:trace:winsock:WS2_sendto socket 0130, wsabuf 0x32f964, nbufs 1, flags 0, to 0x6cdb194, tolen 16, ovl (nil), func (nil)
0009:trace:winsock:WS2_sendto fd=42, options=20
0009:trace:winsock:WS2_sendto  -> 16 bytes
0009:trace:winsock:WS2_sendto socket 0130, wsabuf 0x32f964, nbufs 1, flags 0, to 0x6cdb194, tolen 16, ovl (nil), func (nil)
0009:trace:winsock:WS2_sendto fd=42, options=20
0009:trace:winsock:WS2_sendto  -> 16 bytes
0009:trace:winsock:WS2_recv_base socket 0130, wsabuf 0x32f6e4, nbufs 1, flags 0, from 0x32f734, fromlen 16, ovl (nil), func (nil)
0009:trace:winsock:WS2_recv_base fd=42, options=20
0009:trace:winsock:WS2_recv_base  -> 10 bytes
0009:trace:winsock:WS2_recv_base socket 0130, wsabuf 0x32f6e4, nbufs 1, flags 0, from 0x32f734, fromlen 16, ovl (nil), func (nil)
0009:trace:winsock:WS2_recv_base fd=42, options=20
0009:trace:winsock:WS2_recv_base  -> 16 bytes
0009:trace:winsock:WS2_sendto socket 0130, wsabuf 0x32f5e4, nbufs 1, flags 0, to 0x6cdb194, tolen 16, ovl (nil), func (nil)
0009:trace:winsock:WS2_sendto fd=42, options=20
0009:trace:winsock:WS2_sendto  -> 10 bytes
0009:trace:winsock:WS2_recv_base socket 0130, wsabuf 0x32f6e4, nbufs 1, flags 0, from 0x32f734, fromlen 16, ovl (nil), func (nil)
0009:trace:winsock:WS2_recv_base fd=42, options=20
0009:trace:winsock:WS2_recv_base  -> 12 bytes
0009:trace:winsock:WS2_sendto socket 0130, wsabuf 0x32ef34, nbufs 1, flags 0, to 0x6cdb194, tolen 16, ovl (nil), func (nil)
0009:trace:winsock:WS2_sendto fd=42, options=20
0009:trace:winsock:WS2_sendto  -> 12 bytes
0009:trace:winsock:WS2_sendto socket 0130, wsabuf 0x32f9c4, nbufs 1, flags 0, to 0x6cdb194, tolen 16, ovl (nil), func (nil)
0009:trace:winsock:WS2_sendto fd=42, options=20
0009:trace:winsock:WS2_sendto  -> 12 bytes
0009:trace:winsock:WS2_recv_base socket 0130, wsabuf 0x32f6e4, nbufs 1, flags 0, from 0x32f734, fromlen 16, ovl (nil), func (nil)
0009:trace:winsock:WS2_recv_base fd=42, options=20
0009:trace:winsock:WS2_recv_base  -> 12 bytes
0009:trace:winsock:WS2_recv_base socket 0130, wsabuf 0x32f6e4, nbufs 1, flags 0, from 0x32f734, fromlen 16, ovl (nil), func (nil)
0009:trace:winsock:WS2_recv_base fd=42, options=20
0009:trace:winsock:WS2_recv_base  -> 10 bytes
0009:trace:winsock:WS2_recv_base socket 0130, wsabuf 0x32f6e4, nbufs 1, flags 0, from 0x32f734, fromlen 16, ovl (nil), func (nil)
0009:trace:winsock:WS2_recv_base fd=42, options=20
0009:trace:winsock:WS2_recv_base  -> 16 bytes
0009:trace:winsock:WS2_sendto socket 0130, wsabuf 0x32f5e4, nbufs 1, flags 0, to 0x6cdb194, tolen 16, ovl (nil), func (nil)
0009:trace:winsock:WS2_sendto fd=42, options=20
0009:trace:winsock:WS2_sendto  -> 10 bytes
0009:trace:winsock:WS2_recv_base socket 0130, wsabuf 0x32f6e4, nbufs 1, flags 0, from 0x32f734, fromlen 16, ovl (nil), func (nil)
0009:trace:winsock:WS2_recv_base fd=42, options=20
0009:trace:winsock:WS2_recv_base  -> 10 bytes
0009:trace:winsock:WS2_sendto socket 0130, wsabuf 0x32f5e4, nbufs 1, flags 0, to 0x6cdb194, tolen 16, ovl (nil), func (nil)
0009:trace:winsock:WS2_sendto fd=42, options=20
0009:trace:winsock:WS2_sendto  -> 10 bytes
0009:trace:winsock:WS2_recv_base socket 0130, wsabuf 0x32f6e4, nbufs 1, flags 0, from 0x32f734, fromlen 16, ovl (nil), func (nil)
0009:trace:winsock:WS2_recv_base fd=42, options=20
0009:trace:winsock:WS2_recv_base  -> 10 bytes
0009:trace:winsock:WS2_sendto socket 0130, wsabuf 0x32f5e4, nbufs 1, flags 0, to 0x6cdb194, tolen 16, ovl (nil), func (nil)
0009:trace:winsock:WS2_sendto fd=42, options=20
0009:trace:winsock:WS2_sendto  -> 10 bytes
0009:trace:winsock:WS2_recv_base socket 0130, wsabuf 0x32f6e4, nbufs 1, flags 0, from 0x32f734, fromlen 16, ovl (nil), func (nil)
0009:trace:winsock:WS2_recv_base fd=42, options=20
0009:trace:winsock:WS2_recv_base  -> 10 bytes
0009:trace:winsock:WS2_sendto socket 0130, wsabuf 0x32f5e4, nbufs 1, flags 0, to 0x6cdb194, tolen 16, ovl (nil), func (nil)
0009:trace:winsock:WS2_sendto fd=42, options=20
0009:trace:winsock:WS2_sendto  -> 10 bytes
0009:trace:winsock:WS2_recv_base socket 0130, wsabuf 0x32f6e4, nbufs 1, flags 0, from 0x32f734, fromlen 16, ovl (nil), func (nil)
0009:trace:winsock:WS2_recv_base fd=42, options=20
0009:trace:winsock:WS2_recv_base  -> 10 bytes
0009:trace:winsock:WS2_sendto socket 0130, wsabuf 0x32f5e4, nbufs 1, flags 0, to 0x6cdb194, tolen 16, ovl (nil), func (nil)
0009:trace:winsock:WS2_sendto fd=42, options=20
0009:trace:winsock:WS2_sendto  -> 10 bytes
0009:trace:winsock:WS2_recv_base socket 0130, wsabuf 0x32f6e4, nbufs 1, flags 0, from 0x32f734, fromlen 16, ovl (nil), func (nil)
0009:trace:winsock:WS2_recv_base fd=42, options=20
0009:trace:winsock:WS2_recv_base  -> 10 bytes
0009:trace:winsock:WS2_sendto socket 0130, wsabuf 0x32f964, nbufs 1, flags 0, to 0x6cdb194, tolen 16, ovl (nil), func (nil)
0009:trace:winsock:WS2_sendto fd=42, options=20
0009:trace:winsock:WS2_sendto  -> 16 bytes
0009:trace:winsock:WS2_sendto socket 0130, wsabuf 0x32f964, nbufs 1, flags 0, to 0x6cdb194, tolen 16, ovl (nil), func (nil)
0009:trace:winsock:WS2_sendto fd=42, options=20
0009:trace:winsock:WS2_sendto  -> 16 bytes
0009:trace:winsock:WS2_recv_base socket 0130, wsabuf 0x32f6e4, nbufs 1, flags 0, from 0x32f734, fromlen 16, ovl (nil), func (nil)
0009:trace:winsock:WS2_recv_base fd=42, options=20
0009:trace:winsock:WS2_recv_base  -> 16 bytes
0009:trace:winsock:WS2_sendto socket 0130, wsabuf 0x32f5e4, nbufs 1, flags 0, to 0x6cdb194, tolen 16, ovl (nil), func (nil)
0009:trace:winsock:WS2_sendto fd=42, options=20
0009:trace:winsock:WS2_sendto  -> 10 bytes
0009:trace:winsock:WS2_recv_base socket 0130, wsabuf 0x32f6e4, nbufs 1, flags 0, from 0x32f734, fromlen 16, ovl (nil), func (nil)
0009:trace:winsock:WS2_recv_base fd=42, options=20
0009:trace:winsock:WS2_recv_base  -> 12 bytes
0009:trace:winsock:WS2_sendto socket 0130, wsabuf 0x32ef34, nbufs 1, flags 0, to 0x6cdb194, tolen 16, ovl (nil), func (nil)
0009:trace:winsock:WS2_sendto fd=42, options=20
0009:trace:winsock:WS2_sendto  -> 12 bytes
0009:trace:winsock:WS2_recv_base socket 0130, wsabuf 0x32f6e4, nbufs 1, flags 0, from 0x32f734, fromlen 16, ovl (nil), func (nil)
0009:trace:winsock:WS2_recv_base fd=42, options=20
0009:trace:winsock:WS2_recv_base  -> 10 bytes
0009:trace:winsock:WS2_recv_base socket 0130, wsabuf 0x32f6e4, nbufs 1, flags 0, from 0x32f734, fromlen 16, ovl (nil), func (nil)
0009:trace:winsock:WS2_recv_base fd=42, options=20
0009:trace:winsock:WS2_recv_base  -> 16 bytes
0009:trace:winsock:WS2_sendto socket 0130, wsabuf 0x32f5e4, nbufs 1, flags 0, to 0x6cdb194, tolen 16, ovl (nil), func (nil)
0009:trace:winsock:WS2_sendto fd=42, options=20
0009:trace:winsock:WS2_sendto  -> 10 bytes
0009:trace:winsock:WS2_sendto socket 0130, wsabuf 0x32f9c4, nbufs 1, flags 0, to 0x6cdb194, tolen 16, ovl (nil), func (nil)
0009:trace:winsock:WS2_sendto fd=42, options=20
0009:trace:winsock:WS2_sendto  -> 12 bytes
0009:trace:winsock:WS2_recv_base socket 0130, wsabuf 0x32f6e4, nbufs 1, flags 0, from 0x32f734, fromlen 16, ovl (nil), func (nil)
0009:trace:winsock:WS2_recv_base fd=42, options=20
0009:trace:winsock:WS2_recv_base  -> 10 bytes
0009:trace:winsock:WS2_recv_base socket 0130, wsabuf 0x32f6e4, nbufs 1, flags 0, from 0x32f734, fromlen 16, ovl (nil), func (nil)
0009:trace:winsock:WS2_recv_base fd=42, options=20
0009:trace:winsock:WS2_recv_base  -> 12 bytes
0009:trace:winsock:WS2_sendto socket 0130, wsabuf 0x32f5e4, nbufs 1, flags 0, to 0x6cdb194, tolen 16, ovl (nil), func (nil)
0009:trace:winsock:WS2_sendto fd=42, options=20
0009:trace:winsock:WS2_sendto  -> 10 bytes
0009:trace:winsock:WS2_recv_base socket 0130, wsabuf 0x32f6e4, nbufs 1, flags 0, from 0x32f734, fromlen 16, ovl (nil), func (nil)
0009:trace:winsock:WS2_recv_base fd=42, options=20
0009:trace:winsock:WS2_recv_base  -> 12 bytes
0009:trace:winsock:WS2_sendto socket 0130, wsabuf 0x32ef34, nbufs 1, flags 0, to 0x6cdb194, tolen 16, ovl (nil), func (nil)
0009:trace:winsock:WS2_sendto fd=42, options=20
0009:trace:winsock:WS2_sendto  -> 12 bytes
0009:trace:winsock:WS2_recv_base socket 0130, wsabuf 0x32f6e4, nbufs 1, flags 0, from 0x32f734, fromlen 16, ovl (nil), func (nil)
0009:trace:winsock:WS2_recv_base fd=42, options=20
0009:trace:winsock:WS2_recv_base  -> 10 bytes
0009:trace:winsock:WS2_sendto socket 0130, wsabuf 0x32f9c4, nbufs 1, flags 0, to 0x6cdb194, tolen 16, ovl (nil), func (nil)
0009:trace:winsock:WS2_sendto fd=42, options=20
0009:trace:winsock:WS2_sendto  -> 12 bytes
0009:trace:winsock:WS2_sendto socket 0130, wsabuf 0x32f5e4, nbufs 1, flags 0, to 0x6cdb194, tolen 16, ovl (nil), func (nil)
0009:trace:winsock:WS2_sendto fd=42, options=20
0009:trace:winsock:WS2_sendto  -> 10 bytes
0009:trace:winsock:WS2_recv_base socket 0130, wsabuf 0x32f6e4, nbufs 1, flags 0, from 0x32f734, fromlen 16, ovl (nil), func (nil)
0009:trace:winsock:WS2_recv_base fd=42, options=20
0009:trace:winsock:WS2_recv_base  -> 12 bytes
0009:trace:winsock:WS2_recv_base socket 0130, wsabuf 0x32f6e4, nbufs 1, flags 0, from 0x32f734, fromlen 16, ovl (nil), func (nil)
0009:trace:winsock:WS2_recv_base fd=42, options=20
0009:trace:winsock:WS2_recv_base  -> 10 bytes
0009:trace:winsock:WS2_sendto socket 0130, wsabuf 0x32f5e4, nbufs 1, flags 0, to 0x6cdb194, tolen 16, ovl (nil), func (nil)
0009:trace:winsock:WS2_sendto fd=42, options=20
0009:trace:winsock:WS2_sendto  -> 10 bytes
0009:trace:winsock:WS2_recv_base socket 0130, wsabuf 0x32f6e4, nbufs 1, flags 0, from 0x32f734, fromlen 16, ovl (nil), func (nil)
0009:trace:winsock:WS2_recv_base fd=42, options=20
0009:trace:winsock:WS2_recv_base  -> 10 bytes
0009:trace:winsock:WS2_sendto socket 0130, wsabuf 0x32f5e4, nbufs 1, flags 0, to 0x6cdb194, tolen 16, ovl (nil), func (nil)
0009:trace:winsock:WS2_sendto fd=42, options=20
0009:trace:winsock:WS2_sendto  -> 10 bytes
0009:trace:winsock:WS2_recv_base socket 0130, wsabuf 0x32f6e4, nbufs 1, flags 0, from 0x32f734, fromlen 16, ovl (nil), func (nil)
0009:trace:winsock:WS2_recv_base fd=42, options=20
0009:trace:winsock:WS2_recv_base  -> 10 bytes
0009:trace:winsock:WS2_sendto socket 0130, wsabuf 0x32f964, nbufs 1, flags 0, to 0x6cdb194, tolen 16, ovl (nil), func (nil)
0009:trace:winsock:WS2_sendto fd=42, options=20
0009:trace:winsock:WS2_sendto  -> 16 bytes
0009:trace:winsock:WS2_sendto socket 0130, wsabuf 0x32f964, nbufs 1, flags 0, to 0x6cdb194, tolen 16, ovl (nil), func (nil)
0009:trace:winsock:WS2_sendto fd=42, options=20
0009:trace:winsock:WS2_sendto  -> 16 bytes
0009:trace:winsock:WS2_sendto socket 0130, wsabuf 0x32f5e4, nbufs 1, flags 0, to 0x6cdb194, tolen 16, ovl (nil), func (nil)
0009:trace:winsock:WS2_sendto fd=42, options=20
0009:trace:winsock:WS2_sendto  -> 10 bytes
0009:trace:winsock:WS2_recv_base socket 0130, wsabuf 0x32f6e4, nbufs 1, flags 0, from 0x32f734, fromlen 16, ovl (nil), func (nil)
0009:trace:winsock:WS2_recv_base fd=42, options=20
0009:trace:winsock:WS2_recv_base  -> 16 bytes
0009:trace:winsock:WS2_recv_base socket 0130, wsabuf 0x32f6e4, nbufs 1, flags 0, from 0x32f734, fromlen 16, ovl (nil), func (nil)
0009:trace:winsock:WS2_recv_base fd=42, options=20
0009:trace:winsock:WS2_recv_base  -> 10 bytes
0009:trace:winsock:WS2_sendto socket 0130, wsabuf 0x32f5e4, nbufs 1, flags 0, to 0x6cdb194, tolen 16, ovl (nil), func (nil)
0009:trace:winsock:WS2_sendto fd=42, options=20
0009:trace:winsock:WS2_sendto  -> 10 bytes
0009:trace:winsock:WS2_recv_base socket 0130, wsabuf 0x32f6e4, nbufs 1, flags 0, from 0x32f734, fromlen 16, ovl (nil), func (nil)
0009:trace:winsock:WS2_recv_base fd=42, options=20
0009:trace:winsock:WS2_recv_base  -> 10 bytes
0009:trace:winsock:WS2_recv_base socket 0130, wsabuf 0x32f6e4, nbufs 1, flags 0, from 0x32f734, fromlen 16, ovl (nil), func (nil)
0009:trace:winsock:WS2_recv_base fd=42, options=20
0009:trace:winsock:WS2_recv_base  -> 16 bytes
0009:trace:winsock:WS2_sendto socket 0130, wsabuf 0x32f5e4, nbufs 1, flags 0, to 0x6cdb194, tolen 16, ovl (nil), func (nil)
0009:trace:winsock:WS2_sendto fd=42, options=20
0009:trace:winsock:WS2_sendto  -> 10 bytes
0009:trace:winsock:WS2_recv_base socket 0130, wsabuf 0x32f6e4, nbufs 1, flags 0, from 0x32f734, fromlen 16, ovl (nil), func (nil)
0009:trace:winsock:WS2_recv_base fd=42, options=20
0009:trace:winsock:WS2_recv_base  -> 12 bytes
0009:trace:winsock:WS2_sendto socket 0130, wsabuf 0x32ef34, nbufs 1, flags 0, to 0x6cdb194, tolen 16, ovl (nil), func (nil)
0009:trace:winsock:WS2_sendto fd=42, options=20
0009:trace:winsock:WS2_sendto  -> 12 bytes
0009:trace:winsock:WS2_recv_base socket 0130, wsabuf 0x32f6e4, nbufs 1, flags 0, from 0x32f734, fromlen 16, ovl (nil), func (nil)
0009:trace:winsock:WS2_recv_base fd=42, options=20
0009:trace:winsock:WS2_recv_base  -> 10 bytes
0009:trace:winsock:WS2_sendto socket 0130, wsabuf 0x32f5e4, nbufs 1, flags 0, to 0x6cdb194, tolen 16, ovl (nil), func (nil)
0009:trace:winsock:WS2_sendto fd=42, options=20
0009:trace:winsock:WS2_sendto  -> 10 bytes
0009:trace:winsock:WS2_sendto socket 0130, wsabuf 0x32f9c4, nbufs 1, flags 0, to 0x6cdb194, tolen 16, ovl (nil), func (nil)
0009:trace:winsock:WS2_sendto fd=42, options=20
0009:trace:winsock:WS2_sendto  -> 12 bytes
0009:trace:winsock:WS2_recv_base socket 0130, wsabuf 0x32f6e4, nbufs 1, flags 0, from 0x32f734, fromlen 16, ovl (nil), func (nil)
0009:trace:winsock:WS2_recv_base fd=42, options=20
0009:trace:winsock:WS2_recv_base  -> 10 bytes
0009:trace:winsock:WS2_recv_base socket 0130, wsabuf 0x32f6e4, nbufs 1, flags 0, from 0x32f734, fromlen 16, ovl (nil), func (nil)
0009:trace:winsock:WS2_recv_base fd=42, options=20
0009:trace:winsock:WS2_recv_base  -> 12 bytes
0009:trace:winsock:WS2_sendto socket 0130, wsabuf 0x32f5e4, nbufs 1, flags 0, to 0x6cdb194, tolen 16, ovl (nil), func (nil)
0009:trace:winsock:WS2_sendto fd=42, options=20
0009:trace:winsock:WS2_sendto  -> 10 bytes
0009:trace:winsock:WS2_recv_base socket 0130, wsabuf 0x32f6e4, nbufs 1, flags 0, from 0x32f734, fromlen 16, ovl (nil), func (nil)
0009:trace:winsock:WS2_recv_base fd=42, options=20
0009:trace:winsock:WS2_recv_base  -> 12 bytes
0009:trace:winsock:WS2_sendto socket 0130, wsabuf 0x32ef34, nbufs 1, flags 0, to 0x6cdb194, tolen 16, ovl (nil), func (nil)
0009:trace:winsock:WS2_sendto fd=42, options=20
0009:trace:winsock:WS2_sendto  -> 12 bytes
0009:trace:winsock:WS2_recv_base socket 0130, wsabuf 0x32f6e4, nbufs 1, flags 0, from 0x32f734, fromlen 16, ovl (nil), func (nil)
0009:trace:winsock:WS2_recv_base fd=42, options=20
0009:trace:winsock:WS2_recv_base  -> 10 bytes
0009:trace:winsock:WS2_sendto socket 0130, wsabuf 0x32f9c4, nbufs 1, flags 0, to 0x6cdb194, tolen 16, ovl (nil), func (nil)
0009:trace:winsock:WS2_sendto fd=42, options=20
0009:trace:winsock:WS2_sendto  -> 12 bytes
0009:trace:winsock:WS2_recv_base socket 0130, wsabuf 0x32f6e4, nbufs 1, flags 0, from 0x32f734, fromlen 16, ovl (nil), func (nil)
0009:trace:winsock:WS2_recv_base fd=42, options=20
0009:trace:winsock:WS2_recv_base  -> 12 bytes
0009:trace:winsock:WS2_sendto socket 0130, wsabuf 0x32f5e4, nbufs 1, flags 0, to 0x6cdb194, tolen 16, ovl (nil), func (nil)
0009:trace:winsock:WS2_sendto fd=42, options=20
0009:trace:winsock:WS2_sendto  -> 10 bytes
0009:trace:winsock:WS2_recv_base socket 0130, wsabuf 0x32f6e4, nbufs 1, flags 0, from 0x32f734, fromlen 16, ovl (nil), func (nil)
0009:trace:winsock:WS2_recv_base fd=42, options=20
0009:trace:winsock:WS2_recv_base  -> 10 bytes
0009:trace:winsock:WS2_sendto socket 0130, wsabuf 0x32f964, nbufs 1, flags 0, to 0x6cdb194, tolen 16, ovl (nil), func (nil)
0009:trace:winsock:WS2_sendto fd=42, options=20
0009:trace:winsock:WS2_sendto  -> 16 bytes
0009:trace:winsock:WS2_sendto socket 0130, wsabuf 0x32f964, nbufs 1, flags 0, to 0x6cdb194, tolen 16, ovl (nil), func (nil)
0009:trace:winsock:WS2_sendto fd=42, options=20
0009:trace:winsock:WS2_sendto  -> 16 bytes
0009:trace:winsock:WS2_sendto socket 0130, wsabuf 0x32f5e4, nbufs 1, flags 0, to 0x6cdb194, tolen 16, ovl (nil), func (nil)
0009:trace:winsock:WS2_sendto fd=42, options=20
0009:trace:winsock:WS2_sendto  -> 10 bytes
0009:trace:winsock:WS2_recv_base socket 0130, wsabuf 0x32f6e4, nbufs 1, flags 0, from 0x32f734, fromlen 16, ovl (nil), func (nil)
0009:trace:winsock:WS2_recv_base fd=42, options=20
0009:trace:winsock:WS2_recv_base  -> 16 bytes
0009:trace:winsock:WS2_recv_base socket 0130, wsabuf 0x32f6e4, nbufs 1, flags 0, from 0x32f734, fromlen 16, ovl (nil), func (nil)
0009:trace:winsock:WS2_recv_base fd=42, options=20
0009:trace:winsock:WS2_recv_base  -> 10 bytes
0009:trace:winsock:WS2_sendto socket 0130, wsabuf 0x32f5e4, nbufs 1, flags 0, to 0x6cdb194, tolen 16, ovl (nil), func (nil)
0009:trace:winsock:WS2_sendto fd=42, options=20
0009:trace:winsock:WS2_sendto  -> 10 bytes
0009:trace:winsock:WS2_recv_base socket 0130, wsabuf 0x32f6e4, nbufs 1, flags 0, from 0x32f734, fromlen 16, ovl (nil), func (nil)
0009:trace:winsock:WS2_recv_base fd=42, options=20
0009:trace:winsock:WS2_recv_base  -> 10 bytes
0009:trace:winsock:WS2_recv_base socket 0130, wsabuf 0x32f6e4, nbufs 1, flags 0, from 0x32f734, fromlen 16, ovl (nil), func (nil)
0009:trace:winsock:WS2_recv_base fd=42, options=20
0009:trace:winsock:WS2_recv_base  -> 16 bytes
0009:trace:winsock:WS2_sendto socket 0130, wsabuf 0x32f5e4, nbufs 1, flags 0, to 0x6cdb194, tolen 16, ovl (nil), func (nil)
0009:trace:winsock:WS2_sendto fd=42, options=20
0009:trace:winsock:WS2_sendto  -> 10 bytes
0009:trace:winsock:WS2_recv_base socket 0130, wsabuf 0x32f6e4, nbufs 1, flags 0, from 0x32f734, fromlen 16, ovl (nil), func (nil)
0009:trace:winsock:WS2_recv_base fd=42, options=20
0009:trace:winsock:WS2_recv_base  -> 10 bytes
0009:trace:winsock:WS2_sendto socket 0130, wsabuf 0x32f5e4, nbufs 1, flags 0, to 0x6cdb194, tolen 16, ovl (nil), func (nil)
0009:trace:winsock:WS2_sendto fd=42, options=20
0009:trace:winsock:WS2_sendto  -> 10 bytes
0009:trace:winsock:WS2_recv_base socket 0130, wsabuf 0x32f6e4, nbufs 1, flags 0, from 0x32f734, fromlen 16, ovl (nil), func (nil)
0009:trace:winsock:WS2_recv_base fd=42, options=20
0009:trace:winsock:WS2_recv_base  -> 10 bytes
0009:trace:winsock:WS2_sendto socket 0130, wsabuf 0x32f5e4, nbufs 1, flags 0, to 0x6cdb194, tolen 16, ovl (nil), func (nil)
0009:trace:winsock:WS2_sendto fd=42, options=20
0009:trace:winsock:WS2_sendto  -> 10 bytes
0009:trace:winsock:WS2_recv_base socket 0130, wsabuf 0x32f6e4, nbufs 1, flags 0, from 0x32f734, fromlen 16, ovl (nil), func (nil)
0009:trace:winsock:WS2_recv_base fd=42, options=20
0009:trace:winsock:WS2_recv_base  -> 12 bytes
0009:trace:winsock:WS2_sendto socket 0130, wsabuf 0x32ef34, nbufs 1, flags 0, to 0x6cdb194, tolen 16, ovl (nil), func (nil)
0009:trace:winsock:WS2_sendto fd=42, options=20
0009:trace:winsock:WS2_sendto  -> 12 bytes
0009:trace:winsock:WS2_recv_base socket 0130, wsabuf 0x32f6e4, nbufs 1, flags 0, from 0x32f734, fromlen 16, ovl (nil), func (nil)
0009:trace:winsock:WS2_recv_base fd=42, options=20
0009:trace:winsock:WS2_recv_base  -> 10 bytes
0009:trace:winsock:WS2_sendto socket 0130, wsabuf 0x32f5e4, nbufs 1, flags 0, to 0x6cdb194, tolen 16, ovl (nil), func (nil)
0009:trace:winsock:WS2_sendto fd=42, options=20
0009:trace:winsock:WS2_sendto  -> 10 bytes
0009:trace:winsock:WS2_recv_base socket 0130, wsabuf 0x32f6e4, nbufs 1, flags 0, from 0x32f734, fromlen 16, ovl (nil), func (nil)
0009:trace:winsock:WS2_recv_base fd=42, options=20
0009:trace:winsock:WS2_recv_base  -> 10 bytes
0009:trace:winsock:WS2_sendto socket 0130, wsabuf 0x32f9c4, nbufs 1, flags 0, to 0x6cdb194, tolen 16, ovl (nil), func (nil)
0009:trace:winsock:WS2_sendto fd=42, options=20
0009:trace:winsock:WS2_sendto  -> 12 bytes
0009:trace:winsock:WS2_recv_base socket 0130, wsabuf 0x32f6e4, nbufs 1, flags 0, from 0x32f734, fromlen 16, ovl (nil), func (nil)
0009:trace:winsock:WS2_recv_base fd=42, options=20
0009:trace:winsock:WS2_recv_base  -> 12 bytes
0009:trace:winsock:WS2_sendto socket 0130, wsabuf 0x32f5e4, nbufs 1, flags 0, to 0x6cdb194, tolen 16, ovl (nil), func (nil)
0009:trace:winsock:WS2_sendto fd=42, options=20
0009:trace:winsock:WS2_sendto  -> 10 bytes
0009:trace:winsock:WS2_recv_base socket 0130, wsabuf 0x32f6e4, nbufs 1, flags 0, from 0x32f734, fromlen 16, ovl (nil), func (nil)
0009:trace:winsock:WS2_recv_base fd=42, options=20
0009:trace:winsock:WS2_recv_base  -> 12 bytes
0009:trace:winsock:WS2_sendto socket 0130, wsabuf 0x32ef34, nbufs 1, flags 0, to 0x6cdb194, tolen 16, ovl (nil), func (nil)
0009:trace:winsock:WS2_sendto fd=42, options=20
0009:trace:winsock:WS2_sendto  -> 12 bytes
0009:trace:winsock:WS2_sendto socket 0130, wsabuf 0x32f964, nbufs 1, flags 0, to 0x6cdb194, tolen 16, ovl (nil), func (nil)
0009:trace:winsock:WS2_sendto fd=42, options=20
0009:trace:winsock:WS2_sendto  -> 16 bytes
0009:trace:winsock:WS2_sendto socket 0130, wsabuf 0x32f964, nbufs 1, flags 0, to 0x6cdb194, tolen 16, ovl (nil), func (nil)
0009:trace:winsock:WS2_sendto fd=42, options=20
0009:trace:winsock:WS2_sendto  -> 16 bytes
0009:trace:winsock:WS2_recv_base socket 0130, wsabuf 0x32f6e4, nbufs 1, flags 0, from 0x32f734, fromlen 16, ovl (nil), func (nil)
0009:trace:winsock:WS2_recv_base fd=42, options=20
0009:trace:winsock:WS2_recv_base  -> 16 bytes
0009:trace:winsock:WS2_recv_base socket 0130, wsabuf 0x32f6e4, nbufs 1, flags 0, from 0x32f734, fromlen 16, ovl (nil), func (nil)
0009:trace:winsock:WS2_recv_base fd=42, options=20
0009:trace:winsock:WS2_recv_base  -> 10 bytes
0009:trace:winsock:WS2_sendto socket 0130, wsabuf 0x32f9c4, nbufs 1, flags 0, to 0x6cdb194, tolen 16, ovl (nil), func (nil)
0009:trace:winsock:WS2_sendto fd=42, options=20
0009:trace:winsock:WS2_sendto  -> 12 bytes
0009:trace:winsock:WS2_recv_base socket 0130, wsabuf 0x32f6e4, nbufs 1, flags 0, from 0x32f734, fromlen 16, ovl (nil), func (nil)
0009:trace:winsock:WS2_recv_base fd=42, options=20
0009:trace:winsock:WS2_recv_base  -> 12 bytes
0009:trace:winsock:WS2_recv_base socket 0130, wsabuf 0x32f6e4, nbufs 1, flags 0, from 0x32f734, fromlen 16, ovl (nil), func (nil)
0009:trace:winsock:WS2_recv_base fd=42, options=20
0009:trace:winsock:WS2_recv_base  -> 10 bytes
0009:trace:winsock:WS2_sendto socket 0130, wsabuf 0x32f5e4, nbufs 1, flags 0, to 0x6cdb194, tolen 16, ovl (nil), func (nil)
0009:trace:winsock:WS2_sendto fd=42, options=20
0009:trace:winsock:WS2_sendto  -> 10 bytes
0009:trace:winsock:WS2_recv_base socket 0130, wsabuf 0x32f6e4, nbufs 1, flags 0, from 0x32f734, fromlen 16, ovl (nil), func (nil)
0009:trace:winsock:WS2_recv_base fd=42, options=20
0009:trace:winsock:WS2_recv_base  -> 16 bytes
0009:trace:winsock:WS2_sendto socket 0130, wsabuf 0x32f5e4, nbufs 1, flags 0, to 0x6cdb194, tolen 16, ovl (nil), func (nil)
0009:trace:winsock:WS2_sendto fd=42, options=20
0009:trace:winsock:WS2_sendto  -> 10 bytes
0009:trace:winsock:WS2_recv_base socket 0130, wsabuf 0x32f6e4, nbufs 1, flags 0, from 0x32f734, fromlen 16, ovl (nil), func (nil)
0009:trace:winsock:WS2_recv_base fd=42, options=20
0009:trace:winsock:WS2_recv_base  -> 10 bytes
0009:trace:winsock:WS2_sendto socket 0130, wsabuf 0x32f5e4, nbufs 1, flags 0, to 0x6cdb194, tolen 16, ovl (nil), func (nil)
0009:trace:winsock:WS2_sendto fd=42, options=20
0009:trace:winsock:WS2_sendto  -> 10 bytes
0009:trace:winsock:WS2_recv_base socket 0130, wsabuf 0x32f6e4, nbufs 1, flags 0, from 0x32f734, fromlen 16, ovl (nil), func (nil)
0009:trace:winsock:WS2_recv_base fd=42, options=20
0009:trace:winsock:WS2_recv_base  -> 10 bytes
0009:trace:winsock:WS2_sendto socket 0130, wsabuf 0x32f5e4, nbufs 1, flags 0, to 0x6cdb194, tolen 16, ovl (nil), func (nil)
0009:trace:winsock:WS2_sendto fd=42, options=20
0009:trace:winsock:WS2_sendto  -> 10 bytes
0009:trace:winsock:WS2_recv_base socket 0130, wsabuf 0x32f6e4, nbufs 1, flags 0, from 0x32f734, fromlen 16, ovl (nil), func (nil)
0009:trace:winsock:WS2_recv_base fd=42, options=20
0009:trace:winsock:WS2_recv_base  -> 10 bytes
0009:trace:winsock:WS2_recv_base socket 0130, wsabuf 0x32f6e4, nbufs 1, flags 0, from 0x32f734, fromlen 16, ovl (nil), func (nil)
0009:trace:winsock:WS2_recv_base fd=42, options=20
0009:trace:winsock:WS2_recv_base  -> 10 bytes
0009:trace:winsock:WS2_sendto socket 0130, wsabuf 0x32f5e4, nbufs 1, flags 0, to 0x6cdb194, tolen 16, ovl (nil), func (nil)
0009:trace:winsock:WS2_sendto fd=42, options=20
0009:trace:winsock:WS2_sendto  -> 10 bytes
0009:trace:winsock:WS2_sendto socket 0130, wsabuf 0x32f5e4, nbufs 1, flags 0, to 0x6cdb194, tolen 16, ovl (nil), func (nil)
0009:trace:winsock:WS2_sendto fd=42, options=20
0009:trace:winsock:WS2_sendto  -> 10 bytes
0009:trace:winsock:WS2_sendto socket 0130, wsabuf 0x32f964, nbufs 1, flags 0, to 0x6cdb194, tolen 16, ovl (nil), func (nil)
0009:trace:winsock:WS2_sendto fd=42, options=20
0009:trace:winsock:WS2_sendto  -> 16 bytes
0009:trace:winsock:WS2_sendto socket 0130, wsabuf 0x32f964, nbufs 1, flags 0, to 0x6cdb194, tolen 16, ovl (nil), func (nil)
0009:trace:winsock:WS2_sendto fd=42, options=20
0009:trace:winsock:WS2_sendto  -> 16 bytes
0009:trace:winsock:WS2_recv_base socket 0130, wsabuf 0x32f6e4, nbufs 1, flags 0, from 0x32f734, fromlen 16, ovl (nil), func (nil)
0009:trace:winsock:WS2_recv_base fd=42, options=20
0009:trace:winsock:WS2_recv_base  -> 12 bytes
0009:trace:winsock:WS2_sendto socket 0130, wsabuf 0x32ef34, nbufs 1, flags 0, to 0x6cdb194, tolen 16, ovl (nil), func (nil)
0009:trace:winsock:WS2_sendto fd=42, options=20
0009:trace:winsock:WS2_sendto  -> 12 bytes
0009:trace:winsock:WS2_recv_base socket 0130, wsabuf 0x32f6e4, nbufs 1, flags 0, from 0x32f734, fromlen 16, ovl (nil), func (nil)
0009:trace:winsock:WS2_recv_base fd=42, options=20
0009:trace:winsock:WS2_recv_base  -> 16 bytes
0009:trace:winsock:WS2_recv_base socket 0130, wsabuf 0x32f6e4, nbufs 1, flags 0, from 0x32f734, fromlen 16, ovl (nil), func (nil)
0009:trace:winsock:WS2_recv_base fd=42, options=20
0009:trace:winsock:WS2_recv_base  -> 10 bytes
0009:trace:winsock:WS2_sendto socket 0130, wsabuf 0x32f5e4, nbufs 1, flags 0, to 0x6cdb194, tolen 16, ovl (nil), func (nil)
0009:trace:winsock:WS2_sendto fd=42, options=20
0009:trace:winsock:WS2_sendto  -> 10 bytes
0009:trace:winsock:WS2_recv_base socket 0130, wsabuf 0x32f6e4, nbufs 1, flags 0, from 0x32f734, fromlen 16, ovl (nil), func (nil)
0009:trace:winsock:WS2_recv_base fd=42, options=20
0009:trace:winsock:WS2_recv_base  -> 10 bytes
0009:trace:winsock:WS2_sendto socket 0130, wsabuf 0x32f9c4, nbufs 1, flags 0, to 0x6cdb194, tolen 16, ovl (nil), func (nil)
0009:trace:winsock:WS2_sendto fd=42, options=20
0009:trace:winsock:WS2_sendto  -> 12 bytes
0009:trace:winsock:WS2_recv_base socket 0130, wsabuf 0x32f6e4, nbufs 1, flags 0, from 0x32f734, fromlen 16, ovl (nil), func (nil)
0009:trace:winsock:WS2_recv_base fd=42, options=20
0009:trace:winsock:WS2_recv_base  -> 12 bytes
0009:trace:winsock:WS2_sendto socket 0130, wsabuf 0x32f5e4, nbufs 1, flags 0, to 0x6cdb194, tolen 16, ovl (nil), func (nil)
0009:trace:winsock:WS2_sendto fd=42, options=20
0009:trace:winsock:WS2_sendto  -> 10 bytes
0009:trace:winsock:WS2_recv_base socket 0130, wsabuf 0x32f6e4, nbufs 1, flags 0, from 0x32f734, fromlen 16, ovl (nil), func (nil)
0009:trace:winsock:WS2_recv_base fd=42, options=20
0009:trace:winsock:WS2_recv_base  -> 16 bytes
0009:trace:winsock:WS2_recv_base socket 0130, wsabuf 0x32f6e4, nbufs 1, flags 0, from 0x32f734, fromlen 16, ovl (nil), func (nil)
0009:trace:winsock:WS2_recv_base fd=42, options=20
0009:trace:winsock:WS2_recv_base  -> 12 bytes
0009:trace:winsock:WS2_sendto socket 0130, wsabuf 0x32ef34, nbufs 1, flags 0, to 0x6cdb194, tolen 16, ovl (nil), func (nil)
0009:trace:winsock:WS2_sendto fd=42, options=20
0009:trace:winsock:WS2_sendto  -> 12 bytes
0009:trace:winsock:WS2_recv_base socket 0130, wsabuf 0x32f6e4, nbufs 1, flags 0, from 0x32f734, fromlen 16, ovl (nil), func (nil)
0009:trace:winsock:WS2_recv_base fd=42, options=20
0009:trace:winsock:WS2_recv_base  -> 10 bytes
0009:trace:winsock:WS2_sendto socket 0130, wsabuf 0x32f5e4, nbufs 1, flags 0, to 0x6cdb194, tolen 16, ovl (nil), func (nil)
0009:trace:winsock:WS2_sendto fd=42, options=20
0009:trace:winsock:WS2_sendto  -> 10 bytes
0009:trace:winsock:WS2_sendto socket 0130, wsabuf 0x32f9c4, nbufs 1, flags 0, to 0x6cdb194, tolen 16, ovl (nil), func (nil)
0009:trace:winsock:WS2_sendto fd=42, options=20
0009:trace:winsock:WS2_sendto  -> 12 bytes
0009:trace:winsock:WS2_recv_base socket 0130, wsabuf 0x32f6e4, nbufs 1, flags 0, from 0x32f734, fromlen 16, ovl (nil), func (nil)
0009:trace:winsock:WS2_recv_base fd=42, options=20
0009:trace:winsock:WS2_recv_base  -> 12 bytes
0009:trace:winsock:WS2_recv_base socket 0130, wsabuf 0x32f6e4, nbufs 1, flags 0, from 0x32f734, fromlen 16, ovl (nil), func (nil)
0009:trace:winsock:WS2_recv_base fd=42, options=20
0009:trace:winsock:WS2_recv_base  -> 10 bytes
0009:trace:winsock:WS2_sendto socket 0130, wsabuf 0x32f5e4, nbufs 1, flags 0, to 0x6cdb194, tolen 16, ovl (nil), func (nil)
0009:trace:winsock:WS2_sendto fd=42, options=20
0009:trace:winsock:WS2_sendto  -> 10 bytes
0009:trace:winsock:WS2_recv_base socket 0130, wsabuf 0x32f6e4, nbufs 1, flags 0, from 0x32f734, fromlen 16, ovl (nil), func (nil)
0009:trace:winsock:WS2_recv_base fd=42, options=20
0009:trace:winsock:WS2_recv_base  -> 10 bytes
0009:trace:winsock:WS2_sendto socket 0130, wsabuf 0x32f5e4, nbufs 1, flags 0, to 0x6cdb194, tolen 16, ovl (nil), func (nil)
0009:trace:winsock:WS2_sendto fd=42, options=20
0009:trace:winsock:WS2_sendto  -> 10 bytes
0009:trace:winsock:WS2_recv_base socket 0130, wsabuf 0x32f6e4, nbufs 1, flags 0, from 0x32f734, fromlen 16, ovl (nil), func (nil)
0009:trace:winsock:WS2_recv_base fd=42, options=20
0009:trace:winsock:WS2_recv_base  -> 10 bytes
0009:trace:winsock:WS2_sendto socket 0130, wsabuf 0x32f5e4, nbufs 1, flags 0, to 0x6cdb194, tolen 16, ovl (nil), func (nil)
0009:trace:winsock:WS2_sendto fd=42, options=20
0009:trace:winsock:WS2_sendto  -> 10 bytes
0009:trace:winsock:WS2_sendto socket 0130, wsabuf 0x32f964, nbufs 1, flags 0, to 0x6cdb194, tolen 16, ovl (nil), func (nil)
0009:trace:winsock:WS2_sendto fd=42, options=20
0009:trace:winsock:WS2_sendto  -> 16 bytes
0009:trace:winsock:WS2_sendto socket 0130, wsabuf 0x32f964, nbufs 1, flags 0, to 0x6cdb194, tolen 16, ovl (nil), func (nil)
0009:trace:winsock:WS2_sendto fd=42, options=20
0009:trace:winsock:WS2_sendto  -> 16 bytes
0009:trace:winsock:WS2_recv_base socket 0130, wsabuf 0x32f6e4, nbufs 1, flags 0, from 0x32f734, fromlen 16, ovl (nil), func (nil)
0009:trace:winsock:WS2_recv_base fd=42, options=20
0009:trace:winsock:WS2_recv_base  -> 10 bytes
0009:trace:winsock:WS2_recv_base socket 0130, wsabuf 0x32f6e4, nbufs 1, flags 0, from 0x32f734, fromlen 16, ovl (nil), func (nil)
0009:trace:winsock:WS2_recv_base fd=42, options=20
0009:trace:winsock:WS2_recv_base  -> 16 bytes
0009:trace:winsock:WS2_sendto socket 0130, wsabuf 0x32f5e4, nbufs 1, flags 0, to 0x6cdb194, tolen 16, ovl (nil), func (nil)
0009:trace:winsock:WS2_sendto fd=42, options=20
0009:trace:winsock:WS2_sendto  -> 10 bytes
0009:trace:winsock:WS2_recv_base socket 0130, wsabuf 0x32f6e4, nbufs 1, flags 0, from 0x32f734, fromlen 16, ovl (nil), func (nil)
0009:trace:winsock:WS2_recv_base fd=42, options=20
0009:trace:winsock:WS2_recv_base  -> 10 bytes
0009:trace:winsock:WS2_sendto socket 0130, wsabuf 0x32f5e4, nbufs 1, flags 0, to 0x6cdb194, tolen 16, ovl (nil), func (nil)
0009:trace:winsock:WS2_sendto fd=42, options=20
0009:trace:winsock:WS2_sendto  -> 10 bytes
0009:trace:winsock:WS2_recv_base socket 0130, wsabuf 0x32f6e4, nbufs 1, flags 0, from 0x32f734, fromlen 16, ovl (nil), func (nil)
0009:trace:winsock:WS2_recv_base fd=42, options=20
0009:trace:winsock:WS2_recv_base  -> 16 bytes
0009:trace:winsock:WS2_recv_base socket 0130, wsabuf 0x32f6e4, nbufs 1, flags 0, from 0x32f734, fromlen 16, ovl (nil), func (nil)
0009:trace:winsock:WS2_recv_base fd=42, options=20
0009:trace:winsock:WS2_recv_base  -> 12 bytes
0009:trace:winsock:WS2_sendto socket 0130, wsabuf 0x32ef34, nbufs 1, flags 0, to 0x6cdb194, tolen 16, ovl (nil), func (nil)
0009:trace:winsock:WS2_sendto fd=42, options=20
0009:trace:winsock:WS2_sendto  -> 12 bytes
0009:trace:winsock:WS2_recv_base socket 0130, wsabuf 0x32f6e4, nbufs 1, flags 0, from 0x32f734, fromlen 16, ovl (nil), func (nil)
0009:trace:winsock:WS2_recv_base fd=42, options=20
0009:trace:winsock:WS2_recv_base  -> 10 bytes
0009:trace:winsock:WS2_sendto socket 0130, wsabuf 0x32f5e4, nbufs 1, flags 0, to 0x6cdb194, tolen 16, ovl (nil), func (nil)
0009:trace:winsock:WS2_sendto fd=42, options=20
0009:trace:winsock:WS2_sendto  -> 10 bytes
0009:trace:winsock:WS2_recv_base socket 0130, wsabuf 0x32f6e4, nbufs 1, flags 0, from 0x32f734, fromlen 16, ovl (nil), func (nil)
0009:trace:winsock:WS2_recv_base fd=42, options=20
0009:trace:winsock:WS2_recv_base  -> 10 bytes
0009:trace:winsock:WS2_sendto socket 0130, wsabuf 0x32f9c4, nbufs 1, flags 0, to 0x6cdb194, tolen 16, ovl (nil), func (nil)
0009:trace:winsock:WS2_sendto fd=42, options=20
0009:trace:winsock:WS2_sendto  -> 12 bytes
0009:trace:winsock:WS2_recv_base socket 0130, wsabuf 0x32f6e4, nbufs 1, flags 0, from 0x32f734, fromlen 16, ovl (nil), func (nil)
0009:trace:winsock:WS2_recv_base fd=42, options=20
0009:trace:winsock:WS2_recv_base  -> 12 bytes
0009:trace:winsock:WS2_sendto socket 0130, wsabuf 0x32f5e4, nbufs 1, flags 0, to 0x6cdb194, tolen 16, ovl (nil), func (nil)
0009:trace:winsock:WS2_sendto fd=42, options=20
0009:trace:winsock:WS2_sendto  -> 10 bytes
0009:trace:winsock:WS2_recv_base socket 0130, wsabuf 0x32f6e4, nbufs 1, flags 0, from 0x32f734, fromlen 16, ovl (nil), func (nil)
0009:trace:winsock:WS2_recv_base fd=42, options=20
0009:trace:winsock:WS2_recv_base  -> 12 bytes
0009:trace:winsock:WS2_sendto socket 0130, wsabuf 0x32ef34, nbufs 1, flags 0, to 0x6cdb194, tolen 16, ovl (nil), func (nil)
0009:trace:winsock:WS2_sendto fd=42, options=20
0009:trace:winsock:WS2_sendto  -> 12 bytes
0009:trace:winsock:WS2_recv_base socket 0130, wsabuf 0x32f6e4, nbufs 1, flags 0, from 0x32f734, fromlen 16, ovl (nil), func (nil)
0009:trace:winsock:WS2_recv_base fd=42, options=20
0009:trace:winsock:WS2_recv_base  -> 10 bytes
0009:trace:winsock:WS2_sendto socket 0130, wsabuf 0x32f5e4, nbufs 1, flags 0, to 0x6cdb194, tolen 16, ovl (nil), func (nil)
0009:trace:winsock:WS2_sendto fd=42, options=20
0009:trace:winsock:WS2_sendto  -> 10 bytes
0009:trace:winsock:WS2_sendto socket 0130, wsabuf 0x32f9c4, nbufs 1, flags 0, to 0x6cdb194, tolen 16, ovl (nil), func (nil)
0009:trace:winsock:WS2_sendto fd=42, options=20
0009:trace:winsock:WS2_sendto  -> 12 bytes
0009:trace:winsock:WS2_recv_base socket 0130, wsabuf 0x32f6e4, nbufs 1, flags 0, from 0x32f734, fromlen 16, ovl (nil), func (nil)
0009:trace:winsock:WS2_recv_base fd=42, options=20
0009:trace:winsock:WS2_recv_base  -> 12 bytes
0009:trace:winsock:WS2_recv_base socket 0130, wsabuf 0x32f6e4, nbufs 1, flags 0, from 0x32f734, fromlen 16, ovl (nil), func (nil)
0009:trace:winsock:WS2_recv_base fd=42, options=20
0009:trace:winsock:WS2_recv_base  -> 10 bytes
0009:trace:winsock:WS2_sendto socket 0130, wsabuf 0x32f5e4, nbufs 1, flags 0, to 0x6cdb194, tolen 16, ovl (nil), func (nil)
0009:trace:winsock:WS2_sendto fd=42, options=20
0009:trace:winsock:WS2_sendto  -> 10 bytes
0009:trace:winsock:WS2_sendto socket 0130, wsabuf 0x32f964, nbufs 1, flags 0, to 0x6cdb194, tolen 16, ovl (nil), func (nil)
0009:trace:winsock:WS2_sendto fd=42, options=20
0009:trace:winsock:WS2_sendto  -> 16 bytes
0009:trace:winsock:WS2_sendto socket 0130, wsabuf 0x32f964, nbufs 1, flags 0, to 0x6cdb194, tolen 16, ovl (nil), func (nil)
0009:trace:winsock:WS2_sendto fd=42, options=20
0009:trace:winsock:WS2_sendto  -> 16 bytes
0009:trace:winsock:WS2_recv_base socket 0130, wsabuf 0x32f6e4, nbufs 1, flags 0, from 0x32f734, fromlen 16, ovl (nil), func (nil)
0009:trace:winsock:WS2_recv_base fd=42, options=20
0009:trace:winsock:WS2_recv_base  -> 10 bytes
0009:trace:winsock:WS2_sendto socket 0130, wsabuf 0x32f5e4, nbufs 1, flags 0, to 0x6cdb194, tolen 16, ovl (nil), func (nil)
0009:trace:winsock:WS2_sendto fd=42, options=20
0009:trace:winsock:WS2_sendto  -> 10 bytes
0009:trace:winsock:WS2_recv_base socket 0130, wsabuf 0x32f6e4, nbufs 1, flags 0, from 0x32f734, fromlen 16, ovl (nil), func (nil)
0009:trace:winsock:WS2_recv_base fd=42, options=20
0009:trace:winsock:WS2_recv_base  -> 10 bytes
0009:trace:winsock:WS2_recv_base socket 0130, wsabuf 0x32f6e4, nbufs 1, flags 0, from 0x32f734, fromlen 16, ovl (nil), func (nil)
0009:trace:winsock:WS2_recv_base fd=42, options=20
0009:trace:winsock:WS2_recv_base  -> 16 bytes
0009:trace:winsock:WS2_sendto socket 0130, wsabuf 0x32f5e4, nbufs 1, flags 0, to 0x6cdb194, tolen 16, ovl (nil), func (nil)
0009:trace:winsock:WS2_sendto fd=42, options=20
0009:trace:winsock:WS2_sendto  -> 10 bytes
0009:trace:winsock:WS2_recv_base socket 0130, wsabuf 0x32f6e4, nbufs 1, flags 0, from 0x32f734, fromlen 16, ovl (nil), func (nil)
0009:trace:winsock:WS2_recv_base fd=42, options=20
0009:trace:winsock:WS2_recv_base  -> 16 bytes
0009:trace:winsock:WS2_recv_base socket 0130, wsabuf 0x32f6e4, nbufs 1, flags 0, from 0x32f734, fromlen 16, ovl (nil), func (nil)
0009:trace:winsock:WS2_recv_base fd=42, options=20
0009:trace:winsock:WS2_recv_base  -> 10 bytes
0009:trace:winsock:WS2_recv_base socket 0130, wsabuf 0x32f6e4, nbufs 1, flags 0, from 0x32f734, fromlen 16, ovl (nil), func (nil)
0009:trace:winsock:WS2_recv_base fd=42, options=20
0009:trace:winsock:WS2_recv_base  -> 10 bytes
0009:trace:winsock:WS2_sendto socket 0130, wsabuf 0x32f5e4, nbufs 1, flags 0, to 0x6cdb194, tolen 16, ovl (nil), func (nil)
0009:trace:winsock:WS2_sendto fd=42, options=20
0009:trace:winsock:WS2_sendto  -> 10 bytes
0009:trace:winsock:WS2_sendto socket 0130, wsabuf 0x32f5e4, nbufs 1, flags 0, to 0x6cdb194, tolen 16, ovl (nil), func (nil)
0009:trace:winsock:WS2_sendto fd=42, options=20
0009:trace:winsock:WS2_sendto  -> 10 bytes
0009:trace:winsock:WS2_recv_base socket 0130, wsabuf 0x32f6e4, nbufs 1, flags 0, from 0x32f734, fromlen 16, ovl (nil), func (nil)
0009:trace:winsock:WS2_recv_base fd=42, options=20
0009:trace:winsock:WS2_recv_base  -> 12 bytes
0009:trace:winsock:WS2_sendto socket 0130, wsabuf 0x32ef34, nbufs 1, flags 0, to 0x6cdb194, tolen 16, ovl (nil), func (nil)
0009:trace:winsock:WS2_sendto fd=42, options=20
0009:trace:winsock:WS2_sendto  -> 12 bytes
0009:trace:winsock:WS2_recv_base socket 0130, wsabuf 0x32f6e4, nbufs 1, flags 0, from 0x32f734, fromlen 16, ovl (nil), func (nil)
0009:trace:winsock:WS2_recv_base fd=42, options=20
0009:trace:winsock:WS2_recv_base  -> 10 bytes
0009:trace:winsock:WS2_sendto socket 0130, wsabuf 0x32f5e4, nbufs 1, flags 0, to 0x6cdb194, tolen 16, ovl (nil), func (nil)
0009:trace:winsock:WS2_sendto fd=42, options=20
0009:trace:winsock:WS2_sendto  -> 10 bytes
0009:trace:winsock:WS2_recv_base socket 0130, wsabuf 0x32f6e4, nbufs 1, flags 0, from 0x32f734, fromlen 16, ovl (nil), func (nil)
0009:trace:winsock:WS2_recv_base fd=42, options=20
0009:trace:winsock:WS2_recv_base  -> 10 bytes
0009:trace:winsock:WS2_sendto socket 0130, wsabuf 0x32f9c4, nbufs 1, flags 0, to 0x6cdb194, tolen 16, ovl (nil), func (nil)
0009:trace:winsock:WS2_sendto fd=42, options=20
0009:trace:winsock:WS2_sendto  -> 12 bytes
0009:trace:winsock:WS2_recv_base socket 0130, wsabuf 0x32f6e4, nbufs 1, flags 0, from 0x32f734, fromlen 16, ovl (nil), func (nil)
0009:trace:winsock:WS2_recv_base fd=42, options=20
0009:trace:winsock:WS2_recv_base  -> 12 bytes
0009:trace:winsock:WS2_sendto socket 0130, wsabuf 0x32f5e4, nbufs 1, flags 0, to 0x6cdb194, tolen 16, ovl (nil), func (nil)
0009:trace:winsock:WS2_sendto fd=42, options=20
0009:trace:winsock:WS2_sendto  -> 10 bytes
0009:trace:winsock:WS2_recv_base socket 0130, wsabuf 0x32f6e4, nbufs 1, flags 0, from 0x32f734, fromlen 16, ovl (nil), func (nil)
0009:trace:winsock:WS2_recv_base fd=42, options=20
0009:trace:winsock:WS2_recv_base  -> 12 bytes
0009:trace:winsock:WS2_sendto socket 0130, wsabuf 0x32ef34, nbufs 1, flags 0, to 0x6cdb194, tolen 16, ovl (nil), func (nil)
0009:trace:winsock:WS2_sendto fd=42, options=20
0009:trace:winsock:WS2_sendto  -> 12 bytes
0009:trace:winsock:WS2_recv_base socket 0130, wsabuf 0x32f6e4, nbufs 1, flags 0, from 0x32f734, fromlen 16, ovl (nil), func (nil)
0009:trace:winsock:WS2_recv_base fd=42, options=20
0009:trace:winsock:WS2_recv_base  -> 10 bytes
0009:trace:winsock:WS2_sendto socket 0130, wsabuf 0x32f5e4, nbufs 1, flags 0, to 0x6cdb194, tolen 16, ovl (nil), func (nil)
0009:trace:winsock:WS2_sendto fd=42, options=20
0009:trace:winsock:WS2_sendto  -> 10 bytes
0009:trace:winsock:WS2_sendto socket 0130, wsabuf 0x32f964, nbufs 1, flags 0, to 0x6cdb194, tolen 16, ovl (nil), func (nil)
0009:trace:winsock:WS2_sendto fd=42, options=20
0009:trace:winsock:WS2_sendto  -> 16 bytes
0009:trace:winsock:WS2_sendto socket 0130, wsabuf 0x32f964, nbufs 1, flags 0, to 0x6cdb194, tolen 16, ovl (nil), func (nil)
0009:trace:winsock:WS2_sendto fd=42, options=20
0009:trace:winsock:WS2_sendto  -> 16 bytes
0009:trace:winsock:WS2_sendto socket 0130, wsabuf 0x32f9c4, nbufs 1, flags 0, to 0x6cdb194, tolen 16, ovl (nil), func (nil)
0009:trace:winsock:WS2_sendto fd=42, options=20
0009:trace:winsock:WS2_sendto  -> 12 bytes
0009:trace:winsock:WS2_recv_base socket 0130, wsabuf 0x32f6e4, nbufs 1, flags 0, from 0x32f734, fromlen 16, ovl (nil), func (nil)
0009:trace:winsock:WS2_recv_base fd=42, options=20
0009:trace:winsock:WS2_recv_base  -> 12 bytes
0009:trace:winsock:WS2_recv_base socket 0130, wsabuf 0x32f6e4, nbufs 1, flags 0, from 0x32f734, fromlen 16, ovl (nil), func (nil)
0009:trace:winsock:WS2_recv_base fd=42, options=20
0009:trace:winsock:WS2_recv_base  -> 10 bytes
0009:trace:winsock:WS2_recv_base socket 0130, wsabuf 0x32f6e4, nbufs 1, flags 0, from 0x32f734, fromlen 16, ovl (nil), func (nil)
0009:trace:winsock:WS2_recv_base fd=42, options=20
0009:trace:winsock:WS2_recv_base  -> 16 bytes
0009:trace:winsock:WS2_sendto socket 0130, wsabuf 0x32f5e4, nbufs 1, flags 0, to 0x6cdb194, tolen 16, ovl (nil), func (nil)
0009:trace:winsock:WS2_sendto fd=42, options=20
0009:trace:winsock:WS2_sendto  -> 10 bytes
0009:trace:winsock:WS2_recv_base socket 0130, wsabuf 0x32f6e4, nbufs 1, flags 0, from 0x32f734, fromlen 16, ovl (nil), func (nil)
0009:trace:winsock:WS2_recv_base fd=42, options=20
0009:trace:winsock:WS2_recv_base  -> 16 bytes
0009:trace:winsock:WS2_recv_base socket 0130, wsabuf 0x32f6e4, nbufs 1, flags 0, from 0x32f734, fromlen 16, ovl (nil), func (nil)
0009:trace:winsock:WS2_recv_base fd=42, options=20
0009:trace:winsock:WS2_recv_base  -> 10 bytes
0009:trace:winsock:WS2_sendto socket 0130, wsabuf 0x32f5e4, nbufs 1, flags 0, to 0x6cdb194, tolen 16, ovl (nil), func (nil)
0009:trace:winsock:WS2_sendto fd=42, options=20
0009:trace:winsock:WS2_sendto  -> 10 bytes
0009:trace:winsock:WS2_recv_base socket 0130, wsabuf 0x32f6e4, nbufs 1, flags 0, from 0x32f734, fromlen 16, ovl (nil), func (nil)
0009:trace:winsock:WS2_recv_base fd=42, options=20
0009:trace:winsock:WS2_recv_base  -> 10 bytes
0009:trace:winsock:WS2_sendto socket 0130, wsabuf 0x32f5e4, nbufs 1, flags 0, to 0x6cdb194, tolen 16, ovl (nil), func (nil)
0009:trace:winsock:WS2_sendto fd=42, options=20
0009:trace:winsock:WS2_sendto  -> 10 bytes
0009:trace:winsock:WS2_recv_base socket 0130, wsabuf 0x32f6e4, nbufs 1, flags 0, from 0x32f734, fromlen 16, ovl (nil), func (nil)
0009:trace:winsock:WS2_recv_base fd=42, options=20
0009:trace:winsock:WS2_recv_base  -> 10 bytes
0009:trace:winsock:WS2_recv_base socket 0130, wsabuf 0x32f6e4, nbufs 1, flags 0, from 0x32f734, fromlen 16, ovl (nil), func (nil)
0009:trace:winsock:WS2_recv_base fd=42, options=20
0009:trace:winsock:WS2_recv_base  -> 10 bytes
0009:trace:winsock:WS2_sendto socket 0130, wsabuf 0x32f5e4, nbufs 1, flags 0, to 0x6cdb194, tolen 16, ovl (nil), func (nil)
0009:trace:winsock:WS2_sendto fd=42, options=20
0009:trace:winsock:WS2_sendto  -> 10 bytes
0009:trace:winsock:WS2_sendto socket 0130, wsabuf 0x32f5e4, nbufs 1, flags 0, to 0x6cdb194, tolen 16, ovl (nil), func (nil)
0009:trace:winsock:WS2_sendto fd=42, options=20
0009:trace:winsock:WS2_sendto  -> 10 bytes
0009:trace:winsock:WS2_recv_base socket 0130, wsabuf 0x32f6e4, nbufs 1, flags 0, from 0x32f734, fromlen 16, ovl (nil), func (nil)
0009:trace:winsock:WS2_recv_base fd=42, options=20
0009:trace:winsock:WS2_recv_base  -> 12 bytes
0009:trace:winsock:WS2_sendto socket 0130, wsabuf 0x32ef34, nbufs 1, flags 0, to 0x6cdb194, tolen 16, ovl (nil), func (nil)
0009:trace:winsock:WS2_sendto fd=42, options=20
0009:trace:winsock:WS2_sendto  -> 12 bytes
0009:trace:winsock:WS2_recv_base socket 0130, wsabuf 0x32f6e4, nbufs 1, flags 0, from 0x32f734, fromlen 16, ovl (nil), func (nil)
0009:trace:winsock:WS2_recv_base fd=42, options=20
0009:trace:winsock:WS2_recv_base  -> 10 bytes
0009:trace:winsock:WS2_sendto socket 0130, wsabuf 0x32f5e4, nbufs 1, flags 0, to 0x6cdb194, tolen 16, ovl (nil), func (nil)
0009:trace:winsock:WS2_sendto fd=42, options=20
0009:trace:winsock:WS2_sendto  -> 10 bytes
0009:trace:winsock:WS2_recv_base socket 0130, wsabuf 0x32f6e4, nbufs 1, flags 0, from 0x32f734, fromlen 16, ovl (nil), func (nil)
0009:trace:winsock:WS2_recv_base fd=42, options=20
0009:trace:winsock:WS2_recv_base  -> 10 bytes
0009:trace:winsock:WS2_sendto socket 0130, wsabuf 0x32f964, nbufs 1, flags 0, to 0x6cdb194, tolen 16, ovl (nil), func (nil)
0009:trace:winsock:WS2_sendto fd=42, options=20
0009:trace:winsock:WS2_sendto  -> 16 bytes
0009:trace:winsock:WS2_sendto socket 0130, wsabuf 0x32f964, nbufs 1, flags 0, to 0x6cdb194, tolen 16, ovl (nil), func (nil)
0009:trace:winsock:WS2_sendto fd=42, options=20
0009:trace:winsock:WS2_sendto  -> 16 bytes
0009:trace:winsock:WS2_sendto socket 0130, wsabuf 0x32f9c4, nbufs 1, flags 0, to 0x6cdb194, tolen 16, ovl (nil), func (nil)
0009:trace:winsock:WS2_sendto fd=42, options=20
0009:trace:winsock:WS2_sendto  -> 12 bytes
0009:trace:winsock:WS2_recv_base socket 0130, wsabuf 0x32f6e4, nbufs 1, flags 0, from 0x32f734, fromlen 16, ovl (nil), func (nil)
0009:trace:winsock:WS2_recv_base fd=42, options=20
0009:trace:winsock:WS2_recv_base  -> 12 bytes
0009:trace:winsock:WS2_sendto socket 0130, wsabuf 0x32f5e4, nbufs 1, flags 0, to 0x6cdb194, tolen 16, ovl (nil), func (nil)
0009:trace:winsock:WS2_sendto fd=42, options=20
0009:trace:winsock:WS2_sendto  -> 10 bytes
0009:trace:winsock:WS2_recv_base socket 0130, wsabuf 0x32f6e4, nbufs 1, flags 0, from 0x32f734, fromlen 16, ovl (nil), func (nil)
0009:trace:winsock:WS2_recv_base fd=42, options=20
0009:trace:winsock:WS2_recv_base  -> 16 bytes
0009:trace:winsock:WS2_recv_base socket 0130, wsabuf 0x32f6e4, nbufs 1, flags 0, from 0x32f734, fromlen 16, ovl (nil), func (nil)
0009:trace:winsock:WS2_recv_base fd=42, options=20
0009:trace:winsock:WS2_recv_base  -> 12 bytes
0009:trace:winsock:WS2_sendto socket 0130, wsabuf 0x32ef34, nbufs 1, flags 0, to 0x6cdb194, tolen 16, ovl (nil), func (nil)
0009:trace:winsock:WS2_sendto fd=42, options=20
0009:trace:winsock:WS2_sendto  -> 12 bytes
0009:trace:winsock:WS2_recv_base socket 0130, wsabuf 0x32f6e4, nbufs 1, flags 0, from 0x32f734, fromlen 16, ovl (nil), func (nil)
0009:trace:winsock:WS2_recv_base fd=42, options=20
0009:trace:winsock:WS2_recv_base  -> 16 bytes
0009:trace:winsock:WS2_recv_base socket 0130, wsabuf 0x32f6e4, nbufs 1, flags 0, from 0x32f734, fromlen 16, ovl (nil), func (nil)
0009:trace:winsock:WS2_recv_base fd=42, options=20
0009:trace:winsock:WS2_recv_base  -> 10 bytes
0009:trace:winsock:WS2_sendto socket 0130, wsabuf 0x32f5e4, nbufs 1, flags 0, to 0x6cdb194, tolen 16, ovl (nil), func (nil)
0009:trace:winsock:WS2_sendto fd=42, options=20
0009:trace:winsock:WS2_sendto  -> 10 bytes
0009:trace:winsock:WS2_recv_base socket 0130, wsabuf 0x32f6e4, nbufs 1, flags 0, from 0x32f734, fromlen 16, ovl (nil), func (nil)
0009:trace:winsock:WS2_recv_base fd=42, options=20
0009:trace:winsock:WS2_recv_base  -> 10 bytes
0009:trace:winsock:WS2_sendto socket 0130, wsabuf 0x32f9c4, nbufs 1, flags 0, to 0x6cdb194, tolen 16, ovl (nil), func (nil)
0009:trace:winsock:WS2_sendto fd=42, options=20
0009:trace:winsock:WS2_sendto  -> 12 bytes
0009:trace:winsock:WS2_recv_base socket 0130, wsabuf 0x32f6e4, nbufs 1, flags 0, from 0x32f734, fromlen 16, ovl (nil), func (nil)
0009:trace:winsock:WS2_recv_base fd=42, options=20
0009:trace:winsock:WS2_recv_base  -> 12 bytes
0009:trace:winsock:WS2_sendto socket 0130, wsabuf 0x32f5e4, nbufs 1, flags 0, to 0x6cdb194, tolen 16, ovl (nil), func (nil)
0009:trace:winsock:WS2_sendto fd=42, options=20
0009:trace:winsock:WS2_sendto  -> 10 bytes
0009:trace:winsock:WS2_recv_base socket 0130, wsabuf 0x32f6e4, nbufs 1, flags 0, from 0x32f734, fromlen 16, ovl (nil), func (nil)
0009:trace:winsock:WS2_recv_base fd=42, options=20
0009:trace:winsock:WS2_recv_base  -> 10 bytes
0009:trace:winsock:WS2_sendto socket 0130, wsabuf 0x32f5e4, nbufs 1, flags 0, to 0x6cdb194, tolen 16, ovl (nil), func (nil)
0009:trace:winsock:WS2_sendto fd=42, options=20
0009:trace:winsock:WS2_sendto  -> 10 bytes
0009:trace:winsock:WS2_recv_base socket 0130, wsabuf 0x32f6e4, nbufs 1, flags 0, from 0x32f734, fromlen 16, ovl (nil), func (nil)
0009:trace:winsock:WS2_recv_base fd=42, options=20
0009:trace:winsock:WS2_recv_base  -> 10 bytes
0009:trace:winsock:WS2_sendto socket 0130, wsabuf 0x32f5e4, nbufs 1, flags 0, to 0x6cdb194, tolen 16, ovl (nil), func (nil)
0009:trace:winsock:WS2_sendto fd=42, options=20
0009:trace:winsock:WS2_sendto  -> 10 bytes
0009:trace:winsock:WS2_recv_base socket 0130, wsabuf 0x32f6e4, nbufs 1, flags 0, from 0x32f734, fromlen 16, ovl (nil), func (nil)
0009:trace:winsock:WS2_recv_base fd=42, options=20
0009:trace:winsock:WS2_recv_base  -> 10 bytes
0009:trace:winsock:WS2_sendto socket 0130, wsabuf 0x32f5e4, nbufs 1, flags 0, to 0x6cdb194, tolen 16, ovl (nil), func (nil)
0009:trace:winsock:WS2_sendto fd=42, options=20
0009:trace:winsock:WS2_sendto  -> 10 bytes
0009:trace:winsock:WS2_recv_base socket 0130, wsabuf 0x32f6e4, nbufs 1, flags 0, from 0x32f734, fromlen 16, ovl (nil), func (nil)
0009:trace:winsock:WS2_recv_base fd=42, options=20
0009:trace:winsock:WS2_recv_base  -> 10 bytes
0009:trace:winsock:WS2_sendto socket 0130, wsabuf 0x32f964, nbufs 1, flags 0, to 0x6cdb194, tolen 16, ovl (nil), func (nil)
0009:trace:winsock:WS2_sendto fd=42, options=20
0009:trace:winsock:WS2_sendto  -> 16 bytes
0009:trace:winsock:WS2_sendto socket 0130, wsabuf 0x32f964, nbufs 1, flags 0, to 0x6cdb194, tolen 16, ovl (nil), func (nil)
0009:trace:winsock:WS2_sendto fd=42, options=20
0009:trace:winsock:WS2_sendto  -> 16 bytes
0009:trace:winsock:WS2_sendto socket 0130, wsabuf 0x32f5e4, nbufs 1, flags 0, to 0x6cdb194, tolen 16, ovl (nil), func (nil)
0009:trace:winsock:WS2_sendto fd=42, options=20
0009:trace:winsock:WS2_sendto  -> 10 bytes
0009:trace:winsock:WS2_recv_base socket 0130, wsabuf 0x32f6e4, nbufs 1, flags 0, from 0x32f734, fromlen 16, ovl (nil), func (nil)
0009:trace:winsock:WS2_recv_base fd=42, options=20
0009:trace:winsock:WS2_recv_base  -> 16 bytes
0009:trace:winsock:WS2_recv_base socket 0130, wsabuf 0x32f6e4, nbufs 1, flags 0, from 0x32f734, fromlen 16, ovl (nil), func (nil)
0009:trace:winsock:WS2_recv_base fd=42, options=20
0009:trace:winsock:WS2_recv_base  -> 16 bytes
0009:trace:winsock:WS2_recv_base socket 0130, wsabuf 0x32f6e4, nbufs 1, flags 0, from 0x32f734, fromlen 16, ovl (nil), func (nil)
0009:trace:winsock:WS2_recv_base fd=42, options=20
0009:trace:winsock:WS2_recv_base  -> 12 bytes
0009:trace:winsock:WS2_sendto socket 0130, wsabuf 0x32ef34, nbufs 1, flags 0, to 0x6cdb194, tolen 16, ovl (nil), func (nil)
0009:trace:winsock:WS2_sendto fd=42, options=20
0009:trace:winsock:WS2_sendto  -> 12 bytes
0009:trace:winsock:WS2_recv_base socket 0130, wsabuf 0x32f6e4, nbufs 1, flags 0, from 0x32f734, fromlen 16, ovl (nil), func (nil)
0009:trace:winsock:WS2_recv_base fd=42, options=20
0009:trace:winsock:WS2_recv_base  -> 10 bytes
0009:trace:winsock:WS2_sendto socket 0130, wsabuf 0x32f5e4, nbufs 1, flags 0, to 0x6cdb194, tolen 16, ovl (nil), func (nil)
0009:trace:winsock:WS2_sendto fd=42, options=20
0009:trace:winsock:WS2_sendto  -> 10 bytes
0009:trace:winsock:WS2_recv_base socket 0130, wsabuf 0x32f6e4, nbufs 1, flags 0, from 0x32f734, fromlen 16, ovl (nil), func (nil)
0009:trace:winsock:WS2_recv_base fd=42, options=20
0009:trace:winsock:WS2_recv_base  -> 10 bytes
0009:trace:winsock:WS2_sendto socket 0130, wsabuf 0x32f9c4, nbufs 1, flags 0, to 0x6cdb194, tolen 16, ovl (nil), func (nil)
0009:trace:winsock:WS2_sendto fd=42, options=20
0009:trace:winsock:WS2_sendto  -> 12 bytes
0009:trace:winsock:WS2_recv_base socket 0130, wsabuf 0x32f6e4, nbufs 1, flags 0, from 0x32f734, fromlen 16, ovl (nil), func (nil)
0009:trace:winsock:WS2_recv_base fd=42, options=20
0009:trace:winsock:WS2_recv_base  -> 12 bytes
0009:trace:winsock:WS2_sendto socket 0130, wsabuf 0x32f5e4, nbufs 1, flags 0, to 0x6cdb194, tolen 16, ovl (nil), func (nil)
0009:trace:winsock:WS2_sendto fd=42, options=20
0009:trace:winsock:WS2_sendto  -> 10 bytes
0009:trace:winsock:WS2_recv_base socket 0130, wsabuf 0x32f6e4, nbufs 1, flags 0, from 0x32f734, fromlen 16, ovl (nil), func (nil)
0009:trace:winsock:WS2_recv_base fd=42, options=20
0009:trace:winsock:WS2_recv_base  -> 12 bytes
0009:trace:winsock:WS2_sendto socket 0130, wsabuf 0x32ef34, nbufs 1, flags 0, to 0x6cdb194, tolen 16, ovl (nil), func (nil)
0009:trace:winsock:WS2_sendto fd=42, options=20
0009:trace:winsock:WS2_sendto  -> 12 bytes
0009:trace:winsock:WS2_recv_base socket 0130, wsabuf 0x32f6e4, nbufs 1, flags 0, from 0x32f734, fromlen 16, ovl (nil), func (nil)
0009:trace:winsock:WS2_recv_base fd=42, options=20
0009:trace:winsock:WS2_recv_base  -> 10 bytes
0009:trace:winsock:WS2_sendto socket 0130, wsabuf 0x32f5e4, nbufs 1, flags 0, to 0x6cdb194, tolen 16, ovl (nil), func (nil)
0009:trace:winsock:WS2_sendto fd=42, options=20
0009:trace:winsock:WS2_sendto  -> 10 bytes
0009:trace:winsock:WS2_recv_base socket 0130, wsabuf 0x32f6e4, nbufs 1, flags 0, from 0x32f734, fromlen 16, ovl (nil), func (nil)
0009:trace:winsock:WS2_recv_base fd=42, options=20
0009:trace:winsock:WS2_recv_base  -> 10 bytes
0009:trace:winsock:WS2_sendto socket 0130, wsabuf 0x32f9c4, nbufs 1, flags 0, to 0x6cdb194, tolen 16, ovl (nil), func (nil)
0009:trace:winsock:WS2_sendto fd=42, options=20
0009:trace:winsock:WS2_sendto  -> 12 bytes
0009:trace:winsock:WS2_recv_base socket 0130, wsabuf 0x32f6e4, nbufs 1, flags 0, from 0x32f734, fromlen 16, ovl (nil), func (nil)
0009:trace:winsock:WS2_recv_base fd=42, options=20
0009:trace:winsock:WS2_recv_base  -> 12 bytes
0009:trace:winsock:WS2_sendto socket 0130, wsabuf 0x32f5e4, nbufs 1, flags 0, to 0x6cdb194, tolen 16, ovl (nil), func (nil)
0009:trace:winsock:WS2_sendto fd=42, options=20
0009:trace:winsock:WS2_sendto  -> 10 bytes
0009:trace:winsock:WS2_recv_base socket 0130, wsabuf 0x32f6e4, nbufs 1, flags 0, from 0x32f734, fromlen 16, ovl (nil), func (nil)
0009:trace:winsock:WS2_recv_base fd=42, options=20
0009:trace:winsock:WS2_recv_base  -> 10 bytes
0009:trace:winsock:WS2_recv_base socket 0130, wsabuf 0x32f6e4, nbufs 1, flags 0, from 0x32f734, fromlen 16, ovl (nil), func (nil)
0009:trace:winsock:WS2_recv_base fd=42, options=20
0009:trace:winsock:WS2_recv_base  -> 10 bytes
0009:trace:winsock:WS2_sendto socket 0130, wsabuf 0x32f5e4, nbufs 1, flags 0, to 0x6cdb194, tolen 16, ovl (nil), func (nil)
0009:trace:winsock:WS2_sendto fd=42, options=20
0009:trace:winsock:WS2_sendto  -> 10 bytes
0009:trace:winsock:WS2_sendto socket 0130, wsabuf 0x32f5e4, nbufs 1, flags 0, to 0x6cdb194, tolen 16, ovl (nil), func (nil)
0009:trace:winsock:WS2_sendto fd=42, options=20
0009:trace:winsock:WS2_sendto  -> 10 bytes
0009:trace:winsock:WS2_sendto socket 0130, wsabuf 0x32f964, nbufs 1, flags 0, to 0x6cdb194, tolen 16, ovl (nil), func (nil)
0009:trace:winsock:WS2_sendto fd=42, options=20
0009:trace:winsock:WS2_sendto  -> 16 bytes
0009:trace:winsock:WS2_sendto socket 0130, wsabuf 0x32f964, nbufs 1, flags 0, to 0x6cdb194, tolen 16, ovl (nil), func (nil)
0009:trace:winsock:WS2_sendto fd=42, options=20
0009:trace:winsock:WS2_sendto  -> 16 bytes
0009:trace:winsock:WS2_recv_base socket 0130, wsabuf 0x32f6e4, nbufs 1, flags 0, from 0x32f734, fromlen 16, ovl (nil), func (nil)
0009:trace:winsock:WS2_recv_base fd=42, options=20
0009:trace:winsock:WS2_recv_base  -> 16 bytes
0009:trace:winsock:WS2_recv_base socket 0130, wsabuf 0x32f6e4, nbufs 1, flags 0, from 0x32f734, fromlen 16, ovl (nil), func (nil)
0009:trace:winsock:WS2_recv_base fd=42, options=20
0009:trace:winsock:WS2_recv_base  -> 16 bytes
0009:trace:winsock:WS2_recv_base socket 0130, wsabuf 0x32f6e4, nbufs 1, flags 0, from 0x32f734, fromlen 16, ovl (nil), func (nil)
0009:trace:winsock:WS2_recv_base fd=42, options=20
0009:trace:winsock:WS2_recv_base  -> 10 bytes
0009:trace:winsock:WS2_sendto socket 0130, wsabuf 0x32f5e4, nbufs 1, flags 0, to 0x6cdb194, tolen 16, ovl (nil), func (nil)
0009:trace:winsock:WS2_sendto fd=42, options=20
0009:trace:winsock:WS2_sendto  -> 10 bytes
0009:trace:winsock:WS2_recv_base socket 0130, wsabuf 0x32f6e4, nbufs 1, flags 0, from 0x32f734, fromlen 16, ovl (nil), func (nil)
0009:trace:winsock:WS2_recv_base fd=42, options=20
0009:trace:winsock:WS2_recv_base  -> 10 bytes
0009:trace:winsock:WS2_sendto socket 0130, wsabuf 0x32f5e4, nbufs 1, flags 0, to 0x6cdb194, tolen 16, ovl (nil), func (nil)
0009:trace:winsock:WS2_sendto fd=42, options=20
0009:trace:winsock:WS2_sendto  -> 10 bytes
0009:trace:winsock:WS2_recv_base socket 0130, wsabuf 0x32f6e4, nbufs 1, flags 0, from 0x32f734, fromlen 16, ovl (nil), func (nil)
0009:trace:winsock:WS2_recv_base fd=42, options=20
0009:trace:winsock:WS2_recv_base  -> 12 bytes
0009:trace:winsock:WS2_sendto socket 0130, wsabuf 0x32ef34, nbufs 1, flags 0, to 0x6cdb194, tolen 16, ovl (nil), func (nil)
0009:trace:winsock:WS2_sendto fd=42, options=20
0009:trace:winsock:WS2_sendto  -> 12 bytes
0009:trace:winsock:WS2_recv_base socket 0130, wsabuf 0x32f6e4, nbufs 1, flags 0, from 0x32f734, fromlen 16, ovl (nil), func (nil)
0009:trace:winsock:WS2_recv_base fd=42, options=20
0009:trace:winsock:WS2_recv_base  -> 10 bytes
0009:trace:winsock:WS2_sendto socket 0130, wsabuf 0x32f5e4, nbufs 1, flags 0, to 0x6cdb194, tolen 16, ovl (nil), func (nil)
0009:trace:winsock:WS2_sendto fd=42, options=20
0009:trace:winsock:WS2_sendto  -> 10 bytes
0009:trace:winsock:WS2_recv_base socket 0130, wsabuf 0x32f6e4, nbufs 1, flags 0, from 0x32f734, fromlen 16, ovl (nil), func (nil)
0009:trace:winsock:WS2_recv_base fd=42, options=20
0009:trace:winsock:WS2_recv_base  -> 10 bytes
0009:trace:winsock:WS2_sendto socket 0130, wsabuf 0x32f9c4, nbufs 1, flags 0, to 0x6cdb194, tolen 16, ovl (nil), func (nil)
0009:trace:winsock:WS2_sendto fd=42, options=20
0009:trace:winsock:WS2_sendto  -> 12 bytes
0009:trace:winsock:WS2_recv_base socket 0130, wsabuf 0x32f6e4, nbufs 1, flags 0, from 0x32f734, fromlen 16, ovl (nil), func (nil)
0009:trace:winsock:WS2_recv_base fd=42, options=20
0009:trace:winsock:WS2_recv_base  -> 12 bytes
0009:trace:winsock:WS2_sendto socket 0130, wsabuf 0x32f5e4, nbufs 1, flags 0, to 0x6cdb194, tolen 16, ovl (nil), func (nil)
0009:trace:winsock:WS2_sendto fd=42, options=20
0009:trace:winsock:WS2_sendto  -> 10 bytes
0009:trace:winsock:WS2_recv_base socket 0130, wsabuf 0x32f6e4, nbufs 1, flags 0, from 0x32f734, fromlen 16, ovl (nil), func (nil)
0009:trace:winsock:WS2_recv_base fd=42, options=20
0009:trace:winsock:WS2_recv_base  -> 12 bytes
0009:trace:winsock:WS2_sendto socket 0130, wsabuf 0x32ef34, nbufs 1, flags 0, to 0x6cdb194, tolen 16, ovl (nil), func (nil)
0009:trace:winsock:WS2_sendto fd=42, options=20
0009:trace:winsock:WS2_sendto  -> 12 bytes
0009:trace:winsock:WS2_recv_base socket 0130, wsabuf 0x32f6e4, nbufs 1, flags 0, from 0x32f734, fromlen 16, ovl (nil), func (nil)
0009:trace:winsock:WS2_recv_base fd=42, options=20
0009:trace:winsock:WS2_recv_base  -> 10 bytes
0009:trace:winsock:WS2_sendto socket 0130, wsabuf 0x32f5e4, nbufs 1, flags 0, to 0x6cdb194, tolen 16, ovl (nil), func (nil)
0009:trace:winsock:WS2_sendto fd=42, options=20
0009:trace:winsock:WS2_sendto  -> 10 bytes
0009:trace:winsock:WS2_recv_base socket 0130, wsabuf 0x32f6e4, nbufs 1, flags 0, from 0x32f734, fromlen 16, ovl (nil), func (nil)
0009:trace:winsock:WS2_recv_base fd=42, options=20
0009:trace:winsock:WS2_recv_base  -> 10 bytes
0009:trace:winsock:WS2_sendto socket 0130, wsabuf 0x32f9c4, nbufs 1, flags 0, to 0x6cdb194, tolen 16, ovl (nil), func (nil)
0009:trace:winsock:WS2_sendto fd=42, options=20
0009:trace:winsock:WS2_sendto  -> 12 bytes
0009:trace:winsock:WS2_recv_base socket 0130, wsabuf 0x32f6e4, nbufs 1, flags 0, from 0x32f734, fromlen 16, ovl (nil), func (nil)
0009:trace:winsock:WS2_recv_base fd=42, options=20
0009:trace:winsock:WS2_recv_base  -> 12 bytes
0009:trace:winsock:WS2_sendto socket 0130, wsabuf 0x32f5e4, nbufs 1, flags 0, to 0x6cdb194, tolen 16, ovl (nil), func (nil)
0009:trace:winsock:WS2_sendto fd=42, options=20
0009:trace:winsock:WS2_sendto  -> 10 bytes
0009:trace:winsock:WS2_sendto socket 0130, wsabuf 0x32f964, nbufs 1, flags 0, to 0x6cdb194, tolen 16, ovl (nil), func (nil)
0009:trace:winsock:WS2_sendto fd=42, options=20
0009:trace:winsock:WS2_sendto  -> 16 bytes
0009:trace:winsock:WS2_sendto socket 0130, wsabuf 0x32f964, nbufs 1, flags 0, to 0x6cdb194, tolen 16, ovl (nil), func (nil)
0009:trace:winsock:WS2_sendto fd=42, options=20
0009:trace:winsock:WS2_sendto  -> 16 bytes
0009:trace:winsock:WS2_recv_base socket 0130, wsabuf 0x32f6e4, nbufs 1, flags 0, from 0x32f734, fromlen 16, ovl (nil), func (nil)
0009:trace:winsock:WS2_recv_base fd=42, options=20
0009:trace:winsock:WS2_recv_base  -> 16 bytes
0009:trace:winsock:WS2_recv_base socket 0130, wsabuf 0x32f6e4, nbufs 1, flags 0, from 0x32f734, fromlen 16, ovl (nil), func (nil)
0009:trace:winsock:WS2_recv_base fd=42, options=20
0009:trace:winsock:WS2_recv_base  -> 10 bytes
0009:trace:winsock:WS2_sendto socket 0130, wsabuf 0x32f5e4, nbufs 1, flags 0, to 0x6cdb194, tolen 16, ovl (nil), func (nil)
0009:trace:winsock:WS2_sendto fd=42, options=20
0009:trace:winsock:WS2_sendto  -> 10 bytes
0009:trace:winsock:WS2_recv_base socket 0130, wsabuf 0x32f6e4, nbufs 1, flags 0, from 0x32f734, fromlen 16, ovl (nil), func (nil)
0009:trace:winsock:WS2_recv_base fd=42, options=20
0009:trace:winsock:WS2_recv_base  -> 16 bytes
0009:trace:winsock:WS2_recv_base socket 0130, wsabuf 0x32f6e4, nbufs 1, flags 0, from 0x32f734, fromlen 16, ovl (nil), func (nil)
0009:trace:winsock:WS2_recv_base fd=42, options=20
0009:trace:winsock:WS2_recv_base  -> 10 bytes
0009:trace:winsock:WS2_sendto socket 0130, wsabuf 0x32f5e4, nbufs 1, flags 0, to 0x6cdb194, tolen 16, ovl (nil), func (nil)
0009:trace:winsock:WS2_sendto fd=42, options=20
0009:trace:winsock:WS2_sendto  -> 10 bytes
0009:trace:winsock:WS2_recv_base socket 0130, wsabuf 0x32f6e4, nbufs 1, flags 0, from 0x32f734, fromlen 16, ovl (nil), func (nil)
0009:trace:winsock:WS2_recv_base fd=42, options=20
0009:trace:winsock:WS2_recv_base  -> 10 bytes
0009:trace:winsock:WS2_sendto socket 0130, wsabuf 0x32f5e4, nbufs 1, flags 0, to 0x6cdb194, tolen 16, ovl (nil), func (nil)
0009:trace:winsock:WS2_sendto fd=42, options=20
0009:trace:winsock:WS2_sendto  -> 10 bytes
0009:trace:winsock:WS2_recv_base socket 0130, wsabuf 0x32f6e4, nbufs 1, flags 0, from 0x32f734, fromlen 16, ovl (nil), func (nil)
0009:trace:winsock:WS2_recv_base fd=42, options=20
0009:trace:winsock:WS2_recv_base  -> 10 bytes
0009:trace:winsock:WS2_sendto socket 0130, wsabuf 0x32f5e4, nbufs 1, flags 0, to 0x6cdb194, tolen 16, ovl (nil), func (nil)
0009:trace:winsock:WS2_sendto fd=42, options=20
0009:trace:winsock:WS2_sendto  -> 10 bytes
0009:trace:winsock:WS2_recv_base socket 0130, wsabuf 0x32f6e4, nbufs 1, flags 0, from 0x32f734, fromlen 16, ovl (nil), func (nil)
0009:trace:winsock:WS2_recv_base fd=42, options=20
0009:trace:winsock:WS2_recv_base  -> 10 bytes
0009:trace:winsock:WS2_recv_base socket 0130, wsabuf 0x32f6e4, nbufs 1, flags 0, from 0x32f734, fromlen 16, ovl (nil), func (nil)
0009:trace:winsock:WS2_recv_base fd=42, options=20
0009:trace:winsock:WS2_recv_base  -> 12 bytes
0009:trace:winsock:WS2_sendto socket 0130, wsabuf 0x32ef34, nbufs 1, flags 0, to 0x6cdb194, tolen 16, ovl (nil), func (nil)
0009:trace:winsock:WS2_sendto fd=42, options=20
0009:trace:winsock:WS2_sendto  -> 12 bytes
0009:trace:winsock:WS2_sendto socket 0130, wsabuf 0x32f5e4, nbufs 1, flags 0, to 0x6cdb194, tolen 16, ovl (nil), func (nil)
0009:trace:winsock:WS2_sendto fd=42, options=20
0009:trace:winsock:WS2_sendto  -> 10 bytes
0009:trace:winsock:WS2_recv_base socket 0130, wsabuf 0x32f6e4, nbufs 1, flags 0, from 0x32f734, fromlen 16, ovl (nil), func (nil)
0009:trace:winsock:WS2_recv_base fd=42, options=20
0009:trace:winsock:WS2_recv_base  -> 10 bytes
0009:trace:winsock:WS2_sendto socket 0130, wsabuf 0x32f5e4, nbufs 1, flags 0, to 0x6cdb194, tolen 16, ovl (nil), func (nil)
0009:trace:winsock:WS2_sendto fd=42, options=20
0009:trace:winsock:WS2_sendto  -> 10 bytes
0009:trace:winsock:WS2_sendto socket 0130, wsabuf 0x32f9c4, nbufs 1, flags 0, to 0x6cdb194, tolen 16, ovl (nil), func (nil)
0009:trace:winsock:WS2_sendto fd=42, options=20
0009:trace:winsock:WS2_sendto  -> 12 bytes
0009:trace:winsock:WS2_recv_base socket 0130, wsabuf 0x32f6e4, nbufs 1, flags 0, from 0x32f734, fromlen 16, ovl (nil), func (nil)
0009:trace:winsock:WS2_recv_base fd=42, options=20
0009:trace:winsock:WS2_recv_base  -> 12 bytes
0009:trace:winsock:WS2_sendto socket 0130, wsabuf 0x32f964, nbufs 1, flags 0, to 0x6cdb194, tolen 16, ovl (nil), func (nil)
0009:trace:winsock:WS2_sendto fd=42, options=20
0009:trace:winsock:WS2_sendto  -> 16 bytes
0009:trace:winsock:WS2_sendto socket 0130, wsabuf 0x32f964, nbufs 1, flags 0, to 0x6cdb194, tolen 16, ovl (nil), func (nil)
0009:trace:winsock:WS2_sendto fd=42, options=20
0009:trace:winsock:WS2_sendto  -> 16 bytes
0009:trace:winsock:WS2_recv_base socket 0130, wsabuf 0x32f6e4, nbufs 1, flags 0, from 0x32f734, fromlen 16, ovl (nil), func (nil)
0009:trace:winsock:WS2_recv_base fd=42, options=20
0009:trace:winsock:WS2_recv_base  -> 12 bytes
0009:trace:winsock:WS2_sendto socket 0130, wsabuf 0x32ef34, nbufs 1, flags 0, to 0x6cdb194, tolen 16, ovl (nil), func (nil)
0009:trace:winsock:WS2_sendto fd=42, options=20
0009:trace:winsock:WS2_sendto  -> 12 bytes
0009:trace:winsock:WS2_recv_base socket 0130, wsabuf 0x32f6e4, nbufs 1, flags 0, from 0x32f734, fromlen 16, ovl (nil), func (nil)
0009:trace:winsock:WS2_recv_base fd=42, options=20
0009:trace:winsock:WS2_recv_base  -> 16 bytes
0009:trace:winsock:WS2_recv_base socket 0130, wsabuf 0x32f6e4, nbufs 1, flags 0, from 0x32f734, fromlen 16, ovl (nil), func (nil)
0009:trace:winsock:WS2_recv_base fd=42, options=20
0009:trace:winsock:WS2_recv_base  -> 10 bytes
0009:trace:winsock:WS2_sendto socket 0130, wsabuf 0x32f5e4, nbufs 1, flags 0, to 0x6cdb194, tolen 16, ovl (nil), func (nil)
0009:trace:winsock:WS2_sendto fd=42, options=20
0009:trace:winsock:WS2_sendto  -> 10 bytes
0009:trace:winsock:WS2_recv_base socket 0130, wsabuf 0x32f6e4, nbufs 1, flags 0, from 0x32f734, fromlen 16, ovl (nil), func (nil)
0009:trace:winsock:WS2_recv_base fd=42, options=20
0009:trace:winsock:WS2_recv_base  -> 10 bytes
0009:trace:winsock:WS2_recv_base socket 0130, wsabuf 0x32f6e4, nbufs 1, flags 0, from 0x32f734, fromlen 16, ovl (nil), func (nil)
0009:trace:winsock:WS2_recv_base fd=42, options=20
0009:trace:winsock:WS2_recv_base  -> 16 bytes
0009:trace:winsock:WS2_sendto socket 0130, wsabuf 0x32f9c4, nbufs 1, flags 0, to 0x6cdb194, tolen 16, ovl (nil), func (nil)
0009:trace:winsock:WS2_sendto fd=42, options=20
0009:trace:winsock:WS2_sendto  -> 12 bytes
0009:trace:winsock:WS2_recv_base socket 0130, wsabuf 0x32f6e4, nbufs 1, flags 0, from 0x32f734, fromlen 16, ovl (nil), func (nil)
0009:trace:winsock:WS2_recv_base fd=42, options=20
0009:trace:winsock:WS2_recv_base  -> 12 bytes
0009:trace:winsock:WS2_sendto socket 0130, wsabuf 0x32f5e4, nbufs 1, flags 0, to 0x6cdb194, tolen 16, ovl (nil), func (nil)
0009:trace:winsock:WS2_sendto fd=42, options=20
0009:trace:winsock:WS2_sendto  -> 10 bytes
0009:trace:winsock:WS2_recv_base socket 0130, wsabuf 0x32f6e4, nbufs 1, flags 0, from 0x32f734, fromlen 16, ovl (nil), func (nil)
0009:trace:winsock:WS2_recv_base fd=42, options=20
0009:trace:winsock:WS2_recv_base  -> 10 bytes
0009:trace:winsock:WS2_recv_base socket 0130, wsabuf 0x32f6e4, nbufs 1, flags 0, from 0x32f734, fromlen 16, ovl (nil), func (nil)
0009:trace:winsock:WS2_recv_base fd=42, options=20
0009:trace:winsock:WS2_recv_base  -> 10 bytes
0009:trace:winsock:WS2_sendto socket 0130, wsabuf 0x32f5e4, nbufs 1, flags 0, to 0x6cdb194, tolen 16, ovl (nil), func (nil)
0009:trace:winsock:WS2_sendto fd=42, options=20
0009:trace:winsock:WS2_sendto  -> 10 bytes
0009:trace:winsock:WS2_sendto socket 0130, wsabuf 0x32f5e4, nbufs 1, flags 0, to 0x6cdb194, tolen 16, ovl (nil), func (nil)
0009:trace:winsock:WS2_sendto fd=42, options=20
0009:trace:winsock:WS2_sendto  -> 10 bytes
0009:trace:winsock:WS2_recv_base socket 0130, wsabuf 0x32f6e4, nbufs 1, flags 0, from 0x32f734, fromlen 16, ovl (nil), func (nil)
0009:trace:winsock:WS2_recv_base fd=42, options=20
0009:trace:winsock:WS2_recv_base  -> 22 bytes
0009:trace:winsock:WS2_recv_base socket 0130, wsabuf 0x32f6e4, nbufs 1, flags 0, from 0x32f734, fromlen 16, ovl (nil), func (nil)
0009:trace:winsock:WS2_recv_base fd=42, options=20
0009:trace:winsock:WS2_recv_base  -> 10 bytes
0009:trace:winsock:WS2_sendto socket 0130, wsabuf 0x32f5e4, nbufs 1, flags 0, to 0x6cdb194, tolen 16, ovl (nil), func (nil)
0009:trace:winsock:WS2_sendto fd=42, options=20
0009:trace:winsock:WS2_sendto  -> 10 bytes
0009:trace:winsock:WS2_recv_base socket 0130, wsabuf 0x32f6e4, nbufs 1, flags 0, from 0x32f734, fromlen 16, ovl (nil), func (nil)
0009:trace:winsock:WS2_recv_base fd=42, options=20
0009:trace:winsock:WS2_recv_base  -> 10 bytes
0009:trace:winsock:WS2_sendto socket 0130, wsabuf 0x32f5e4, nbufs 1, flags 0, to 0x6cdb194, tolen 16, ovl (nil), func (nil)
0009:trace:winsock:WS2_sendto fd=42, options=20
0009:trace:winsock:WS2_sendto  -> 10 bytes
0009:trace:winsock:WS2_sendto socket 0130, wsabuf 0x32f964, nbufs 1, flags 0, to 0x6cdb194, tolen 16, ovl (nil), func (nil)
0009:trace:winsock:WS2_sendto fd=42, options=20
0009:trace:winsock:WS2_sendto  -> 16 bytes
0009:trace:winsock:WS2_sendto socket 0130, wsabuf 0x32f964, nbufs 1, flags 0, to 0x6cdb194, tolen 16, ovl (nil), func (nil)
0009:trace:winsock:WS2_sendto fd=42, options=20
0009:trace:winsock:WS2_sendto  -> 16 bytes
0009:trace:winsock:WS2_recv_base socket 0130, wsabuf 0x32f6e4, nbufs 1, flags 0, from 0x32f734, fromlen 16, ovl (nil), func (nil)
0009:trace:winsock:WS2_recv_base fd=42, options=20
0009:trace:winsock:WS2_recv_base  -> 10 bytes
0009:trace:winsock:WS2_recv_base socket 0130, wsabuf 0x32f6e4, nbufs 1, flags 0, from 0x32f734, fromlen 16, ovl (nil), func (nil)
0009:trace:winsock:WS2_recv_base fd=42, options=20
0009:trace:winsock:WS2_recv_base  -> 12 bytes
0009:trace:winsock:WS2_sendto socket 0130, wsabuf 0x32ef34, nbufs 1, flags 0, to 0x6cdb194, tolen 16, ovl (nil), func (nil)
0009:trace:winsock:WS2_sendto fd=42, options=20
0009:trace:winsock:WS2_sendto  -> 12 bytes
0009:trace:winsock:WS2_recv_base socket 0130, wsabuf 0x32f6e4, nbufs 1, flags 0, from 0x32f734, fromlen 16, ovl (nil), func (nil)
0009:trace:winsock:WS2_recv_base fd=42, options=20
0009:trace:winsock:WS2_recv_base  -> 16 bytes
0009:trace:winsock:WS2_sendto socket 0130, wsabuf 0x32f5e4, nbufs 1, flags 0, to 0x6cdb194, tolen 16, ovl (nil), func (nil)
0009:trace:winsock:WS2_sendto fd=42, options=20
0009:trace:winsock:WS2_sendto  -> 10 bytes
0009:trace:winsock:WS2_recv_base socket 0130, wsabuf 0x32f6e4, nbufs 1, flags 0, from 0x32f734, fromlen 16, ovl (nil), func (nil)
0009:trace:winsock:WS2_recv_base fd=42, options=20
0009:trace:winsock:WS2_recv_base  -> 10 bytes
0009:trace:winsock:WS2_recv_base socket 0130, wsabuf 0x32f6e4, nbufs 1, flags 0, from 0x32f734, fromlen 16, ovl (nil), func (nil)
0009:trace:winsock:WS2_recv_base fd=42, options=20
0009:trace:winsock:WS2_recv_base  -> 16 bytes
0009:trace:winsock:WS2_sendto socket 0130, wsabuf 0x32f5e4, nbufs 1, flags 0, to 0x6cdb194, tolen 16, ovl (nil), func (nil)
0009:trace:winsock:WS2_sendto fd=42, options=20
0009:trace:winsock:WS2_sendto  -> 10 bytes
0009:trace:winsock:WS2_sendto socket 0130, wsabuf 0x32f9c4, nbufs 1, flags 0, to 0x6cdb194, tolen 16, ovl (nil), func (nil)
0009:trace:winsock:WS2_sendto fd=42, options=20
0009:trace:winsock:WS2_sendto  -> 12 bytes
0009:trace:winsock:WS2_recv_base socket 0130, wsabuf 0x32f6e4, nbufs 1, flags 0, from 0x32f734, fromlen 16, ovl (nil), func (nil)
0009:trace:winsock:WS2_recv_base fd=42, options=20
0009:trace:winsock:WS2_recv_base  -> 12 bytes
0009:trace:winsock:WS2_recv_base socket 0130, wsabuf 0x32f6e4, nbufs 1, flags 0, from 0x32f734, fromlen 16, ovl (nil), func (nil)
0009:trace:winsock:WS2_recv_base fd=42, options=20
0009:trace:winsock:WS2_recv_base  -> 12 bytes
0009:trace:winsock:WS2_sendto socket 0130, wsabuf 0x32ef34, nbufs 1, flags 0, to 0x6cdb194, tolen 16, ovl (nil), func (nil)
0009:trace:winsock:WS2_sendto fd=42, options=20
0009:trace:winsock:WS2_sendto  -> 12 bytes
0009:trace:winsock:WS2_recv_base socket 0130, wsabuf 0x32f6e4, nbufs 1, flags 0, from 0x32f734, fromlen 16, ovl (nil), func (nil)
0009:trace:winsock:WS2_recv_base fd=42, options=20
0009:trace:winsock:WS2_recv_base  -> 10 bytes
0009:trace:winsock:WS2_sendto socket 0130, wsabuf 0x32f5e4, nbufs 1, flags 0, to 0x6cdb194, tolen 16, ovl (nil), func (nil)
0009:trace:winsock:WS2_sendto fd=42, options=20
0009:trace:winsock:WS2_sendto  -> 10 bytes
0009:trace:winsock:WS2_recv_base socket 0130, wsabuf 0x32f6e4, nbufs 1, flags 0, from 0x32f734, fromlen 16, ovl (nil), func (nil)
0009:trace:winsock:WS2_recv_base fd=42, options=20
0009:trace:winsock:WS2_recv_base  -> 10 bytes
0009:trace:winsock:WS2_sendto socket 0130, wsabuf 0x32f9c4, nbufs 1, flags 0, to 0x6cdb194, tolen 16, ovl (nil), func (nil)
0009:trace:winsock:WS2_sendto fd=42, options=20
0009:trace:winsock:WS2_sendto  -> 12 bytes
0009:trace:winsock:WS2_recv_base socket 0130, wsabuf 0x32f6e4, nbufs 1, flags 0, from 0x32f734, fromlen 16, ovl (nil), func (nil)
0009:trace:winsock:WS2_recv_base fd=42, options=20
0009:trace:winsock:WS2_recv_base  -> 12 bytes
0009:trace:winsock:WS2_sendto socket 0130, wsabuf 0x32f5e4, nbufs 1, flags 0, to 0x6cdb194, tolen 16, ovl (nil), func (nil)
0009:trace:winsock:WS2_sendto fd=42, options=20
0009:trace:winsock:WS2_sendto  -> 10 bytes
0009:trace:winsock:WS2_recv_base socket 0130, wsabuf 0x32f6e4, nbufs 1, flags 0, from 0x32f734, fromlen 16, ovl (nil), func (nil)
0009:trace:winsock:WS2_recv_base fd=42, options=20
0009:trace:winsock:WS2_recv_base  -> 10 bytes
0009:trace:winsock:WS2_sendto socket 0130, wsabuf 0x32f5e4, nbufs 1, flags 0, to 0x6cdb194, tolen 16, ovl (nil), func (nil)
0009:trace:winsock:WS2_sendto fd=42, options=20
0009:trace:winsock:WS2_sendto  -> 10 bytes
0009:trace:winsock:WS2_recv_base socket 0130, wsabuf 0x32f6e4, nbufs 1, flags 0, from 0x32f734, fromlen 16, ovl (nil), func (nil)
0009:trace:winsock:WS2_recv_base fd=42, options=20
0009:trace:winsock:WS2_recv_base  -> 10 bytes
0009:trace:winsock:WS2_sendto socket 0130, wsabuf 0x32f5e4, nbufs 1, flags 0, to 0x6cdb194, tolen 16, ovl (nil), func (nil)
0009:trace:winsock:WS2_sendto fd=42, options=20
0009:trace:winsock:WS2_sendto  -> 10 bytes
0009:trace:winsock:WS2_sendto socket 0130, wsabuf 0x32f964, nbufs 1, flags 0, to 0x6cdb194, tolen 16, ovl (nil), func (nil)
0009:trace:winsock:WS2_sendto fd=42, options=20
0009:trace:winsock:WS2_sendto  -> 16 bytes
0009:trace:winsock:WS2_sendto socket 0130, wsabuf 0x32f964, nbufs 1, flags 0, to 0x6cdb194, tolen 16, ovl (nil), func (nil)
0009:trace:winsock:WS2_sendto fd=42, options=20
0009:trace:winsock:WS2_sendto  -> 16 bytes
0009:trace:winsock:WS2_recv_base socket 0130, wsabuf 0x32f6e4, nbufs 1, flags 0, from 0x32f734, fromlen 16, ovl (nil), func (nil)
0009:trace:winsock:WS2_recv_base fd=42, options=20
0009:trace:winsock:WS2_recv_base  -> 10 bytes
0009:trace:winsock:WS2_sendto socket 0130, wsabuf 0x32f5e4, nbufs 1, flags 0, to 0x6cdb194, tolen 16, ovl (nil), func (nil)
0009:trace:winsock:WS2_sendto fd=42, options=20
0009:trace:winsock:WS2_sendto  -> 10 bytes
0009:trace:winsock:WS2_recv_base socket 0130, wsabuf 0x32f6e4, nbufs 1, flags 0, from 0x32f734, fromlen 16, ovl (nil), func (nil)
0009:trace:winsock:WS2_recv_base fd=42, options=20
0009:trace:winsock:WS2_recv_base  -> 10 bytes
0009:trace:winsock:WS2_recv_base socket 0130, wsabuf 0x32f6e4, nbufs 1, flags 0, from 0x32f734, fromlen 16, ovl (nil), func (nil)
0009:trace:winsock:WS2_recv_base fd=42, options=20
0009:trace:winsock:WS2_recv_base  -> 16 bytes
0009:trace:winsock:WS2_sendto socket 0130, wsabuf 0x32f5e4, nbufs 1, flags 0, to 0x6cdb194, tolen 16, ovl (nil), func (nil)
0009:trace:winsock:WS2_sendto fd=42, options=20
0009:trace:winsock:WS2_sendto  -> 10 bytes
0009:trace:winsock:WS2_recv_base socket 0130, wsabuf 0x32f6e4, nbufs 1, flags 0, from 0x32f734, fromlen 16, ovl (nil), func (nil)
0009:trace:winsock:WS2_recv_base fd=42, options=20
0009:trace:winsock:WS2_recv_base  -> 16 bytes
0009:trace:winsock:WS2_recv_base socket 0130, wsabuf 0x32f6e4, nbufs 1, flags 0, from 0x32f734, fromlen 16, ovl (nil), func (nil)
0009:trace:winsock:WS2_recv_base fd=42, options=20
0009:trace:winsock:WS2_recv_base  -> 10 bytes
0009:trace:winsock:WS2_recv_base socket 0130, wsabuf 0x32f6e4, nbufs 1, flags 0, from 0x32f734, fromlen 16, ovl (nil), func (nil)
0009:trace:winsock:WS2_recv_base fd=42, options=20
0009:trace:winsock:WS2_recv_base  -> 12 bytes
0009:trace:winsock:WS2_sendto socket 0130, wsabuf 0x32ef34, nbufs 1, flags 0, to 0x6cdb194, tolen 16, ovl (nil), func (nil)
0009:trace:winsock:WS2_sendto fd=42, options=20
0009:trace:winsock:WS2_sendto  -> 12 bytes
0009:trace:winsock:WS2_sendto socket 0130, wsabuf 0x32f5e4, nbufs 1, flags 0, to 0x6cdb194, tolen 16, ovl (nil), func (nil)
0009:trace:winsock:WS2_sendto fd=42, options=20
0009:trace:winsock:WS2_sendto  -> 10 bytes
0009:trace:winsock:WS2_recv_base socket 0130, wsabuf 0x32f6e4, nbufs 1, flags 0, from 0x32f734, fromlen 16, ovl (nil), func (nil)
0009:trace:winsock:WS2_recv_base fd=42, options=20
0009:trace:winsock:WS2_recv_base  -> 10 bytes
0009:trace:winsock:WS2_sendto socket 0130, wsabuf 0x32f5e4, nbufs 1, flags 0, to 0x6cdb194, tolen 16, ovl (nil), func (nil)
0009:trace:winsock:WS2_sendto fd=42, options=20
0009:trace:winsock:WS2_sendto  -> 10 bytes
0009:trace:winsock:WS2_sendto socket 0130, wsabuf 0x32f9c4, nbufs 1, flags 0, to 0x6cdb194, tolen 16, ovl (nil), func (nil)
0009:trace:winsock:WS2_sendto fd=42, options=20
0009:trace:winsock:WS2_sendto  -> 12 bytes
0009:trace:winsock:WS2_recv_base socket 0130, wsabuf 0x32f6e4, nbufs 1, flags 0, from 0x32f734, fromlen 16, ovl (nil), func (nil)
0009:trace:winsock:WS2_recv_base fd=42, options=20
0009:trace:winsock:WS2_recv_base  -> 12 bytes
0009:trace:winsock:WS2_recv_base socket 0130, wsabuf 0x32f6e4, nbufs 1, flags 0, from 0x32f734, fromlen 16, ovl (nil), func (nil)
0009:trace:winsock:WS2_recv_base fd=42, options=20
0009:trace:winsock:WS2_recv_base  -> 12 bytes
0009:trace:winsock:WS2_sendto socket 0130, wsabuf 0x32ef34, nbufs 1, flags 0, to 0x6cdb194, tolen 16, ovl (nil), func (nil)
0009:trace:winsock:WS2_sendto fd=42, options=20
0009:trace:winsock:WS2_sendto  -> 12 bytes
0009:trace:winsock:WS2_recv_base socket 0130, wsabuf 0x32f6e4, nbufs 1, flags 0, from 0x32f734, fromlen 16, ovl (nil), func (nil)
0009:trace:winsock:WS2_recv_base fd=42, options=20
0009:trace:winsock:WS2_recv_base  -> 10 bytes
0009:trace:winsock:WS2_recv_base socket 0130, wsabuf 0x32f6e4, nbufs 1, flags 0, from 0x32f734, fromlen 16, ovl (nil), func (nil)
0009:trace:winsock:WS2_recv_base fd=42, options=20
0009:trace:winsock:WS2_recv_base  -> 10 bytes
0009:trace:winsock:WS2_sendto socket 0130, wsabuf 0x32f5e4, nbufs 1, flags 0, to 0x6cdb194, tolen 16, ovl (nil), func (nil)
0009:trace:winsock:WS2_sendto fd=42, options=20
0009:trace:winsock:WS2_sendto  -> 10 bytes
0009:trace:winsock:WS2_sendto socket 0130, wsabuf 0x32f9c4, nbufs 1, flags 0, to 0x6cdb194, tolen 16, ovl (nil), func (nil)
0009:trace:winsock:WS2_sendto fd=42, options=20
0009:trace:winsock:WS2_sendto  -> 12 bytes
0009:trace:winsock:WS2_recv_base socket 0130, wsabuf 0x32f6e4, nbufs 1, flags 0, from 0x32f734, fromlen 16, ovl (nil), func (nil)
0009:trace:winsock:WS2_recv_base fd=42, options=20
0009:trace:winsock:WS2_recv_base  -> 12 bytes
0009:trace:winsock:WS2_sendto socket 0130, wsabuf 0x32f5e4, nbufs 1, flags 0, to 0x6cdb194, tolen 16, ovl (nil), func (nil)
0009:trace:winsock:WS2_sendto fd=42, options=20
0009:trace:winsock:WS2_sendto  -> 10 bytes
0009:trace:winsock:WS2_recv_base socket 0130, wsabuf 0x32f6e4, nbufs 1, flags 0, from 0x32f734, fromlen 16, ovl (nil), func (nil)
0009:trace:winsock:WS2_recv_base fd=42, options=20
0009:trace:winsock:WS2_recv_base  -> 10 bytes
0009:trace:winsock:WS2_sendto socket 0130, wsabuf 0x32f964, nbufs 1, flags 0, to 0x6cdb194, tolen 16, ovl (nil), func (nil)
0009:trace:winsock:WS2_sendto fd=42, options=20
0009:trace:winsock:WS2_sendto  -> 16 bytes
0009:trace:winsock:WS2_sendto socket 0130, wsabuf 0x32f964, nbufs 1, flags 0, to 0x6cdb194, tolen 16, ovl (nil), func (nil)
0009:trace:winsock:WS2_sendto fd=42, options=20
0009:trace:winsock:WS2_sendto  -> 16 bytes
0009:trace:winsock:WS2_sendto socket 0130, wsabuf 0x32f5e4, nbufs 1, flags 0, to 0x6cdb194, tolen 16, ovl (nil), func (nil)
0009:trace:winsock:WS2_sendto fd=42, options=20
0009:trace:winsock:WS2_sendto  -> 10 bytes
0009:trace:winsock:WS2_recv_base socket 0130, wsabuf 0x32f6e4, nbufs 1, flags 0, from 0x32f734, fromlen 16, ovl (nil), func (nil)
0009:trace:winsock:WS2_recv_base fd=42, options=20
0009:trace:winsock:WS2_recv_base  -> 10 bytes
0009:trace:winsock:WS2_recv_base socket 0130, wsabuf 0x32f6e4, nbufs 1, flags 0, from 0x32f734, fromlen 16, ovl (nil), func (nil)
0009:trace:winsock:WS2_recv_base fd=42, options=20
0009:trace:winsock:WS2_recv_base  -> 16 bytes
0009:trace:winsock:WS2_sendto socket 0130, wsabuf 0x32f5e4, nbufs 1, flags 0, to 0x6cdb194, tolen 16, ovl (nil), func (nil)
0009:trace:winsock:WS2_sendto fd=42, options=20
0009:trace:winsock:WS2_sendto  -> 10 bytes
0009:trace:winsock:WS2_recv_base socket 0130, wsabuf 0x32f6e4, nbufs 1, flags 0, from 0x32f734, fromlen 16, ovl (nil), func (nil)
0009:trace:winsock:WS2_recv_base fd=42, options=20
0009:trace:winsock:WS2_recv_base  -> 16 bytes
0009:trace:winsock:WS2_recv_base socket 0130, wsabuf 0x32f6e4, nbufs 1, flags 0, from 0x32f734, fromlen 16, ovl (nil), func (nil)
0009:trace:winsock:WS2_recv_base fd=42, options=20
0009:trace:winsock:WS2_recv_base  -> 10 bytes
0009:trace:winsock:WS2_sendto socket 0130, wsabuf 0x32f5e4, nbufs 1, flags 0, to 0x6cdb194, tolen 16, ovl (nil), func (nil)
0009:trace:winsock:WS2_sendto fd=42, options=20
0009:trace:winsock:WS2_sendto  -> 10 bytes
0009:trace:winsock:WS2_recv_base socket 0130, wsabuf 0x32f6e4, nbufs 1, flags 0, from 0x32f734, fromlen 16, ovl (nil), func (nil)
0009:trace:winsock:WS2_recv_base fd=42, options=20
0009:trace:winsock:WS2_recv_base  -> 10 bytes
0009:trace:winsock:WS2_sendto socket 0130, wsabuf 0x32f5e4, nbufs 1, flags 0, to 0x6cdb194, tolen 16, ovl (nil), func (nil)
0009:trace:winsock:WS2_sendto fd=42, options=20
0009:trace:winsock:WS2_sendto  -> 10 bytes
0009:trace:winsock:WS2_recv_base socket 0130, wsabuf 0x32f6e4, nbufs 1, flags 0, from 0x32f734, fromlen 16, ovl (nil), func (nil)
0009:trace:winsock:WS2_recv_base fd=42, options=20
0009:trace:winsock:WS2_recv_base  -> 10 bytes
0009:trace:winsock:WS2_recv_base socket 0130, wsabuf 0x32f6e4, nbufs 1, flags 0, from 0x32f734, fromlen 16, ovl (nil), func (nil)
0009:trace:winsock:WS2_recv_base fd=42, options=20
0009:trace:winsock:WS2_recv_base  -> 12 bytes
0009:trace:winsock:WS2_sendto socket 0130, wsabuf 0x32ef34, nbufs 1, flags 0, to 0x6cdb194, tolen 16, ovl (nil), func (nil)
0009:trace:winsock:WS2_sendto fd=42, options=20
0009:trace:winsock:WS2_sendto  -> 12 bytes
0009:trace:winsock:WS2_recv_base socket 0130, wsabuf 0x32f6e4, nbufs 1, flags 0, from 0x32f734, fromlen 16, ovl (nil), func (nil)
0009:trace:winsock:WS2_recv_base fd=42, options=20
0009:trace:winsock:WS2_recv_base  -> 10 bytes
0009:trace:winsock:WS2_sendto socket 0130, wsabuf 0x32f5e4, nbufs 1, flags 0, to 0x6cdb194, tolen 16, ovl (nil), func (nil)
0009:trace:winsock:WS2_sendto fd=42, options=20
0009:trace:winsock:WS2_sendto  -> 10 bytes
0009:trace:winsock:WS2_sendto socket 0130, wsabuf 0x32f5e4, nbufs 1, flags 0, to 0x6cdb194, tolen 16, ovl (nil), func (nil)
0009:trace:winsock:WS2_sendto fd=42, options=20
0009:trace:winsock:WS2_sendto  -> 10 bytes
0009:trace:winsock:WS2_sendto socket 0130, wsabuf 0x32f9c4, nbufs 1, flags 0, to 0x6cdb194, tolen 16, ovl (nil), func (nil)
0009:trace:winsock:WS2_sendto fd=42, options=20
0009:trace:winsock:WS2_sendto  -> 12 bytes
0009:trace:winsock:WS2_recv_base socket 0130, wsabuf 0x32f6e4, nbufs 1, flags 0, from 0x32f734, fromlen 16, ovl (nil), func (nil)
0009:trace:winsock:WS2_recv_base fd=42, options=20
0009:trace:winsock:WS2_recv_base  -> 12 bytes
0009:trace:winsock:WS2_recv_base socket 0130, wsabuf 0x32f6e4, nbufs 1, flags 0, from 0x32f734, fromlen 16, ovl (nil), func (nil)
0009:trace:winsock:WS2_recv_base fd=42, options=20
0009:trace:winsock:WS2_recv_base  -> 12 bytes
0009:trace:winsock:WS2_sendto socket 0130, wsabuf 0x32ef34, nbufs 1, flags 0, to 0x6cdb194, tolen 16, ovl (nil), func (nil)
0009:trace:winsock:WS2_sendto fd=42, options=20
0009:trace:winsock:WS2_sendto  -> 12 bytes
0009:trace:winsock:WS2_recv_base socket 0130, wsabuf 0x32f6e4, nbufs 1, flags 0, from 0x32f734, fromlen 16, ovl (nil), func (nil)
0009:trace:winsock:WS2_recv_base fd=42, options=20
0009:trace:winsock:WS2_recv_base  -> 10 bytes
0009:trace:winsock:WS2_sendto socket 0130, wsabuf 0x32f5e4, nbufs 1, flags 0, to 0x6cdb194, tolen 16, ovl (nil), func (nil)
0009:trace:winsock:WS2_sendto fd=42, options=20
0009:trace:winsock:WS2_sendto  -> 10 bytes
0009:trace:winsock:WS2_sendto socket 0130, wsabuf 0x32f964, nbufs 1, flags 0, to 0x6cdb194, tolen 16, ovl (nil), func (nil)
0009:trace:winsock:WS2_sendto fd=42, options=20
0009:trace:winsock:WS2_sendto  -> 16 bytes
0009:trace:winsock:WS2_sendto socket 0130, wsabuf 0x32f964, nbufs 1, flags 0, to 0x6cdb194, tolen 16, ovl (nil), func (nil)
0009:trace:winsock:WS2_sendto fd=42, options=20
0009:trace:winsock:WS2_sendto  -> 16 bytes
0009:trace:winsock:WS2_recv_base socket 0130, wsabuf 0x32f6e4, nbufs 1, flags 0, from 0x32f734, fromlen 16, ovl (nil), func (nil)
0009:trace:winsock:WS2_recv_base fd=42, options=20
0009:trace:winsock:WS2_recv_base  -> 10 bytes
0009:trace:winsock:WS2_sendto socket 0130, wsabuf 0x32f9c4, nbufs 1, flags 0, to 0x6cdb194, tolen 16, ovl (nil), func (nil)
0009:trace:winsock:WS2_sendto fd=42, options=20
0009:trace:winsock:WS2_sendto  -> 12 bytes
0009:trace:winsock:WS2_recv_base socket 0130, wsabuf 0x32f6e4, nbufs 1, flags 0, from 0x32f734, fromlen 16, ovl (nil), func (nil)
0009:trace:winsock:WS2_recv_base fd=42, options=20
0009:trace:winsock:WS2_recv_base  -> 12 bytes
0009:trace:winsock:WS2_recv_base socket 0130, wsabuf 0x32f6e4, nbufs 1, flags 0, from 0x32f734, fromlen 16, ovl (nil), func (nil)
0009:trace:winsock:WS2_recv_base fd=42, options=20
0009:trace:winsock:WS2_recv_base  -> 16 bytes
0009:trace:winsock:WS2_sendto socket 0130, wsabuf 0x32f5e4, nbufs 1, flags 0, to 0x6cdb194, tolen 16, ovl (nil), func (nil)
0009:trace:winsock:WS2_sendto fd=42, options=20
0009:trace:winsock:WS2_sendto  -> 10 bytes
0009:trace:winsock:WS2_recv_base socket 0130, wsabuf 0x32f6e4, nbufs 1, flags 0, from 0x32f734, fromlen 16, ovl (nil), func (nil)
0009:trace:winsock:WS2_recv_base fd=42, options=20
0009:trace:winsock:WS2_recv_base  -> 16 bytes
0009:trace:winsock:WS2_recv_base socket 0130, wsabuf 0x32f6e4, nbufs 1, flags 0, from 0x32f734, fromlen 16, ovl (nil), func (nil)
0009:trace:winsock:WS2_recv_base fd=42, options=20
0009:trace:winsock:WS2_recv_base  -> 10 bytes
0009:trace:winsock:WS2_sendto socket 0130, wsabuf 0x32f5e4, nbufs 1, flags 0, to 0x6cdb194, tolen 16, ovl (nil), func (nil)
0009:trace:winsock:WS2_sendto fd=42, options=20
0009:trace:winsock:WS2_sendto  -> 10 bytes
0009:trace:winsock:WS2_recv_base socket 0130, wsabuf 0x32f6e4, nbufs 1, flags 0, from 0x32f734, fromlen 16, ovl (nil), func (nil)
0009:trace:winsock:WS2_recv_base fd=42, options=20
0009:trace:winsock:WS2_recv_base  -> 10 bytes
0009:trace:winsock:WS2_sendto socket 0130, wsabuf 0x32f5e4, nbufs 1, flags 0, to 0x6cdb194, tolen 16, ovl (nil), func (nil)
0009:trace:winsock:WS2_sendto fd=42, options=20
0009:trace:winsock:WS2_sendto  -> 10 bytes
0009:trace:winsock:WS2_recv_base socket 0130, wsabuf 0x32f6e4, nbufs 1, flags 0, from 0x32f734, fromlen 16, ovl (nil), func (nil)
0009:trace:winsock:WS2_recv_base fd=42, options=20
0009:trace:winsock:WS2_recv_base  -> 10 bytes
0009:trace:winsock:WS2_sendto socket 0130, wsabuf 0x32f5e4, nbufs 1, flags 0, to 0x6cdb194, tolen 16, ovl (nil), func (nil)
0009:trace:winsock:WS2_sendto fd=42, options=20
0009:trace:winsock:WS2_sendto  -> 10 bytes
0009:trace:winsock:WS2_recv_base socket 0130, wsabuf 0x32f6e4, nbufs 1, flags 0, from 0x32f734, fromlen 16, ovl (nil), func (nil)
0009:trace:winsock:WS2_recv_base fd=42, options=20
0009:trace:winsock:WS2_recv_base  -> 10 bytes
0009:trace:winsock:WS2_sendto socket 0130, wsabuf 0x32f5e4, nbufs 1, flags 0, to 0x6cdb194, tolen 16, ovl (nil), func (nil)
0009:trace:winsock:WS2_sendto fd=42, options=20
0009:trace:winsock:WS2_sendto  -> 10 bytes
0009:fixme:msctf:LangBarMgr_GetShowFloatingStatus STUB:(018AAA58)
0009:fixme:msctf:LangBarMgr_ShowFloating STUB:(018AAA58)
0009:trace:winsock:WS2_recv_base socket 0130, wsabuf 0x32f6e4, nbufs 1, flags 0, from 0x32f734, fromlen 16, ovl (nil), func (nil)
0009:trace:winsock:WS2_recv_base fd=39, options=20
0009:trace:winsock:WS2_recv_base  -> 10 bytes
0009:trace:winsock:WS2_sendto socket 0130, wsabuf 0x32f5e4, nbufs 1, flags 0, to 0x6cdb194, tolen 16, ovl (nil), func (nil)
0009:trace:winsock:WS2_sendto fd=39, options=20
0009:trace:winsock:WS2_sendto  -> 10 bytes
0009:trace:winsock:WS2_recv_base socket 0130, wsabuf 0x32f6e4, nbufs 1, flags 0, from 0x32f734, fromlen 16, ovl (nil), func (nil)
0009:trace:winsock:WS2_recv_base fd=39, options=20
0009:trace:winsock:WS2_recv_base  -> 12 bytes
0009:trace:winsock:WS2_sendto socket 0130, wsabuf 0x32ef34, nbufs 1, flags 0, to 0x6cdb194, tolen 16, ovl (nil), func (nil)
0009:trace:winsock:WS2_sendto fd=39, options=20
0009:trace:winsock:WS2_sendto  -> 12 bytes
0009:trace:winsock:WS2_recv_base socket 0130, wsabuf 0x32f6e4, nbufs 1, flags 0, from 0x32f734, fromlen 16, ovl (nil), func (nil)
0009:trace:winsock:WS2_recv_base fd=39, options=20
0009:trace:winsock:WS2_recv_base  -> 10 bytes
0009:trace:winsock:WS2_sendto socket 0130, wsabuf 0x32f964, nbufs 1, flags 0, to 0x6cdb194, tolen 16, ovl (nil), func (nil)
0009:trace:winsock:WS2_sendto fd=39, options=20
0009:trace:winsock:WS2_sendto  -> 16 bytes
0009:trace:winsock:WS2_sendto socket 0130, wsabuf 0x32f964, nbufs 1, flags 0, to 0x6cdb194, tolen 16, ovl (nil), func (nil)
0009:trace:winsock:WS2_sendto fd=39, options=20
0009:trace:winsock:WS2_sendto  -> 16 bytes
0009:trace:winsock:WS2_sendto socket 0130, wsabuf 0x32f5e4, nbufs 1, flags 0, to 0x6cdb194, tolen 16, ovl (nil), func (nil)
0009:trace:winsock:WS2_sendto fd=39, options=20
0009:trace:winsock:WS2_sendto  -> 10 bytes
0009:trace:winsock:WS2_sendto socket 0130, wsabuf 0x32f9c4, nbufs 1, flags 0, to 0x6cdb194, tolen 16, ovl (nil), func (nil)
0009:trace:winsock:WS2_sendto fd=39, options=20
0009:trace:winsock:WS2_sendto  -> 12 bytes
0009:trace:winsock:WS2_recv_base socket 0130, wsabuf 0x32f6e4, nbufs 1, flags 0, from 0x32f734, fromlen 16, ovl (nil), func (nil)
0009:trace:winsock:WS2_recv_base fd=39, options=20
0009:trace:winsock:WS2_recv_base  -> 16 bytes
0009:trace:winsock:WS2_recv_base socket 0130, wsabuf 0x32f6e4, nbufs 1, flags 0, from 0x32f734, fromlen 16, ovl (nil), func (nil)
0009:trace:winsock:WS2_recv_base fd=39, options=20
0009:trace:winsock:WS2_recv_base  -> 12 bytes
0009:trace:winsock:WS2_recv_base socket 0130, wsabuf 0x32f6e4, nbufs 1, flags 0, from 0x32f734, fromlen 16, ovl (nil), func (nil)
0009:trace:winsock:WS2_recv_base fd=39, options=20
0009:trace:winsock:WS2_recv_base  -> 16 bytes
0009:trace:winsock:WS2_recv_base socket 0130, wsabuf 0x32f6e4, nbufs 1, flags 0, from 0x32f734, fromlen 16, ovl (nil), func (nil)
0009:trace:winsock:WS2_recv_base fd=39, options=20
0009:trace:winsock:WS2_recv_base  -> 12 bytes
0009:trace:winsock:WS2_sendto socket 0130, wsabuf 0x32ef34, nbufs 1, flags 0, to 0x6cdb194, tolen 16, ovl (nil), func (nil)
0009:trace:winsock:WS2_sendto fd=39, options=20
0009:trace:winsock:WS2_sendto  -> 12 bytes
0009:trace:winsock:WS2_recv_base socket 0130, wsabuf 0x32f6e4, nbufs 1, flags 0, from 0x32f734, fromlen 16, ovl (nil), func (nil)
0009:trace:winsock:WS2_recv_base fd=39, options=20
0009:trace:winsock:WS2_recv_base  -> 10 bytes
0009:trace:winsock:WS2_sendto socket 0130, wsabuf 0x32f5e4, nbufs 1, flags 0, to 0x6cdb194, tolen 16, ovl (nil), func (nil)
0009:trace:winsock:WS2_sendto fd=39, options=20
0009:trace:winsock:WS2_sendto  -> 10 bytes
0009:trace:winsock:WS2_recv_base socket 0130, wsabuf 0x32f6e4, nbufs 1, flags 0, from 0x32f734, fromlen 16, ovl (nil), func (nil)
0009:trace:winsock:WS2_recv_base fd=39, options=20
0009:trace:winsock:WS2_recv_base  -> 10 bytes
0009:trace:winsock:WS2_sendto socket 0130, wsabuf 0x32f9c4, nbufs 1, flags 0, to 0x6cdb194, tolen 16, ovl (nil), func (nil)
0009:trace:winsock:WS2_sendto fd=39, options=20
0009:trace:winsock:WS2_sendto  -> 12 bytes
0009:trace:winsock:WS2_recv_base socket 0130, wsabuf 0x32f6e4, nbufs 1, flags 0, from 0x32f734, fromlen 16, ovl (nil), func (nil)
0009:trace:winsock:WS2_recv_base fd=39, options=20
0009:trace:winsock:WS2_recv_base  -> 12 bytes
0009:trace:winsock:WS2_sendto socket 0130, wsabuf 0x32f5e4, nbufs 1, flags 0, to 0x6cdb194, tolen 16, ovl (nil), func (nil)
0009:trace:winsock:WS2_sendto fd=39, options=20
0009:trace:winsock:WS2_sendto  -> 10 bytes
0009:trace:winsock:WS2_recv_base socket 0130, wsabuf 0x32f6e4, nbufs 1, flags 0, from 0x32f734, fromlen 16, ovl (nil), func (nil)
0009:trace:winsock:WS2_recv_base fd=39, options=20
0009:trace:winsock:WS2_recv_base  -> 10 bytes
0009:trace:winsock:WS2_sendto socket 0130, wsabuf 0x32f5e4, nbufs 1, flags 0, to 0x6cdb194, tolen 16, ovl (nil), func (nil)
0009:trace:winsock:WS2_sendto fd=39, options=20
0009:trace:winsock:WS2_sendto  -> 10 bytes
0009:trace:winsock:WS2_recv_base socket 0130, wsabuf 0x32f6e4, nbufs 1, flags 0, from 0x32f734, fromlen 16, ovl (nil), func (nil)
0009:trace:winsock:WS2_recv_base fd=39, options=20
0009:trace:winsock:WS2_recv_base  -> 10 bytes
0009:trace:winsock:WS2_sendto socket 0130, wsabuf 0x32f5e4, nbufs 1, flags 0, to 0x6cdb194, tolen 16, ovl (nil), func (nil)
0009:trace:winsock:WS2_sendto fd=39, options=20
0009:trace:winsock:WS2_sendto  -> 10 bytes
0009:trace:winsock:WS2_recv_base socket 0130, wsabuf 0x32f6e4, nbufs 1, flags 0, from 0x32f734, fromlen 16, ovl (nil), func (nil)
0009:trace:winsock:WS2_recv_base fd=39, options=20
0009:trace:winsock:WS2_recv_base  -> 10 bytes
0009:trace:winsock:WS2_sendto socket 0130, wsabuf 0x32f5e4, nbufs 1, flags 0, to 0x6cdb194, tolen 16, ovl (nil), func (nil)
0009:trace:winsock:WS2_sendto fd=39, options=20
0009:trace:winsock:WS2_sendto  -> 10 bytes
0009:trace:winsock:WS2_recv_base socket 0130, wsabuf 0x32f6e4, nbufs 1, flags 0, from 0x32f734, fromlen 16, ovl (nil), func (nil)
0009:trace:winsock:WS2_recv_base fd=39, options=20
0009:trace:winsock:WS2_recv_base  -> 10 bytes
0009:trace:winsock:WS2_sendto socket 0130, wsabuf 0x32f5e4, nbufs 1, flags 0, to 0x6cdb194, tolen 16, ovl (nil), func (nil)
0009:trace:winsock:WS2_sendto fd=39, options=20
0009:trace:winsock:WS2_sendto  -> 10 bytes
0009:trace:winsock:WS2_sendto socket 0130, wsabuf 0x32f964, nbufs 1, flags 0, to 0x6cdb194, tolen 16, ovl (nil), func (nil)
0009:trace:winsock:WS2_sendto fd=39, options=20
0009:trace:winsock:WS2_sendto  -> 16 bytes
0009:trace:winsock:WS2_sendto socket 0130, wsabuf 0x32f964, nbufs 1, flags 0, to 0x6cdb194, tolen 16, ovl (nil), func (nil)
0009:trace:winsock:WS2_sendto fd=39, options=20
0009:trace:winsock:WS2_sendto  -> 16 bytes
0009:trace:winsock:WS2_recv_base socket 0130, wsabuf 0x32f6e4, nbufs 1, flags 0, from 0x32f734, fromlen 16, ovl (nil), func (nil)
0009:trace:winsock:WS2_recv_base fd=39, options=20
0009:trace:winsock:WS2_recv_base  -> 16 bytes
0009:trace:winsock:WS2_recv_base socket 0130, wsabuf 0x32f6e4, nbufs 1, flags 0, from 0x32f734, fromlen 16, ovl (nil), func (nil)
0009:trace:winsock:WS2_recv_base fd=39, options=20
0009:trace:winsock:WS2_recv_base  -> 16 bytes
0009:trace:winsock:WS2_recv_base socket 0130, wsabuf 0x32f6e4, nbufs 1, flags 0, from 0x32f734, fromlen 16, ovl (nil), func (nil)
0009:trace:winsock:WS2_recv_base fd=39, options=20
0009:trace:winsock:WS2_recv_base  -> 10 bytes
0009:trace:winsock:WS2_sendto socket 0130, wsabuf 0x32f5e4, nbufs 1, flags 0, to 0x6cdb194, tolen 16, ovl (nil), func (nil)
0009:trace:winsock:WS2_sendto fd=39, options=20
0009:trace:winsock:WS2_sendto  -> 10 bytes
0009:trace:winsock:WS2_recv_base socket 0130, wsabuf 0x32f6e4, nbufs 1, flags 0, from 0x32f734, fromlen 16, ovl (nil), func (nil)
0009:trace:winsock:WS2_recv_base fd=39, options=20
0009:trace:winsock:WS2_recv_base  -> 10 bytes
0009:trace:winsock:WS2_recv_base socket 0130, wsabuf 0x32f6e4, nbufs 1, flags 0, from 0x32f734, fromlen 16, ovl (nil), func (nil)
0009:trace:winsock:WS2_recv_base fd=39, options=20
0009:trace:winsock:WS2_recv_base  -> 12 bytes
0009:trace:winsock:WS2_sendto socket 0130, wsabuf 0x32ef34, nbufs 1, flags 0, to 0x6cdb194, tolen 16, ovl (nil), func (nil)
0009:trace:winsock:WS2_sendto fd=39, options=20
0009:trace:winsock:WS2_sendto  -> 12 bytes
0009:trace:winsock:WS2_sendto socket 0130, wsabuf 0x32f5e4, nbufs 1, flags 0, to 0x6cdb194, tolen 16, ovl (nil), func (nil)
0009:trace:winsock:WS2_sendto fd=39, options=20
0009:trace:winsock:WS2_sendto  -> 10 bytes
0009:trace:winsock:WS2_sendto socket 0130, wsabuf 0x32f9c4, nbufs 1, flags 0, to 0x6cdb194, tolen 16, ovl (nil), func (nil)
0009:trace:winsock:WS2_sendto fd=39, options=20
0009:trace:winsock:WS2_sendto  -> 12 bytes
0009:trace:winsock:WS2_recv_base socket 0130, wsabuf 0x32f6e4, nbufs 1, flags 0, from 0x32f734, fromlen 16, ovl (nil), func (nil)
0009:trace:winsock:WS2_recv_base fd=39, options=20
0009:trace:winsock:WS2_recv_base  -> 12 bytes
0009:trace:winsock:WS2_recv_base socket 0130, wsabuf 0x32f6e4, nbufs 1, flags 0, from 0x32f734, fromlen 16, ovl (nil), func (nil)
0009:trace:winsock:WS2_recv_base fd=39, options=20
0009:trace:winsock:WS2_recv_base  -> 10 bytes
0009:trace:winsock:WS2_recv_base socket 0130, wsabuf 0x32f6e4, nbufs 1, flags 0, from 0x32f734, fromlen 16, ovl (nil), func (nil)
0009:trace:winsock:WS2_recv_base fd=39, options=20
0009:trace:winsock:WS2_recv_base  -> 12 bytes
0009:trace:winsock:WS2_sendto socket 0130, wsabuf 0x32ef34, nbufs 1, flags 0, to 0x6cdb194, tolen 16, ovl (nil), func (nil)
0009:trace:winsock:WS2_sendto fd=39, options=20
0009:trace:winsock:WS2_sendto  -> 12 bytes
0009:trace:winsock:WS2_sendto socket 0130, wsabuf 0x32f5e4, nbufs 1, flags 0, to 0x6cdb194, tolen 16, ovl (nil), func (nil)
0009:trace:winsock:WS2_sendto fd=39, options=20
0009:trace:winsock:WS2_sendto  -> 10 bytes
0009:trace:winsock:WS2_recv_base socket 0130, wsabuf 0x32f6e4, nbufs 1, flags 0, from 0x32f734, fromlen 16, ovl (nil), func (nil)
0009:trace:winsock:WS2_recv_base fd=39, options=20
0009:trace:winsock:WS2_recv_base  -> 10 bytes
0009:trace:winsock:WS2_sendto socket 0130, wsabuf 0x32f9c4, nbufs 1, flags 0, to 0x6cdb194, tolen 16, ovl (nil), func (nil)
0009:trace:winsock:WS2_sendto fd=39, options=20
0009:trace:winsock:WS2_sendto  -> 12 bytes
0009:trace:winsock:WS2_recv_base socket 0130, wsabuf 0x32f6e4, nbufs 1, flags 0, from 0x32f734, fromlen 16, ovl (nil), func (nil)
0009:trace:winsock:WS2_recv_base fd=39, options=20
0009:trace:winsock:WS2_recv_base  -> 12 bytes
0009:trace:winsock:WS2_sendto socket 0130, wsabuf 0x32f5e4, nbufs 1, flags 0, to 0x6cdb194, tolen 16, ovl (nil), func (nil)
0009:trace:winsock:WS2_sendto fd=39, options=20
0009:trace:winsock:WS2_sendto  -> 10 bytes
0009:trace:winsock:WS2_sendto socket 0130, wsabuf 0x32f964, nbufs 1, flags 0, to 0x6cdb194, tolen 16, ovl (nil), func (nil)
0009:trace:winsock:WS2_sendto fd=39, options=20
0009:trace:winsock:WS2_sendto  -> 22 bytes
0009:trace:winsock:WS2_sendto socket 0130, wsabuf 0x32f964, nbufs 1, flags 0, to 0x6cdb194, tolen 16, ovl (nil), func (nil)
0009:trace:winsock:WS2_sendto fd=39, options=20
0009:trace:winsock:WS2_sendto  -> 22 bytes
0009:trace:winsock:WS2_recv_base socket 0130, wsabuf 0x32f6e4, nbufs 1, flags 0, from 0x32f734, fromlen 16, ovl (nil), func (nil)
0009:trace:winsock:WS2_recv_base fd=39, options=20
0009:trace:winsock:WS2_recv_base  -> 10 bytes
0009:trace:winsock:WS2_sendto socket 0130, wsabuf 0x32f5e4, nbufs 1, flags 0, to 0x6cdb194, tolen 16, ovl (nil), func (nil)
0009:trace:winsock:WS2_sendto fd=39, options=20
0009:trace:winsock:WS2_sendto  -> 10 bytes
0009:trace:winsock:WS2_recv_base socket 0130, wsabuf 0x32f6e4, nbufs 1, flags 0, from 0x32f734, fromlen 16, ovl (nil), func (nil)
0009:trace:winsock:WS2_recv_base fd=39, options=20
0009:trace:winsock:WS2_recv_base  -> 10 bytes
0009:trace:winsock:WS2_sendto socket 0130, wsabuf 0x32f5e4, nbufs 1, flags 0, to 0x6cdb194, tolen 16, ovl (nil), func (nil)
0009:trace:winsock:WS2_sendto fd=39, options=20
0009:trace:winsock:WS2_sendto  -> 10 bytes
0009:trace:winsock:WS2_sendto socket 0130, wsabuf 0x32f964, nbufs 1, flags 0, to 0x6cdb194, tolen 16, ovl (nil), func (nil)
0009:trace:winsock:WS2_sendto fd=39, options=20
0009:trace:winsock:WS2_sendto  -> 16 bytes
0009:trace:winsock:WS2_sendto socket 0130, wsabuf 0x32f964, nbufs 1, flags 0, to 0x6cdb194, tolen 16, ovl (nil), func (nil)
0009:trace:winsock:WS2_sendto fd=39, options=20
0009:trace:winsock:WS2_sendto  -> 16 bytes
0009:trace:winsock:WS2_recv_base socket 0130, wsabuf 0x32f6e4, nbufs 1, flags 0, from 0x32f734, fromlen 16, ovl (nil), func (nil)
0009:trace:winsock:WS2_recv_base fd=39, options=20
0009:trace:winsock:WS2_recv_base  -> 16 bytes
0009:trace:winsock:WS2_recv_base socket 0130, wsabuf 0x32f6e4, nbufs 1, flags 0, from 0x32f734, fromlen 16, ovl (nil), func (nil)
0009:trace:winsock:WS2_recv_base fd=39, options=20
0009:trace:winsock:WS2_recv_base  -> 16 bytes
0009:trace:winsock:WS2_recv_base socket 0130, wsabuf 0x32f6e4, nbufs 1, flags 0, from 0x32f734, fromlen 16, ovl (nil), func (nil)
0009:trace:winsock:WS2_recv_base fd=39, options=20
0009:trace:winsock:WS2_recv_base  -> 10 bytes
0009:trace:winsock:WS2_sendto socket 0130, wsabuf 0x32f5e4, nbufs 1, flags 0, to 0x6cdb194, tolen 16, ovl (nil), func (nil)
0009:trace:winsock:WS2_sendto fd=39, options=20
0009:trace:winsock:WS2_sendto  -> 10 bytes
0009:trace:winsock:WS2_recv_base socket 0130, wsabuf 0x32f6e4, nbufs 1, flags 0, from 0x32f734, fromlen 16, ovl (nil), func (nil)
0009:trace:winsock:WS2_recv_base fd=39, options=20
0009:trace:winsock:WS2_recv_base  -> 10 bytes
0009:trace:winsock:WS2_sendto socket 0130, wsabuf 0x32f5e4, nbufs 1, flags 0, to 0x6cdb194, tolen 16, ovl (nil), func (nil)
0009:trace:winsock:WS2_sendto fd=39, options=20
0009:trace:winsock:WS2_sendto  -> 10 bytes
0009:trace:winsock:WS2_recv_base socket 0130, wsabuf 0x32f6e4, nbufs 1, flags 0, from 0x32f734, fromlen 16, ovl (nil), func (nil)
0009:trace:winsock:WS2_recv_base fd=39, options=20
0009:trace:winsock:WS2_recv_base  -> 10 bytes
0009:trace:winsock:WS2_sendto socket 0130, wsabuf 0x32f5e4, nbufs 1, flags 0, to 0x6cdb194, tolen 16, ovl (nil), func (nil)
0009:trace:winsock:WS2_sendto fd=39, options=20
0009:trace:winsock:WS2_sendto  -> 10 bytes
0009:trace:winsock:WS2_recv_base socket 0130, wsabuf 0x32f6e4, nbufs 1, flags 0, from 0x32f734, fromlen 16, ovl (nil), func (nil)
0009:trace:winsock:WS2_recv_base fd=39, options=20
0009:trace:winsock:WS2_recv_base  -> 10 bytes
0009:trace:winsock:WS2_recv_base socket 0130, wsabuf 0x32f6e4, nbufs 1, flags 0, from 0x32f734, fromlen 16, ovl (nil), func (nil)
0009:trace:winsock:WS2_recv_base fd=39, options=20
0009:trace:winsock:WS2_recv_base  -> 12 bytes
0009:trace:winsock:WS2_sendto socket 0130, wsabuf 0x32ef34, nbufs 1, flags 0, to 0x6cdb194, tolen 16, ovl (nil), func (nil)
0009:trace:winsock:WS2_sendto fd=39, options=20
0009:trace:winsock:WS2_sendto  -> 12 bytes
0009:trace:winsock:WS2_sendto socket 0130, wsabuf 0x32f5e4, nbufs 1, flags 0, to 0x6cdb194, tolen 16, ovl (nil), func (nil)
0009:trace:winsock:WS2_sendto fd=39, options=20
0009:trace:winsock:WS2_sendto  -> 10 bytes
0009:trace:winsock:WS2_sendto socket 0130, wsabuf 0x32f9c4, nbufs 1, flags 0, to 0x6cdb194, tolen 16, ovl (nil), func (nil)
0009:trace:winsock:WS2_sendto fd=39, options=20
0009:trace:winsock:WS2_sendto  -> 12 bytes
0009:trace:winsock:WS2_recv_base socket 0130, wsabuf 0x32f6e4, nbufs 1, flags 0, from 0x32f734, fromlen 16, ovl (nil), func (nil)
0009:trace:winsock:WS2_recv_base fd=39, options=20
0009:trace:winsock:WS2_recv_base  -> 12 bytes
0009:trace:winsock:WS2_recv_base socket 0130, wsabuf 0x32f6e4, nbufs 1, flags 0, from 0x32f734, fromlen 16, ovl (nil), func (nil)
0009:trace:winsock:WS2_recv_base fd=39, options=20
0009:trace:winsock:WS2_recv_base  -> 10 bytes
0009:trace:winsock:WS2_recv_base socket 0130, wsabuf 0x32f6e4, nbufs 1, flags 0, from 0x32f734, fromlen 16, ovl (nil), func (nil)
0009:trace:winsock:WS2_recv_base fd=39, options=20
0009:trace:winsock:WS2_recv_base  -> 12 bytes
0009:trace:winsock:WS2_sendto socket 0130, wsabuf 0x32ef34, nbufs 1, flags 0, to 0x6cdb194, tolen 16, ovl (nil), func (nil)
0009:trace:winsock:WS2_sendto fd=39, options=20
0009:trace:winsock:WS2_sendto  -> 12 bytes
0009:trace:winsock:WS2_sendto socket 0130, wsabuf 0x32f5e4, nbufs 1, flags 0, to 0x6cdb194, tolen 16, ovl (nil), func (nil)
0009:trace:winsock:WS2_sendto fd=39, options=20
0009:trace:winsock:WS2_sendto  -> 10 bytes
0009:trace:winsock:WS2_recv_base socket 0130, wsabuf 0x32f6e4, nbufs 1, flags 0, from 0x32f734, fromlen 16, ovl (nil), func (nil)
0009:trace:winsock:WS2_recv_base fd=39, options=20
0009:trace:winsock:WS2_recv_base  -> 10 bytes
0009:trace:winsock:WS2_sendto socket 0130, wsabuf 0x32f5e4, nbufs 1, flags 0, to 0x6cdb194, tolen 16, ovl (nil), func (nil)
0009:trace:winsock:WS2_sendto fd=39, options=20
0009:trace:winsock:WS2_sendto  -> 10 bytes
0009:trace:winsock:WS2_sendto socket 0130, wsabuf 0x32f9c4, nbufs 1, flags 0, to 0x6cdb194, tolen 16, ovl (nil), func (nil)
0009:trace:winsock:WS2_sendto fd=39, options=20
0009:trace:winsock:WS2_sendto  -> 12 bytes
0009:trace:winsock:WS2_recv_base socket 0130, wsabuf 0x32f6e4, nbufs 1, flags 0, from 0x32f734, fromlen 16, ovl (nil), func (nil)
0009:trace:winsock:WS2_recv_base fd=39, options=20
0009:trace:winsock:WS2_recv_base  -> 12 bytes
0009:trace:winsock:WS2_sendto socket 0130, wsabuf 0x32f964, nbufs 1, flags 0, to 0x6cdb194, tolen 16, ovl (nil), func (nil)
0009:trace:winsock:WS2_sendto fd=39, options=20
0009:trace:winsock:WS2_sendto  -> 16 bytes
0009:trace:winsock:WS2_sendto socket 0130, wsabuf 0x32f964, nbufs 1, flags 0, to 0x6cdb194, tolen 16, ovl (nil), func (nil)
0009:trace:winsock:WS2_sendto fd=39, options=20
0009:trace:winsock:WS2_sendto  -> 16 bytes
0009:trace:winsock:WS2_recv_base socket 0130, wsabuf 0x32f6e4, nbufs 1, flags 0, from 0x32f734, fromlen 16, ovl (nil), func (nil)
0009:trace:winsock:WS2_recv_base fd=39, options=20
0009:trace:winsock:WS2_recv_base  -> 16 bytes
0009:trace:winsock:WS2_recv_base socket 0130, wsabuf 0x32f6e4, nbufs 1, flags 0, from 0x32f734, fromlen 16, ovl (nil), func (nil)
0009:trace:winsock:WS2_recv_base fd=39, options=20
0009:trace:winsock:WS2_recv_base  -> 16 bytes
0009:trace:winsock:WS2_recv_base socket 0130, wsabuf 0x32f6e4, nbufs 1, flags 0, from 0x32f734, fromlen 16, ovl (nil), func (nil)
0009:trace:winsock:WS2_recv_base fd=39, options=20
0009:trace:winsock:WS2_recv_base  -> 10 bytes
0009:trace:winsock:WS2_sendto socket 0130, wsabuf 0x32f5e4, nbufs 1, flags 0, to 0x6cdb194, tolen 16, ovl (nil), func (nil)
0009:trace:winsock:WS2_sendto fd=39, options=20
0009:trace:winsock:WS2_sendto  -> 10 bytes
0009:trace:winsock:WS2_recv_base socket 0130, wsabuf 0x32f6e4, nbufs 1, flags 0, from 0x32f734, fromlen 16, ovl (nil), func (nil)
0009:trace:winsock:WS2_recv_base fd=39, options=20
0009:trace:winsock:WS2_recv_base  -> 10 bytes
0009:trace:winsock:WS2_sendto socket 0130, wsabuf 0x32f5e4, nbufs 1, flags 0, to 0x6cdb194, tolen 16, ovl (nil), func (nil)
0009:trace:winsock:WS2_sendto fd=39, options=20
0009:trace:winsock:WS2_sendto  -> 10 bytes
0009:trace:winsock:WS2_recv_base socket 0130, wsabuf 0x32f6e4, nbufs 1, flags 0, from 0x32f734, fromlen 16, ovl (nil), func (nil)
0009:trace:winsock:WS2_recv_base fd=39, options=20
0009:trace:winsock:WS2_recv_base  -> 10 bytes
0009:trace:winsock:WS2_recv_base socket 0130, wsabuf 0x32f6e4, nbufs 1, flags 0, from 0x32f734, fromlen 16, ovl (nil), func (nil)
0009:trace:winsock:WS2_recv_base fd=39, options=20
0009:trace:winsock:WS2_recv_base  -> 10 bytes
0009:trace:winsock:WS2_sendto socket 0130, wsabuf 0x32f5e4, nbufs 1, flags 0, to 0x6cdb194, tolen 16, ovl (nil), func (nil)
0009:trace:winsock:WS2_sendto fd=39, options=20
0009:trace:winsock:WS2_sendto  -> 10 bytes
0009:trace:winsock:WS2_sendto socket 0130, wsabuf 0x32f5e4, nbufs 1, flags 0, to 0x6cdb194, tolen 16, ovl (nil), func (nil)
0009:trace:winsock:WS2_sendto fd=39, options=20
0009:trace:winsock:WS2_sendto  -> 10 bytes
0009:trace:winsock:WS2_recv_base socket 0130, wsabuf 0x32f6e4, nbufs 1, flags 0, from 0x32f734, fromlen 16, ovl (nil), func (nil)
0009:trace:winsock:WS2_recv_base fd=39, options=20
0009:trace:winsock:WS2_recv_base  -> 10 bytes
0009:trace:winsock:WS2_sendto socket 0130, wsabuf 0x32f5e4, nbufs 1, flags 0, to 0x6cdb194, tolen 16, ovl (nil), func (nil)
0009:trace:winsock:WS2_sendto fd=39, options=20
0009:trace:winsock:WS2_sendto  -> 10 bytes
0009:trace:winsock:WS2_recv_base socket 0130, wsabuf 0x32f6e4, nbufs 1, flags 0, from 0x32f734, fromlen 16, ovl (nil), func (nil)
0009:trace:winsock:WS2_recv_base fd=39, options=20
0009:trace:winsock:WS2_recv_base  -> 10 bytes
0009:trace:winsock:WS2_recv_base socket 0130, wsabuf 0x32f6e4, nbufs 1, flags 0, from 0x32f734, fromlen 16, ovl (nil), func (nil)
0009:trace:winsock:WS2_recv_base fd=39, options=20
0009:trace:winsock:WS2_recv_base  -> 12 bytes
0009:trace:winsock:WS2_sendto socket 0130, wsabuf 0x32ef34, nbufs 1, flags 0, to 0x6cdb194, tolen 16, ovl (nil), func (nil)
0009:trace:winsock:WS2_sendto fd=39, options=20
0009:trace:winsock:WS2_sendto  -> 12 bytes
0009:trace:winsock:WS2_sendto socket 0130, wsabuf 0x32f5e4, nbufs 1, flags 0, to 0x6cdb194, tolen 16, ovl (nil), func (nil)
0009:trace:winsock:WS2_sendto fd=39, options=20
0009:trace:winsock:WS2_sendto  -> 10 bytes
0009:trace:winsock:WS2_sendto socket 0130, wsabuf 0x32f9c4, nbufs 1, flags 0, to 0x6cdb194, tolen 16, ovl (nil), func (nil)
0009:trace:winsock:WS2_sendto fd=39, options=20
0009:trace:winsock:WS2_sendto  -> 12 bytes
0009:trace:winsock:WS2_recv_base socket 0130, wsabuf 0x32f6e4, nbufs 1, flags 0, from 0x32f734, fromlen 16, ovl (nil), func (nil)
0009:trace:winsock:WS2_recv_base fd=39, options=20
0009:trace:winsock:WS2_recv_base  -> 12 bytes
0009:trace:winsock:WS2_sendto socket 0130, wsabuf 0x32f964, nbufs 1, flags 0, to 0x6cdb194, tolen 16, ovl (nil), func (nil)
0009:trace:winsock:WS2_sendto fd=39, options=20
0009:trace:winsock:WS2_sendto  -> 16 bytes
0009:trace:winsock:WS2_sendto socket 0130, wsabuf 0x32f964, nbufs 1, flags 0, to 0x6cdb194, tolen 16, ovl (nil), func (nil)
0009:trace:winsock:WS2_sendto fd=39, options=20
0009:trace:winsock:WS2_sendto  -> 16 bytes
0009:trace:winsock:WS2_recv_base socket 0130, wsabuf 0x32f6e4, nbufs 1, flags 0, from 0x32f734, fromlen 16, ovl (nil), func (nil)
0009:trace:winsock:WS2_recv_base fd=39, options=20
0009:trace:winsock:WS2_recv_base  -> 16 bytes
0009:trace:winsock:WS2_recv_base socket 0130, wsabuf 0x32f6e4, nbufs 1, flags 0, from 0x32f734, fromlen 16, ovl (nil), func (nil)
0009:trace:winsock:WS2_recv_base fd=39, options=20
0009:trace:winsock:WS2_recv_base  -> 10 bytes
0009:trace:winsock:WS2_recv_base socket 0130, wsabuf 0x32f6e4, nbufs 1, flags 0, from 0x32f734, fromlen 16, ovl (nil), func (nil)
0009:trace:winsock:WS2_recv_base fd=39, options=20
0009:trace:winsock:WS2_recv_base  -> 12 bytes
0009:trace:winsock:WS2_sendto socket 0130, wsabuf 0x32ef34, nbufs 1, flags 0, to 0x6cdb194, tolen 16, ovl (nil), func (nil)
0009:trace:winsock:WS2_sendto fd=39, options=20
0009:trace:winsock:WS2_sendto  -> 12 bytes
0009:trace:winsock:WS2_recv_base socket 0130, wsabuf 0x32f6e4, nbufs 1, flags 0, from 0x32f734, fromlen 16, ovl (nil), func (nil)
0009:trace:winsock:WS2_recv_base fd=39, options=20
0009:trace:winsock:WS2_recv_base  -> 16 bytes
0009:trace:winsock:WS2_recv_base socket 0130, wsabuf 0x32f6e4, nbufs 1, flags 0, from 0x32f734, fromlen 16, ovl (nil), func (nil)
0009:trace:winsock:WS2_recv_base fd=39, options=20
0009:trace:winsock:WS2_recv_base  -> 10 bytes
0009:trace:winsock:WS2_sendto socket 0130, wsabuf 0x32f5e4, nbufs 1, flags 0, to 0x6cdb194, tolen 16, ovl (nil), func (nil)
0009:trace:winsock:WS2_sendto fd=39, options=20
0009:trace:winsock:WS2_sendto  -> 10 bytes
0009:trace:winsock:WS2_sendto socket 0130, wsabuf 0x32f5e4, nbufs 1, flags 0, to 0x6cdb194, tolen 16, ovl (nil), func (nil)
0009:trace:winsock:WS2_sendto fd=39, options=20
0009:trace:winsock:WS2_sendto  -> 10 bytes
0009:trace:winsock:WS2_sendto socket 0130, wsabuf 0x32f9c4, nbufs 1, flags 0, to 0x6cdb194, tolen 16, ovl (nil), func (nil)
0009:trace:winsock:WS2_sendto fd=39, options=20
0009:trace:winsock:WS2_sendto  -> 12 bytes
0009:trace:winsock:WS2_recv_base socket 0130, wsabuf 0x32f6e4, nbufs 1, flags 0, from 0x32f734, fromlen 16, ovl (nil), func (nil)
0009:trace:winsock:WS2_recv_base fd=39, options=20
0009:trace:winsock:WS2_recv_base  -> 12 bytes
0009:trace:winsock:WS2_recv_base socket 0130, wsabuf 0x32f6e4, nbufs 1, flags 0, from 0x32f734, fromlen 16, ovl (nil), func (nil)
0009:trace:winsock:WS2_recv_base fd=39, options=20
0009:trace:winsock:WS2_recv_base  -> 10 bytes
0009:trace:winsock:WS2_recv_base socket 0130, wsabuf 0x32f6e4, nbufs 1, flags 0, from 0x32f734, fromlen 16, ovl (nil), func (nil)
0009:trace:winsock:WS2_recv_base fd=39, options=20
0009:trace:winsock:WS2_recv_base  -> 22 bytes
0009:trace:winsock:WS2_sendto socket 0130, wsabuf 0x32f5e4, nbufs 1, flags 0, to 0x6cdb194, tolen 16, ovl (nil), func (nil)
0009:trace:winsock:WS2_sendto fd=39, options=20
0009:trace:winsock:WS2_sendto  -> 10 bytes
0009:trace:winsock:WS2_recv_base socket 0130, wsabuf 0x32f6e4, nbufs 1, flags 0, from 0x32f734, fromlen 16, ovl (nil), func (nil)
0009:trace:winsock:WS2_recv_base fd=39, options=20
0009:trace:winsock:WS2_recv_base  -> 10 bytes
0009:trace:winsock:WS2_sendto socket 0130, wsabuf 0x32f5e4, nbufs 1, flags 0, to 0x6cdb194, tolen 16, ovl (nil), func (nil)
0009:trace:winsock:WS2_sendto fd=39, options=20
0009:trace:winsock:WS2_sendto  -> 10 bytes
0009:trace:winsock:WS2_recv_base socket 0130, wsabuf 0x32f6e4, nbufs 1, flags 0, from 0x32f734, fromlen 16, ovl (nil), func (nil)
0009:trace:winsock:WS2_recv_base fd=39, options=20
0009:trace:winsock:WS2_recv_base  -> 10 bytes
0009:trace:winsock:WS2_sendto socket 0130, wsabuf 0x32f5e4, nbufs 1, flags 0, to 0x6cdb194, tolen 16, ovl (nil), func (nil)
0009:trace:winsock:WS2_sendto fd=39, options=20
0009:trace:winsock:WS2_sendto  -> 10 bytes
0009:trace:winsock:WS2_recv_base socket 0130, wsabuf 0x32f6e4, nbufs 1, flags 0, from 0x32f734, fromlen 16, ovl (nil), func (nil)
0009:trace:winsock:WS2_recv_base fd=39, options=20
0009:trace:winsock:WS2_recv_base  -> 10 bytes
0009:trace:winsock:WS2_sendto socket 0130, wsabuf 0x32f5e4, nbufs 1, flags 0, to 0x6cdb194, tolen 16, ovl (nil), func (nil)
0009:trace:winsock:WS2_sendto fd=39, options=20
0009:trace:winsock:WS2_sendto  -> 10 bytes
0009:trace:winsock:WS2_sendto socket 0130, wsabuf 0x32f964, nbufs 1, flags 0, to 0x6cdb194, tolen 16, ovl (nil), func (nil)
0009:trace:winsock:WS2_sendto fd=39, options=20
0009:trace:winsock:WS2_sendto  -> 16 bytes
0009:trace:winsock:WS2_sendto socket 0130, wsabuf 0x32f964, nbufs 1, flags 0, to 0x6cdb194, tolen 16, ovl (nil), func (nil)
0009:trace:winsock:WS2_sendto fd=39, options=20
0009:trace:winsock:WS2_sendto  -> 16 bytes
0009:trace:winsock:WS2_recv_base socket 0130, wsabuf 0x32f6e4, nbufs 1, flags 0, from 0x32f734, fromlen 16, ovl (nil), func (nil)
0009:trace:winsock:WS2_recv_base fd=39, options=20
0009:trace:winsock:WS2_recv_base  -> 10 bytes
0009:trace:winsock:WS2_recv_base socket 0130, wsabuf 0x32f6e4, nbufs 1, flags 0, from 0x32f734, fromlen 16, ovl (nil), func (nil)
0009:trace:winsock:WS2_recv_base fd=39, options=20
0009:trace:winsock:WS2_recv_base  -> 16 bytes
0009:trace:winsock:WS2_sendto socket 0130, wsabuf 0x32f5e4, nbufs 1, flags 0, to 0x6cdb194, tolen 16, ovl (nil), func (nil)
0009:trace:winsock:WS2_sendto fd=39, options=20
0009:trace:winsock:WS2_sendto  -> 10 bytes
0009:trace:winsock:WS2_recv_base socket 0130, wsabuf 0x32f6e4, nbufs 1, flags 0, from 0x32f734, fromlen 16, ovl (nil), func (nil)
0009:trace:winsock:WS2_recv_base fd=39, options=20
0009:trace:winsock:WS2_recv_base  -> 10 bytes
0009:trace:winsock:WS2_recv_base socket 0130, wsabuf 0x32f6e4, nbufs 1, flags 0, from 0x32f734, fromlen 16, ovl (nil), func (nil)
0009:trace:winsock:WS2_recv_base fd=39, options=20
0009:trace:winsock:WS2_recv_base  -> 16 bytes
0009:trace:winsock:WS2_recv_base socket 0130, wsabuf 0x32f6e4, nbufs 1, flags 0, from 0x32f734, fromlen 16, ovl (nil), func (nil)
0009:trace:winsock:WS2_recv_base fd=39, options=20
0009:trace:winsock:WS2_recv_base  -> 12 bytes
0009:trace:winsock:WS2_sendto socket 0130, wsabuf 0x32ef34, nbufs 1, flags 0, to 0x6cdb194, tolen 16, ovl (nil), func (nil)
0009:trace:winsock:WS2_sendto fd=39, options=20
0009:trace:winsock:WS2_sendto  -> 12 bytes
0009:trace:winsock:WS2_sendto socket 0130, wsabuf 0x32f5e4, nbufs 1, flags 0, to 0x6cdb194, tolen 16, ovl (nil), func (nil)
0009:trace:winsock:WS2_sendto fd=39, options=20
0009:trace:winsock:WS2_sendto  -> 10 bytes
0009:trace:winsock:WS2_sendto socket 0130, wsabuf 0x32f9c4, nbufs 1, flags 0, to 0x6cdb194, tolen 16, ovl (nil), func (nil)
0009:trace:winsock:WS2_sendto fd=39, options=20
0009:trace:winsock:WS2_sendto  -> 12 bytes
0009:trace:winsock:WS2_recv_base socket 0130, wsabuf 0x32f6e4, nbufs 1, flags 0, from 0x32f734, fromlen 16, ovl (nil), func (nil)
0009:trace:winsock:WS2_recv_base fd=39, options=20
0009:trace:winsock:WS2_recv_base  -> 12 bytes
0009:trace:winsock:WS2_recv_base socket 0130, wsabuf 0x32f6e4, nbufs 1, flags 0, from 0x32f734, fromlen 16, ovl (nil), func (nil)
0009:trace:winsock:WS2_recv_base fd=39, options=20
0009:trace:winsock:WS2_recv_base  -> 10 bytes
0009:trace:winsock:WS2_sendto socket 0130, wsabuf 0x32f5e4, nbufs 1, flags 0, to 0x6cdb194, tolen 16, ovl (nil), func (nil)
0009:trace:winsock:WS2_sendto fd=39, options=20
0009:trace:winsock:WS2_sendto  -> 10 bytes
0009:trace:winsock:WS2_recv_base socket 0130, wsabuf 0x32f6e4, nbufs 1, flags 0, from 0x32f734, fromlen 16, ovl (nil), func (nil)
0009:trace:winsock:WS2_recv_base fd=39, options=20
0009:trace:winsock:WS2_recv_base  -> 12 bytes
0009:trace:winsock:WS2_sendto socket 0130, wsabuf 0x32ef34, nbufs 1, flags 0, to 0x6cdb194, tolen 16, ovl (nil), func (nil)
0009:trace:winsock:WS2_sendto fd=39, options=20
0009:trace:winsock:WS2_sendto  -> 12 bytes
0009:trace:winsock:WS2_recv_base socket 0130, wsabuf 0x32f6e4, nbufs 1, flags 0, from 0x32f734, fromlen 16, ovl (nil), func (nil)
0009:trace:winsock:WS2_recv_base fd=39, options=20
0009:trace:winsock:WS2_recv_base  -> 10 bytes
0009:trace:winsock:WS2_recv_base socket 0130, wsabuf 0x32f6e4, nbufs 1, flags 0, from 0x32f734, fromlen 16, ovl (nil), func (nil)
0009:trace:winsock:WS2_recv_base fd=39, options=20
0009:trace:winsock:WS2_recv_base  -> 24 bytes
0009:trace:winsock:WS2_recv_base socket 0130, wsabuf 0x32f6e4, nbufs 1, flags 0, from 0x32f734, fromlen 16, ovl (nil), func (nil)
0009:trace:winsock:WS2_recv_base fd=39, options=20
0009:trace:winsock:WS2_recv_base  -> 22 bytes
0009:trace:winsock:WS2_recv_base socket 0130, wsabuf 0x32f6e4, nbufs 1, flags 0, from 0x32f734, fromlen 16, ovl (nil), func (nil)
0009:trace:winsock:WS2_recv_base fd=39, options=20
0009:trace:winsock:WS2_recv_base  -> 22 bytes
0009:trace:winsock:WS2_recv_base socket 0130, wsabuf 0x32f6e4, nbufs 1, flags 0, from 0x32f734, fromlen 16, ovl (nil), func (nil)
0009:trace:winsock:WS2_recv_base fd=39, options=20
0009:trace:winsock:WS2_recv_base  -> 22 bytes
0009:trace:winsock:WS2_recv_base socket 0130, wsabuf 0x32f6e4, nbufs 1, flags 0, from 0x32f734, fromlen 16, ovl (nil), func (nil)
0009:trace:winsock:WS2_recv_base fd=39, options=20
0009:trace:winsock:WS2_recv_base  -> 31 bytes
0009:trace:winsock:WS2_recv_base socket 0130, wsabuf 0x32f6e4, nbufs 1, flags 0, from 0x32f734, fromlen 16, ovl (nil), func (nil)
0009:trace:winsock:WS2_recv_base fd=39, options=20
0009:trace:winsock:WS2_recv_base  -> 26 bytes
0009:trace:winsock:WS2_sendto socket 0130, wsabuf 0x32f5e4, nbufs 1, flags 0, to 0x6cdb194, tolen 16, ovl (nil), func (nil)
0009:trace:winsock:WS2_sendto fd=39, options=20
0009:trace:winsock:WS2_sendto  -> 10 bytes
0009:trace:winsock:WS2_sendto socket 0130, wsabuf 0x32f9c4, nbufs 1, flags 0, to 0x6cdb194, tolen 16, ovl (nil), func (nil)
0009:trace:winsock:WS2_sendto fd=39, options=20
0009:trace:winsock:WS2_sendto  -> 12 bytes
0009:trace:winsock:WS2_recv_base socket 0130, wsabuf 0x32f6e4, nbufs 1, flags 0, from 0x32f734, fromlen 16, ovl (nil), func (nil)
0009:trace:winsock:WS2_recv_base fd=39, options=20
0009:trace:winsock:WS2_recv_base  -> 12 bytes
0009:trace:winsock:WS2_recv_base socket 0130, wsabuf 0x32f6e4, nbufs 1, flags 0, from 0x32f734, fromlen 16, ovl (nil), func (nil)
0009:trace:winsock:WS2_recv_base fd=39, options=20
0009:trace:winsock:WS2_recv_base  -> 10 bytes
0009:trace:winsock:WS2_sendto socket 0130, wsabuf 0x32f5e4, nbufs 1, flags 0, to 0x6cdb194, tolen 16, ovl (nil), func (nil)
0009:trace:winsock:WS2_sendto fd=39, options=20
0009:trace:winsock:WS2_sendto  -> 10 bytes
0009:trace:winsock:WS2_recv_base socket 0130, wsabuf 0x32f6e4, nbufs 1, flags 0, from 0x32f734, fromlen 16, ovl (nil), func (nil)
0009:trace:winsock:WS2_recv_base fd=39, options=20
0009:trace:winsock:WS2_recv_base  -> 10 bytes
0009:trace:winsock:WS2_sendto socket 0130, wsabuf 0x32f5e4, nbufs 1, flags 0, to 0x6cdb194, tolen 16, ovl (nil), func (nil)
0009:trace:winsock:WS2_sendto fd=39, options=20
0009:trace:winsock:WS2_sendto  -> 10 bytes
0009:trace:winsock:WS2_recv_base socket 0130, wsabuf 0x32f6e4, nbufs 1, flags 0, from 0x32f734, fromlen 16, ovl (nil), func (nil)
0009:trace:winsock:WS2_recv_base fd=39, options=20
0009:trace:winsock:WS2_recv_base  -> 10 bytes
0009:trace:winsock:WS2_sendto socket 0130, wsabuf 0x32f964, nbufs 1, flags 0, to 0x6cdb194, tolen 16, ovl (nil), func (nil)
0009:trace:winsock:WS2_sendto fd=39, options=20
0009:trace:winsock:WS2_sendto  -> 16 bytes
0009:trace:winsock:WS2_sendto socket 0130, wsabuf 0x32f964, nbufs 1, flags 0, to 0x6cdb194, tolen 16, ovl (nil), func (nil)
0009:trace:winsock:WS2_sendto fd=39, options=20
0009:trace:winsock:WS2_sendto  -> 16 bytes
0009:trace:winsock:WS2_recv_base socket 0130, wsabuf 0x32f6e4, nbufs 1, flags 0, from 0x32f734, fromlen 16, ovl (nil), func (nil)
0009:trace:winsock:WS2_recv_base fd=39, options=20
0009:trace:winsock:WS2_recv_base  -> 16 bytes
0009:trace:winsock:WS2_sendto socket 0130, wsabuf 0x32f5e4, nbufs 1, flags 0, to 0x6cdb194, tolen 16, ovl (nil), func (nil)
0009:trace:winsock:WS2_sendto fd=39, options=20
0009:trace:winsock:WS2_sendto  -> 10 bytes
0009:trace:winsock:WS2_recv_base socket 0130, wsabuf 0x32f6e4, nbufs 1, flags 0, from 0x32f734, fromlen 16, ovl (nil), func (nil)
0009:trace:winsock:WS2_recv_base fd=39, options=20
0009:trace:winsock:WS2_recv_base  -> 10 bytes
0009:trace:winsock:WS2_recv_base socket 0130, wsabuf 0x32f6e4, nbufs 1, flags 0, from 0x32f734, fromlen 16, ovl (nil), func (nil)
0009:trace:winsock:WS2_recv_base fd=39, options=20
0009:trace:winsock:WS2_recv_base  -> 16 bytes
0009:trace:winsock:WS2_sendto socket 0130, wsabuf 0x32f5e4, nbufs 1, flags 0, to 0x6cdb194, tolen 16, ovl (nil), func (nil)
0009:trace:winsock:WS2_sendto fd=39, options=20
0009:trace:winsock:WS2_sendto  -> 10 bytes
0009:trace:winsock:WS2_recv_base socket 0130, wsabuf 0x32f6e4, nbufs 1, flags 0, from 0x32f734, fromlen 16, ovl (nil), func (nil)
0009:trace:winsock:WS2_recv_base fd=39, options=20
0009:trace:winsock:WS2_recv_base  -> 10 bytes
0009:trace:winsock:WS2_sendto socket 0130, wsabuf 0x32f964, nbufs 1, flags 0, to 0x6cdb194, tolen 16, ovl (nil), func (nil)
0009:trace:winsock:WS2_sendto fd=39, options=20
0009:trace:winsock:WS2_sendto  -> 22 bytes
0009:trace:winsock:WS2_sendto socket 0130, wsabuf 0x32f964, nbufs 1, flags 0, to 0x6cdb194, tolen 16, ovl (nil), func (nil)
0009:trace:winsock:WS2_sendto fd=39, options=20
0009:trace:winsock:WS2_sendto  -> 22 bytes
0009:trace:winsock:WS2_sendto socket 0130, wsabuf 0x32f5e4, nbufs 1, flags 0, to 0x6cdb194, tolen 16, ovl (nil), func (nil)
0009:trace:winsock:WS2_sendto fd=39, options=20
0009:trace:winsock:WS2_sendto  -> 10 bytes
0009:trace:winsock:WS2_recv_base socket 0130, wsabuf 0x32f6e4, nbufs 1, flags 0, from 0x32f734, fromlen 16, ovl (nil), func (nil)
0009:trace:winsock:WS2_recv_base fd=39, options=20
0009:trace:winsock:WS2_recv_base  -> 10 bytes
0009:trace:winsock:WS2_recv_base socket 0130, wsabuf 0x32f6e4, nbufs 1, flags 0, from 0x32f734, fromlen 16, ovl (nil), func (nil)
0009:trace:winsock:WS2_recv_base fd=39, options=20
0009:trace:winsock:WS2_recv_base  -> 22 bytes
0009:trace:winsock:WS2_recv_base socket 0130, wsabuf 0x32f6e4, nbufs 1, flags 0, from 0x32f734, fromlen 16, ovl (nil), func (nil)
0009:trace:winsock:WS2_recv_base fd=39, options=20
0009:trace:winsock:WS2_recv_base  -> 22 bytes
0009:trace:winsock:WS2_sendto socket 0130, wsabuf 0x32f5e4, nbufs 1, flags 0, to 0x6cdb194, tolen 16, ovl (nil), func (nil)
0009:trace:winsock:WS2_sendto fd=39, options=20
0009:trace:winsock:WS2_sendto  -> 10 bytes
0009:trace:winsock:WS2_recv_base socket 0130, wsabuf 0x32f6e4, nbufs 1, flags 0, from 0x32f734, fromlen 16, ovl (nil), func (nil)
0009:trace:winsock:WS2_recv_base fd=39, options=20
0009:trace:winsock:WS2_recv_base  -> 12 bytes
0009:trace:winsock:WS2_sendto socket 0130, wsabuf 0x32ef34, nbufs 1, flags 0, to 0x6cdb194, tolen 16, ovl (nil), func (nil)
0009:trace:winsock:WS2_sendto fd=39, options=20
0009:trace:winsock:WS2_sendto  -> 12 bytes
0009:trace:winsock:WS2_sendto socket 0130, wsabuf 0x32f9c4, nbufs 1, flags 0, to 0x6cdb194, tolen 16, ovl (nil), func (nil)
0009:trace:winsock:WS2_sendto fd=39, options=20
0009:trace:winsock:WS2_sendto  -> 12 bytes
0009:trace:winsock:WS2_recv_base socket 0130, wsabuf 0x32f6e4, nbufs 1, flags 0, from 0x32f734, fromlen 16, ovl (nil), func (nil)
0009:trace:winsock:WS2_recv_base fd=39, options=20
0009:trace:winsock:WS2_recv_base  -> 12 bytes
0009:trace:winsock:WS2_recv_base socket 0130, wsabuf 0x32f6e4, nbufs 1, flags 0, from 0x32f734, fromlen 16, ovl (nil), func (nil)
0009:trace:winsock:WS2_recv_base fd=39, options=20
0009:trace:winsock:WS2_recv_base  -> 10 bytes
0009:trace:winsock:WS2_sendto socket 0130, wsabuf 0x32f5e4, nbufs 1, flags 0, to 0x6cdb194, tolen 16, ovl (nil), func (nil)
0009:trace:winsock:WS2_sendto fd=39, options=20
0009:trace:winsock:WS2_sendto  -> 10 bytes
0009:trace:winsock:WS2_recv_base socket 0130, wsabuf 0x32f6e4, nbufs 1, flags 0, from 0x32f734, fromlen 16, ovl (nil), func (nil)
0009:trace:winsock:WS2_recv_base fd=39, options=20
0009:trace:winsock:WS2_recv_base  -> 10 bytes
0009:trace:winsock:WS2_recv_base socket 0130, wsabuf 0x32f6e4, nbufs 1, flags 0, from 0x32f734, fromlen 16, ovl (nil), func (nil)
0009:trace:winsock:WS2_recv_base fd=39, options=20
0009:trace:winsock:WS2_recv_base  -> 12 bytes
0009:trace:winsock:WS2_sendto socket 0130, wsabuf 0x32ef34, nbufs 1, flags 0, to 0x6cdb194, tolen 16, ovl (nil), func (nil)
0009:trace:winsock:WS2_sendto fd=39, options=20
0009:trace:winsock:WS2_sendto  -> 12 bytes
0009:trace:winsock:WS2_recv_base socket 0130, wsabuf 0x32f6e4, nbufs 1, flags 0, from 0x32f734, fromlen 16, ovl (nil), func (nil)
0009:trace:winsock:WS2_recv_base fd=39, options=20
0009:trace:winsock:WS2_recv_base  -> 25 bytes
0009:trace:winsock:WS2_sendto socket 0130, wsabuf 0x32f5e4, nbufs 1, flags 0, to 0x6cdb194, tolen 16, ovl (nil), func (nil)
0009:trace:winsock:WS2_sendto fd=39, options=20
0009:trace:winsock:WS2_sendto  -> 10 bytes
0009:trace:winsock:WS2_sendto socket 0130, wsabuf 0x32f9c4, nbufs 1, flags 0, to 0x6cdb194, tolen 16, ovl (nil), func (nil)
0009:trace:winsock:WS2_sendto fd=39, options=20
0009:trace:winsock:WS2_sendto  -> 12 bytes
0009:trace:winsock:WS2_recv_base socket 0130, wsabuf 0x32f6e4, nbufs 1, flags 0, from 0x32f734, fromlen 16, ovl (nil), func (nil)
0009:trace:winsock:WS2_recv_base fd=39, options=20
0009:trace:winsock:WS2_recv_base  -> 12 bytes
0009:trace:winsock:WS2_sendto socket 0130, wsabuf 0x32f964, nbufs 1, flags 0, to 0x6cdb194, tolen 16, ovl (nil), func (nil)
0009:trace:winsock:WS2_sendto fd=39, options=20
0009:trace:winsock:WS2_sendto  -> 16 bytes
0009:trace:winsock:WS2_sendto socket 0130, wsabuf 0x32f964, nbufs 1, flags 0, to 0x6cdb194, tolen 16, ovl (nil), func (nil)
0009:trace:winsock:WS2_sendto fd=39, options=20
0009:trace:winsock:WS2_sendto  -> 16 bytes
0009:trace:winsock:WS2_recv_base socket 0130, wsabuf 0x32f6e4, nbufs 1, flags 0, from 0x32f734, fromlen 16, ovl (nil), func (nil)
0009:trace:winsock:WS2_recv_base fd=39, options=20
0009:trace:winsock:WS2_recv_base  -> 10 bytes
0009:trace:winsock:WS2_sendto socket 0130, wsabuf 0x32f5e4, nbufs 1, flags 0, to 0x6cdb194, tolen 16, ovl (nil), func (nil)
0009:trace:winsock:WS2_sendto fd=39, options=20
0009:trace:winsock:WS2_sendto  -> 10 bytes
0009:trace:winsock:WS2_recv_base socket 0130, wsabuf 0x32f6e4, nbufs 1, flags 0, from 0x32f734, fromlen 16, ovl (nil), func (nil)
0009:trace:winsock:WS2_recv_base fd=39, options=20
0009:trace:winsock:WS2_recv_base  -> 10 bytes
0009:trace:winsock:WS2_recv_base socket 0130, wsabuf 0x32f6e4, nbufs 1, flags 0, from 0x32f734, fromlen 16, ovl (nil), func (nil)
0009:trace:winsock:WS2_recv_base fd=39, options=20
0009:trace:winsock:WS2_recv_base  -> 16 bytes
0009:trace:winsock:WS2_recv_base socket 0130, wsabuf 0x32f6e4, nbufs 1, flags 0, from 0x32f734, fromlen 16, ovl (nil), func (nil)
0009:trace:winsock:WS2_recv_base fd=39, options=20
0009:trace:winsock:WS2_recv_base  -> 16 bytes
0009:trace:winsock:WS2_sendto socket 0130, wsabuf 0x32f5e4, nbufs 1, flags 0, to 0x6cdb194, tolen 16, ovl (nil), func (nil)
0009:trace:winsock:WS2_sendto fd=39, options=20
0009:trace:winsock:WS2_sendto  -> 10 bytes
0009:trace:winsock:WS2_recv_base socket 0130, wsabuf 0x32f6e4, nbufs 1, flags 0, from 0x32f734, fromlen 16, ovl (nil), func (nil)
0009:trace:winsock:WS2_recv_base fd=39, options=20
0009:trace:winsock:WS2_recv_base  -> 10 bytes
0009:trace:winsock:WS2_sendto socket 0130, wsabuf 0x32f5e4, nbufs 1, flags 0, to 0x6cdb194, tolen 16, ovl (nil), func (nil)
0009:trace:winsock:WS2_sendto fd=39, options=20
0009:trace:winsock:WS2_sendto  -> 10 bytes
0009:trace:winsock:WS2_recv_base socket 0130, wsabuf 0x32f6e4, nbufs 1, flags 0, from 0x32f734, fromlen 16, ovl (nil), func (nil)
0009:trace:winsock:WS2_recv_base fd=39, options=20
0009:trace:winsock:WS2_recv_base  -> 10 bytes
0009:trace:winsock:WS2_sendto socket 0130, wsabuf 0x32f5e4, nbufs 1, flags 0, to 0x6cdb194, tolen 16, ovl (nil), func (nil)
0009:trace:winsock:WS2_sendto fd=39, options=20
0009:trace:winsock:WS2_sendto  -> 10 bytes
0009:trace:winsock:WS2_recv_base socket 0130, wsabuf 0x32f6e4, nbufs 1, flags 0, from 0x32f734, fromlen 16, ovl (nil), func (nil)
0009:trace:winsock:WS2_recv_base fd=39, options=20
0009:trace:winsock:WS2_recv_base  -> 10 bytes
0009:trace:winsock:WS2_sendto socket 0130, wsabuf 0x32f5e4, nbufs 1, flags 0, to 0x6cdb194, tolen 16, ovl (nil), func (nil)
0009:trace:winsock:WS2_sendto fd=39, options=20
0009:trace:winsock:WS2_sendto  -> 10 bytes
0009:trace:winsock:WS2_recv_base socket 0130, wsabuf 0x32f6e4, nbufs 1, flags 0, from 0x32f734, fromlen 16, ovl (nil), func (nil)
0009:trace:winsock:WS2_recv_base fd=39, options=20
0009:trace:winsock:WS2_recv_base  -> 10 bytes
0009:trace:winsock:WS2_sendto socket 0130, wsabuf 0x32f5e4, nbufs 1, flags 0, to 0x6cdb194, tolen 16, ovl (nil), func (nil)
0009:trace:winsock:WS2_sendto fd=39, options=20
0009:trace:winsock:WS2_sendto  -> 10 bytes
0009:trace:winsock:WS2_recv_base socket 0130, wsabuf 0x32f6e4, nbufs 1, flags 0, from 0x32f734, fromlen 16, ovl (nil), func (nil)
0009:trace:winsock:WS2_recv_base fd=39, options=20
0009:trace:winsock:WS2_recv_base  -> 12 bytes
0009:trace:winsock:WS2_sendto socket 0130, wsabuf 0x32ef34, nbufs 1, flags 0, to 0x6cdb194, tolen 16, ovl (nil), func (nil)
0009:trace:winsock:WS2_sendto fd=39, options=20
0009:trace:winsock:WS2_sendto  -> 12 bytes
0009:trace:winsock:WS2_sendto socket 0130, wsabuf 0x32f9c4, nbufs 1, flags 0, to 0x6cdb194, tolen 16, ovl (nil), func (nil)
0009:trace:winsock:WS2_sendto fd=39, options=20
0009:trace:winsock:WS2_sendto  -> 12 bytes
0009:trace:winsock:WS2_recv_base socket 0130, wsabuf 0x32f6e4, nbufs 1, flags 0, from 0x32f734, fromlen 16, ovl (nil), func (nil)
0009:trace:winsock:WS2_recv_base fd=39, options=20
0009:trace:winsock:WS2_recv_base  -> 12 bytes
0009:trace:winsock:WS2_recv_base socket 0130, wsabuf 0x32f6e4, nbufs 1, flags 0, from 0x32f734, fromlen 16, ovl (nil), func (nil)
0009:trace:winsock:WS2_recv_base fd=39, options=20
0009:trace:winsock:WS2_recv_base  -> 10 bytes
0009:trace:winsock:WS2_sendto socket 0130, wsabuf 0x32f5e4, nbufs 1, flags 0, to 0x6cdb194, tolen 16, ovl (nil), func (nil)
0009:trace:winsock:WS2_sendto fd=39, options=20
0009:trace:winsock:WS2_sendto  -> 10 bytes
0009:trace:winsock:WS2_sendto socket 0130, wsabuf 0x32f964, nbufs 1, flags 0, to 0x6cdb194, tolen 16, ovl (nil), func (nil)
0009:trace:winsock:WS2_sendto fd=39, options=20
0009:trace:winsock:WS2_sendto  -> 16 bytes
0009:trace:winsock:WS2_sendto socket 0130, wsabuf 0x32f964, nbufs 1, flags 0, to 0x6cdb194, tolen 16, ovl (nil), func (nil)
0009:trace:winsock:WS2_sendto fd=39, options=20
0009:trace:winsock:WS2_sendto  -> 16 bytes
0009:trace:winsock:WS2_recv_base socket 0130, wsabuf 0x32f6e4, nbufs 1, flags 0, from 0x32f734, fromlen 16, ovl (nil), func (nil)
0009:trace:winsock:WS2_recv_base fd=39, options=20
0009:trace:winsock:WS2_recv_base  -> 10 bytes
0009:trace:winsock:WS2_recv_base socket 0130, wsabuf 0x32f6e4, nbufs 1, flags 0, from 0x32f734, fromlen 16, ovl (nil), func (nil)
0009:trace:winsock:WS2_recv_base fd=39, options=20
0009:trace:winsock:WS2_recv_base  -> 25 bytes
0009:trace:winsock:WS2_recv_base socket 0130, wsabuf 0x32f6e4, nbufs 1, flags 0, from 0x32f734, fromlen 16, ovl (nil), func (nil)
0009:trace:winsock:WS2_recv_base fd=39, options=20
0009:trace:winsock:WS2_recv_base  -> 12 bytes
0009:trace:winsock:WS2_sendto socket 0130, wsabuf 0x32ef34, nbufs 1, flags 0, to 0x6cdb194, tolen 16, ovl (nil), func (nil)
0009:trace:winsock:WS2_sendto fd=39, options=20
0009:trace:winsock:WS2_sendto  -> 12 bytes
0009:trace:winsock:WS2_recv_base socket 0130, wsabuf 0x32f6e4, nbufs 1, flags 0, from 0x32f734, fromlen 16, ovl (nil), func (nil)
0009:trace:winsock:WS2_recv_base fd=39, options=20
0009:trace:winsock:WS2_recv_base  -> 16 bytes
0009:trace:winsock:WS2_sendto socket 0130, wsabuf 0x32f5e4, nbufs 1, flags 0, to 0x6cdb194, tolen 16, ovl (nil), func (nil)
0009:trace:winsock:WS2_sendto fd=39, options=20
0009:trace:winsock:WS2_sendto  -> 10 bytes
0009:trace:winsock:WS2_recv_base socket 0130, wsabuf 0x32f6e4, nbufs 1, flags 0, from 0x32f734, fromlen 16, ovl (nil), func (nil)
0009:trace:winsock:WS2_recv_base fd=39, options=20
0009:trace:winsock:WS2_recv_base  -> 16 bytes
0009:trace:winsock:WS2_sendto socket 0130, wsabuf 0x32f9c4, nbufs 1, flags 0, to 0x6cdb194, tolen 16, ovl (nil), func (nil)
0009:trace:winsock:WS2_sendto fd=39, options=20
0009:trace:winsock:WS2_sendto  -> 12 bytes
0009:trace:winsock:WS2_recv_base socket 0130, wsabuf 0x32f6e4, nbufs 1, flags 0, from 0x32f734, fromlen 16, ovl (nil), func (nil)
0009:trace:winsock:WS2_recv_base fd=39, options=20
0009:trace:winsock:WS2_recv_base  -> 12 bytes
0009:trace:winsock:WS2_recv_base socket 0130, wsabuf 0x32f6e4, nbufs 1, flags 0, from 0x32f734, fromlen 16, ovl (nil), func (nil)
0009:trace:winsock:WS2_recv_base fd=39, options=20
0009:trace:winsock:WS2_recv_base  -> 10 bytes
0009:trace:winsock:WS2_sendto socket 0130, wsabuf 0x32f5e4, nbufs 1, flags 0, to 0x6cdb194, tolen 16, ovl (nil), func (nil)
0009:trace:winsock:WS2_sendto fd=39, options=20
0009:trace:winsock:WS2_sendto  -> 10 bytes
0009:trace:winsock:WS2_recv_base socket 0130, wsabuf 0x32f6e4, nbufs 1, flags 0, from 0x32f734, fromlen 16, ovl (nil), func (nil)
0009:trace:winsock:WS2_recv_base fd=39, options=20
0009:trace:winsock:WS2_recv_base  -> 10 bytes
0009:trace:winsock:WS2_sendto socket 0130, wsabuf 0x32f5e4, nbufs 1, flags 0, to 0x6cdb194, tolen 16, ovl (nil), func (nil)
0009:trace:winsock:WS2_sendto fd=39, options=20
0009:trace:winsock:WS2_sendto  -> 10 bytes
0009:trace:winsock:WS2_recv_base socket 0130, wsabuf 0x32f6e4, nbufs 1, flags 0, from 0x32f734, fromlen 16, ovl (nil), func (nil)
0009:trace:winsock:WS2_recv_base fd=39, options=20
0009:trace:winsock:WS2_recv_base  -> 10 bytes
0009:trace:winsock:WS2_sendto socket 0130, wsabuf 0x32f5e4, nbufs 1, flags 0, to 0x6cdb194, tolen 16, ovl (nil), func (nil)
0009:trace:winsock:WS2_sendto fd=39, options=20
0009:trace:winsock:WS2_sendto  -> 10 bytes
0009:trace:winsock:WS2_recv_base socket 0130, wsabuf 0x32f6e4, nbufs 1, flags 0, from 0x32f734, fromlen 16, ovl (nil), func (nil)
0009:trace:winsock:WS2_recv_base fd=39, options=20
0009:trace:winsock:WS2_recv_base  -> 10 bytes
0009:trace:winsock:WS2_sendto socket 0130, wsabuf 0x32f5e4, nbufs 1, flags 0, to 0x6cdb194, tolen 16, ovl (nil), func (nil)
0009:trace:winsock:WS2_sendto fd=39, options=20
0009:trace:winsock:WS2_sendto  -> 10 bytes
0009:trace:winsock:WS2_recv_base socket 0130, wsabuf 0x32f6e4, nbufs 1, flags 0, from 0x32f734, fromlen 16, ovl (nil), func (nil)
0009:trace:winsock:WS2_recv_base fd=39, options=20
0009:trace:winsock:WS2_recv_base  -> 10 bytes
0009:trace:winsock:WS2_sendto socket 0130, wsabuf 0x32f5e4, nbufs 1, flags 0, to 0x6cdb194, tolen 16, ovl (nil), func (nil)
0009:trace:winsock:WS2_sendto fd=39, options=20
0009:trace:winsock:WS2_sendto  -> 10 bytes
0009:trace:winsock:WS2_recv_base socket 0130, wsabuf 0x32f6e4, nbufs 1, flags 0, from 0x32f734, fromlen 16, ovl (nil), func (nil)
0009:trace:winsock:WS2_recv_base fd=39, options=20
0009:trace:winsock:WS2_recv_base  -> 10 bytes
0009:trace:winsock:WS2_sendto socket 0130, wsabuf 0x32f964, nbufs 1, flags 0, to 0x6cdb194, tolen 16, ovl (nil), func (nil)
0009:trace:winsock:WS2_sendto fd=39, options=20
0009:trace:winsock:WS2_sendto  -> 16 bytes
0009:trace:winsock:WS2_sendto socket 0130, wsabuf 0x32f964, nbufs 1, flags 0, to 0x6cdb194, tolen 16, ovl (nil), func (nil)
0009:trace:winsock:WS2_sendto fd=39, options=20
0009:trace:winsock:WS2_sendto  -> 16 bytes
0009:trace:winsock:WS2_sendto socket 0130, wsabuf 0x32f5e4, nbufs 1, flags 0, to 0x6cdb194, tolen 16, ovl (nil), func (nil)
0009:trace:winsock:WS2_sendto fd=39, options=20
0009:trace:winsock:WS2_sendto  -> 10 bytes
0009:trace:winsock:WS2_recv_base socket 0130, wsabuf 0x32f6e4, nbufs 1, flags 0, from 0x32f734, fromlen 16, ovl (nil), func (nil)
0009:trace:winsock:WS2_recv_base fd=39, options=20
0009:trace:winsock:WS2_recv_base  -> 16 bytes
0009:trace:winsock:WS2_recv_base socket 0130, wsabuf 0x32f6e4, nbufs 1, flags 0, from 0x32f734, fromlen 16, ovl (nil), func (nil)
0009:trace:winsock:WS2_recv_base fd=39, options=20
0009:trace:winsock:WS2_recv_base  -> 12 bytes
0009:trace:winsock:WS2_sendto socket 0130, wsabuf 0x32ef34, nbufs 1, flags 0, to 0x6cdb194, tolen 16, ovl (nil), func (nil)
0009:trace:winsock:WS2_sendto fd=39, options=20
0009:trace:winsock:WS2_sendto  -> 12 bytes
0009:trace:winsock:WS2_recv_base socket 0130, wsabuf 0x32f6e4, nbufs 1, flags 0, from 0x32f734, fromlen 16, ovl (nil), func (nil)
0009:trace:winsock:WS2_recv_base fd=39, options=20
0009:trace:winsock:WS2_recv_base  -> 16 bytes
0009:trace:winsock:WS2_sendto socket 0130, wsabuf 0x32f9c4, nbufs 1, flags 0, to 0x6cdb194, tolen 16, ovl (nil), func (nil)
0009:trace:winsock:WS2_sendto fd=39, options=20
0009:trace:winsock:WS2_sendto  -> 12 bytes
0009:trace:winsock:WS2_recv_base socket 0130, wsabuf 0x32f6e4, nbufs 1, flags 0, from 0x32f734, fromlen 16, ovl (nil), func (nil)
0009:trace:winsock:WS2_recv_base fd=39, options=20
0009:trace:winsock:WS2_recv_base  -> 12 bytes
0009:trace:winsock:WS2_recv_base socket 0130, wsabuf 0x32f6e4, nbufs 1, flags 0, from 0x32f734, fromlen 16, ovl (nil), func (nil)
0009:trace:winsock:WS2_recv_base fd=39, options=20
0009:trace:winsock:WS2_recv_base  -> 10 bytes
0009:trace:winsock:WS2_recv_base socket 0130, wsabuf 0x32f6e4, nbufs 1, flags 0, from 0x32f734, fromlen 16, ovl (nil), func (nil)
0009:trace:winsock:WS2_recv_base fd=39, options=20
0009:trace:winsock:WS2_recv_base  -> 10 bytes
0009:trace:winsock:WS2_sendto socket 0130, wsabuf 0x32f5e4, nbufs 1, flags 0, to 0x6cdb194, tolen 16, ovl (nil), func (nil)
0009:trace:winsock:WS2_sendto fd=39, options=20
0009:trace:winsock:WS2_sendto  -> 10 bytes
0009:trace:winsock:WS2_recv_base socket 0130, wsabuf 0x32f6e4, nbufs 1, flags 0, from 0x32f734, fromlen 16, ovl (nil), func (nil)
0009:trace:winsock:WS2_recv_base fd=39, options=20
0009:trace:winsock:WS2_recv_base  -> 12 bytes
0009:trace:winsock:WS2_sendto socket 0130, wsabuf 0x32ef34, nbufs 1, flags 0, to 0x6cdb194, tolen 16, ovl (nil), func (nil)
0009:trace:winsock:WS2_sendto fd=39, options=20
0009:trace:winsock:WS2_sendto  -> 12 bytes
0009:trace:winsock:WS2_recv_base socket 0130, wsabuf 0x32f6e4, nbufs 1, flags 0, from 0x32f734, fromlen 16, ovl (nil), func (nil)
0009:trace:winsock:WS2_recv_base fd=39, options=20
0009:trace:winsock:WS2_recv_base  -> 25 bytes
0009:trace:winsock:WS2_sendto socket 0130, wsabuf 0x32f5e4, nbufs 1, flags 0, to 0x6cdb194, tolen 16, ovl (nil), func (nil)
0009:trace:winsock:WS2_sendto fd=39, options=20
0009:trace:winsock:WS2_sendto  -> 10 bytes
0009:trace:winsock:WS2_sendto socket 0130, wsabuf 0x32f9c4, nbufs 1, flags 0, to 0x6cdb194, tolen 16, ovl (nil), func (nil)
0009:trace:winsock:WS2_sendto fd=39, options=20
0009:trace:winsock:WS2_sendto  -> 12 bytes
0009:trace:winsock:WS2_recv_base socket 0130, wsabuf 0x32f6e4, nbufs 1, flags 0, from 0x32f734, fromlen 16, ovl (nil), func (nil)
0009:trace:winsock:WS2_recv_base fd=39, options=20
0009:trace:winsock:WS2_recv_base  -> 12 bytes
0009:trace:winsock:WS2_recv_base socket 0130, wsabuf 0x32f6e4, nbufs 1, flags 0, from 0x32f734, fromlen 16, ovl (nil), func (nil)
0009:trace:winsock:WS2_recv_base fd=39, options=20
0009:trace:winsock:WS2_recv_base  -> 10 bytes
0009:trace:winsock:WS2_recv_base socket 0130, wsabuf 0x32f6e4, nbufs 1, flags 0, from 0x32f734, fromlen 16, ovl (nil), func (nil)
0009:trace:winsock:WS2_recv_base fd=39, options=20
0009:trace:winsock:WS2_recv_base  -> 10 bytes
0009:trace:winsock:WS2_sendto socket 0130, wsabuf 0x32f5e4, nbufs 1, flags 0, to 0x6cdb194, tolen 16, ovl (nil), func (nil)
0009:trace:winsock:WS2_sendto fd=39, options=20
0009:trace:winsock:WS2_sendto  -> 10 bytes
0009:trace:winsock:WS2_sendto socket 0130, wsabuf 0x32f5e4, nbufs 1, flags 0, to 0x6cdb194, tolen 16, ovl (nil), func (nil)
0009:trace:winsock:WS2_sendto fd=39, options=20
0009:trace:winsock:WS2_sendto  -> 10 bytes
0009:trace:winsock:WS2_recv_base socket 0130, wsabuf 0x32f6e4, nbufs 1, flags 0, from 0x32f734, fromlen 16, ovl (nil), func (nil)
0009:trace:winsock:WS2_recv_base fd=39, options=20
0009:trace:winsock:WS2_recv_base  -> 10 bytes
0009:trace:winsock:WS2_sendto socket 0130, wsabuf 0x32f5e4, nbufs 1, flags 0, to 0x6cdb194, tolen 16, ovl (nil), func (nil)
0009:trace:winsock:WS2_sendto fd=39, options=20
0009:trace:winsock:WS2_sendto  -> 10 bytes
0009:trace:winsock:WS2_recv_base socket 0130, wsabuf 0x32f6e4, nbufs 1, flags 0, from 0x32f734, fromlen 16, ovl (nil), func (nil)
0009:trace:winsock:WS2_recv_base fd=39, options=20
0009:trace:winsock:WS2_recv_base  -> 10 bytes
0009:trace:winsock:WS2_sendto socket 0130, wsabuf 0x32f964, nbufs 1, flags 0, to 0x6cdb194, tolen 16, ovl (nil), func (nil)
0009:trace:winsock:WS2_sendto fd=39, options=20
0009:trace:winsock:WS2_sendto  -> 16 bytes
0009:trace:winsock:WS2_sendto socket 0130, wsabuf 0x32f964, nbufs 1, flags 0, to 0x6cdb194, tolen 16, ovl (nil), func (nil)
0009:trace:winsock:WS2_sendto fd=39, options=20
0009:trace:winsock:WS2_sendto  -> 16 bytes
0009:trace:winsock:WS2_sendto socket 0130, wsabuf 0x32f5e4, nbufs 1, flags 0, to 0x6cdb194, tolen 16, ovl (nil), func (nil)
0009:trace:winsock:WS2_sendto fd=39, options=20
0009:trace:winsock:WS2_sendto  -> 10 bytes
0009:trace:winsock:WS2_recv_base socket 0130, wsabuf 0x32f6e4, nbufs 1, flags 0, from 0x32f734, fromlen 16, ovl (nil), func (nil)
0009:trace:winsock:WS2_recv_base fd=39, options=20
0009:trace:winsock:WS2_recv_base  -> 16 bytes
0009:trace:winsock:WS2_recv_base socket 0130, wsabuf 0x32f6e4, nbufs 1, flags 0, from 0x32f734, fromlen 16, ovl (nil), func (nil)
0009:trace:winsock:WS2_recv_base fd=39, options=20
0009:trace:winsock:WS2_recv_base  -> 16 bytes
0009:trace:winsock:WS2_recv_base socket 0130, wsabuf 0x32f6e4, nbufs 1, flags 0, from 0x32f734, fromlen 16, ovl (nil), func (nil)
0009:trace:winsock:WS2_recv_base fd=39, options=20
0009:trace:winsock:WS2_recv_base  -> 10 bytes
0009:trace:winsock:WS2_sendto socket 0130, wsabuf 0x32f5e4, nbufs 1, flags 0, to 0x6cdb194, tolen 16, ovl (nil), func (nil)
0009:trace:winsock:WS2_sendto fd=39, options=20
0009:trace:winsock:WS2_sendto  -> 10 bytes
0009:trace:winsock:WS2_recv_base socket 0130, wsabuf 0x32f6e4, nbufs 1, flags 0, from 0x32f734, fromlen 16, ovl (nil), func (nil)
0009:trace:winsock:WS2_recv_base fd=39, options=20
0009:trace:winsock:WS2_recv_base  -> 12 bytes
0009:trace:winsock:WS2_sendto socket 0130, wsabuf 0x32ef34, nbufs 1, flags 0, to 0x6cdb194, tolen 16, ovl (nil), func (nil)
0009:trace:winsock:WS2_sendto fd=39, options=20
0009:trace:winsock:WS2_sendto  -> 12 bytes
0009:trace:winsock:WS2_recv_base socket 0130, wsabuf 0x32f6e4, nbufs 1, flags 0, from 0x32f734, fromlen 16, ovl (nil), func (nil)
0009:trace:winsock:WS2_recv_base fd=39, options=20
0009:trace:winsock:WS2_recv_base  -> 10 bytes
0009:trace:winsock:WS2_recv_base socket 0130, wsabuf 0x32f6e4, nbufs 1, flags 0, from 0x32f734, fromlen 16, ovl (nil), func (nil)
0009:trace:winsock:WS2_recv_base fd=39, options=20
0009:trace:winsock:WS2_recv_base  -> 25 bytes
0009:trace:winsock:WS2_recv_base socket 0130, wsabuf 0x32f6e4, nbufs 1, flags 0, from 0x32f734, fromlen 16, ovl (nil), func (nil)
0009:trace:winsock:WS2_recv_base fd=39, options=20
0009:trace:winsock:WS2_recv_base  -> 10 bytes
0009:trace:winsock:WS2_recv_base socket 0130, wsabuf 0x32f6e4, nbufs 1, flags 0, from 0x32f734, fromlen 16, ovl (nil), func (nil)
0009:trace:winsock:WS2_recv_base fd=39, options=20
0009:trace:winsock:WS2_recv_base  -> 16 bytes
0009:trace:winsock:WS2_recv_base socket 0130, wsabuf 0x32f6e4, nbufs 1, flags 0, from 0x32f734, fromlen 16, ovl (nil), func (nil)
0009:trace:winsock:WS2_recv_base fd=39, options=20
0009:trace:winsock:WS2_recv_base  -> 10 bytes
0009:trace:winsock:WS2_recv_base socket 0130, wsabuf 0x32f6e4, nbufs 1, flags 0, from 0x32f734, fromlen 16, ovl (nil), func (nil)
0009:trace:winsock:WS2_recv_base fd=39, options=20
0009:trace:winsock:WS2_recv_base  -> 10 bytes
0009:trace:winsock:WS2_recv_base socket 0130, wsabuf 0x32f6e4, nbufs 1, flags 0, from 0x32f734, fromlen 16, ovl (nil), func (nil)
0009:trace:winsock:WS2_recv_base fd=39, options=20
0009:trace:winsock:WS2_recv_base  -> 12 bytes
0009:trace:winsock:WS2_sendto socket 0130, wsabuf 0x32ef34, nbufs 1, flags 0, to 0x6cdb194, tolen 16, ovl (nil), func (nil)
0009:trace:winsock:WS2_sendto fd=39, options=20
0009:trace:winsock:WS2_sendto  -> 12 bytes
0009:trace:winsock:WS2_recv_base socket 0130, wsabuf 0x32f6e4, nbufs 1, flags 0, from 0x32f734, fromlen 16, ovl (nil), func (nil)
0009:trace:winsock:WS2_recv_base fd=39, options=20
0009:trace:winsock:WS2_recv_base  -> 10 bytes
0009:trace:winsock:WS2_sendto socket 0130, wsabuf 0x32f5e4, nbufs 1, flags 0, to 0x6cdb194, tolen 16, ovl (nil), func (nil)
0009:trace:winsock:WS2_sendto fd=39, options=20
0009:trace:winsock:WS2_sendto  -> 10 bytes
0009:trace:winsock:WS2_sendto socket 0130, wsabuf 0x32f5e4, nbufs 1, flags 0, to 0x6cdb194, tolen 16, ovl (nil), func (nil)
0009:trace:winsock:WS2_sendto fd=39, options=20
0009:trace:winsock:WS2_sendto  -> 10 bytes
0009:trace:winsock:WS2_sendto socket 0130, wsabuf 0x32f9c4, nbufs 1, flags 0, to 0x6cdb194, tolen 16, ovl (nil), func (nil)
0009:trace:winsock:WS2_sendto fd=39, options=20
0009:trace:winsock:WS2_sendto  -> 12 bytes
0009:trace:winsock:WS2_sendto socket 0130, wsabuf 0x32f9c4, nbufs 1, flags 0, to 0x6cdb194, tolen 16, ovl (nil), func (nil)
0009:trace:winsock:WS2_sendto fd=39, options=20
0009:trace:winsock:WS2_sendto  -> 12 bytes
0009:trace:winsock:WS2_recv_base socket 0130, wsabuf 0x32f6e4, nbufs 1, flags 0, from 0x32f734, fromlen 16, ovl (nil), func (nil)
0009:trace:winsock:WS2_recv_base fd=39, options=20
0009:trace:winsock:WS2_recv_base  -> 12 bytes
0009:trace:winsock:WS2_recv_base socket 0130, wsabuf 0x32f6e4, nbufs 1, flags 0, from 0x32f734, fromlen 16, ovl (nil), func (nil)
0009:trace:winsock:WS2_recv_base fd=39, options=20
0009:trace:winsock:WS2_recv_base  -> 12 bytes
0009:trace:winsock:WS2_sendto socket 0130, wsabuf 0x32ef34, nbufs 1, flags 0, to 0x6cdb194, tolen 16, ovl (nil), func (nil)
0009:trace:winsock:WS2_sendto fd=39, options=20
0009:trace:winsock:WS2_sendto  -> 12 bytes
0009:trace:winsock:WS2_recv_base socket 0130, wsabuf 0x32f6e4, nbufs 1, flags 0, from 0x32f734, fromlen 16, ovl (nil), func (nil)
0009:trace:winsock:WS2_recv_base fd=39, options=20
0009:trace:winsock:WS2_recv_base  -> 10 bytes
0009:trace:winsock:WS2_recv_base socket 0130, wsabuf 0x32f6e4, nbufs 1, flags 0, from 0x32f734, fromlen 16, ovl (nil), func (nil)
0009:trace:winsock:WS2_recv_base fd=39, options=20
0009:trace:winsock:WS2_recv_base  -> 25 bytes
0009:trace:winsock:WS2_recv_base socket 0130, wsabuf 0x32f6e4, nbufs 1, flags 0, from 0x32f734, fromlen 16, ovl (nil), func (nil)
0009:trace:winsock:WS2_recv_base fd=39, options=20
0009:trace:winsock:WS2_recv_base  -> 10 bytes
0009:trace:winsock:WS2_recv_base socket 0130, wsabuf 0x32f6e4, nbufs 1, flags 0, from 0x32f734, fromlen 16, ovl (nil), func (nil)
0009:trace:winsock:WS2_recv_base fd=39, options=20
0009:trace:winsock:WS2_recv_base  -> 10 bytes
0009:trace:winsock:WS2_recv_base socket 0130, wsabuf 0x32f6e4, nbufs 1, flags 0, from 0x32f734, fromlen 16, ovl (nil), func (nil)
0009:trace:winsock:WS2_recv_base fd=39, options=20
0009:trace:winsock:WS2_recv_base  -> 10 bytes
0009:trace:winsock:WS2_recv_base socket 0130, wsabuf 0x32f6e4, nbufs 1, flags 0, from 0x32f734, fromlen 16, ovl (nil), func (nil)
0009:trace:winsock:WS2_recv_base fd=39, options=20
0009:trace:winsock:WS2_recv_base  -> 12 bytes
0009:trace:winsock:WS2_recv_base socket 0130, wsabuf 0x32f6e4, nbufs 1, flags 0, from 0x32f734, fromlen 16, ovl (nil), func (nil)
0009:trace:winsock:WS2_recv_base fd=39, options=20
0009:trace:winsock:WS2_recv_base  -> 12 bytes
0009:trace:winsock:WS2_sendto socket 0130, wsabuf 0x32ef34, nbufs 1, flags 0, to 0x6cdb194, tolen 16, ovl (nil), func (nil)
0009:trace:winsock:WS2_sendto fd=39, options=20
0009:trace:winsock:WS2_sendto  -> 12 bytes
0009:trace:winsock:WS2_recv_base socket 0130, wsabuf 0x32f6e4, nbufs 1, flags 0, from 0x32f734, fromlen 16, ovl (nil), func (nil)
0009:trace:winsock:WS2_recv_base fd=39, options=20
0009:trace:winsock:WS2_recv_base  -> 10 bytes
0009:trace:winsock:WS2_sendto socket 0130, wsabuf 0x32f5e4, nbufs 1, flags 0, to 0x6cdb194, tolen 16, ovl (nil), func (nil)
0009:trace:winsock:WS2_sendto fd=39, options=20
0009:trace:winsock:WS2_sendto  -> 10 bytes
0009:trace:winsock:WS2_sendto socket 0130, wsabuf 0x32f5e4, nbufs 1, flags 0, to 0x6cdb194, tolen 16, ovl (nil), func (nil)
0009:trace:winsock:WS2_sendto fd=39, options=20
0009:trace:winsock:WS2_sendto  -> 10 bytes
0009:trace:winsock:WS2_recv_base socket 0130, wsabuf 0x32f6e4, nbufs 1, flags 0, from 0x32f734, fromlen 16, ovl (nil), func (nil)
0009:trace:winsock:WS2_recv_base fd=39, options=20
0009:trace:winsock:WS2_recv_base  -> 12 bytes
0009:trace:winsock:WS2_sendto socket 0130, wsabuf 0x32ef34, nbufs 1, flags 0, to 0x6cdb194, tolen 16, ovl (nil), func (nil)
0009:trace:winsock:WS2_sendto fd=39, options=20
0009:trace:winsock:WS2_sendto  -> 12 bytes
0009:trace:winsock:WS2_recv_base socket 0130, wsabuf 0x32f6e4, nbufs 1, flags 0, from 0x32f734, fromlen 16, ovl (nil), func (nil)
0009:trace:winsock:WS2_recv_base fd=39, options=20
0009:trace:winsock:WS2_recv_base  -> 10 bytes
0009:trace:winsock:WS2_recv_base socket 0130, wsabuf 0x32f6e4, nbufs 1, flags 0, from 0x32f734, fromlen 16, ovl (nil), func (nil)
0009:trace:winsock:WS2_recv_base fd=39, options=20
0009:trace:winsock:WS2_recv_base  -> 25 bytes
0009:trace:winsock:WS2_recv_base socket 0130, wsabuf 0x32f6e4, nbufs 1, flags 0, from 0x32f734, fromlen 16, ovl (nil), func (nil)
0009:trace:winsock:WS2_recv_base fd=39, options=20
0009:trace:winsock:WS2_recv_base  -> 10 bytes
0009:trace:winsock:WS2_recv_base socket 0130, wsabuf 0x32f6e4, nbufs 1, flags 0, from 0x32f734, fromlen 16, ovl (nil), func (nil)
0009:trace:winsock:WS2_recv_base fd=39, options=20
0009:trace:winsock:WS2_recv_base  -> 10 bytes
0009:trace:winsock:WS2_recv_base socket 0130, wsabuf 0x32f6e4, nbufs 1, flags 0, from 0x32f734, fromlen 16, ovl (nil), func (nil)
0009:trace:winsock:WS2_recv_base fd=39, options=20
0009:trace:winsock:WS2_recv_base  -> 10 bytes
0009:trace:winsock:WS2_recv_base socket 0130, wsabuf 0x32f6e4, nbufs 1, flags 0, from 0x32f734, fromlen 16, ovl (nil), func (nil)
0009:trace:winsock:WS2_recv_base fd=39, options=20
0009:trace:winsock:WS2_recv_base  -> 16 bytes
0009:trace:winsock:WS2_recv_base socket 0130, wsabuf 0x32f6e4, nbufs 1, flags 0, from 0x32f734, fromlen 16, ovl (nil), func (nil)
0009:trace:winsock:WS2_recv_base fd=39, options=20
0009:trace:winsock:WS2_recv_base  -> 12 bytes
0009:trace:winsock:WS2_sendto socket 0130, wsabuf 0x32ef34, nbufs 1, flags 0, to 0x6cdb194, tolen 16, ovl (nil), func (nil)
0009:trace:winsock:WS2_sendto fd=39, options=20
0009:trace:winsock:WS2_sendto  -> 12 bytes
0009:trace:winsock:WS2_recv_base socket 0130, wsabuf 0x32f6e4, nbufs 1, flags 0, from 0x32f734, fromlen 16, ovl (nil), func (nil)
0009:trace:winsock:WS2_recv_base fd=39, options=20
0009:trace:winsock:WS2_recv_base  -> 10 bytes
0009:trace:winsock:WS2_sendto socket 0130, wsabuf 0x32f5e4, nbufs 1, flags 0, to 0x6cdb194, tolen 16, ovl (nil), func (nil)
0009:trace:winsock:WS2_sendto fd=39, options=20
0009:trace:winsock:WS2_sendto  -> 10 bytes
0009:trace:winsock:WS2_sendto socket 0130, wsabuf 0x32f5e4, nbufs 1, flags 0, to 0x6cdb194, tolen 16, ovl (nil), func (nil)
0009:trace:winsock:WS2_sendto fd=39, options=20
0009:trace:winsock:WS2_sendto  -> 10 bytes
0009:trace:winsock:WS2_sendto socket 0130, wsabuf 0x32f964, nbufs 1, flags 0, to 0x6cdb194, tolen 16, ovl (nil), func (nil)
0009:trace:winsock:WS2_sendto fd=39, options=20
0009:trace:winsock:WS2_sendto  -> 16 bytes
0009:trace:winsock:WS2_sendto socket 0130, wsabuf 0x32f964, nbufs 1, flags 0, to 0x6cdb194, tolen 16, ovl (nil), func (nil)
0009:trace:winsock:WS2_sendto fd=39, options=20
0009:trace:winsock:WS2_sendto  -> 16 bytes
0009:trace:winsock:WS2_sendto socket 0130, wsabuf 0x32f9c4, nbufs 1, flags 0, to 0x6cdb194, tolen 16, ovl (nil), func (nil)
0009:trace:winsock:WS2_sendto fd=39, options=20
0009:trace:winsock:WS2_sendto  -> 12 bytes
0009:trace:winsock:WS2_sendto socket 0130, wsabuf 0x32f9c4, nbufs 1, flags 0, to 0x6cdb194, tolen 16, ovl (nil), func (nil)
0009:trace:winsock:WS2_sendto fd=39, options=20
0009:trace:winsock:WS2_sendto  -> 12 bytes
0009:trace:winsock:WS2_recv_base socket 0130, wsabuf 0x32f6e4, nbufs 1, flags 0, from 0x32f734, fromlen 16, ovl (nil), func (nil)
0009:trace:winsock:WS2_recv_base fd=39, options=20
0009:trace:winsock:WS2_recv_base  -> 12 bytes
0009:trace:winsock:WS2_recv_base socket 0130, wsabuf 0x32f6e4, nbufs 1, flags 0, from 0x32f734, fromlen 16, ovl (nil), func (nil)
0009:trace:winsock:WS2_recv_base fd=39, options=20
0009:trace:winsock:WS2_recv_base  -> 12 bytes
0009:trace:winsock:WS2_sendto socket 0130, wsabuf 0x32ef34, nbufs 1, flags 0, to 0x6cdb194, tolen 16, ovl (nil), func (nil)
0009:trace:winsock:WS2_sendto fd=39, options=20
0009:trace:winsock:WS2_sendto  -> 12 bytes
0009:trace:winsock:WS2_recv_base socket 0130, wsabuf 0x32f6e4, nbufs 1, flags 0, from 0x32f734, fromlen 16, ovl (nil), func (nil)
0009:trace:winsock:WS2_recv_base fd=39, options=20
0009:trace:winsock:WS2_recv_base  -> 10 bytes
0009:trace:winsock:WS2_recv_base socket 0130, wsabuf 0x32f6e4, nbufs 1, flags 0, from 0x32f734, fromlen 16, ovl (nil), func (nil)
0009:trace:winsock:WS2_recv_base fd=39, options=20
0009:trace:winsock:WS2_recv_base  -> 25 bytes
0009:trace:winsock:WS2_recv_base socket 0130, wsabuf 0x32f6e4, nbufs 1, flags 0, from 0x32f734, fromlen 16, ovl (nil), func (nil)
0009:trace:winsock:WS2_recv_base fd=39, options=20
0009:trace:winsock:WS2_recv_base  -> 10 bytes
0009:trace:winsock:WS2_recv_base socket 0130, wsabuf 0x32f6e4, nbufs 1, flags 0, from 0x32f734, fromlen 16, ovl (nil), func (nil)
0009:trace:winsock:WS2_recv_base fd=39, options=20
0009:trace:winsock:WS2_recv_base  -> 16 bytes
0009:trace:winsock:WS2_recv_base socket 0130, wsabuf 0x32f6e4, nbufs 1, flags 0, from 0x32f734, fromlen 16, ovl (nil), func (nil)
0009:trace:winsock:WS2_recv_base fd=39, options=20
0009:trace:winsock:WS2_recv_base  -> 10 bytes
0009:trace:winsock:WS2_recv_base socket 0130, wsabuf 0x32f6e4, nbufs 1, flags 0, from 0x32f734, fromlen 16, ovl (nil), func (nil)
0009:trace:winsock:WS2_recv_base fd=39, options=20
0009:trace:winsock:WS2_recv_base  -> 69 bytes
0009:trace:winsock:WS2_recv_base socket 0130, wsabuf 0x32f6e4, nbufs 1, flags 0, from 0x32f734, fromlen 16, ovl (nil), func (nil)
0009:trace:winsock:WS2_recv_base fd=39, options=20
0009:trace:winsock:WS2_recv_base  -> 22 bytes
0009:trace:winsock:WS2_recv_base socket 0130, wsabuf 0x32f6e4, nbufs 1, flags 0, from 0x32f734, fromlen 16, ovl (nil), func (nil)
0009:trace:winsock:WS2_recv_base fd=39, options=20
0009:trace:winsock:WS2_recv_base  -> 12 bytes
0009:trace:winsock:WS2_recv_base socket 0130, wsabuf 0x32f6e4, nbufs 1, flags 0, from 0x32f734, fromlen 16, ovl (nil), func (nil)
0009:trace:winsock:WS2_recv_base fd=39, options=20
0009:trace:winsock:WS2_recv_base  -> 10 bytes
0009:trace:winsock:WS2_recv_base socket 0130, wsabuf 0x32f6e4, nbufs 1, flags 0, from 0x32f734, fromlen 16, ovl (nil), func (nil)
0009:trace:winsock:WS2_recv_base fd=39, options=20
0009:trace:winsock:WS2_recv_base  -> 10 bytes
0009:trace:winsock:WS2_sendto socket 0130, wsabuf 0x32f5e4, nbufs 1, flags 0, to 0x6cdb194, tolen 16, ovl (nil), func (nil)
0009:trace:winsock:WS2_sendto fd=39, options=20
0009:trace:winsock:WS2_sendto  -> 10 bytes
0009:trace:winsock:WS2_sendto socket 0130, wsabuf 0x32f5e4, nbufs 1, flags 0, to 0x6cdb194, tolen 16, ovl (nil), func (nil)
0009:trace:winsock:WS2_sendto fd=39, options=20
0009:trace:winsock:WS2_sendto  -> 10 bytes
0009:trace:winsock:WS2_recv_base socket 0130, wsabuf 0x32f6e4, nbufs 1, flags 0, from 0x32f734, fromlen 16, ovl (nil), func (nil)
0009:trace:winsock:WS2_recv_base fd=39, options=20
0009:trace:winsock:WS2_recv_base  -> 12 bytes
0009:trace:winsock:WS2_sendto socket 0130, wsabuf 0x32ef34, nbufs 1, flags 0, to 0x6cdb194, tolen 16, ovl (nil), func (nil)
0009:trace:winsock:WS2_sendto fd=39, options=20
0009:trace:winsock:WS2_sendto  -> 12 bytes
0009:trace:winsock:WS2_recv_base socket 0130, wsabuf 0x32f6e4, nbufs 1, flags 0, from 0x32f734, fromlen 16, ovl (nil), func (nil)
0009:trace:winsock:WS2_recv_base fd=39, options=20
0009:trace:winsock:WS2_recv_base  -> 10 bytes
0009:trace:winsock:WS2_recv_base socket 0130, wsabuf 0x32f6e4, nbufs 1, flags 0, from 0x32f734, fromlen 16, ovl (nil), func (nil)
0009:trace:winsock:WS2_recv_base fd=39, options=20
0009:trace:winsock:WS2_recv_base  -> 25 bytes
0009:trace:winsock:WS2_recv_base socket 0130, wsabuf 0x32f6e4, nbufs 1, flags 0, from 0x32f734, fromlen 16, ovl (nil), func (nil)
0009:trace:winsock:WS2_recv_base fd=39, options=20
0009:trace:winsock:WS2_recv_base  -> 10 bytes
0009:trace:winsock:WS2_recv_base socket 0130, wsabuf 0x32f6e4, nbufs 1, flags 0, from 0x32f734, fromlen 16, ovl (nil), func (nil)
0009:trace:winsock:WS2_recv_base fd=39, options=20
0009:trace:winsock:WS2_recv_base  -> 10 bytes
0009:trace:winsock:WS2_recv_base socket 0130, wsabuf 0x32f6e4, nbufs 1, flags 0, from 0x32f734, fromlen 16, ovl (nil), func (nil)
0009:trace:winsock:WS2_recv_base fd=39, options=20
0009:trace:winsock:WS2_recv_base  -> 10 bytes
0009:trace:winsock:WS2_recv_base socket 0130, wsabuf 0x32f6e4, nbufs 1, flags 0, from 0x32f734, fromlen 16, ovl (nil), func (nil)
0009:trace:winsock:WS2_recv_base fd=39, options=20
0009:trace:winsock:WS2_recv_base  -> 12 bytes
0009:trace:winsock:WS2_sendto socket 0130, wsabuf 0x32ef34, nbufs 1, flags 0, to 0x6cdb194, tolen 16, ovl (nil), func (nil)
0009:trace:winsock:WS2_sendto fd=39, options=20
0009:trace:winsock:WS2_sendto  -> 12 bytes
0009:trace:winsock:WS2_recv_base socket 0130, wsabuf 0x32f6e4, nbufs 1, flags 0, from 0x32f734, fromlen 16, ovl (nil), func (nil)
0009:trace:winsock:WS2_recv_base fd=39, options=20
0009:trace:winsock:WS2_recv_base  -> 10 bytes
0009:trace:winsock:WS2_sendto socket 0130, wsabuf 0x32f5e4, nbufs 1, flags 0, to 0x6cdb194, tolen 16, ovl (nil), func (nil)
0009:trace:winsock:WS2_sendto fd=39, options=20
0009:trace:winsock:WS2_sendto  -> 10 bytes
0009:trace:winsock:WS2_sendto socket 0130, wsabuf 0x32f5e4, nbufs 1, flags 0, to 0x6cdb194, tolen 16, ovl (nil), func (nil)
0009:trace:winsock:WS2_sendto fd=39, options=20
0009:trace:winsock:WS2_sendto  -> 10 bytes
0009:trace:winsock:WSASocketA af=2 type=2 protocol=17 protocol_info=(nil) group=0 flags=0x0
0009:trace:winsock:WSASocketW af=2 type=2 protocol=17 protocol_info=(nil) group=0 flags=0x0
0009:trace:winsock:WSASocketW 	created 0134
0009:trace:winsock:WSAIoctl 0134, SIO_ROUTING_INTERFACE_QUERY, 0x32f890, 16, 0x64e9400, 1024, 0x32f888, (nil), (nil)
0009:trace:winsock:WSAIoctl -> WS_SIO_ROUTING_INTERFACE_QUERY request
0009:trace:winsock:WS_closesocket (socket 0134) -> 0
0009:trace:winsock:WS2_sendto socket 0130, wsabuf 0x32f9c4, nbufs 1, flags 0, to 0x6cdb194, tolen 16, ovl (nil), func (nil)
0009:trace:winsock:WS2_sendto fd=39, options=20
0009:trace:winsock:WS2_sendto  -> 12 bytes
0009:trace:winsock:WS2_sendto socket 0130, wsabuf 0x32f9c4, nbufs 1, flags 0, to 0x6cdb194, tolen 16, ovl (nil), func (nil)
0009:trace:winsock:WS2_sendto fd=39, options=20
0009:trace:winsock:WS2_sendto  -> 12 bytes
0009:trace:winsock:WS2_recv_base socket 0130, wsabuf 0x32f6e4, nbufs 1, flags 0, from 0x32f734, fromlen 16, ovl (nil), func (nil)
0009:trace:winsock:WS2_recv_base fd=39, options=20
0009:trace:winsock:WS2_recv_base  -> 12 bytes
0009:trace:winsock:WS2_sendto socket 0130, wsabuf 0x32f5e4, nbufs 1, flags 0, to 0x6cdb194, tolen 16, ovl (nil), func (nil)
0009:trace:winsock:WS2_sendto fd=39, options=20
0009:trace:winsock:WS2_sendto  -> 10 bytes
0009:trace:winsock:WS2_recv_base socket 0130, wsabuf 0x32f6e4, nbufs 1, flags 0, from 0x32f734, fromlen 16, ovl (nil), func (nil)
0009:trace:winsock:WS2_recv_base fd=39, options=20
0009:trace:winsock:WS2_recv_base  -> 12 bytes
0009:trace:winsock:WS2_sendto socket 0130, wsabuf 0x32ef34, nbufs 1, flags 0, to 0x6cdb194, tolen 16, ovl (nil), func (nil)
0009:trace:winsock:WS2_sendto fd=39, options=20
0009:trace:winsock:WS2_sendto  -> 12 bytes
0009:trace:winsock:WS2_recv_base socket 0130, wsabuf 0x32f6e4, nbufs 1, flags 0, from 0x32f734, fromlen 16, ovl (nil), func (nil)
0009:trace:winsock:WS2_recv_base fd=39, options=20
0009:trace:winsock:WS2_recv_base  -> 10 bytes
0009:trace:winsock:WS2_recv_base socket 0130, wsabuf 0x32f6e4, nbufs 1, flags 0, from 0x32f734, fromlen 16, ovl (nil), func (nil)
0009:trace:winsock:WS2_recv_base fd=39, options=20
0009:trace:winsock:WS2_recv_base  -> 25 bytes
0009:trace:winsock:WS2_recv_base socket 0130, wsabuf 0x32f6e4, nbufs 1, flags 0, from 0x32f734, fromlen 16, ovl (nil), func (nil)
0009:trace:winsock:WS2_recv_base fd=39, options=20
0009:trace:winsock:WS2_recv_base  -> 10 bytes
0009:trace:winsock:WS2_sendto socket 0130, wsabuf 0x32f5e4, nbufs 1, flags 0, to 0x6cdb194, tolen 16, ovl (nil), func (nil)
0009:trace:winsock:WS2_sendto fd=39, options=20
0009:trace:winsock:WS2_sendto  -> 10 bytes
0009:trace:winsock:WS2_recv_base socket 0130, wsabuf 0x32f6e4, nbufs 1, flags 0, from 0x32f734, fromlen 16, ovl (nil), func (nil)
0009:trace:winsock:WS2_recv_base fd=39, options=20
0009:trace:winsock:WS2_recv_base  -> 10 bytes
0009:trace:winsock:WS2_recv_base socket 0130, wsabuf 0x32f6e4, nbufs 1, flags 0, from 0x32f734, fromlen 16, ovl (nil), func (nil)
0009:trace:winsock:WS2_recv_base fd=39, options=20
0009:trace:winsock:WS2_recv_base  -> 12 bytes
0009:trace:winsock:WS2_recv_base socket 0130, wsabuf 0x32f6e4, nbufs 1, flags 0, from 0x32f734, fromlen 16, ovl (nil), func (nil)
0009:trace:winsock:WS2_recv_base fd=39, options=20
0009:trace:winsock:WS2_recv_base  -> 10 bytes
0009:trace:winsock:WS2_recv_base socket 0130, wsabuf 0x32f6e4, nbufs 1, flags 0, from 0x32f734, fromlen 16, ovl (nil), func (nil)
0009:trace:winsock:WS2_recv_base fd=39, options=20
0009:trace:winsock:WS2_recv_base  -> 10 bytes
0009:trace:winsock:WS2_sendto socket 0130, wsabuf 0x32f9c4, nbufs 1, flags 0, to 0x6cdb194, tolen 16, ovl (nil), func (nil)
0009:trace:winsock:WS2_sendto fd=39, options=20
0009:trace:winsock:WS2_sendto  -> 12 bytes
0009:trace:winsock:WS2_sendto socket 0130, wsabuf 0x32f9c4, nbufs 1, flags 0, to 0x6cdb194, tolen 16, ovl (nil), func (nil)
0009:trace:winsock:WS2_sendto fd=39, options=20
0009:trace:winsock:WS2_sendto  -> 12 bytes
0009:trace:winsock:WS2_recv_base socket 0130, wsabuf 0x32f6e4, nbufs 1, flags 0, from 0x32f734, fromlen 16, ovl (nil), func (nil)
0009:trace:winsock:WS2_recv_base fd=39, options=20
0009:trace:winsock:WS2_recv_base  -> 12 bytes
0009:trace:winsock:WS2_recv_base socket 0130, wsabuf 0x32f6e4, nbufs 1, flags 0, from 0x32f734, fromlen 16, ovl (nil), func (nil)
0009:trace:winsock:WS2_recv_base fd=39, options=20
0009:trace:winsock:WS2_recv_base  -> 12 bytes
0009:trace:winsock:WS2_sendto socket 0130, wsabuf 0x32ef34, nbufs 1, flags 0, to 0x6cdb194, tolen 16, ovl (nil), func (nil)
0009:trace:winsock:WS2_sendto fd=39, options=20
0009:trace:winsock:WS2_sendto  -> 12 bytes
0009:trace:winsock:WS2_recv_base socket 0130, wsabuf 0x32f6e4, nbufs 1, flags 0, from 0x32f734, fromlen 16, ovl (nil), func (nil)
0009:trace:winsock:WS2_recv_base fd=39, options=20
0009:trace:winsock:WS2_recv_base  -> 10 bytes
0009:trace:winsock:WS2_recv_base socket 0130, wsabuf 0x32f6e4, nbufs 1, flags 0, from 0x32f734, fromlen 16, ovl (nil), func (nil)
0009:trace:winsock:WS2_recv_base fd=39, options=20
0009:trace:winsock:WS2_recv_base  -> 25 bytes
0009:trace:winsock:WS2_recv_base socket 0130, wsabuf 0x32f6e4, nbufs 1, flags 0, from 0x32f734, fromlen 16, ovl (nil), func (nil)
0009:trace:winsock:WS2_recv_base fd=39, options=20
0009:trace:winsock:WS2_recv_base  -> 10 bytes
0009:trace:winsock:WS2_recv_base socket 0130, wsabuf 0x32f6e4, nbufs 1, flags 0, from 0x32f734, fromlen 16, ovl (nil), func (nil)
0009:trace:winsock:WS2_recv_base fd=39, options=20
0009:trace:winsock:WS2_recv_base  -> 10 bytes
0009:trace:winsock:WS2_recv_base socket 0130, wsabuf 0x32f6e4, nbufs 1, flags 0, from 0x32f734, fromlen 16, ovl (nil), func (nil)
0009:trace:winsock:WS2_recv_base fd=39, options=20
0009:trace:winsock:WS2_recv_base  -> 10 bytes
0009:trace:winsock:WS2_recv_base socket 0130, wsabuf 0x32f6e4, nbufs 1, flags 0, from 0x32f734, fromlen 16, ovl (nil), func (nil)
0009:trace:winsock:WS2_recv_base fd=39, options=20
0009:trace:winsock:WS2_recv_base  -> 12 bytes
0009:trace:winsock:WS2_recv_base socket 0130, wsabuf 0x32f6e4, nbufs 1, flags 0, from 0x32f734, fromlen 16, ovl (nil), func (nil)
0009:trace:winsock:WS2_recv_base fd=39, options=20
0009:trace:winsock:WS2_recv_base  -> 10 bytes
0009:trace:winsock:WS2_recv_base socket 0130, wsabuf 0x32f6e4, nbufs 1, flags 0, from 0x32f734, fromlen 16, ovl (nil), func (nil)
0009:trace:winsock:WS2_recv_base fd=39, options=20
0009:trace:winsock:WS2_recv_base  -> 16 bytes
0009:trace:winsock:WS2_recv_base socket 0130, wsabuf 0x32f6e4, nbufs 1, flags 0, from 0x32f734, fromlen 16, ovl (nil), func (nil)
0009:trace:winsock:WS2_recv_base fd=39, options=20
0009:trace:winsock:WS2_recv_base  -> 12 bytes
0009:trace:winsock:WS2_sendto socket 0130, wsabuf 0x32ef34, nbufs 1, flags 0, to 0x6cdb194, tolen 16, ovl (nil), func (nil)
0009:trace:winsock:WS2_sendto fd=39, options=20
0009:trace:winsock:WS2_sendto  -> 12 bytes
0009:trace:winsock:WS2_sendto socket 0130, wsabuf 0x32f5e4, nbufs 1, flags 0, to 0x6cdb194, tolen 16, ovl (nil), func (nil)
0009:trace:winsock:WS2_sendto fd=39, options=20
0009:trace:winsock:WS2_sendto  -> 10 bytes
0009:trace:winsock:WS2_sendto socket 0130, wsabuf 0x32f5e4, nbufs 1, flags 0, to 0x6cdb194, tolen 16, ovl (nil), func (nil)
0009:trace:winsock:WS2_sendto fd=39, options=20
0009:trace:winsock:WS2_sendto  -> 10 bytes
0009:trace:winsock:WS2_sendto socket 0130, wsabuf 0x32f964, nbufs 1, flags 0, to 0x6cdb194, tolen 16, ovl (nil), func (nil)
0009:trace:winsock:WS2_sendto fd=39, options=20
0009:trace:winsock:WS2_sendto  -> 16 bytes
0009:trace:winsock:WS2_sendto socket 0130, wsabuf 0x32f964, nbufs 1, flags 0, to 0x6cdb194, tolen 16, ovl (nil), func (nil)
0009:trace:winsock:WS2_sendto fd=39, options=20
0009:trace:winsock:WS2_sendto  -> 16 bytes
0009:trace:winsock:WS2_sendto socket 0130, wsabuf 0x32f9c4, nbufs 1, flags 0, to 0x6cdb194, tolen 16, ovl (nil), func (nil)
0009:trace:winsock:WS2_sendto fd=39, options=20
0009:trace:winsock:WS2_sendto  -> 12 bytes
0009:trace:winsock:WS2_sendto socket 0130, wsabuf 0x32f9c4, nbufs 1, flags 0, to 0x6cdb194, tolen 16, ovl (nil), func (nil)
0009:trace:winsock:WS2_sendto fd=39, options=20
0009:trace:winsock:WS2_sendto  -> 12 bytes
0009:trace:winsock:WS2_recv_base socket 0130, wsabuf 0x32f6e4, nbufs 1, flags 0, from 0x32f734, fromlen 16, ovl (nil), func (nil)
0009:trace:winsock:WS2_recv_base fd=39, options=20
0009:trace:winsock:WS2_recv_base  -> 12 bytes
0009:trace:winsock:WS2_sendto socket 0130, wsabuf 0x32f5e4, nbufs 1, flags 0, to 0x6cdb194, tolen 16, ovl (nil), func (nil)
0009:trace:winsock:WS2_sendto fd=39, options=20
0009:trace:winsock:WS2_sendto  -> 10 bytes
0009:trace:winsock:WS2_recv_base socket 0130, wsabuf 0x32f6e4, nbufs 1, flags 0, from 0x32f734, fromlen 16, ovl (nil), func (nil)
0009:trace:winsock:WS2_recv_base fd=39, options=20
0009:trace:winsock:WS2_recv_base  -> 12 bytes
0009:trace:winsock:WS2_sendto socket 0130, wsabuf 0x32ef34, nbufs 1, flags 0, to 0x6cdb194, tolen 16, ovl (nil), func (nil)
0009:trace:winsock:WS2_sendto fd=39, options=20
0009:trace:winsock:WS2_sendto  -> 12 bytes
0009:trace:winsock:WS2_recv_base socket 0130, wsabuf 0x32f6e4, nbufs 1, flags 0, from 0x32f734, fromlen 16, ovl (nil), func (nil)
0009:trace:winsock:WS2_recv_base fd=39, options=20
0009:trace:winsock:WS2_recv_base  -> 10 bytes
0009:trace:winsock:WS2_recv_base socket 0130, wsabuf 0x32f6e4, nbufs 1, flags 0, from 0x32f734, fromlen 16, ovl (nil), func (nil)
0009:trace:winsock:WS2_recv_base fd=39, options=20
0009:trace:winsock:WS2_recv_base  -> 16 bytes
0009:trace:winsock:WS2_recv_base socket 0130, wsabuf 0x32f6e4, nbufs 1, flags 0, from 0x32f734, fromlen 16, ovl (nil), func (nil)
0009:trace:winsock:WS2_recv_base fd=39, options=20
0009:trace:winsock:WS2_recv_base  -> 25 bytes
0009:trace:winsock:WS2_recv_base socket 0130, wsabuf 0x32f6e4, nbufs 1, flags 0, from 0x32f734, fromlen 16, ovl (nil), func (nil)
0009:trace:winsock:WS2_recv_base fd=39, options=20
0009:trace:winsock:WS2_recv_base  -> 10 bytes
0009:trace:winsock:WS2_recv_base socket 0130, wsabuf 0x32f6e4, nbufs 1, flags 0, from 0x32f734, fromlen 16, ovl (nil), func (nil)
0009:trace:winsock:WS2_recv_base fd=39, options=20
0009:trace:winsock:WS2_recv_base  -> 10 bytes
0009:trace:winsock:WS2_recv_base socket 0130, wsabuf 0x32f6e4, nbufs 1, flags 0, from 0x32f734, fromlen 16, ovl (nil), func (nil)
0009:trace:winsock:WS2_recv_base fd=39, options=20
0009:trace:winsock:WS2_recv_base  -> 12 bytes
0009:trace:winsock:WS2_recv_base socket 0130, wsabuf 0x32f6e4, nbufs 1, flags 0, from 0x32f734, fromlen 16, ovl (nil), func (nil)
0009:trace:winsock:WS2_recv_base fd=39, options=20
0009:trace:winsock:WS2_recv_base  -> 10 bytes
0009:trace:winsock:WS2_recv_base socket 0130, wsabuf 0x32f6e4, nbufs 1, flags 0, from 0x32f734, fromlen 16, ovl (nil), func (nil)
0009:trace:winsock:WS2_recv_base fd=39, options=20
0009:trace:winsock:WS2_recv_base  -> 12 bytes
0009:trace:winsock:WS2_sendto socket 0130, wsabuf 0x32ef34, nbufs 1, flags 0, to 0x6cdb194, tolen 16, ovl (nil), func (nil)
0009:trace:winsock:WS2_sendto fd=39, options=20
0009:trace:winsock:WS2_sendto  -> 12 bytes
0009:trace:winsock:WS2_recv_base socket 0130, wsabuf 0x32f6e4, nbufs 1, flags 0, from 0x32f734, fromlen 16, ovl (nil), func (nil)
0009:trace:winsock:WS2_recv_base fd=39, options=20
0009:trace:winsock:WS2_recv_base  -> 10 bytes
0009:trace:winsock:WS2_sendto socket 0130, wsabuf 0x32f5e4, nbufs 1, flags 0, to 0x6cdb194, tolen 16, ovl (nil), func (nil)
0009:trace:winsock:WS2_sendto fd=39, options=20
0009:trace:winsock:WS2_sendto  -> 10 bytes
0009:trace:winsock:WS2_sendto socket 0130, wsabuf 0x32f9c4, nbufs 1, flags 0, to 0x6cdb194, tolen 16, ovl (nil), func (nil)
0009:trace:winsock:WS2_sendto fd=39, options=20
0009:trace:winsock:WS2_sendto  -> 12 bytes
0009:trace:winsock:WS2_sendto socket 0130, wsabuf 0x32f9c4, nbufs 1, flags 0, to 0x6cdb194, tolen 16, ovl (nil), func (nil)
0009:trace:winsock:WS2_sendto fd=39, options=20
0009:trace:winsock:WS2_sendto  -> 12 bytes
0009:trace:winsock:WS2_recv_base socket 0130, wsabuf 0x32f6e4, nbufs 1, flags 0, from 0x32f734, fromlen 16, ovl (nil), func (nil)
0009:trace:winsock:WS2_recv_base fd=39, options=20
0009:trace:winsock:WS2_recv_base  -> 12 bytes
0009:trace:winsock:WS2_sendto socket 0130, wsabuf 0x32f5e4, nbufs 1, flags 0, to 0x6cdb194, tolen 16, ovl (nil), func (nil)
0009:trace:winsock:WS2_sendto fd=39, options=20
0009:trace:winsock:WS2_sendto  -> 10 bytes
0009:trace:winsock:WS2_recv_base socket 0130, wsabuf 0x32f6e4, nbufs 1, flags 0, from 0x32f734, fromlen 16, ovl (nil), func (nil)
0009:trace:winsock:WS2_recv_base fd=39, options=20
0009:trace:winsock:WS2_recv_base  -> 12 bytes
0009:trace:winsock:WS2_sendto socket 0130, wsabuf 0x32ef34, nbufs 1, flags 0, to 0x6cdb194, tolen 16, ovl (nil), func (nil)
0009:trace:winsock:WS2_sendto fd=39, options=20
0009:trace:winsock:WS2_sendto  -> 12 bytes
0009:trace:winsock:WS2_recv_base socket 0130, wsabuf 0x32f6e4, nbufs 1, flags 0, from 0x32f734, fromlen 16, ovl (nil), func (nil)
0009:trace:winsock:WS2_recv_base fd=39, options=20
0009:trace:winsock:WS2_recv_base  -> 10 bytes
0009:trace:winsock:WS2_recv_base socket 0130, wsabuf 0x32f6e4, nbufs 1, flags 0, from 0x32f734, fromlen 16, ovl (nil), func (nil)
0009:trace:winsock:WS2_recv_base fd=39, options=20
0009:trace:winsock:WS2_recv_base  -> 25 bytes
0009:trace:winsock:WS2_recv_base socket 0130, wsabuf 0x32f6e4, nbufs 1, flags 0, from 0x32f734, fromlen 16, ovl (nil), func (nil)
0009:trace:winsock:WS2_recv_base fd=39, options=20
0009:trace:winsock:WS2_recv_base  -> 10 bytes
0009:trace:winsock:WS2_recv_base socket 0130, wsabuf 0x32f6e4, nbufs 1, flags 0, from 0x32f734, fromlen 16, ovl (nil), func (nil)
0009:trace:winsock:WS2_recv_base fd=39, options=20
0009:trace:winsock:WS2_recv_base  -> 10 bytes
0009:trace:winsock:WS2_recv_base socket 0130, wsabuf 0x32f6e4, nbufs 1, flags 0, from 0x32f734, fromlen 16, ovl (nil), func (nil)
0009:trace:winsock:WS2_recv_base fd=39, options=20
0009:trace:winsock:WS2_recv_base  -> 10 bytes
0009:trace:winsock:WS2_recv_base socket 0130, wsabuf 0x32f6e4, nbufs 1, flags 0, from 0x32f734, fromlen 16, ovl (nil), func (nil)
0009:trace:winsock:WS2_recv_base fd=39, options=20
0009:trace:winsock:WS2_recv_base  -> 10 bytes
0009:trace:winsock:WS2_sendto socket 0130, wsabuf 0x32f5e4, nbufs 1, flags 0, to 0x6cdb194, tolen 16, ovl (nil), func (nil)
0009:trace:winsock:WS2_sendto fd=39, options=20
0009:trace:winsock:WS2_sendto  -> 10 bytes
0009:trace:winsock:WS2_recv_base socket 0130, wsabuf 0x32f6e4, nbufs 1, flags 0, from 0x32f734, fromlen 16, ovl (nil), func (nil)
0009:trace:winsock:WS2_recv_base fd=39, options=20
0009:trace:winsock:WS2_recv_base  -> 12 bytes
0009:trace:winsock:WS2_recv_base socket 0130, wsabuf 0x32f6e4, nbufs 1, flags 0, from 0x32f734, fromlen 16, ovl (nil), func (nil)
0009:trace:winsock:WS2_recv_base fd=39, options=20
0009:trace:winsock:WS2_recv_base  -> 12 bytes
0009:trace:winsock:WS2_sendto socket 0130, wsabuf 0x32ef34, nbufs 1, flags 0, to 0x6cdb194, tolen 16, ovl (nil), func (nil)
0009:trace:winsock:WS2_sendto fd=39, options=20
0009:trace:winsock:WS2_sendto  -> 12 bytes
0009:trace:winsock:WS2_sendto socket 0130, wsabuf 0x32f9c4, nbufs 1, flags 0, to 0x6cdb194, tolen 16, ovl (nil), func (nil)
0009:trace:winsock:WS2_sendto fd=39, options=20
0009:trace:winsock:WS2_sendto  -> 12 bytes
0009:trace:winsock:WS2_sendto socket 0130, wsabuf 0x32f9c4, nbufs 1, flags 0, to 0x6cdb194, tolen 16, ovl (nil), func (nil)
0009:trace:winsock:WS2_sendto fd=39, options=20
0009:trace:winsock:WS2_sendto  -> 12 bytes
0009:trace:winsock:WS2_recv_base socket 0130, wsabuf 0x32f6e4, nbufs 1, flags 0, from 0x32f734, fromlen 16, ovl (nil), func (nil)
0009:trace:winsock:WS2_recv_base fd=39, options=20
0009:trace:winsock:WS2_recv_base  -> 12 bytes
0009:trace:winsock:WS2_recv_base socket 0130, wsabuf 0x32f6e4, nbufs 1, flags 0, from 0x32f734, fromlen 16, ovl (nil), func (nil)
0009:trace:winsock:WS2_recv_base fd=39, options=20
0009:trace:winsock:WS2_recv_base  -> 12 bytes
0009:trace:winsock:WS2_sendto socket 0130, wsabuf 0x32ef34, nbufs 1, flags 0, to 0x6cdb194, tolen 16, ovl (nil), func (nil)
0009:trace:winsock:WS2_sendto fd=39, options=20
0009:trace:winsock:WS2_sendto  -> 12 bytes
0009:trace:winsock:WS2_recv_base socket 0130, wsabuf 0x32f6e4, nbufs 1, flags 0, from 0x32f734, fromlen 16, ovl (nil), func (nil)
0009:trace:winsock:WS2_recv_base fd=39, options=20
0009:trace:winsock:WS2_recv_base  -> 10 bytes
0009:trace:winsock:WS2_recv_base socket 0130, wsabuf 0x32f6e4, nbufs 1, flags 0, from 0x32f734, fromlen 16, ovl (nil), func (nil)
0009:trace:winsock:WS2_recv_base fd=39, options=20
0009:trace:winsock:WS2_recv_base  -> 12 bytes
0009:trace:winsock:WS2_recv_base socket 0130, wsabuf 0x32f6e4, nbufs 1, flags 0, from 0x32f734, fromlen 16, ovl (nil), func (nil)
0009:trace:winsock:WS2_recv_base fd=39, options=20
0009:trace:winsock:WS2_recv_base  -> 10 bytes
0009:trace:winsock:WS2_recv_base socket 0130, wsabuf 0x32f6e4, nbufs 1, flags 0, from 0x32f734, fromlen 16, ovl (nil), func (nil)
0009:trace:winsock:WS2_recv_base fd=39, options=20
0009:trace:winsock:WS2_recv_base  -> 16 bytes
0009:trace:winsock:WS2_recv_base socket 0130, wsabuf 0x32f6e4, nbufs 1, flags 0, from 0x32f734, fromlen 16, ovl (nil), func (nil)
0009:trace:winsock:WS2_recv_base fd=39, options=20
0009:trace:winsock:WS2_recv_base  -> 25 bytes
0009:trace:winsock:WS2_recv_base socket 0130, wsabuf 0x32f6e4, nbufs 1, flags 0, from 0x32f734, fromlen 16, ovl (nil), func (nil)
0009:trace:winsock:WS2_recv_base fd=39, options=20
0009:trace:winsock:WS2_recv_base  -> 10 bytes
0009:trace:winsock:WS2_recv_base socket 0130, wsabuf 0x32f6e4, nbufs 1, flags 0, from 0x32f734, fromlen 16, ovl (nil), func (nil)
0009:trace:winsock:WS2_recv_base fd=39, options=20
0009:trace:winsock:WS2_recv_base  -> 10 bytes
0009:trace:winsock:WS2_recv_base socket 0130, wsabuf 0x32f6e4, nbufs 1, flags 0, from 0x32f734, fromlen 16, ovl (nil), func (nil)
0009:trace:winsock:WS2_recv_base fd=39, options=20
0009:trace:winsock:WS2_recv_base  -> 10 bytes
0009:trace:winsock:WS2_recv_base socket 0130, wsabuf 0x32f6e4, nbufs 1, flags 0, from 0x32f734, fromlen 16, ovl (nil), func (nil)
0009:trace:winsock:WS2_recv_base fd=39, options=20
0009:trace:winsock:WS2_recv_base  -> 10 bytes
0009:trace:winsock:WS2_recv_base socket 0130, wsabuf 0x32f6e4, nbufs 1, flags 0, from 0x32f734, fromlen 16, ovl (nil), func (nil)
0009:trace:winsock:WS2_recv_base fd=39, options=20
0009:trace:winsock:WS2_recv_base  -> 10 bytes
0009:trace:winsock:WS2_recv_base socket 0130, wsabuf 0x32f6e4, nbufs 1, flags 0, from 0x32f734, fromlen 16, ovl (nil), func (nil)
0009:trace:winsock:WS2_recv_base fd=39, options=20
0009:trace:winsock:WS2_recv_base  -> 12 bytes
0009:trace:winsock:WS2_sendto socket 0130, wsabuf 0x32ef34, nbufs 1, flags 0, to 0x6cdb194, tolen 16, ovl (nil), func (nil)
0009:trace:winsock:WS2_sendto fd=39, options=20
0009:trace:winsock:WS2_sendto  -> 12 bytes
0009:trace:winsock:WS2_recv_base socket 0130, wsabuf 0x32f6e4, nbufs 1, flags 0, from 0x32f734, fromlen 16, ovl (nil), func (nil)
0009:trace:winsock:WS2_recv_base fd=39, options=20
0009:trace:winsock:WS2_recv_base  -> 10 bytes
0009:trace:winsock:WS2_sendto socket 0130, wsabuf 0x32f5e4, nbufs 1, flags 0, to 0x6cdb194, tolen 16, ovl (nil), func (nil)
0009:trace:winsock:WS2_sendto fd=39, options=20
0009:trace:winsock:WS2_sendto  -> 10 bytes
0009:trace:winsock:WS2_sendto socket 0130, wsabuf 0x32f5e4, nbufs 1, flags 0, to 0x6cdb194, tolen 16, ovl (nil), func (nil)
0009:trace:winsock:WS2_sendto fd=39, options=20
0009:trace:winsock:WS2_sendto  -> 10 bytes
0009:trace:winsock:WS2_sendto socket 0130, wsabuf 0x32f964, nbufs 1, flags 0, to 0x6cdb194, tolen 16, ovl (nil), func (nil)
0009:trace:winsock:WS2_sendto fd=39, options=20
0009:trace:winsock:WS2_sendto  -> 16 bytes
0009:trace:winsock:WS2_sendto socket 0130, wsabuf 0x32f964, nbufs 1, flags 0, to 0x6cdb194, tolen 16, ovl (nil), func (nil)
0009:trace:winsock:WS2_sendto fd=39, options=20
0009:trace:winsock:WS2_sendto  -> 16 bytes
0009:trace:winsock:WS2_recv_base socket 0130, wsabuf 0x32f6e4, nbufs 1, flags 0, from 0x32f734, fromlen 16, ovl (nil), func (nil)
0009:trace:winsock:WS2_recv_base fd=39, options=20
0009:trace:winsock:WS2_recv_base  -> 16 bytes
0009:trace:winsock:WS2_recv_base socket 0130, wsabuf 0x32f6e4, nbufs 1, flags 0, from 0x32f734, fromlen 16, ovl (nil), func (nil)
0009:trace:winsock:WS2_recv_base fd=39, options=20
0009:trace:winsock:WS2_recv_base  -> 16 bytes
0009:trace:winsock:WS2_recv_base socket 0130, wsabuf 0x32f6e4, nbufs 1, flags 0, from 0x32f734, fromlen 16, ovl (nil), func (nil)
0009:trace:winsock:WS2_recv_base fd=39, options=20
0009:trace:winsock:WS2_recv_base  -> 12 bytes
0009:trace:winsock:WS2_sendto socket 0130, wsabuf 0x32ef34, nbufs 1, flags 0, to 0x6cdb194, tolen 16, ovl (nil), func (nil)
0009:trace:winsock:WS2_sendto fd=39, options=20
0009:trace:winsock:WS2_sendto  -> 12 bytes
0009:trace:winsock:WS2_recv_base socket 0130, wsabuf 0x32f6e4, nbufs 1, flags 0, from 0x32f734, fromlen 16, ovl (nil), func (nil)
0009:trace:winsock:WS2_recv_base fd=39, options=20
0009:trace:winsock:WS2_recv_base  -> 10 bytes
0009:trace:winsock:WS2_sendto socket 0130, wsabuf 0x32f5e4, nbufs 1, flags 0, to 0x6cdb194, tolen 16, ovl (nil), func (nil)
0009:trace:winsock:WS2_sendto fd=39, options=20
0009:trace:winsock:WS2_sendto  -> 10 bytes
0009:trace:winsock:WS2_recv_base socket 0130, wsabuf 0x32f6e4, nbufs 1, flags 0, from 0x32f734, fromlen 16, ovl (nil), func (nil)
0009:trace:winsock:WS2_recv_base fd=39, options=20
0009:trace:winsock:WS2_recv_base  -> 10 bytes
0009:trace:winsock:WS2_recv_base socket 0130, wsabuf 0x32f6e4, nbufs 1, flags 0, from 0x32f734, fromlen 16, ovl (nil), func (nil)
0009:trace:winsock:WS2_recv_base fd=39, options=20
0009:trace:winsock:WS2_recv_base  -> 25 bytes
0009:trace:winsock:WS2_recv_base socket 0130, wsabuf 0x32f6e4, nbufs 1, flags 0, from 0x32f734, fromlen 16, ovl (nil), func (nil)
0009:trace:winsock:WS2_recv_base fd=39, options=20
0009:trace:winsock:WS2_recv_base  -> 10 bytes
0009:trace:winsock:WS2_recv_base socket 0130, wsabuf 0x32f6e4, nbufs 1, flags 0, from 0x32f734, fromlen 16, ovl (nil), func (nil)
0009:trace:winsock:WS2_recv_base fd=39, options=20
0009:trace:winsock:WS2_recv_base  -> 10 bytes
0009:trace:winsock:WS2_sendto socket 0130, wsabuf 0x32f5e4, nbufs 1, flags 0, to 0x6cdb194, tolen 16, ovl (nil), func (nil)
0009:trace:winsock:WS2_sendto fd=39, options=20
0009:trace:winsock:WS2_sendto  -> 10 bytes
0009:trace:winsock:WS2_recv_base socket 0130, wsabuf 0x32f6e4, nbufs 1, flags 0, from 0x32f734, fromlen 16, ovl (nil), func (nil)
0009:trace:winsock:WS2_recv_base fd=39, options=20
0009:trace:winsock:WS2_recv_base  -> 10 bytes
0009:trace:winsock:WS2_recv_base socket 0130, wsabuf 0x32f6e4, nbufs 1, flags 0, from 0x32f734, fromlen 16, ovl (nil), func (nil)
0009:trace:winsock:WS2_recv_base fd=39, options=20
0009:trace:winsock:WS2_recv_base  -> 10 bytes
0009:trace:winsock:WS2_recv_base socket 0130, wsabuf 0x32f6e4, nbufs 1, flags 0, from 0x32f734, fromlen 16, ovl (nil), func (nil)
0009:trace:winsock:WS2_recv_base fd=39, options=20
0009:trace:winsock:WS2_recv_base  -> 16 bytes
0009:trace:winsock:WS2_recv_base socket 0130, wsabuf 0x32f6e4, nbufs 1, flags 0, from 0x32f734, fromlen 16, ovl (nil), func (nil)
0009:trace:winsock:WS2_recv_base fd=39, options=20
0009:trace:winsock:WS2_recv_base  -> 16 bytes
0009:trace:winsock:WS2_recv_base socket 0130, wsabuf 0x32f6e4, nbufs 1, flags 0, from 0x32f734, fromlen 16, ovl (nil), func (nil)
0009:trace:winsock:WS2_recv_base fd=39, options=20
0009:trace:winsock:WS2_recv_base  -> 10 bytes
0009:trace:winsock:WS2_recv_base socket 0130, wsabuf 0x32f6e4, nbufs 1, flags 0, from 0x32f734, fromlen 16, ovl (nil), func (nil)
0009:trace:winsock:WS2_recv_base fd=39, options=20
0009:trace:winsock:WS2_recv_base  -> 12 bytes
0009:trace:winsock:WS2_sendto socket 0130, wsabuf 0x32ef34, nbufs 1, flags 0, to 0x6cdb194, tolen 16, ovl (nil), func (nil)
0009:trace:winsock:WS2_sendto fd=39, options=20
0009:trace:winsock:WS2_sendto  -> 12 bytes
0009:trace:winsock:WS2_recv_base socket 0130, wsabuf 0x32f6e4, nbufs 1, flags 0, from 0x32f734, fromlen 16, ovl (nil), func (nil)
0009:trace:winsock:WS2_recv_base fd=39, options=20
0009:trace:winsock:WS2_recv_base  -> 10 bytes
0009:trace:winsock:WS2_sendto socket 0130, wsabuf 0x32f9c4, nbufs 1, flags 0, to 0x6cdb194, tolen 16, ovl (nil), func (nil)
0009:trace:winsock:WS2_sendto fd=39, options=20
0009:trace:winsock:WS2_sendto  -> 12 bytes
0009:trace:winsock:WS2_sendto socket 0130, wsabuf 0x32f9c4, nbufs 1, flags 0, to 0x6cdb194, tolen 16, ovl (nil), func (nil)
0009:trace:winsock:WS2_sendto fd=39, options=20
0009:trace:winsock:WS2_sendto  -> 12 bytes
0009:trace:winsock:WS2_recv_base socket 0130, wsabuf 0x32f6e4, nbufs 1, flags 0, from 0x32f734, fromlen 16, ovl (nil), func (nil)
0009:trace:winsock:WS2_recv_base fd=39, options=20
0009:trace:winsock:WS2_recv_base  -> 12 bytes
0009:trace:winsock:WS2_recv_base socket 0130, wsabuf 0x32f6e4, nbufs 1, flags 0, from 0x32f734, fromlen 16, ovl (nil), func (nil)
0009:trace:winsock:WS2_recv_base fd=39, options=20
0009:trace:winsock:WS2_recv_base  -> 12 bytes
0009:trace:winsock:WS2_recv_base socket 0130, wsabuf 0x32f6e4, nbufs 1, flags 0, from 0x32f734, fromlen 16, ovl (nil), func (nil)
0009:trace:winsock:WS2_recv_base fd=39, options=20
0009:trace:winsock:WS2_recv_base  -> 12 bytes
0009:trace:winsock:WS2_sendto socket 0130, wsabuf 0x32ef34, nbufs 1, flags 0, to 0x6cdb194, tolen 16, ovl (nil), func (nil)
0009:trace:winsock:WS2_sendto fd=39, options=20
0009:trace:winsock:WS2_sendto  -> 12 bytes
0009:trace:winsock:WS2_recv_base socket 0130, wsabuf 0x32f6e4, nbufs 1, flags 0, from 0x32f734, fromlen 16, ovl (nil), func (nil)
0009:trace:winsock:WS2_recv_base fd=39, options=20
0009:trace:winsock:WS2_recv_base  -> 10 bytes
0009:trace:winsock:WS2_recv_base socket 0130, wsabuf 0x32f6e4, nbufs 1, flags 0, from 0x32f734, fromlen 16, ovl (nil), func (nil)
0009:trace:winsock:WS2_recv_base fd=39, options=20
0009:trace:winsock:WS2_recv_base  -> 10 bytes
0009:trace:winsock:WS2_sendto socket 0130, wsabuf 0x32f5e4, nbufs 1, flags 0, to 0x6cdb194, tolen 16, ovl (nil), func (nil)
0009:trace:winsock:WS2_sendto fd=39, options=20
0009:trace:winsock:WS2_sendto  -> 10 bytes
0009:trace:winsock:WS2_sendto socket 0130, wsabuf 0x32f5e4, nbufs 1, flags 0, to 0x6cdb194, tolen 16, ovl (nil), func (nil)
0009:trace:winsock:WS2_sendto fd=39, options=20
0009:trace:winsock:WS2_sendto  -> 10 bytes
0009:fixme:msctf:LangBarMgr_GetShowFloatingStatus STUB:(018AAA58)
0009:fixme:msctf:LangBarMgr_ShowFloating STUB:(018AAA58)
0009:trace:winsock:WS2_sendto socket 0130, wsabuf 0x32f5e4, nbufs 1, flags 0, to 0x6cdb194, tolen 16, ovl (nil), func (nil)
0009:trace:winsock:WS2_sendto fd=42, options=20
0009:trace:winsock:WS2_sendto  -> 10 bytes
0009:trace:winsock:WS2_recv_base socket 0130, wsabuf 0x32f6e4, nbufs 1, flags 0, from 0x32f734, fromlen 16, ovl (nil), func (nil)
0009:trace:winsock:WS2_recv_base fd=42, options=20
0009:trace:winsock:WS2_recv_base  -> 25 bytes
0009:trace:winsock:WS2_recv_base socket 0130, wsabuf 0x32f6e4, nbufs 1, flags 0, from 0x32f734, fromlen 16, ovl (nil), func (nil)
0009:trace:winsock:WS2_recv_base fd=42, options=20
0009:trace:winsock:WS2_recv_base  -> 10 bytes
0009:trace:winsock:WS2_sendto socket 0130, wsabuf 0x32f5e4, nbufs 1, flags 0, to 0x6cdb194, tolen 16, ovl (nil), func (nil)
0009:trace:winsock:WS2_sendto fd=42, options=20
0009:trace:winsock:WS2_sendto  -> 10 bytes
0009:trace:winsock:WS2_recv_base socket 0130, wsabuf 0x32f6e4, nbufs 1, flags 0, from 0x32f734, fromlen 16, ovl (nil), func (nil)
0009:trace:winsock:WS2_recv_base fd=42, options=20
0009:trace:winsock:WS2_recv_base  -> 10 bytes
0009:trace:winsock:WS2_sendto socket 0130, wsabuf 0x32f964, nbufs 1, flags 0, to 0x6cdb194, tolen 16, ovl (nil), func (nil)
0009:trace:winsock:WS2_sendto fd=42, options=20
0009:trace:winsock:WS2_sendto  -> 16 bytes
0009:trace:winsock:WS2_sendto socket 0130, wsabuf 0x32f964, nbufs 1, flags 0, to 0x6cdb194, tolen 16, ovl (nil), func (nil)
0009:trace:winsock:WS2_sendto fd=42, options=20
0009:trace:winsock:WS2_sendto  -> 16 bytes
0009:trace:winsock:WS2_sendto socket 0130, wsabuf 0x32f5e4, nbufs 1, flags 0, to 0x6cdb194, tolen 16, ovl (nil), func (nil)
0009:trace:winsock:WS2_sendto fd=42, options=20
0009:trace:winsock:WS2_sendto  -> 10 bytes
0009:trace:winsock:WS2_recv_base socket 0130, wsabuf 0x32f6e4, nbufs 1, flags 0, from 0x32f734, fromlen 16, ovl (nil), func (nil)
0009:trace:winsock:WS2_recv_base fd=42, options=20
0009:trace:winsock:WS2_recv_base  -> 10 bytes
0009:trace:winsock:WS2_sendto socket 0130, wsabuf 0x32f5e4, nbufs 1, flags 0, to 0x6cdb194, tolen 16, ovl (nil), func (nil)
0009:trace:winsock:WS2_sendto fd=42, options=20
0009:trace:winsock:WS2_sendto  -> 10 bytes
0009:trace:winsock:WS2_recv_base socket 0130, wsabuf 0x32f6e4, nbufs 1, flags 0, from 0x32f734, fromlen 16, ovl (nil), func (nil)
0009:trace:winsock:WS2_recv_base fd=42, options=20
0009:trace:winsock:WS2_recv_base  -> 10 bytes
0009:trace:winsock:WS2_sendto socket 0130, wsabuf 0x32f5e4, nbufs 1, flags 0, to 0x6cdb194, tolen 16, ovl (nil), func (nil)
0009:trace:winsock:WS2_sendto fd=42, options=20
0009:trace:winsock:WS2_sendto  -> 10 bytes
0009:trace:winsock:WS2_recv_base socket 0130, wsabuf 0x32f6e4, nbufs 1, flags 0, from 0x32f734, fromlen 16, ovl (nil), func (nil)
0009:trace:winsock:WS2_recv_base fd=42, options=20
0009:trace:winsock:WS2_recv_base  -> 10 bytes
0009:trace:winsock:WS2_sendto socket 0130, wsabuf 0x32f5e4, nbufs 1, flags 0, to 0x6cdb194, tolen 16, ovl (nil), func (nil)
0009:trace:winsock:WS2_sendto fd=42, options=20
0009:trace:winsock:WS2_sendto  -> 10 bytes
0009:trace:winsock:WS2_recv_base socket 0130, wsabuf 0x32f6e4, nbufs 1, flags 0, from 0x32f734, fromlen 16, ovl (nil), func (nil)
0009:trace:winsock:WS2_recv_base fd=42, options=20
0009:trace:winsock:WS2_recv_base  -> 10 bytes
0009:trace:winsock:WS2_recv_base socket 0130, wsabuf 0x32f6e4, nbufs 1, flags 0, from 0x32f734, fromlen 16, ovl (nil), func (nil)
0009:trace:winsock:WS2_recv_base fd=42, options=20
0009:trace:winsock:WS2_recv_base  -> 12 bytes
0009:trace:winsock:WS2_sendto socket 0130, wsabuf 0x32ef34, nbufs 1, flags 0, to 0x6cdb194, tolen 16, ovl (nil), func (nil)
0009:trace:winsock:WS2_sendto fd=42, options=20
0009:trace:winsock:WS2_sendto  -> 12 bytes
0009:trace:winsock:WS2_sendto socket 0130, wsabuf 0x32f9c4, nbufs 1, flags 0, to 0x6cdb194, tolen 16, ovl (nil), func (nil)
0009:trace:winsock:WS2_sendto fd=42, options=20
0009:trace:winsock:WS2_sendto  -> 12 bytes
0009:trace:winsock:WS2_sendto socket 0130, wsabuf 0x32f9c4, nbufs 1, flags 0, to 0x6cdb194, tolen 16, ovl (nil), func (nil)
0009:trace:winsock:WS2_sendto fd=42, options=20
0009:trace:winsock:WS2_sendto  -> 12 bytes
0009:trace:winsock:WS2_recv_base socket 0130, wsabuf 0x32f6e4, nbufs 1, flags 0, from 0x32f734, fromlen 16, ovl (nil), func (nil)
0009:trace:winsock:WS2_recv_base fd=42, options=20
0009:trace:winsock:WS2_recv_base  -> 12 bytes
0009:trace:winsock:WS2_recv_base socket 0130, wsabuf 0x32f6e4, nbufs 1, flags 0, from 0x32f734, fromlen 16, ovl (nil), func (nil)
0009:trace:winsock:WS2_recv_base fd=42, options=20
0009:trace:winsock:WS2_recv_base  -> 12 bytes
0009:trace:winsock:WS2_sendto socket 0130, wsabuf 0x32f5e4, nbufs 1, flags 0, to 0x6cdb194, tolen 16, ovl (nil), func (nil)
0009:trace:winsock:WS2_sendto fd=42, options=20
0009:trace:winsock:WS2_sendto  -> 10 bytes
0009:trace:winsock:WS2_recv_base socket 0130, wsabuf 0x32f6e4, nbufs 1, flags 0, from 0x32f734, fromlen 16, ovl (nil), func (nil)
0009:trace:winsock:WS2_recv_base fd=42, options=20
0009:trace:winsock:WS2_recv_base  -> 16 bytes
0009:trace:winsock:WS2_recv_base socket 0130, wsabuf 0x32f6e4, nbufs 1, flags 0, from 0x32f734, fromlen 16, ovl (nil), func (nil)
0009:trace:winsock:WS2_recv_base fd=42, options=20
0009:trace:winsock:WS2_recv_base  -> 16 bytes
0009:trace:winsock:WS2_recv_base socket 0130, wsabuf 0x32f6e4, nbufs 1, flags 0, from 0x32f734, fromlen 16, ovl (nil), func (nil)
0009:trace:winsock:WS2_recv_base fd=42, options=20
0009:trace:winsock:WS2_recv_base  -> 12 bytes
0009:trace:winsock:WS2_sendto socket 0130, wsabuf 0x32ef34, nbufs 1, flags 0, to 0x6cdb194, tolen 16, ovl (nil), func (nil)
0009:trace:winsock:WS2_sendto fd=42, options=20
0009:trace:winsock:WS2_sendto  -> 12 bytes
0009:trace:winsock:WS2_recv_base socket 0130, wsabuf 0x32f6e4, nbufs 1, flags 0, from 0x32f734, fromlen 16, ovl (nil), func (nil)
0009:trace:winsock:WS2_recv_base fd=42, options=20
0009:trace:winsock:WS2_recv_base  -> 10 bytes
0009:trace:winsock:WS2_sendto socket 0130, wsabuf 0x32f5e4, nbufs 1, flags 0, to 0x6cdb194, tolen 16, ovl (nil), func (nil)
0009:trace:winsock:WS2_sendto fd=42, options=20
0009:trace:winsock:WS2_sendto  -> 10 bytes
0009:trace:winsock:WS2_recv_base socket 0130, wsabuf 0x32f6e4, nbufs 1, flags 0, from 0x32f734, fromlen 16, ovl (nil), func (nil)
0009:trace:winsock:WS2_recv_base fd=42, options=20
0009:trace:winsock:WS2_recv_base  -> 10 bytes
0009:trace:winsock:WS2_sendto socket 0130, wsabuf 0x32f5e4, nbufs 1, flags 0, to 0x6cdb194, tolen 16, ovl (nil), func (nil)
0009:trace:winsock:WS2_sendto fd=42, options=20
0009:trace:winsock:WS2_sendto  -> 10 bytes
0009:trace:winsock:WS2_sendto socket 0130, wsabuf 0x32f964, nbufs 1, flags 0, to 0x6cdb194, tolen 16, ovl (nil), func (nil)
0009:trace:winsock:WS2_sendto fd=42, options=20
0009:trace:winsock:WS2_sendto  -> 16 bytes
0009:trace:winsock:WS2_sendto socket 0130, wsabuf 0x32f964, nbufs 1, flags 0, to 0x6cdb194, tolen 16, ovl (nil), func (nil)
0009:trace:winsock:WS2_sendto fd=42, options=20
0009:trace:winsock:WS2_sendto  -> 16 bytes
0009:trace:winsock:WS2_recv_base socket 0130, wsabuf 0x32f6e4, nbufs 1, flags 0, from 0x32f734, fromlen 16, ovl (nil), func (nil)
0009:trace:winsock:WS2_recv_base fd=42, options=20
0009:trace:winsock:WS2_recv_base  -> 25 bytes
0009:trace:winsock:WS2_recv_base socket 0130, wsabuf 0x32f6e4, nbufs 1, flags 0, from 0x32f734, fromlen 16, ovl (nil), func (nil)
0009:trace:winsock:WS2_recv_base fd=42, options=20
0009:trace:winsock:WS2_recv_base  -> 10 bytes
0009:trace:winsock:WS2_sendto socket 0130, wsabuf 0x32f5e4, nbufs 1, flags 0, to 0x6cdb194, tolen 16, ovl (nil), func (nil)
0009:trace:winsock:WS2_sendto fd=42, options=20
0009:trace:winsock:WS2_sendto  -> 10 bytes
0009:trace:winsock:WS2_recv_base socket 0130, wsabuf 0x32f6e4, nbufs 1, flags 0, from 0x32f734, fromlen 16, ovl (nil), func (nil)
0009:trace:winsock:WS2_recv_base fd=42, options=20
0009:trace:winsock:WS2_recv_base  -> 10 bytes
0009:trace:winsock:WS2_sendto socket 0130, wsabuf 0x32f5e4, nbufs 1, flags 0, to 0x6cdb194, tolen 16, ovl (nil), func (nil)
0009:trace:winsock:WS2_sendto fd=42, options=20
0009:trace:winsock:WS2_sendto  -> 10 bytes
0009:trace:winsock:WS2_recv_base socket 0130, wsabuf 0x32f6e4, nbufs 1, flags 0, from 0x32f734, fromlen 16, ovl (nil), func (nil)
0009:trace:winsock:WS2_recv_base fd=42, options=20
0009:trace:winsock:WS2_recv_base  -> 10 bytes
0009:trace:winsock:WS2_sendto socket 0130, wsabuf 0x32f5e4, nbufs 1, flags 0, to 0x6cdb194, tolen 16, ovl (nil), func (nil)
0009:trace:winsock:WS2_sendto fd=42, options=20
0009:trace:winsock:WS2_sendto  -> 10 bytes
0009:trace:winsock:WS2_recv_base socket 0130, wsabuf 0x32f6e4, nbufs 1, flags 0, from 0x32f734, fromlen 16, ovl (nil), func (nil)
0009:trace:winsock:WS2_recv_base fd=42, options=20
0009:trace:winsock:WS2_recv_base  -> 10 bytes
0009:trace:winsock:WS2_sendto socket 0130, wsabuf 0x32f5e4, nbufs 1, flags 0, to 0x6cdb194, tolen 16, ovl (nil), func (nil)
0009:trace:winsock:WS2_sendto fd=42, options=20
0009:trace:winsock:WS2_sendto  -> 10 bytes
0009:trace:winsock:WS2_recv_base socket 0130, wsabuf 0x32f6e4, nbufs 1, flags 0, from 0x32f734, fromlen 16, ovl (nil), func (nil)
0009:trace:winsock:WS2_recv_base fd=42, options=20
0009:trace:winsock:WS2_recv_base  -> 16 bytes
0009:trace:winsock:WS2_recv_base socket 0130, wsabuf 0x32f6e4, nbufs 1, flags 0, from 0x32f734, fromlen 16, ovl (nil), func (nil)
0009:trace:winsock:WS2_recv_base fd=42, options=20
0009:trace:winsock:WS2_recv_base  -> 16 bytes
0009:trace:winsock:WS2_recv_base socket 0130, wsabuf 0x32f6e4, nbufs 1, flags 0, from 0x32f734, fromlen 16, ovl (nil), func (nil)
0009:trace:winsock:WS2_recv_base fd=42, options=20
0009:trace:winsock:WS2_recv_base  -> 10 bytes
0009:trace:winsock:WS2_recv_base socket 0130, wsabuf 0x32f6e4, nbufs 1, flags 0, from 0x32f734, fromlen 16, ovl (nil), func (nil)
0009:trace:winsock:WS2_recv_base fd=42, options=20
0009:trace:winsock:WS2_recv_base  -> 10 bytes
0009:trace:winsock:WS2_sendto socket 0130, wsabuf 0x32f5e4, nbufs 1, flags 0, to 0x6cdb194, tolen 16, ovl (nil), func (nil)
0009:trace:winsock:WS2_sendto fd=42, options=20
0009:trace:winsock:WS2_sendto  -> 10 bytes
0009:trace:winsock:WS2_recv_base socket 0130, wsabuf 0x32f6e4, nbufs 1, flags 0, from 0x32f734, fromlen 16, ovl (nil), func (nil)
0009:trace:winsock:WS2_recv_base fd=42, options=20
0009:trace:winsock:WS2_recv_base  -> 12 bytes
0009:trace:winsock:WS2_sendto socket 0130, wsabuf 0x32ef34, nbufs 1, flags 0, to 0x6cdb194, tolen 16, ovl (nil), func (nil)
0009:trace:winsock:WS2_sendto fd=42, options=20
0009:trace:winsock:WS2_sendto  -> 12 bytes
0009:trace:winsock:WS2_sendto socket 0130, wsabuf 0x32f9c4, nbufs 1, flags 0, to 0x6cdb194, tolen 16, ovl (nil), func (nil)
0009:trace:winsock:WS2_sendto fd=42, options=20
0009:trace:winsock:WS2_sendto  -> 12 bytes
0009:trace:winsock:WS2_sendto socket 0130, wsabuf 0x32f9c4, nbufs 1, flags 0, to 0x6cdb194, tolen 16, ovl (nil), func (nil)
0009:trace:winsock:WS2_sendto fd=42, options=20
0009:trace:winsock:WS2_sendto  -> 12 bytes
0009:trace:winsock:WS2_recv_base socket 0130, wsabuf 0x32f6e4, nbufs 1, flags 0, from 0x32f734, fromlen 16, ovl (nil), func (nil)
0009:trace:winsock:WS2_recv_base fd=42, options=20
0009:trace:winsock:WS2_recv_base  -> 12 bytes
0009:trace:winsock:WS2_recv_base socket 0130, wsabuf 0x32f6e4, nbufs 1, flags 0, from 0x32f734, fromlen 16, ovl (nil), func (nil)
0009:trace:winsock:WS2_recv_base fd=42, options=20
0009:trace:winsock:WS2_recv_base  -> 12 bytes
0009:trace:winsock:WS2_sendto socket 0130, wsabuf 0x32f5e4, nbufs 1, flags 0, to 0x6cdb194, tolen 16, ovl (nil), func (nil)
0009:trace:winsock:WS2_sendto fd=42, options=20
0009:trace:winsock:WS2_sendto  -> 10 bytes
0009:trace:winsock:WS2_sendto socket 0130, wsabuf 0x32f964, nbufs 1, flags 0, to 0x6cdb194, tolen 16, ovl (nil), func (nil)
0009:trace:winsock:WS2_sendto fd=42, options=20
0009:trace:winsock:WS2_sendto  -> 16 bytes
0009:trace:winsock:WS2_sendto socket 0130, wsabuf 0x32f964, nbufs 1, flags 0, to 0x6cdb194, tolen 16, ovl (nil), func (nil)
0009:trace:winsock:WS2_sendto fd=42, options=20
0009:trace:winsock:WS2_sendto  -> 16 bytes
0009:trace:winsock:WS2_recv_base socket 0130, wsabuf 0x32f6e4, nbufs 1, flags 0, from 0x32f734, fromlen 16, ovl (nil), func (nil)
0009:trace:winsock:WS2_recv_base fd=42, options=20
0009:trace:winsock:WS2_recv_base  -> 12 bytes
0009:trace:winsock:WS2_sendto socket 0130, wsabuf 0x32ef34, nbufs 1, flags 0, to 0x6cdb194, tolen 16, ovl (nil), func (nil)
0009:trace:winsock:WS2_sendto fd=42, options=20
0009:trace:winsock:WS2_sendto  -> 12 bytes
0009:trace:winsock:WS2_recv_base socket 0130, wsabuf 0x32f6e4, nbufs 1, flags 0, from 0x32f734, fromlen 16, ovl (nil), func (nil)
0009:trace:winsock:WS2_recv_base fd=42, options=20
0009:trace:winsock:WS2_recv_base  -> 10 bytes
0009:trace:winsock:WS2_sendto socket 0130, wsabuf 0x32f5e4, nbufs 1, flags 0, to 0x6cdb194, tolen 16, ovl (nil), func (nil)
0009:trace:winsock:WS2_sendto fd=42, options=20
0009:trace:winsock:WS2_sendto  -> 10 bytes
0009:trace:winsock:WS2_recv_base socket 0130, wsabuf 0x32f6e4, nbufs 1, flags 0, from 0x32f734, fromlen 16, ovl (nil), func (nil)
0009:trace:winsock:WS2_recv_base fd=42, options=20
0009:trace:winsock:WS2_recv_base  -> 10 bytes
0009:trace:winsock:WS2_sendto socket 0130, wsabuf 0x32f5e4, nbufs 1, flags 0, to 0x6cdb194, tolen 16, ovl (nil), func (nil)
0009:trace:winsock:WS2_sendto fd=42, options=20
0009:trace:winsock:WS2_sendto  -> 10 bytes
0009:trace:winsock:WS2_recv_base socket 0130, wsabuf 0x32f6e4, nbufs 1, flags 0, from 0x32f734, fromlen 16, ovl (nil), func (nil)
0009:trace:winsock:WS2_recv_base fd=42, options=20
0009:trace:winsock:WS2_recv_base  -> 25 bytes
0009:trace:winsock:WS2_recv_base socket 0130, wsabuf 0x32f6e4, nbufs 1, flags 0, from 0x32f734, fromlen 16, ovl (nil), func (nil)
0009:trace:winsock:WS2_recv_base fd=42, options=20
0009:trace:winsock:WS2_recv_base  -> 10 bytes
0009:trace:winsock:WS2_sendto socket 0130, wsabuf 0x32f5e4, nbufs 1, flags 0, to 0x6cdb194, tolen 16, ovl (nil), func (nil)
0009:trace:winsock:WS2_sendto fd=42, options=20
0009:trace:winsock:WS2_sendto  -> 10 bytes
0009:trace:winsock:WS2_recv_base socket 0130, wsabuf 0x32f6e4, nbufs 1, flags 0, from 0x32f734, fromlen 16, ovl (nil), func (nil)
0009:trace:winsock:WS2_recv_base fd=42, options=20
0009:trace:winsock:WS2_recv_base  -> 10 bytes
0009:trace:winsock:WS2_sendto socket 0130, wsabuf 0x32f5e4, nbufs 1, flags 0, to 0x6cdb194, tolen 16, ovl (nil), func (nil)
0009:trace:winsock:WS2_sendto fd=42, options=20
0009:trace:winsock:WS2_sendto  -> 10 bytes
0009:trace:winsock:WS2_recv_base socket 0130, wsabuf 0x32f6e4, nbufs 1, flags 0, from 0x32f734, fromlen 16, ovl (nil), func (nil)
0009:trace:winsock:WS2_recv_base fd=42, options=20
0009:trace:winsock:WS2_recv_base  -> 16 bytes
0009:trace:winsock:WS2_recv_base socket 0130, wsabuf 0x32f6e4, nbufs 1, flags 0, from 0x32f734, fromlen 16, ovl (nil), func (nil)
0009:trace:winsock:WS2_recv_base fd=42, options=20
0009:trace:winsock:WS2_recv_base  -> 16 bytes
0009:trace:winsock:WS2_recv_base socket 0130, wsabuf 0x32f6e4, nbufs 1, flags 0, from 0x32f734, fromlen 16, ovl (nil), func (nil)
0009:trace:winsock:WS2_recv_base fd=42, options=20
0009:trace:winsock:WS2_recv_base  -> 10 bytes
0009:trace:winsock:WS2_sendto socket 0130, wsabuf 0x32f5e4, nbufs 1, flags 0, to 0x6cdb194, tolen 16, ovl (nil), func (nil)
0009:trace:winsock:WS2_sendto fd=42, options=20
0009:trace:winsock:WS2_sendto  -> 10 bytes
0009:trace:winsock:WS2_recv_base socket 0130, wsabuf 0x32f6e4, nbufs 1, flags 0, from 0x32f734, fromlen 16, ovl (nil), func (nil)
0009:trace:winsock:WS2_recv_base fd=42, options=20
0009:trace:winsock:WS2_recv_base  -> 10 bytes
0009:trace:winsock:WS2_sendto socket 0130, wsabuf 0x32f5e4, nbufs 1, flags 0, to 0x6cdb194, tolen 16, ovl (nil), func (nil)
0009:trace:winsock:WS2_sendto fd=42, options=20
0009:trace:winsock:WS2_sendto  -> 10 bytes
0009:trace:winsock:WS2_sendto socket 0130, wsabuf 0x32f964, nbufs 1, flags 0, to 0x6cdb194, tolen 16, ovl (nil), func (nil)
0009:trace:winsock:WS2_sendto fd=42, options=20
0009:trace:winsock:WS2_sendto  -> 16 bytes
0009:trace:winsock:WS2_sendto socket 0130, wsabuf 0x32f964, nbufs 1, flags 0, to 0x6cdb194, tolen 16, ovl (nil), func (nil)
0009:trace:winsock:WS2_sendto fd=42, options=20
0009:trace:winsock:WS2_sendto  -> 16 bytes
0009:trace:winsock:WS2_recv_base socket 0130, wsabuf 0x32f6e4, nbufs 1, flags 0, from 0x32f734, fromlen 16, ovl (nil), func (nil)
0009:trace:winsock:WS2_recv_base fd=42, options=20
0009:trace:winsock:WS2_recv_base  -> 10 bytes
0009:trace:winsock:WS2_sendto socket 0130, wsabuf 0x32f5e4, nbufs 1, flags 0, to 0x6cdb194, tolen 16, ovl (nil), func (nil)
0009:trace:winsock:WS2_sendto fd=42, options=20
0009:trace:winsock:WS2_sendto  -> 10 bytes
0009:trace:winsock:WS2_recv_base socket 0130, wsabuf 0x32f6e4, nbufs 1, flags 0, from 0x32f734, fromlen 16, ovl (nil), func (nil)
0009:trace:winsock:WS2_recv_base fd=42, options=20
0009:trace:winsock:WS2_recv_base  -> 10 bytes
0009:trace:winsock:WS2_recv_base socket 0130, wsabuf 0x32f6e4, nbufs 1, flags 0, from 0x32f734, fromlen 16, ovl (nil), func (nil)
0009:trace:winsock:WS2_recv_base fd=42, options=20
0009:trace:winsock:WS2_recv_base  -> 12 bytes
0009:trace:winsock:WS2_sendto socket 0130, wsabuf 0x32ef34, nbufs 1, flags 0, to 0x6cdb194, tolen 16, ovl (nil), func (nil)
0009:trace:winsock:WS2_sendto fd=42, options=20
0009:trace:winsock:WS2_sendto  -> 12 bytes
0009:trace:winsock:WS2_sendto socket 0130, wsabuf 0x32f9c4, nbufs 1, flags 0, to 0x6cdb194, tolen 16, ovl (nil), func (nil)
0009:trace:winsock:WS2_sendto fd=42, options=20
0009:trace:winsock:WS2_sendto  -> 12 bytes
0009:trace:winsock:WS2_sendto socket 0130, wsabuf 0x32f9c4, nbufs 1, flags 0, to 0x6cdb194, tolen 16, ovl (nil), func (nil)
0009:trace:winsock:WS2_sendto fd=42, options=20
0009:trace:winsock:WS2_sendto  -> 12 bytes
0009:trace:winsock:WS2_recv_base socket 0130, wsabuf 0x32f6e4, nbufs 1, flags 0, from 0x32f734, fromlen 16, ovl (nil), func (nil)
0009:trace:winsock:WS2_recv_base fd=42, options=20
0009:trace:winsock:WS2_recv_base  -> 12 bytes
0009:trace:winsock:WS2_sendto socket 0130, wsabuf 0x32f5e4, nbufs 1, flags 0, to 0x6cdb194, tolen 16, ovl (nil), func (nil)
0009:trace:winsock:WS2_sendto fd=42, options=20
0009:trace:winsock:WS2_sendto  -> 10 bytes
0009:trace:winsock:WS2_recv_base socket 0130, wsabuf 0x32f6e4, nbufs 1, flags 0, from 0x32f734, fromlen 16, ovl (nil), func (nil)
0009:trace:winsock:WS2_recv_base fd=42, options=20
0009:trace:winsock:WS2_recv_base  -> 12 bytes
0009:trace:winsock:WS2_recv_base socket 0130, wsabuf 0x32f6e4, nbufs 1, flags 0, from 0x32f734, fromlen 16, ovl (nil), func (nil)
0009:trace:winsock:WS2_recv_base fd=42, options=20
0009:trace:winsock:WS2_recv_base  -> 10 bytes
0009:trace:winsock:WS2_recv_base socket 0130, wsabuf 0x32f6e4, nbufs 1, flags 0, from 0x32f734, fromlen 16, ovl (nil), func (nil)
0009:trace:winsock:WS2_recv_base fd=42, options=20
0009:trace:winsock:WS2_recv_base  -> 12 bytes
0009:trace:winsock:WS2_sendto socket 0130, wsabuf 0x32ef34, nbufs 1, flags 0, to 0x6cdb194, tolen 16, ovl (nil), func (nil)
0009:trace:winsock:WS2_sendto fd=42, options=20
0009:trace:winsock:WS2_sendto  -> 12 bytes
0009:trace:winsock:WS2_sendto socket 0130, wsabuf 0x32f5e4, nbufs 1, flags 0, to 0x6cdb194, tolen 16, ovl (nil), func (nil)
0009:trace:winsock:WS2_sendto fd=42, options=20
0009:trace:winsock:WS2_sendto  -> 10 bytes
0009:trace:winsock:WS2_recv_base socket 0130, wsabuf 0x32f6e4, nbufs 1, flags 0, from 0x32f734, fromlen 16, ovl (nil), func (nil)
0009:trace:winsock:WS2_recv_base fd=42, options=20
0009:trace:winsock:WS2_recv_base  -> 10 bytes
0009:trace:winsock:WS2_sendto socket 0130, wsabuf 0x32f5e4, nbufs 1, flags 0, to 0x6cdb194, tolen 16, ovl (nil), func (nil)
0009:trace:winsock:WS2_sendto fd=42, options=20
0009:trace:winsock:WS2_sendto  -> 10 bytes
0009:trace:winsock:WS2_recv_base socket 0130, wsabuf 0x32f6e4, nbufs 1, flags 0, from 0x32f734, fromlen 16, ovl (nil), func (nil)
0009:trace:winsock:WS2_recv_base fd=42, options=20
0009:trace:winsock:WS2_recv_base  -> 25 bytes
0009:trace:winsock:WS2_recv_base socket 0130, wsabuf 0x32f6e4, nbufs 1, flags 0, from 0x32f734, fromlen 16, ovl (nil), func (nil)
0009:trace:winsock:WS2_recv_base fd=42, options=20
0009:trace:winsock:WS2_recv_base  -> 10 bytes
0009:trace:winsock:WS2_recv_base socket 0130, wsabuf 0x32f6e4, nbufs 1, flags 0, from 0x32f734, fromlen 16, ovl (nil), func (nil)
0009:trace:winsock:WS2_recv_base fd=42, options=20
0009:trace:winsock:WS2_recv_base  -> 16 bytes
0009:trace:winsock:WS2_recv_base socket 0130, wsabuf 0x32f6e4, nbufs 1, flags 0, from 0x32f734, fromlen 16, ovl (nil), func (nil)
0009:trace:winsock:WS2_recv_base fd=42, options=20
0009:trace:winsock:WS2_recv_base  -> 16 bytes
0009:trace:winsock:WS2_recv_base socket 0130, wsabuf 0x32f6e4, nbufs 1, flags 0, from 0x32f734, fromlen 16, ovl (nil), func (nil)
0009:trace:winsock:WS2_recv_base fd=42, options=20
0009:trace:winsock:WS2_recv_base  -> 10 bytes
0009:trace:winsock:WS2_sendto socket 0130, wsabuf 0x32f5e4, nbufs 1, flags 0, to 0x6cdb194, tolen 16, ovl (nil), func (nil)
0009:trace:winsock:WS2_sendto fd=42, options=20
0009:trace:winsock:WS2_sendto  -> 10 bytes
0009:trace:winsock:WS2_sendto socket 0130, wsabuf 0x32f5e4, nbufs 1, flags 0, to 0x6cdb194, tolen 16, ovl (nil), func (nil)
0009:trace:winsock:WS2_sendto fd=42, options=20
0009:trace:winsock:WS2_sendto  -> 10 bytes
0009:trace:winsock:WS2_sendto socket 0130, wsabuf 0x32f964, nbufs 1, flags 0, to 0x6cdb194, tolen 16, ovl (nil), func (nil)
0009:trace:winsock:WS2_sendto fd=42, options=20
0009:trace:winsock:WS2_sendto  -> 16 bytes
0009:trace:winsock:WS2_sendto socket 0130, wsabuf 0x32f964, nbufs 1, flags 0, to 0x6cdb194, tolen 16, ovl (nil), func (nil)
0009:trace:winsock:WS2_sendto fd=42, options=20
0009:trace:winsock:WS2_sendto  -> 16 bytes
0009:trace:winsock:WS2_recv_base socket 0130, wsabuf 0x32f6e4, nbufs 1, flags 0, from 0x32f734, fromlen 16, ovl (nil), func (nil)
0009:trace:winsock:WS2_recv_base fd=42, options=20
0009:trace:winsock:WS2_recv_base  -> 10 bytes
0009:trace:winsock:WS2_recv_base socket 0130, wsabuf 0x32f6e4, nbufs 1, flags 0, from 0x32f734, fromlen 16, ovl (nil), func (nil)
0009:trace:winsock:WS2_recv_base fd=42, options=20
0009:trace:winsock:WS2_recv_base  -> 21 bytes
0009:trace:winsock:WS2_recv_base socket 0130, wsabuf 0x32f6e4, nbufs 1, flags 0, from 0x32f734, fromlen 16, ovl (nil), func (nil)
0009:trace:winsock:WS2_recv_base fd=42, options=20
0009:trace:winsock:WS2_recv_base  -> 21 bytes
0009:trace:winsock:WS2_recv_base socket 0130, wsabuf 0x32f6e4, nbufs 1, flags 0, from 0x32f734, fromlen 16, ovl (nil), func (nil)
0009:trace:winsock:WS2_recv_base fd=42, options=20
0009:trace:winsock:WS2_recv_base  -> 21 bytes
0009:trace:winsock:WS2_recv_base socket 0130, wsabuf 0x32f6e4, nbufs 1, flags 0, from 0x32f734, fromlen 16, ovl (nil), func (nil)
0009:trace:winsock:WS2_recv_base fd=42, options=20
0009:trace:winsock:WS2_recv_base  -> 21 bytes
0009:trace:winsock:WS2_recv_base socket 0130, wsabuf 0x32f6e4, nbufs 1, flags 0, from 0x32f734, fromlen 16, ovl (nil), func (nil)
0009:trace:winsock:WS2_recv_base fd=42, options=20
0009:trace:winsock:WS2_recv_base  -> 21 bytes
0009:trace:winsock:WS2_recv_base socket 0130, wsabuf 0x32f6e4, nbufs 1, flags 0, from 0x32f734, fromlen 16, ovl (nil), func (nil)
0009:trace:winsock:WS2_recv_base fd=42, options=20
0009:trace:winsock:WS2_recv_base  -> 21 bytes
0009:trace:winsock:WS2_recv_base socket 0130, wsabuf 0x32f6e4, nbufs 1, flags 0, from 0x32f734, fromlen 16, ovl (nil), func (nil)
0009:trace:winsock:WS2_recv_base fd=42, options=20
0009:trace:winsock:WS2_recv_base  -> 21 bytes
0009:trace:winsock:WS2_recv_base socket 0130, wsabuf 0x32f6e4, nbufs 1, flags 0, from 0x32f734, fromlen 16, ovl (nil), func (nil)
0009:trace:winsock:WS2_recv_base fd=42, options=20
0009:trace:winsock:WS2_recv_base  -> 21 bytes
0009:trace:winsock:WS2_recv_base socket 0130, wsabuf 0x32f6e4, nbufs 1, flags 0, from 0x32f734, fromlen 16, ovl (nil), func (nil)
0009:trace:winsock:WS2_recv_base fd=42, options=20
0009:trace:winsock:WS2_recv_base  -> 21 bytes
0009:trace:winsock:WS2_recv_base socket 0130, wsabuf 0x32f6e4, nbufs 1, flags 0, from 0x32f734, fromlen 16, ovl (nil), func (nil)
0009:trace:winsock:WS2_recv_base fd=42, options=20
0009:trace:winsock:WS2_recv_base  -> 21 bytes
0009:trace:winsock:WS2_recv_base socket 0130, wsabuf 0x32f6e4, nbufs 1, flags 0, from 0x32f734, fromlen 16, ovl (nil), func (nil)
0009:trace:winsock:WS2_recv_base fd=42, options=20
0009:trace:winsock:WS2_recv_base  -> 21 bytes
0009:trace:winsock:WS2_recv_base socket 0130, wsabuf 0x32f6e4, nbufs 1, flags 0, from 0x32f734, fromlen 16, ovl (nil), func (nil)
0009:trace:winsock:WS2_recv_base fd=42, options=20
0009:trace:winsock:WS2_recv_base  -> 21 bytes
0009:trace:winsock:WS2_recv_base socket 0130, wsabuf 0x32f6e4, nbufs 1, flags 0, from 0x32f734, fromlen 16, ovl (nil), func (nil)
0009:trace:winsock:WS2_recv_base fd=42, options=20
0009:trace:winsock:WS2_recv_base  -> 21 bytes
0009:trace:winsock:WS2_recv_base socket 0130, wsabuf 0x32f6e4, nbufs 1, flags 0, from 0x32f734, fromlen 16, ovl (nil), func (nil)
0009:trace:winsock:WS2_recv_base fd=42, options=20
0009:trace:winsock:WS2_recv_base  -> 21 bytes
0009:trace:winsock:WS2_recv_base socket 0130, wsabuf 0x32f6e4, nbufs 1, flags 0, from 0x32f734, fromlen 16, ovl (nil), func (nil)
0009:trace:winsock:WS2_recv_base fd=42, options=20
0009:trace:winsock:WS2_recv_base  -> 21 bytes
0009:trace:winsock:WS2_recv_base socket 0130, wsabuf 0x32f6e4, nbufs 1, flags 0, from 0x32f734, fromlen 16, ovl (nil), func (nil)
0009:trace:winsock:WS2_recv_base fd=42, options=20
0009:trace:winsock:WS2_recv_base  -> 21 bytes
0009:trace:winsock:WS2_sendto socket 0130, wsabuf 0x32f5e4, nbufs 1, flags 0, to 0x6cdb194, tolen 16, ovl (nil), func (nil)
0009:trace:winsock:WS2_sendto fd=42, options=20
0009:trace:winsock:WS2_sendto  -> 10 bytes
0009:trace:winsock:WS2_recv_base socket 0130, wsabuf 0x32f6e4, nbufs 1, flags 0, from 0x32f734, fromlen 16, ovl (nil), func (nil)
0009:trace:winsock:WS2_recv_base fd=42, options=20
0009:trace:winsock:WS2_recv_base  -> 21 bytes
0009:trace:winsock:WS2_recv_base socket 0130, wsabuf 0x32f6e4, nbufs 1, flags 0, from 0x32f734, fromlen 16, ovl (nil), func (nil)
0009:trace:winsock:WS2_recv_base fd=42, options=20
0009:trace:winsock:WS2_recv_base  -> 21 bytes
0009:trace:winsock:WS2_recv_base socket 0130, wsabuf 0x32f6e4, nbufs 1, flags 0, from 0x32f734, fromlen 16, ovl (nil), func (nil)
0009:trace:winsock:WS2_recv_base fd=42, options=20
0009:trace:winsock:WS2_recv_base  -> 21 bytes
0009:trace:winsock:WS2_recv_base socket 0130, wsabuf 0x32f6e4, nbufs 1, flags 0, from 0x32f734, fromlen 16, ovl (nil), func (nil)
0009:trace:winsock:WS2_recv_base fd=42, options=20
0009:trace:winsock:WS2_recv_base  -> 21 bytes
0009:trace:winsock:WS2_recv_base socket 0130, wsabuf 0x32f6e4, nbufs 1, flags 0, from 0x32f734, fromlen 16, ovl (nil), func (nil)
0009:trace:winsock:WS2_recv_base fd=42, options=20
0009:trace:winsock:WS2_recv_base  -> 21 bytes
0009:trace:winsock:WS2_recv_base socket 0130, wsabuf 0x32f6e4, nbufs 1, flags 0, from 0x32f734, fromlen 16, ovl (nil), func (nil)
0009:trace:winsock:WS2_recv_base fd=42, options=20
0009:trace:winsock:WS2_recv_base  -> 21 bytes
0009:trace:winsock:WS2_recv_base socket 0130, wsabuf 0x32f6e4, nbufs 1, flags 0, from 0x32f734, fromlen 16, ovl (nil), func (nil)
0009:trace:winsock:WS2_recv_base fd=42, options=20
0009:trace:winsock:WS2_recv_base  -> 21 bytes
0009:trace:winsock:WS2_recv_base socket 0130, wsabuf 0x32f6e4, nbufs 1, flags 0, from 0x32f734, fromlen 16, ovl (nil), func (nil)
0009:trace:winsock:WS2_recv_base fd=42, options=20
0009:trace:winsock:WS2_recv_base  -> 21 bytes
0009:trace:winsock:WS2_recv_base socket 0130, wsabuf 0x32f6e4, nbufs 1, flags 0, from 0x32f734, fromlen 16, ovl (nil), func (nil)
0009:trace:winsock:WS2_recv_base fd=42, options=20
0009:trace:winsock:WS2_recv_base  -> 21 bytes
0009:trace:winsock:WS2_recv_base socket 0130, wsabuf 0x32f6e4, nbufs 1, flags 0, from 0x32f734, fromlen 16, ovl (nil), func (nil)
0009:trace:winsock:WS2_recv_base fd=42, options=20
0009:trace:winsock:WS2_recv_base  -> 21 bytes
0009:trace:winsock:WS2_recv_base socket 0130, wsabuf 0x32f6e4, nbufs 1, flags 0, from 0x32f734, fromlen 16, ovl (nil), func (nil)
0009:trace:winsock:WS2_recv_base fd=42, options=20
0009:trace:winsock:WS2_recv_base  -> 21 bytes
0009:trace:winsock:WS2_recv_base socket 0130, wsabuf 0x32f6e4, nbufs 1, flags 0, from 0x32f734, fromlen 16, ovl (nil), func (nil)
0009:trace:winsock:WS2_recv_base fd=42, options=20
0009:trace:winsock:WS2_recv_base  -> 21 bytes
0009:trace:winsock:WS2_recv_base socket 0130, wsabuf 0x32f6e4, nbufs 1, flags 0, from 0x32f734, fromlen 16, ovl (nil), func (nil)
0009:trace:winsock:WS2_recv_base fd=42, options=20
0009:trace:winsock:WS2_recv_base  -> 21 bytes
0009:trace:winsock:WS2_recv_base socket 0130, wsabuf 0x32f6e4, nbufs 1, flags 0, from 0x32f734, fromlen 16, ovl (nil), func (nil)
0009:trace:winsock:WS2_recv_base fd=42, options=20
0009:trace:winsock:WS2_recv_base  -> 10 bytes
0009:trace:winsock:WS2_recv_base socket 0130, wsabuf 0x32f6e4, nbufs 1, flags 0, from 0x32f734, fromlen 16, ovl (nil), func (nil)
0009:trace:winsock:WS2_recv_base fd=42, options=20
0009:trace:winsock:WS2_recv_base  -> 21 bytes
0009:trace:winsock:WS2_recv_base socket 0130, wsabuf 0x32f6e4, nbufs 1, flags 0, from 0x32f734, fromlen 16, ovl (nil), func (nil)
0009:trace:winsock:WS2_recv_base fd=42, options=20
0009:trace:winsock:WS2_recv_base  -> 21 bytes
0009:trace:winsock:WS2_recv_base socket 0130, wsabuf 0x32f6e4, nbufs 1, flags 0, from 0x32f734, fromlen 16, ovl (nil), func (nil)
0009:trace:winsock:WS2_recv_base fd=42, options=20
0009:trace:winsock:WS2_recv_base  -> 21 bytes
0009:trace:winsock:WS2_recv_base socket 0130, wsabuf 0x32f6e4, nbufs 1, flags 0, from 0x32f734, fromlen 16, ovl (nil), func (nil)
0009:trace:winsock:WS2_recv_base fd=42, options=20
0009:trace:winsock:WS2_recv_base  -> 20 bytes
0009:trace:winsock:WS2_recv_base socket 0130, wsabuf 0x32f6e4, nbufs 1, flags 0, from 0x32f734, fromlen 16, ovl (nil), func (nil)
0009:trace:winsock:WS2_recv_base fd=42, options=20
0009:trace:winsock:WS2_recv_base  -> 23 bytes
0009:trace:winsock:WS2_sendto socket 0130, wsabuf 0x32f5e4, nbufs 1, flags 0, to 0x6cdb194, tolen 16, ovl (nil), func (nil)
0009:trace:winsock:WS2_sendto fd=42, options=20
0009:trace:winsock:WS2_sendto  -> 10 bytes
0009:trace:winsock:WS2_recv_base socket 0130, wsabuf 0x32f6e4, nbufs 1, flags 0, from 0x32f734, fromlen 16, ovl (nil), func (nil)
0009:trace:winsock:WS2_recv_base fd=42, options=20
0009:trace:winsock:WS2_recv_base  -> 10 bytes
0009:trace:winsock:WS2_sendto socket 0130, wsabuf 0x32f5e4, nbufs 1, flags 0, to 0x6cdb194, tolen 16, ovl (nil), func (nil)
0009:trace:winsock:WS2_sendto fd=42, options=20
0009:trace:winsock:WS2_sendto  -> 10 bytes
0009:trace:winsock:WS2_recv_base socket 0130, wsabuf 0x32f6e4, nbufs 1, flags 0, from 0x32f734, fromlen 16, ovl (nil), func (nil)
0009:trace:winsock:WS2_recv_base fd=42, options=20
0009:trace:winsock:WS2_recv_base  -> 10 bytes
0009:trace:winsock:WS2_recv_base socket 0130, wsabuf 0x32f6e4, nbufs 1, flags 0, from 0x32f734, fromlen 16, ovl (nil), func (nil)
0009:trace:winsock:WS2_recv_base fd=42, options=20
0009:trace:winsock:WS2_recv_base  -> 12 bytes
0009:trace:winsock:WS2_sendto socket 0130, wsabuf 0x32ef34, nbufs 1, flags 0, to 0x6cdb194, tolen 16, ovl (nil), func (nil)
0009:trace:winsock:WS2_sendto fd=42, options=20
0009:trace:winsock:WS2_sendto  -> 12 bytes
0009:trace:winsock:WS2_sendto socket 0130, wsabuf 0x32f9c4, nbufs 1, flags 0, to 0x6cdb194, tolen 16, ovl (nil), func (nil)
0009:trace:winsock:WS2_sendto fd=42, options=20
0009:trace:winsock:WS2_sendto  -> 12 bytes
0009:trace:winsock:WS2_sendto socket 0130, wsabuf 0x32f9c4, nbufs 1, flags 0, to 0x6cdb194, tolen 16, ovl (nil), func (nil)
0009:trace:winsock:WS2_sendto fd=42, options=20
0009:trace:winsock:WS2_sendto  -> 12 bytes
0009:trace:winsock:WS2_sendto socket 0130, wsabuf 0x32f5e4, nbufs 1, flags 0, to 0x6cdb194, tolen 16, ovl (nil), func (nil)
0009:trace:winsock:WS2_sendto fd=42, options=20
0009:trace:winsock:WS2_sendto  -> 10 bytes
0009:trace:winsock:WS2_recv_base socket 0130, wsabuf 0x32f6e4, nbufs 1, flags 0, from 0x32f734, fromlen 16, ovl (nil), func (nil)
0009:trace:winsock:WS2_recv_base fd=42, options=20
0009:trace:winsock:WS2_recv_base  -> 12 bytes
0009:trace:winsock:WS2_recv_base socket 0130, wsabuf 0x32f6e4, nbufs 1, flags 0, from 0x32f734, fromlen 16, ovl (nil), func (nil)
0009:trace:winsock:WS2_recv_base fd=42, options=20
0009:trace:winsock:WS2_recv_base  -> 12 bytes
0009:trace:winsock:WS2_recv_base socket 0130, wsabuf 0x32f6e4, nbufs 1, flags 0, from 0x32f734, fromlen 16, ovl (nil), func (nil)
0009:trace:winsock:WS2_recv_base fd=42, options=20
0009:trace:winsock:WS2_recv_base  -> 10 bytes
0009:trace:winsock:WS2_recv_base socket 0130, wsabuf 0x32f6e4, nbufs 1, flags 0, from 0x32f734, fromlen 16, ovl (nil), func (nil)
0009:trace:winsock:WS2_recv_base fd=42, options=20
0009:trace:winsock:WS2_recv_base  -> 12 bytes
0009:trace:winsock:WS2_sendto socket 0130, wsabuf 0x32ef34, nbufs 1, flags 0, to 0x6cdb194, tolen 16, ovl (nil), func (nil)
0009:trace:winsock:WS2_sendto fd=42, options=20
0009:trace:winsock:WS2_sendto  -> 12 bytes
0009:trace:winsock:WS2_sendto socket 0130, wsabuf 0x32f5e4, nbufs 1, flags 0, to 0x6cdb194, tolen 16, ovl (nil), func (nil)
0009:trace:winsock:WS2_sendto fd=42, options=20
0009:trace:winsock:WS2_sendto  -> 10 bytes
0009:trace:winsock:WS2_recv_base socket 0130, wsabuf 0x32f6e4, nbufs 1, flags 0, from 0x32f734, fromlen 16, ovl (nil), func (nil)
0009:trace:winsock:WS2_recv_base fd=42, options=20
0009:trace:winsock:WS2_recv_base  -> 16 bytes
0009:trace:winsock:WS2_recv_base socket 0130, wsabuf 0x32f6e4, nbufs 1, flags 0, from 0x32f734, fromlen 16, ovl (nil), func (nil)
0009:trace:winsock:WS2_recv_base fd=42, options=20
0009:trace:winsock:WS2_recv_base  -> 10 bytes
0009:trace:winsock:WS2_recv_base socket 0130, wsabuf 0x32f6e4, nbufs 1, flags 0, from 0x32f734, fromlen 16, ovl (nil), func (nil)
0009:trace:winsock:WS2_recv_base fd=42, options=20
0009:trace:winsock:WS2_recv_base  -> 16 bytes
0009:trace:winsock:WS2_sendto socket 0130, wsabuf 0x32f5e4, nbufs 1, flags 0, to 0x6cdb194, tolen 16, ovl (nil), func (nil)
0009:trace:winsock:WS2_sendto fd=42, options=20
0009:trace:winsock:WS2_sendto  -> 10 bytes
0009:trace:winsock:WS2_recv_base socket 0130, wsabuf 0x32f6e4, nbufs 1, flags 0, from 0x32f734, fromlen 16, ovl (nil), func (nil)
0009:trace:winsock:WS2_recv_base fd=42, options=20
0009:trace:winsock:WS2_recv_base  -> 25 bytes
0009:trace:winsock:WS2_sendto socket 0130, wsabuf 0x32f964, nbufs 1, flags 0, to 0x6cdb194, tolen 16, ovl (nil), func (nil)
0009:trace:winsock:WS2_sendto fd=42, options=20
0009:trace:winsock:WS2_sendto  -> 16 bytes
0009:trace:winsock:WS2_sendto socket 0130, wsabuf 0x32f964, nbufs 1, flags 0, to 0x6cdb194, tolen 16, ovl (nil), func (nil)
0009:trace:winsock:WS2_sendto fd=42, options=20
0009:trace:winsock:WS2_sendto  -> 16 bytes
0009:trace:winsock:WS2_recv_base socket 0130, wsabuf 0x32f6e4, nbufs 1, flags 0, from 0x32f734, fromlen 16, ovl (nil), func (nil)
0009:trace:winsock:WS2_recv_base fd=42, options=20
0009:trace:winsock:WS2_recv_base  -> 10 bytes
0009:trace:winsock:WS2_sendto socket 0130, wsabuf 0x32f5e4, nbufs 1, flags 0, to 0x6cdb194, tolen 16, ovl (nil), func (nil)
0009:trace:winsock:WS2_sendto fd=42, options=20
0009:trace:winsock:WS2_sendto  -> 10 bytes
0009:trace:winsock:WS2_recv_base socket 0130, wsabuf 0x32f6e4, nbufs 1, flags 0, from 0x32f734, fromlen 16, ovl (nil), func (nil)
0009:trace:winsock:WS2_recv_base fd=42, options=20
0009:trace:winsock:WS2_recv_base  -> 10 bytes
0009:trace:winsock:WS2_recv_base socket 0130, wsabuf 0x32f6e4, nbufs 1, flags 0, from 0x32f734, fromlen 16, ovl (nil), func (nil)
0009:trace:winsock:WS2_recv_base fd=42, options=20
0009:trace:winsock:WS2_recv_base  -> 21 bytes
0009:trace:winsock:WS2_recv_base socket 0130, wsabuf 0x32f6e4, nbufs 1, flags 0, from 0x32f734, fromlen 16, ovl (nil), func (nil)
0009:trace:winsock:WS2_recv_base fd=42, options=20
0009:trace:winsock:WS2_recv_base  -> 21 bytes
0009:trace:winsock:WS2_recv_base socket 0130, wsabuf 0x32f6e4, nbufs 1, flags 0, from 0x32f734, fromlen 16, ovl (nil), func (nil)
0009:trace:winsock:WS2_recv_base fd=42, options=20
0009:trace:winsock:WS2_recv_base  -> 21 bytes
0009:trace:winsock:WS2_recv_base socket 0130, wsabuf 0x32f6e4, nbufs 1, flags 0, from 0x32f734, fromlen 16, ovl (nil), func (nil)
0009:trace:winsock:WS2_recv_base fd=42, options=20
0009:trace:winsock:WS2_recv_base  -> 21 bytes
0009:trace:winsock:WS2_recv_base socket 0130, wsabuf 0x32f6e4, nbufs 1, flags 0, from 0x32f734, fromlen 16, ovl (nil), func (nil)
0009:trace:winsock:WS2_recv_base fd=42, options=20
0009:trace:winsock:WS2_recv_base  -> 21 bytes
0009:trace:winsock:WS2_recv_base socket 0130, wsabuf 0x32f6e4, nbufs 1, flags 0, from 0x32f734, fromlen 16, ovl (nil), func (nil)
0009:trace:winsock:WS2_recv_base fd=42, options=20
0009:trace:winsock:WS2_recv_base  -> 21 bytes
0009:trace:winsock:WS2_recv_base socket 0130, wsabuf 0x32f6e4, nbufs 1, flags 0, from 0x32f734, fromlen 16, ovl (nil), func (nil)
0009:trace:winsock:WS2_recv_base fd=42, options=20
0009:trace:winsock:WS2_recv_base  -> 21 bytes
0009:trace:winsock:WS2_recv_base socket 0130, wsabuf 0x32f6e4, nbufs 1, flags 0, from 0x32f734, fromlen 16, ovl (nil), func (nil)
0009:trace:winsock:WS2_recv_base fd=42, options=20
0009:trace:winsock:WS2_recv_base  -> 21 bytes
0009:trace:winsock:WS2_recv_base socket 0130, wsabuf 0x32f6e4, nbufs 1, flags 0, from 0x32f734, fromlen 16, ovl (nil), func (nil)
0009:trace:winsock:WS2_recv_base fd=42, options=20
0009:trace:winsock:WS2_recv_base  -> 21 bytes
0009:trace:winsock:WS2_recv_base socket 0130, wsabuf 0x32f6e4, nbufs 1, flags 0, from 0x32f734, fromlen 16, ovl (nil), func (nil)
0009:trace:winsock:WS2_recv_base fd=42, options=20
0009:trace:winsock:WS2_recv_base  -> 21 bytes
0009:trace:winsock:WS2_recv_base socket 0130, wsabuf 0x32f6e4, nbufs 1, flags 0, from 0x32f734, fromlen 16, ovl (nil), func (nil)
0009:trace:winsock:WS2_recv_base fd=42, options=20
0009:trace:winsock:WS2_recv_base  -> 21 bytes
0009:trace:winsock:WS2_recv_base socket 0130, wsabuf 0x32f6e4, nbufs 1, flags 0, from 0x32f734, fromlen 16, ovl (nil), func (nil)
0009:trace:winsock:WS2_recv_base fd=42, options=20
0009:trace:winsock:WS2_recv_base  -> 21 bytes
0009:trace:winsock:WS2_recv_base socket 0130, wsabuf 0x32f6e4, nbufs 1, flags 0, from 0x32f734, fromlen 16, ovl (nil), func (nil)
0009:trace:winsock:WS2_recv_base fd=42, options=20
0009:trace:winsock:WS2_recv_base  -> 21 bytes
0009:trace:winsock:WS2_recv_base socket 0130, wsabuf 0x32f6e4, nbufs 1, flags 0, from 0x32f734, fromlen 16, ovl (nil), func (nil)
0009:trace:winsock:WS2_recv_base fd=42, options=20
0009:trace:winsock:WS2_recv_base  -> 21 bytes
0009:trace:winsock:WS2_recv_base socket 0130, wsabuf 0x32f6e4, nbufs 1, flags 0, from 0x32f734, fromlen 16, ovl (nil), func (nil)
0009:trace:winsock:WS2_recv_base fd=42, options=20
0009:trace:winsock:WS2_recv_base  -> 21 bytes
0009:trace:winsock:WS2_recv_base socket 0130, wsabuf 0x32f6e4, nbufs 1, flags 0, from 0x32f734, fromlen 16, ovl (nil), func (nil)
0009:trace:winsock:WS2_recv_base fd=42, options=20
0009:trace:winsock:WS2_recv_base  -> 21 bytes
0009:trace:winsock:WS2_recv_base socket 0130, wsabuf 0x32f6e4, nbufs 1, flags 0, from 0x32f734, fromlen 16, ovl (nil), func (nil)
0009:trace:winsock:WS2_recv_base fd=42, options=20
0009:trace:winsock:WS2_recv_base  -> 21 bytes
0009:trace:winsock:WS2_recv_base socket 0130, wsabuf 0x32f6e4, nbufs 1, flags 0, from 0x32f734, fromlen 16, ovl (nil), func (nil)
0009:trace:winsock:WS2_recv_base fd=42, options=20
0009:trace:winsock:WS2_recv_base  -> 21 bytes
0009:trace:winsock:WS2_recv_base socket 0130, wsabuf 0x32f6e4, nbufs 1, flags 0, from 0x32f734, fromlen 16, ovl (nil), func (nil)
0009:trace:winsock:WS2_recv_base fd=42, options=20
0009:trace:winsock:WS2_recv_base  -> 21 bytes
0009:trace:winsock:WS2_recv_base socket 0130, wsabuf 0x32f6e4, nbufs 1, flags 0, from 0x32f734, fromlen 16, ovl (nil), func (nil)
0009:trace:winsock:WS2_recv_base fd=42, options=20
0009:trace:winsock:WS2_recv_base  -> 21 bytes
0009:trace:winsock:WS2_recv_base socket 0130, wsabuf 0x32f6e4, nbufs 1, flags 0, from 0x32f734, fromlen 16, ovl (nil), func (nil)
0009:trace:winsock:WS2_recv_base fd=42, options=20
0009:trace:winsock:WS2_recv_base  -> 21 bytes
0009:trace:winsock:WS2_recv_base socket 0130, wsabuf 0x32f6e4, nbufs 1, flags 0, from 0x32f734, fromlen 16, ovl (nil), func (nil)
0009:trace:winsock:WS2_recv_base fd=42, options=20
0009:trace:winsock:WS2_recv_base  -> 21 bytes
0009:trace:winsock:WS2_recv_base socket 0130, wsabuf 0x32f6e4, nbufs 1, flags 0, from 0x32f734, fromlen 16, ovl (nil), func (nil)
0009:trace:winsock:WS2_recv_base fd=42, options=20
0009:trace:winsock:WS2_recv_base  -> 21 bytes
0009:trace:winsock:WS2_recv_base socket 0130, wsabuf 0x32f6e4, nbufs 1, flags 0, from 0x32f734, fromlen 16, ovl (nil), func (nil)
0009:trace:winsock:WS2_recv_base fd=42, options=20
0009:trace:winsock:WS2_recv_base  -> 21 bytes
0009:trace:winsock:WS2_recv_base socket 0130, wsabuf 0x32f6e4, nbufs 1, flags 0, from 0x32f734, fromlen 16, ovl (nil), func (nil)
0009:trace:winsock:WS2_recv_base fd=42, options=20
0009:trace:winsock:WS2_recv_base  -> 21 bytes
0009:trace:winsock:WS2_recv_base socket 0130, wsabuf 0x32f6e4, nbufs 1, flags 0, from 0x32f734, fromlen 16, ovl (nil), func (nil)
0009:trace:winsock:WS2_recv_base fd=42, options=20
0009:trace:winsock:WS2_recv_base  -> 21 bytes
0009:trace:winsock:WS2_recv_base socket 0130, wsabuf 0x32f6e4, nbufs 1, flags 0, from 0x32f734, fromlen 16, ovl (nil), func (nil)
0009:trace:winsock:WS2_recv_base fd=42, options=20
0009:trace:winsock:WS2_recv_base  -> 21 bytes
0009:trace:winsock:WS2_recv_base socket 0130, wsabuf 0x32f6e4, nbufs 1, flags 0, from 0x32f734, fromlen 16, ovl (nil), func (nil)
0009:trace:winsock:WS2_recv_base fd=42, options=20
0009:trace:winsock:WS2_recv_base  -> 21 bytes
0009:trace:winsock:WS2_recv_base socket 0130, wsabuf 0x32f6e4, nbufs 1, flags 0, from 0x32f734, fromlen 16, ovl (nil), func (nil)
0009:trace:winsock:WS2_recv_base fd=42, options=20
0009:trace:winsock:WS2_recv_base  -> 21 bytes
0009:trace:winsock:WS2_recv_base socket 0130, wsabuf 0x32f6e4, nbufs 1, flags 0, from 0x32f734, fromlen 16, ovl (nil), func (nil)
0009:trace:winsock:WS2_recv_base fd=42, options=20
0009:trace:winsock:WS2_recv_base  -> 21 bytes
0009:trace:winsock:WS2_recv_base socket 0130, wsabuf 0x32f6e4, nbufs 1, flags 0, from 0x32f734, fromlen 16, ovl (nil), func (nil)
0009:trace:winsock:WS2_recv_base fd=42, options=20
0009:trace:winsock:WS2_recv_base  -> 21 bytes
0009:trace:winsock:WS2_recv_base socket 0130, wsabuf 0x32f6e4, nbufs 1, flags 0, from 0x32f734, fromlen 16, ovl (nil), func (nil)
0009:trace:winsock:WS2_recv_base fd=42, options=20
0009:trace:winsock:WS2_recv_base  -> 21 bytes
0009:trace:winsock:WS2_recv_base socket 0130, wsabuf 0x32f6e4, nbufs 1, flags 0, from 0x32f734, fromlen 16, ovl (nil), func (nil)
0009:trace:winsock:WS2_recv_base fd=42, options=20
0009:trace:winsock:WS2_recv_base  -> 20 bytes
0009:trace:winsock:WS2_recv_base socket 0130, wsabuf 0x32f6e4, nbufs 1, flags 0, from 0x32f734, fromlen 16, ovl (nil), func (nil)
0009:trace:winsock:WS2_recv_base fd=42, options=20
0009:trace:winsock:WS2_recv_base  -> 23 bytes
0009:trace:winsock:WS2_sendto socket 0130, wsabuf 0x32f5e4, nbufs 1, flags 0, to 0x6cdb194, tolen 16, ovl (nil), func (nil)
0009:trace:winsock:WS2_sendto fd=42, options=20
0009:trace:winsock:WS2_sendto  -> 10 bytes
0009:trace:winsock:WS2_recv_base socket 0130, wsabuf 0x32f6e4, nbufs 1, flags 0, from 0x32f734, fromlen 16, ovl (nil), func (nil)
0009:trace:winsock:WS2_recv_base fd=42, options=20
0009:trace:winsock:WS2_recv_base  -> 10 bytes
0009:trace:winsock:WS2_recv_base socket 0130, wsabuf 0x32f6e4, nbufs 1, flags 0, from 0x32f734, fromlen 16, ovl (nil), func (nil)
0009:trace:winsock:WS2_recv_base fd=42, options=20
0009:trace:winsock:WS2_recv_base  -> 10 bytes
0009:trace:winsock:WS2_recv_base socket 0130, wsabuf 0x32f6e4, nbufs 1, flags 0, from 0x32f734, fromlen 16, ovl (nil), func (nil)
0009:trace:winsock:WS2_recv_base fd=42, options=20
0009:trace:winsock:WS2_recv_base  -> 10 bytes
0009:trace:winsock:WS2_recv_base socket 0130, wsabuf 0x32f6e4, nbufs 1, flags 0, from 0x32f734, fromlen 16, ovl (nil), func (nil)
0009:trace:winsock:WS2_recv_base fd=42, options=20
0009:trace:winsock:WS2_recv_base  -> 16 bytes
0009:trace:winsock:WS2_recv_base socket 0130, wsabuf 0x32f6e4, nbufs 1, flags 0, from 0x32f734, fromlen 16, ovl (nil), func (nil)
0009:trace:winsock:WS2_recv_base fd=42, options=20
0009:trace:winsock:WS2_recv_base  -> 10 bytes
0009:trace:winsock:WS2_recv_base socket 0130, wsabuf 0x32f6e4, nbufs 1, flags 0, from 0x32f734, fromlen 16, ovl (nil), func (nil)
0009:trace:winsock:WS2_recv_base fd=42, options=20
0009:trace:winsock:WS2_recv_base  -> 12 bytes
0009:trace:winsock:WS2_sendto socket 0130, wsabuf 0x32ef34, nbufs 1, flags 0, to 0x6cdb194, tolen 16, ovl (nil), func (nil)
0009:trace:winsock:WS2_sendto fd=42, options=20
0009:trace:winsock:WS2_sendto  -> 12 bytes
0009:trace:winsock:WS2_recv_base socket 0130, wsabuf 0x32f6e4, nbufs 1, flags 0, from 0x32f734, fromlen 16, ovl (nil), func (nil)
0009:trace:winsock:WS2_recv_base fd=42, options=20
0009:trace:winsock:WS2_recv_base  -> 25 bytes
0009:trace:winsock:WS2_recv_base socket 0130, wsabuf 0x32f6e4, nbufs 1, flags 0, from 0x32f734, fromlen 16, ovl (nil), func (nil)
0009:trace:winsock:WS2_recv_base fd=42, options=20
0009:trace:winsock:WS2_recv_base  -> 10 bytes
0009:trace:winsock:WS2_recv_base socket 0130, wsabuf 0x32f6e4, nbufs 1, flags 0, from 0x32f734, fromlen 16, ovl (nil), func (nil)
0009:trace:winsock:WS2_recv_base fd=42, options=20
0009:trace:winsock:WS2_recv_base  -> 10 bytes
0009:trace:winsock:WS2_sendto socket 0130, wsabuf 0x32f5e4, nbufs 1, flags 0, to 0x6cdb194, tolen 16, ovl (nil), func (nil)
0009:trace:winsock:WS2_sendto fd=42, options=20
0009:trace:winsock:WS2_sendto  -> 10 bytes
0009:trace:winsock:WS2_sendto socket 0130, wsabuf 0x32f5e4, nbufs 1, flags 0, to 0x6cdb194, tolen 16, ovl (nil), func (nil)
0009:trace:winsock:WS2_sendto fd=42, options=20
0009:trace:winsock:WS2_sendto  -> 10 bytes
0009:trace:winsock:WS2_sendto socket 0130, wsabuf 0x32f9c4, nbufs 1, flags 0, to 0x6cdb194, tolen 16, ovl (nil), func (nil)
0009:trace:winsock:WS2_sendto fd=42, options=20
0009:trace:winsock:WS2_sendto  -> 12 bytes
0009:trace:winsock:WS2_sendto socket 0130, wsabuf 0x32f9c4, nbufs 1, flags 0, to 0x6cdb194, tolen 16, ovl (nil), func (nil)
0009:trace:winsock:WS2_sendto fd=42, options=20
0009:trace:winsock:WS2_sendto  -> 12 bytes
0009:trace:winsock:WS2_recv_base socket 0130, wsabuf 0x32f6e4, nbufs 1, flags 0, from 0x32f734, fromlen 16, ovl (nil), func (nil)
0009:trace:winsock:WS2_recv_base fd=42, options=20
0009:trace:winsock:WS2_recv_base  -> 12 bytes
0009:trace:winsock:WS2_recv_base socket 0130, wsabuf 0x32f6e4, nbufs 1, flags 0, from 0x32f734, fromlen 16, ovl (nil), func (nil)
0009:trace:winsock:WS2_recv_base fd=42, options=20
0009:trace:winsock:WS2_recv_base  -> 12 bytes
0009:trace:winsock:WS2_recv_base socket 0130, wsabuf 0x32f6e4, nbufs 1, flags 0, from 0x32f734, fromlen 16, ovl (nil), func (nil)
0009:trace:winsock:WS2_recv_base fd=42, options=20
0009:trace:winsock:WS2_recv_base  -> 10 bytes
0009:trace:winsock:WS2_recv_base socket 0130, wsabuf 0x32f6e4, nbufs 1, flags 0, from 0x32f734, fromlen 16, ovl (nil), func (nil)
0009:trace:winsock:WS2_recv_base fd=42, options=20
0009:trace:winsock:WS2_recv_base  -> 16 bytes
0009:trace:winsock:WS2_recv_base socket 0130, wsabuf 0x32f6e4, nbufs 1, flags 0, from 0x32f734, fromlen 16, ovl (nil), func (nil)
0009:trace:winsock:WS2_recv_base fd=42, options=20
0009:trace:winsock:WS2_recv_base  -> 12 bytes
0009:trace:winsock:WS2_sendto socket 0130, wsabuf 0x32ef34, nbufs 1, flags 0, to 0x6cdb194, tolen 16, ovl (nil), func (nil)
0009:trace:winsock:WS2_sendto fd=42, options=20
0009:trace:winsock:WS2_sendto  -> 12 bytes
0009:trace:winsock:WS2_recv_base socket 0130, wsabuf 0x32f6e4, nbufs 1, flags 0, from 0x32f734, fromlen 16, ovl (nil), func (nil)
0009:trace:winsock:WS2_recv_base fd=42, options=20
0009:trace:winsock:WS2_recv_base  -> 10 bytes
0009:trace:winsock:WS2_recv_base socket 0130, wsabuf 0x32f6e4, nbufs 1, flags 0, from 0x32f734, fromlen 16, ovl (nil), func (nil)
0009:trace:winsock:WS2_recv_base fd=42, options=20
0009:trace:winsock:WS2_recv_base  -> 10 bytes
0009:trace:winsock:WS2_recv_base socket 0130, wsabuf 0x32f6e4, nbufs 1, flags 0, from 0x32f734, fromlen 16, ovl (nil), func (nil)
0009:trace:winsock:WS2_recv_base fd=42, options=20
0009:trace:winsock:WS2_recv_base  -> 12 bytes
0009:trace:winsock:WS2_sendto socket 0130, wsabuf 0x32ef34, nbufs 1, flags 0, to 0x6cdb194, tolen 16, ovl (nil), func (nil)
0009:trace:winsock:WS2_sendto fd=42, options=20
0009:trace:winsock:WS2_sendto  -> 12 bytes
0009:trace:winsock:WS2_recv_base socket 0130, wsabuf 0x32f6e4, nbufs 1, flags 0, from 0x32f734, fromlen 16, ovl (nil), func (nil)
0009:trace:winsock:WS2_recv_base fd=42, options=20
0009:trace:winsock:WS2_recv_base  -> 25 bytes
0009:trace:winsock:WS2_recv_base socket 0130, wsabuf 0x32f6e4, nbufs 1, flags 0, from 0x32f734, fromlen 16, ovl (nil), func (nil)
0009:trace:winsock:WS2_recv_base fd=42, options=20
0009:trace:winsock:WS2_recv_base  -> 10 bytes
0009:trace:winsock:WS2_sendto socket 0130, wsabuf 0x32f5e4, nbufs 1, flags 0, to 0x6cdb194, tolen 16, ovl (nil), func (nil)
0009:trace:winsock:WS2_sendto fd=42, options=20
0009:trace:winsock:WS2_sendto  -> 10 bytes
0009:trace:winsock:WS2_sendto socket 0130, wsabuf 0x32f5e4, nbufs 1, flags 0, to 0x6cdb194, tolen 16, ovl (nil), func (nil)
0009:trace:winsock:WS2_sendto fd=42, options=20
0009:trace:winsock:WS2_sendto  -> 10 bytes
0009:trace:winsock:WS2_sendto socket 0130, wsabuf 0x32f964, nbufs 1, flags 0, to 0x6cdb194, tolen 16, ovl (nil), func (nil)
0009:trace:winsock:WS2_sendto fd=42, options=20
0009:trace:winsock:WS2_sendto  -> 16 bytes
0009:trace:winsock:WS2_sendto socket 0130, wsabuf 0x32f964, nbufs 1, flags 0, to 0x6cdb194, tolen 16, ovl (nil), func (nil)
0009:trace:winsock:WS2_sendto fd=42, options=20
0009:trace:winsock:WS2_sendto  -> 16 bytes
0009:trace:winsock:WS2_sendto socket 0130, wsabuf 0x32f9c4, nbufs 1, flags 0, to 0x6cdb194, tolen 16, ovl (nil), func (nil)
0009:trace:winsock:WS2_sendto fd=42, options=20
0009:trace:winsock:WS2_sendto  -> 12 bytes
0009:trace:winsock:WS2_sendto socket 0130, wsabuf 0x32f9c4, nbufs 1, flags 0, to 0x6cdb194, tolen 16, ovl (nil), func (nil)
0009:trace:winsock:WS2_sendto fd=42, options=20
0009:trace:winsock:WS2_sendto  -> 12 bytes
0009:trace:winsock:WS2_recv_base socket 0130, wsabuf 0x32f6e4, nbufs 1, flags 0, from 0x32f734, fromlen 16, ovl (nil), func (nil)
0009:trace:winsock:WS2_recv_base fd=42, options=20
0009:trace:winsock:WS2_recv_base  -> 12 bytes
0009:trace:winsock:WS2_recv_base socket 0130, wsabuf 0x32f6e4, nbufs 1, flags 0, from 0x32f734, fromlen 16, ovl (nil), func (nil)
0009:trace:winsock:WS2_recv_base fd=42, options=20
0009:trace:winsock:WS2_recv_base  -> 10 bytes
0009:trace:winsock:WS2_recv_base socket 0130, wsabuf 0x32f6e4, nbufs 1, flags 0, from 0x32f734, fromlen 16, ovl (nil), func (nil)
0009:trace:winsock:WS2_recv_base fd=42, options=20
0009:trace:winsock:WS2_recv_base  -> 12 bytes
0009:trace:winsock:WS2_recv_base socket 0130, wsabuf 0x32f6e4, nbufs 1, flags 0, from 0x32f734, fromlen 16, ovl (nil), func (nil)
0009:trace:winsock:WS2_recv_base fd=42, options=20
0009:trace:winsock:WS2_recv_base  -> 10 bytes
0009:trace:winsock:WS2_recv_base socket 0130, wsabuf 0x32f6e4, nbufs 1, flags 0, from 0x32f734, fromlen 16, ovl (nil), func (nil)
0009:trace:winsock:WS2_recv_base fd=42, options=20
0009:trace:winsock:WS2_recv_base  -> 22 bytes
0009:trace:winsock:WS2_recv_base socket 0130, wsabuf 0x32f6e4, nbufs 1, flags 0, from 0x32f734, fromlen 16, ovl (nil), func (nil)
0009:trace:winsock:WS2_recv_base fd=42, options=20
0009:trace:winsock:WS2_recv_base  -> 22 bytes
0009:trace:winsock:WS2_sendto socket 0130, wsabuf 0x32f5e4, nbufs 1, flags 0, to 0x6cdb194, tolen 16, ovl (nil), func (nil)
0009:trace:winsock:WS2_sendto fd=42, options=20
0009:trace:winsock:WS2_sendto  -> 10 bytes
0009:trace:winsock:WS2_recv_base socket 0130, wsabuf 0x32f6e4, nbufs 1, flags 0, from 0x32f734, fromlen 16, ovl (nil), func (nil)
0009:trace:winsock:WS2_recv_base fd=42, options=20
0009:trace:winsock:WS2_recv_base  -> 22 bytes
0009:trace:winsock:WS2_recv_base socket 0130, wsabuf 0x32f6e4, nbufs 1, flags 0, from 0x32f734, fromlen 16, ovl (nil), func (nil)
0009:trace:winsock:WS2_recv_base fd=42, options=20
0009:trace:winsock:WS2_recv_base  -> 10 bytes
0009:trace:winsock:WS2_recv_base socket 0130, wsabuf 0x32f6e4, nbufs 1, flags 0, from 0x32f734, fromlen 16, ovl (nil), func (nil)
0009:trace:winsock:WS2_recv_base fd=42, options=20
0009:trace:winsock:WS2_recv_base  -> 27 bytes
0009:trace:winsock:WS2_sendto socket 0130, wsabuf 0x32f5e4, nbufs 1, flags 0, to 0x6cdb194, tolen 16, ovl (nil), func (nil)
0009:trace:winsock:WS2_sendto fd=42, options=20
0009:trace:winsock:WS2_sendto  -> 10 bytes
0009:trace:winsock:WS2_recv_base socket 0130, wsabuf 0x32f6e4, nbufs 1, flags 0, from 0x32f734, fromlen 16, ovl (nil), func (nil)
0009:trace:winsock:WS2_recv_base fd=42, options=20
0009:trace:winsock:WS2_recv_base  -> 10 bytes
0009:trace:winsock:WS2_recv_base socket 0130, wsabuf 0x32f6e4, nbufs 1, flags 0, from 0x32f734, fromlen 16, ovl (nil), func (nil)
0009:trace:winsock:WS2_recv_base fd=42, options=20
0009:trace:winsock:WS2_recv_base  -> 23 bytes
0009:trace:winsock:WS2_recv_base socket 0130, wsabuf 0x32f6e4, nbufs 1, flags 0, from 0x32f734, fromlen 16, ovl (nil), func (nil)
0009:trace:winsock:WS2_recv_base fd=42, options=20
0009:trace:winsock:WS2_recv_base  -> 25 bytes
0009:trace:winsock:WS2_recv_base socket 0130, wsabuf 0x32f6e4, nbufs 1, flags 0, from 0x32f734, fromlen 16, ovl (nil), func (nil)
0009:trace:winsock:WS2_recv_base fd=42, options=20
0009:trace:winsock:WS2_recv_base  -> 10 bytes
0009:trace:winsock:WS2_recv_base socket 0130, wsabuf 0x32f6e4, nbufs 1, flags 0, from 0x32f734, fromlen 16, ovl (nil), func (nil)
0009:trace:winsock:WS2_recv_base fd=42, options=20
0009:trace:winsock:WS2_recv_base  -> 16 bytes
0009:trace:winsock:WS2_recv_base socket 0130, wsabuf 0x32f6e4, nbufs 1, flags 0, from 0x32f734, fromlen 16, ovl (nil), func (nil)
0009:trace:winsock:WS2_recv_base fd=42, options=20
0009:trace:winsock:WS2_recv_base  -> 10 bytes
0009:trace:winsock:WS2_recv_base socket 0130, wsabuf 0x32f6e4, nbufs 1, flags 0, from 0x32f734, fromlen 16, ovl (nil), func (nil)
0009:trace:winsock:WS2_recv_base fd=42, options=20
0009:trace:winsock:WS2_recv_base  -> 10 bytes
0009:trace:winsock:WS2_sendto socket 0130, wsabuf 0x32f5e4, nbufs 1, flags 0, to 0x6cdb194, tolen 16, ovl (nil), func (nil)
0009:trace:winsock:WS2_sendto fd=42, options=20
0009:trace:winsock:WS2_sendto  -> 10 bytes
0009:trace:winsock:WS2_sendto socket 0130, wsabuf 0x32f5e4, nbufs 1, flags 0, to 0x6cdb194, tolen 16, ovl (nil), func (nil)
0009:trace:winsock:WS2_sendto fd=42, options=20
0009:trace:winsock:WS2_sendto  -> 10 bytes
0009:trace:winsock:WS2_sendto socket 0130, wsabuf 0x32f9c4, nbufs 1, flags 0, to 0x6cdb194, tolen 16, ovl (nil), func (nil)
0009:trace:winsock:WS2_sendto fd=42, options=20
0009:trace:winsock:WS2_sendto  -> 12 bytes
0009:trace:winsock:WS2_sendto socket 0130, wsabuf 0x32f9c4, nbufs 1, flags 0, to 0x6cdb194, tolen 16, ovl (nil), func (nil)
0009:trace:winsock:WS2_sendto fd=42, options=20
0009:trace:winsock:WS2_sendto  -> 12 bytes
0009:trace:winsock:WS2_recv_base socket 0130, wsabuf 0x32f6e4, nbufs 1, flags 0, from 0x32f734, fromlen 16, ovl (nil), func (nil)
0009:trace:winsock:WS2_recv_base fd=42, options=20
0009:trace:winsock:WS2_recv_base  -> 22 bytes
0009:trace:winsock:WS2_recv_base socket 0130, wsabuf 0x32f6e4, nbufs 1, flags 0, from 0x32f734, fromlen 16, ovl (nil), func (nil)
0009:trace:winsock:WS2_recv_base fd=42, options=20
0009:trace:winsock:WS2_recv_base  -> 22 bytes
0009:trace:winsock:WS2_recv_base socket 0130, wsabuf 0x32f6e4, nbufs 1, flags 0, from 0x32f734, fromlen 16, ovl (nil), func (nil)
0009:trace:winsock:WS2_recv_base fd=42, options=20
0009:trace:winsock:WS2_recv_base  -> 22 bytes
0009:trace:winsock:WS2_recv_base socket 0130, wsabuf 0x32f6e4, nbufs 1, flags 0, from 0x32f734, fromlen 16, ovl (nil), func (nil)
0009:trace:winsock:WS2_recv_base fd=42, options=20
0009:trace:winsock:WS2_recv_base  -> 10 bytes
0009:trace:winsock:WS2_recv_base socket 0130, wsabuf 0x32f6e4, nbufs 1, flags 0, from 0x32f734, fromlen 16, ovl (nil), func (nil)
0009:trace:winsock:WS2_recv_base fd=42, options=20
0009:trace:winsock:WS2_recv_base  -> 10 bytes
0009:trace:winsock:WS2_recv_base socket 0130, wsabuf 0x32f6e4, nbufs 1, flags 0, from 0x32f734, fromlen 16, ovl (nil), func (nil)
0009:trace:winsock:WS2_recv_base fd=42, options=20
0009:trace:winsock:WS2_recv_base  -> 10 bytes
0009:trace:winsock:WS2_sendto socket 0130, wsabuf 0x32f5e4, nbufs 1, flags 0, to 0x6cdb194, tolen 16, ovl (nil), func (nil)
0009:trace:winsock:WS2_sendto fd=42, options=20
0009:trace:winsock:WS2_sendto  -> 10 bytes
0009:trace:winsock:WS2_sendto socket 0130, wsabuf 0x32f5e4, nbufs 1, flags 0, to 0x6cdb194, tolen 16, ovl (nil), func (nil)
0009:trace:winsock:WS2_sendto fd=42, options=20
0009:trace:winsock:WS2_sendto  -> 10 bytes
0009:trace:winsock:WS2_sendto socket 0130, wsabuf 0x32f964, nbufs 1, flags 0, to 0x6cdb194, tolen 16, ovl (nil), func (nil)
0009:trace:winsock:WS2_sendto fd=42, options=20
0009:trace:winsock:WS2_sendto  -> 16 bytes
0009:trace:winsock:WS2_sendto socket 0130, wsabuf 0x32f964, nbufs 1, flags 0, to 0x6cdb194, tolen 16, ovl (nil), func (nil)
0009:trace:winsock:WS2_sendto fd=42, options=20
0009:trace:winsock:WS2_sendto  -> 16 bytes
0009:trace:winsock:WS2_recv_base socket 0130, wsabuf 0x32f6e4, nbufs 1, flags 0, from 0x32f734, fromlen 16, ovl (nil), func (nil)
0009:trace:winsock:WS2_recv_base fd=42, options=20
0009:trace:winsock:WS2_recv_base  -> 10 bytes
0009:trace:winsock:WS2_recv_base socket 0130, wsabuf 0x32f6e4, nbufs 1, flags 0, from 0x32f734, fromlen 16, ovl (nil), func (nil)
0009:trace:winsock:WS2_recv_base fd=42, options=20
0009:trace:winsock:WS2_recv_base  -> 10 bytes
0009:trace:winsock:WS2_recv_base socket 0130, wsabuf 0x32f6e4, nbufs 1, flags 0, from 0x32f734, fromlen 16, ovl (nil), func (nil)
0009:trace:winsock:WS2_recv_base fd=42, options=20
0009:trace:winsock:WS2_recv_base  -> 27 bytes
0009:trace:winsock:WS2_recv_base socket 0130, wsabuf 0x32f6e4, nbufs 1, flags 0, from 0x32f734, fromlen 16, ovl (nil), func (nil)
0009:trace:winsock:WS2_recv_base fd=42, options=20
0009:trace:winsock:WS2_recv_base  -> 10 bytes
0009:trace:winsock:WS2_recv_base socket 0130, wsabuf 0x32f6e4, nbufs 1, flags 0, from 0x32f734, fromlen 16, ovl (nil), func (nil)
0009:trace:winsock:WS2_recv_base fd=42, options=20
0009:trace:winsock:WS2_recv_base  -> 16 bytes
0009:trace:winsock:WS2_recv_base socket 0130, wsabuf 0x32f6e4, nbufs 1, flags 0, from 0x32f734, fromlen 16, ovl (nil), func (nil)
0009:trace:winsock:WS2_recv_base fd=42, options=20
0009:trace:winsock:WS2_recv_base  -> 10 bytes
0009:trace:winsock:WS2_recv_base socket 0130, wsabuf 0x32f6e4, nbufs 1, flags 0, from 0x32f734, fromlen 16, ovl (nil), func (nil)
0009:trace:winsock:WS2_recv_base fd=42, options=20
0009:trace:winsock:WS2_recv_base  -> 23 bytes
0009:trace:winsock:WS2_recv_base socket 0130, wsabuf 0x32f6e4, nbufs 1, flags 0, from 0x32f734, fromlen 16, ovl (nil), func (nil)
0009:trace:winsock:WS2_recv_base fd=42, options=20
0009:trace:winsock:WS2_recv_base  -> 25 bytes
0009:trace:winsock:WS2_sendto socket 0130, wsabuf 0x32f5e4, nbufs 1, flags 0, to 0x6cdb194, tolen 16, ovl (nil), func (nil)
0009:trace:winsock:WS2_sendto fd=42, options=20
0009:trace:winsock:WS2_sendto  -> 10 bytes
0009:trace:winsock:WS2_sendto socket 0130, wsabuf 0x32f5e4, nbufs 1, flags 0, to 0x6cdb194, tolen 16, ovl (nil), func (nil)
0009:trace:winsock:WS2_sendto fd=42, options=20
0009:trace:winsock:WS2_sendto  -> 10 bytes
0009:fixme:msctf:LangBarMgr_GetShowFloatingStatus STUB:(018AAA58)
0009:fixme:msctf:LangBarMgr_ShowFloating STUB:(018AAA58)
0009:trace:winsock:WS2_sendto socket 0130, wsabuf 0x32f964, nbufs 1, flags 0, to 0x5f2da94, tolen 16, ovl (nil), func (nil)
0009:trace:winsock:WS2_sendto fd=39, options=20
0009:trace:winsock:WS2_sendto  -> 22 bytes
0009:trace:winsock:WS2_sendto socket 0130, wsabuf 0x32f964, nbufs 1, flags 0, to 0x5f2dc14, tolen 16, ovl (nil), func (nil)
0009:trace:winsock:WS2_sendto fd=39, options=20
0009:trace:winsock:WS2_sendto  -> 22 bytes
0009:trace:winsock:WS2_sendto socket 0130, wsabuf 0x32f964, nbufs 1, flags 0, to 0x5f2dd94, tolen 16, ovl (nil), func (nil)
0009:trace:winsock:WS2_sendto fd=39, options=20
0009:trace:winsock:WS2_sendto  -> 22 bytes
0009:trace:winsock:WS2_sendto socket 0130, wsabuf 0x32f964, nbufs 1, flags 0, to 0x6cdbd94, tolen 16, ovl (nil), func (nil)
0009:trace:winsock:WS2_sendto fd=39, options=20
0009:trace:winsock:WS2_sendto  -> 22 bytes
0009:trace:winsock:WS2_sendto socket 0130, wsabuf 0x32f964, nbufs 1, flags 0, to 0x34dc014, tolen 16, ovl (nil), func (nil)
0009:trace:winsock:WS2_sendto fd=39, options=20
0009:trace:winsock:WS2_sendto  -> 22 bytes
0009:trace:winsock:WS2_sendto socket 0130, wsabuf 0x32f964, nbufs 1, flags 0, to 0x34dc014, tolen 16, ovl (nil), func (nil)
0009:trace:winsock:WS2_sendto fd=39, options=20
0009:trace:winsock:WS2_sendto  -> 22 bytes
0009:trace:winsock:WS2_recv_base socket 0130, wsabuf 0x32f6e4, nbufs 1, flags 0, from 0x32f734, fromlen 16, ovl (nil), func (nil)
0009:trace:winsock:WS2_recv_base fd=39, options=20
0009:trace:winsock:WS2_recv_base  -> 10 bytes
0009:trace:winsock:WS2_recv_base socket 0130, wsabuf 0x32f6e4, nbufs 1, flags 0, from 0x32f734, fromlen 16, ovl (nil), func (nil)
0009:trace:winsock:WS2_recv_base fd=39, options=20
0009:trace:winsock:WS2_recv_base  -> 10 bytes
0009:trace:winsock:WS2_recv_base socket 0130, wsabuf 0x32f6e4, nbufs 1, flags 0, from 0x32f734, fromlen 16, ovl (nil), func (nil)
0009:trace:winsock:WS2_recv_base fd=39, options=20
0009:trace:winsock:WS2_recv_base  -> 10 bytes
0009:trace:winsock:WS2_recv_base socket 0130, wsabuf 0x32f6e4, nbufs 1, flags 0, from 0x32f734, fromlen 16, ovl (nil), func (nil)
0009:trace:winsock:WS2_recv_base fd=39, options=20
0009:trace:winsock:WS2_recv_base  -> 16 bytes
0009:trace:winsock:WS2_recv_base socket 0130, wsabuf 0x32f6e4, nbufs 1, flags 0, from 0x32f734, fromlen 16, ovl (nil), func (nil)
0009:trace:winsock:WS2_recv_base fd=39, options=20
0009:trace:winsock:WS2_recv_base  -> 10 bytes
0009:trace:winsock:WS2_sendto socket 0130, wsabuf 0x32f5e4, nbufs 1, flags 0, to 0x612e794, tolen 16, ovl (nil), func (nil)
0009:trace:winsock:WS2_sendto fd=39, options=20
0009:trace:winsock:WS2_sendto  -> 10 bytes
0009:trace:winsock:WS2_sendto socket 0130, wsabuf 0x32f5e4, nbufs 1, flags 0, to 0x612e794, tolen 16, ovl (nil), func (nil)
0009:trace:winsock:WS2_sendto fd=39, options=20
0009:trace:winsock:WS2_sendto  -> 10 bytes
0009:trace:winsock:WS2_recv_base socket 0130, wsabuf 0x32f6e4, nbufs 1, flags 0, from 0x32f734, fromlen 16, ovl (nil), func (nil)
0009:trace:winsock:WS2_recv_base fd=39, options=20
0009:trace:winsock:WS2_recv_base  -> 10 bytes
0009:trace:winsock:WS2_recv_base socket 0130, wsabuf 0x32f6e4, nbufs 1, flags 0, from 0x32f734, fromlen 16, ovl (nil), func (nil)
0009:trace:winsock:WS2_recv_base fd=39, options=20
0009:trace:winsock:WS2_recv_base  -> 16 bytes
0009:trace:winsock:WS2_sendto socket 0130, wsabuf 0x32f5e4, nbufs 1, flags 0, to 0x612e794, tolen 16, ovl (nil), func (nil)
0009:trace:winsock:WS2_sendto fd=39, options=20
0009:trace:winsock:WS2_sendto  -> 10 bytes
0009:trace:winsock:WS2_sendto socket 0130, wsabuf 0x32fa84, nbufs 1, flags 0, to 0x4802494, tolen 16, ovl (nil), func (nil)
0009:trace:winsock:WS2_sendto fd=39, options=20
0009:trace:winsock:WS2_sendto  -> 27 bytes
0009:trace:winsock:WS2_sendto socket 0130, wsabuf 0x32fa84, nbufs 1, flags 0, to 0x4802494, tolen 16, ovl (nil), func (nil)
0009:trace:winsock:WS2_sendto fd=39, options=20
0009:trace:winsock:WS2_sendto  -> 27 bytes
0009:trace:winsock:WS2_sendto socket 0130, wsabuf 0x32fbc4, nbufs 1, flags 0, to 0x6a89014, tolen 16, ovl (nil), func (nil)
0009:trace:winsock:WS2_sendto fd=43, options=20
0009:trace:winsock:WS2_sendto  -> 23 bytes
0009:trace:winsock:WS2_sendto socket 0130, wsabuf 0x32fbc4, nbufs 1, flags 0, to 0x6a89014, tolen 16, ovl (nil), func (nil)
0009:trace:winsock:WS2_sendto fd=43, options=20
0009:trace:winsock:WS2_sendto  -> 23 bytes
0009:trace:winsock:WS2_sendto socket 0130, wsabuf 0x32fb94, nbufs 1, flags 0, to 0x6a89014, tolen 16, ovl (nil), func (nil)
0009:trace:winsock:WS2_sendto fd=43, options=20
0009:trace:winsock:WS2_sendto  -> 25 bytes
0009:trace:winsock:WS2_sendto socket 0130, wsabuf 0x32fb94, nbufs 1, flags 0, to 0x6a89014, tolen 16, ovl (nil), func (nil)
0009:trace:winsock:WS2_sendto fd=43, options=20
0009:trace:winsock:WS2_sendto  -> 25 bytes
0009:trace:winsock:WS2_recv_base socket 0130, wsabuf 0x32f6e4, nbufs 1, flags 0, from 0x32f734, fromlen 16, ovl (nil), func (nil)
0009:trace:winsock:WS2_recv_base fd=43, options=20
0009:trace:winsock:WS2_recv_base  -> 10 bytes
0009:trace:winsock:WS2_recv_base socket 0130, wsabuf 0x32f6e4, nbufs 1, flags 0, from 0x32f734, fromlen 16, ovl (nil), func (nil)
0009:trace:winsock:WS2_recv_base fd=43, options=20
0009:trace:winsock:WS2_recv_base  -> 10 bytes
0009:trace:winsock:WS2_recv_base socket 0130, wsabuf 0x32f6e4, nbufs 1, flags 0, from 0x32f734, fromlen 16, ovl (nil), func (nil)
0009:trace:winsock:WS2_recv_base fd=43, options=20
0009:trace:winsock:WS2_recv_base  -> 10 bytes
0009:trace:winsock:WS2_recv_base socket 0130, wsabuf 0x32f6e4, nbufs 1, flags 0, from 0x32f734, fromlen 16, ovl (nil), func (nil)
0009:trace:winsock:WS2_recv_base fd=43, options=20
0009:trace:winsock:WS2_recv_base  -> 10 bytes
0009:trace:winsock:WS2_recv_base socket 0130, wsabuf 0x32f6e4, nbufs 1, flags 0, from 0x32f734, fromlen 16, ovl (nil), func (nil)
0009:trace:winsock:WS2_recv_base fd=43, options=20
0009:trace:winsock:WS2_recv_base  -> 12 bytes
0009:trace:winsock:WS2_sendto socket 0130, wsabuf 0x32f5e4, nbufs 1, flags 0, to 0x6a89014, tolen 16, ovl (nil), func (nil)
0009:trace:winsock:WS2_sendto fd=43, options=20
0009:trace:winsock:WS2_sendto  -> 10 bytes
0009:trace:winsock:WS2_recv_base socket 0130, wsabuf 0x32f6e4, nbufs 1, flags 0, from 0x32f734, fromlen 16, ovl (nil), func (nil)
0009:trace:winsock:WS2_recv_base fd=43, options=20
0009:trace:winsock:WS2_recv_base  -> 12 bytes
0009:trace:winsock:WS2_sendto socket 0130, wsabuf 0x32f5e4, nbufs 1, flags 0, to 0x6a89014, tolen 16, ovl (nil), func (nil)
0009:trace:winsock:WS2_sendto fd=43, options=20
0009:trace:winsock:WS2_sendto  -> 10 bytes
0009:trace:winsock:WS2_recv_base socket 0130, wsabuf 0x32f6e4, nbufs 1, flags 0, from 0x32f734, fromlen 16, ovl (nil), func (nil)
0009:trace:winsock:WS2_recv_base fd=43, options=20
0009:trace:winsock:WS2_recv_base  -> 10 bytes
0009:trace:winsock:WS2_recv_base socket 0130, wsabuf 0x32f6e4, nbufs 1, flags 0, from 0x32f734, fromlen 16, ovl (nil), func (nil)
0009:trace:winsock:WS2_recv_base fd=43, options=20
0009:trace:winsock:WS2_recv_base  -> 10 bytes
0009:trace:winsock:WS2_sendto socket 0130, wsabuf 0x32f9c4, nbufs 1, flags 0, to 0x6a89014, tolen 16, ovl (nil), func (nil)
0009:trace:winsock:WS2_sendto fd=43, options=20
0009:trace:winsock:WS2_sendto  -> 12 bytes
0009:trace:winsock:WS2_sendto socket 0130, wsabuf 0x32f9c4, nbufs 1, flags 0, to 0x6a89014, tolen 16, ovl (nil), func (nil)
0009:trace:winsock:WS2_sendto fd=43, options=20
0009:trace:winsock:WS2_sendto  -> 12 bytes
0009:trace:winsock:WS2_recv_base socket 0130, wsabuf 0x32f6e4, nbufs 1, flags 0, from 0x32f734, fromlen 16, ovl (nil), func (nil)
0009:trace:winsock:WS2_recv_base fd=43, options=20
0009:trace:winsock:WS2_recv_base  -> 12 bytes
0009:trace:winsock:WS2_recv_base socket 0130, wsabuf 0x32f6e4, nbufs 1, flags 0, from 0x32f734, fromlen 16, ovl (nil), func (nil)
0009:trace:winsock:WS2_recv_base fd=43, options=20
0009:trace:winsock:WS2_recv_base  -> 12 bytes
0009:trace:winsock:WS2_sendto socket 0130, wsabuf 0x32f964, nbufs 1, flags 0, to 0x6a89014, tolen 16, ovl (nil), func (nil)
0009:trace:winsock:WS2_sendto fd=43, options=20
0009:trace:winsock:WS2_sendto  -> 16 bytes
0009:trace:winsock:WS2_sendto socket 0130, wsabuf 0x32f964, nbufs 1, flags 0, to 0x6a89014, tolen 16, ovl (nil), func (nil)
0009:trace:winsock:WS2_sendto fd=43, options=20
0009:trace:winsock:WS2_sendto  -> 16 bytes
0009:trace:winsock:WS2_recv_base socket 0130, wsabuf 0x32f6e4, nbufs 1, flags 0, from 0x32f734, fromlen 16, ovl (nil), func (nil)
0009:trace:winsock:WS2_recv_base fd=43, options=20
0009:trace:winsock:WS2_recv_base  -> 10 bytes
0009:trace:winsock:WS2_sendto socket 0130, wsabuf 0x32f5e4, nbufs 1, flags 0, to 0x6a89194, tolen 16, ovl (nil), func (nil)
0009:trace:winsock:WS2_sendto fd=43, options=20
0009:trace:winsock:WS2_sendto  -> 10 bytes
0009:trace:winsock:WS2_recv_base socket 0130, wsabuf 0x32f6e4, nbufs 1, flags 0, from 0x32f734, fromlen 16, ovl (nil), func (nil)
0009:trace:winsock:WS2_recv_base fd=43, options=20
0009:trace:winsock:WS2_recv_base  -> 10 bytes
0009:trace:winsock:WS2_sendto socket 0130, wsabuf 0x32f964, nbufs 1, flags 0, to 0x6a89314, tolen 16, ovl (nil), func (nil)
0009:trace:winsock:WS2_sendto fd=43, options=20
0009:trace:winsock:WS2_sendto  -> 16 bytes
0009:trace:winsock:WS2_sendto socket 0130, wsabuf 0x32f964, nbufs 1, flags 0, to 0x6a89314, tolen 16, ovl (nil), func (nil)
0009:trace:winsock:WS2_sendto fd=43, options=20
0009:trace:winsock:WS2_sendto  -> 16 bytes
0009:trace:winsock:WS2_sendto socket 0130, wsabuf 0x32f5e4, nbufs 1, flags 0, to 0x6a89314, tolen 16, ovl (nil), func (nil)
0009:trace:winsock:WS2_sendto fd=43, options=20
0009:trace:winsock:WS2_sendto  -> 10 bytes
0009:trace:winsock:WS2_sendto socket 0130, wsabuf 0x32f964, nbufs 1, flags 0, to 0x6a89314, tolen 16, ovl (nil), func (nil)
0009:trace:winsock:WS2_sendto fd=43, options=20
0009:trace:winsock:WS2_sendto  -> 16 bytes
0009:trace:winsock:WS2_sendto socket 0130, wsabuf 0x32f964, nbufs 1, flags 0, to 0x6a89314, tolen 16, ovl (nil), func (nil)
0009:trace:winsock:WS2_sendto fd=43, options=20
0009:trace:winsock:WS2_sendto  -> 16 bytes
0009:trace:winsock:WS2_recv_base socket 0130, wsabuf 0x32f6e4, nbufs 1, flags 0, from 0x32f734, fromlen 16, ovl (nil), func (nil)
0009:trace:winsock:WS2_recv_base fd=43, options=20
0009:trace:winsock:WS2_recv_base  -> 16 bytes
0009:trace:winsock:WS2_recv_base socket 0130, wsabuf 0x32f6e4, nbufs 1, flags 0, from 0x32f734, fromlen 16, ovl (nil), func (nil)
0009:trace:winsock:WS2_recv_base fd=43, options=20
0009:trace:winsock:WS2_recv_base  -> 16 bytes
0009:trace:winsock:WS2_recv_base socket 0130, wsabuf 0x32f6e4, nbufs 1, flags 0, from 0x32f734, fromlen 16, ovl (nil), func (nil)
0009:trace:winsock:WS2_recv_base fd=43, options=20
0009:trace:winsock:WS2_recv_base  -> 10 bytes
0009:trace:winsock:WS2_sendto socket 0130, wsabuf 0x32f5e4, nbufs 1, flags 0, to 0x6a89014, tolen 16, ovl (nil), func (nil)
0009:trace:winsock:WS2_sendto fd=43, options=20
0009:trace:winsock:WS2_sendto  -> 10 bytes
0009:trace:winsock:WS2_recv_base socket 0130, wsabuf 0x32f6e4, nbufs 1, flags 0, from 0x32f734, fromlen 16, ovl (nil), func (nil)
0009:trace:winsock:WS2_recv_base fd=43, options=20
0009:trace:winsock:WS2_recv_base  -> 10 bytes
0009:trace:winsock:WS2_sendto socket 0130, wsabuf 0x32f964, nbufs 1, flags 0, to 0x6a89014, tolen 16, ovl (nil), func (nil)
0009:trace:winsock:WS2_sendto fd=43, options=20
0009:trace:winsock:WS2_sendto  -> 16 bytes
0009:trace:winsock:WS2_sendto socket 0130, wsabuf 0x32f964, nbufs 1, flags 0, to 0x6a89014, tolen 16, ovl (nil), func (nil)
0009:trace:winsock:WS2_sendto fd=43, options=20
0009:trace:winsock:WS2_sendto  -> 16 bytes
0009:trace:winsock:WS2_sendto socket 0130, wsabuf 0x32f5e4, nbufs 1, flags 0, to 0x6a89014, tolen 16, ovl (nil), func (nil)
0009:trace:winsock:WS2_sendto fd=43, options=20
0009:trace:winsock:WS2_sendto  -> 10 bytes
0009:trace:winsock:WS2_recv_base socket 0130, wsabuf 0x32f6e4, nbufs 1, flags 0, from 0x32f734, fromlen 16, ovl (nil), func (nil)
0009:trace:winsock:WS2_recv_base fd=43, options=20
0009:trace:winsock:WS2_recv_base  -> 10 bytes
0009:trace:winsock:WS2_sendto socket 0130, wsabuf 0x32f5e4, nbufs 1, flags 0, to 0x6a89014, tolen 16, ovl (nil), func (nil)
0009:trace:winsock:WS2_sendto fd=43, options=20
0009:trace:winsock:WS2_sendto  -> 10 bytes
0009:trace:winsock:WS2_recv_base socket 0130, wsabuf 0x32f6e4, nbufs 1, flags 0, from 0x32f734, fromlen 16, ovl (nil), func (nil)
0009:trace:winsock:WS2_recv_base fd=43, options=20
0009:trace:winsock:WS2_recv_base  -> 10 bytes
0009:trace:winsock:WS2_sendto socket 0130, wsabuf 0x32f5e4, nbufs 1, flags 0, to 0x6a89014, tolen 16, ovl (nil), func (nil)
0009:trace:winsock:WS2_sendto fd=43, options=20
0009:trace:winsock:WS2_sendto  -> 10 bytes
0009:trace:winsock:WS2_recv_base socket 0130, wsabuf 0x32f6e4, nbufs 1, flags 0, from 0x32f734, fromlen 16, ovl (nil), func (nil)
0009:trace:winsock:WS2_recv_base fd=43, options=20
0009:trace:winsock:WS2_recv_base  -> 12 bytes
0009:trace:winsock:WS2_sendto socket 0130, wsabuf 0x32ef34, nbufs 1, flags 0, to 0x6a89014, tolen 16, ovl (nil), func (nil)
0009:trace:winsock:WS2_sendto fd=43, options=20
0009:trace:winsock:WS2_sendto  -> 12 bytes
0009:trace:winsock:WS2_recv_base socket 0130, wsabuf 0x32f6e4, nbufs 1, flags 0, from 0x32f734, fromlen 16, ovl (nil), func (nil)
0009:trace:winsock:WS2_recv_base fd=43, options=20
0009:trace:winsock:WS2_recv_base  -> 12 bytes
0009:trace:winsock:WS2_sendto socket 0130, wsabuf 0x32ef34, nbufs 1, flags 0, to 0x6a89014, tolen 16, ovl (nil), func (nil)
0009:trace:winsock:WS2_sendto fd=43, options=20
0009:trace:winsock:WS2_sendto  -> 12 bytes
0009:trace:winsock:WS2_recv_base socket 0130, wsabuf 0x32f6e4, nbufs 1, flags 0, from 0x32f734, fromlen 16, ovl (nil), func (nil)
0009:trace:winsock:WS2_recv_base fd=43, options=20
0009:trace:winsock:WS2_recv_base  -> 10 bytes
0009:trace:winsock:WS2_sendto socket 0130, wsabuf 0x32f5e4, nbufs 1, flags 0, to 0x6a89014, tolen 16, ovl (nil), func (nil)
0009:trace:winsock:WS2_sendto fd=43, options=20
0009:trace:winsock:WS2_sendto  -> 10 bytes
0009:trace:winsock:WS2_recv_base socket 0130, wsabuf 0x32f6e4, nbufs 1, flags 0, from 0x32f734, fromlen 16, ovl (nil), func (nil)
0009:trace:winsock:WS2_recv_base fd=43, options=20
0009:trace:winsock:WS2_recv_base  -> 10 bytes
0009:trace:winsock:WS2_sendto socket 0130, wsabuf 0x32f5e4, nbufs 1, flags 0, to 0x6a89014, tolen 16, ovl (nil), func (nil)
0009:trace:winsock:WS2_sendto fd=43, options=20
0009:trace:winsock:WS2_sendto  -> 10 bytes
0009:trace:winsock:WS2_sendto socket 0130, wsabuf 0x32f9c4, nbufs 1, flags 0, to 0x6a89014, tolen 16, ovl (nil), func (nil)
0009:trace:winsock:WS2_sendto fd=43, options=20
0009:trace:winsock:WS2_sendto  -> 12 bytes
0009:trace:winsock:WS2_sendto socket 0130, wsabuf 0x32f9c4, nbufs 1, flags 0, to 0x6a89014, tolen 16, ovl (nil), func (nil)
0009:trace:winsock:WS2_sendto fd=43, options=20
0009:trace:winsock:WS2_sendto  -> 12 bytes
0009:trace:winsock:WS2_recv_base socket 0130, wsabuf 0x32f6e4, nbufs 1, flags 0, from 0x32f734, fromlen 16, ovl (nil), func (nil)
0009:trace:winsock:WS2_recv_base fd=43, options=20
0009:trace:winsock:WS2_recv_base  -> 12 bytes
0009:trace:winsock:WS2_recv_base socket 0130, wsabuf 0x32f6e4, nbufs 1, flags 0, from 0x32f734, fromlen 16, ovl (nil), func (nil)
0009:trace:winsock:WS2_recv_base fd=43, options=20
0009:trace:winsock:WS2_recv_base  -> 12 bytes
0009:trace:winsock:WS2_recv_base socket 0130, wsabuf 0x32f6e4, nbufs 1, flags 0, from 0x32f734, fromlen 16, ovl (nil), func (nil)
0009:trace:winsock:WS2_recv_base fd=43, options=20
0009:trace:winsock:WS2_recv_base  -> 16 bytes
0009:trace:winsock:WS2_recv_base socket 0130, wsabuf 0x32f6e4, nbufs 1, flags 0, from 0x32f734, fromlen 16, ovl (nil), func (nil)
0009:trace:winsock:WS2_recv_base fd=43, options=20
0009:trace:winsock:WS2_recv_base  -> 16 bytes
0009:trace:winsock:WS2_recv_base socket 0130, wsabuf 0x32f6e4, nbufs 1, flags 0, from 0x32f734, fromlen 16, ovl (nil), func (nil)
0009:trace:winsock:WS2_recv_base fd=43, options=20
0009:trace:winsock:WS2_recv_base  -> 10 bytes
0009:trace:winsock:WS2_sendto socket 0130, wsabuf 0x32f5e4, nbufs 1, flags 0, to 0x6a89014, tolen 16, ovl (nil), func (nil)
0009:trace:winsock:WS2_sendto fd=43, options=20
0009:trace:winsock:WS2_sendto  -> 10 bytes
0009:trace:winsock:WS2_recv_base socket 0130, wsabuf 0x32f6e4, nbufs 1, flags 0, from 0x32f734, fromlen 16, ovl (nil), func (nil)
0009:trace:winsock:WS2_recv_base fd=43, options=20
0009:trace:winsock:WS2_recv_base  -> 10 bytes
0009:trace:winsock:WS2_sendto socket 0130, wsabuf 0x32f5e4, nbufs 1, flags 0, to 0x6a89014, tolen 16, ovl (nil), func (nil)
0009:trace:winsock:WS2_sendto fd=43, options=20
0009:trace:winsock:WS2_sendto  -> 10 bytes
0009:trace:winsock:WS2_sendto socket 0130, wsabuf 0x32f894, nbufs 1, flags 0, to 0x6a89014, tolen 16, ovl (nil), func (nil)
0009:trace:winsock:WS2_sendto fd=43, options=20
0009:trace:winsock:WS2_sendto  -> 16 bytes
0009:trace:winsock:WS2_sendto socket 0130, wsabuf 0x32f894, nbufs 1, flags 0, to 0x6a89014, tolen 16, ovl (nil), func (nil)
0009:trace:winsock:WS2_sendto fd=43, options=20
0009:trace:winsock:WS2_sendto  -> 16 bytes
0009:trace:winsock:WS2_recv_base socket 0130, wsabuf 0x32f6e4, nbufs 1, flags 0, from 0x32f734, fromlen 16, ovl (nil), func (nil)
0009:trace:winsock:WS2_recv_base fd=43, options=20
0009:trace:winsock:WS2_recv_base  -> 10 bytes
0009:trace:winsock:WS2_sendto socket 0130, wsabuf 0x32f5e4, nbufs 1, flags 0, to 0x6a89014, tolen 16, ovl (nil), func (nil)
0009:trace:winsock:WS2_sendto fd=43, options=20
0009:trace:winsock:WS2_sendto  -> 10 bytes
0009:trace:winsock:WS2_recv_base socket 0130, wsabuf 0x32f6e4, nbufs 1, flags 0, from 0x32f734, fromlen 16, ovl (nil), func (nil)
0009:trace:winsock:WS2_recv_base fd=43, options=20
0009:trace:winsock:WS2_recv_base  -> 10 bytes
0009:trace:winsock:WS2_sendto socket 0130, wsabuf 0x32f5e4, nbufs 1, flags 0, to 0x6a89014, tolen 16, ovl (nil), func (nil)
0009:trace:winsock:WS2_sendto fd=43, options=20
0009:trace:winsock:WS2_sendto  -> 10 bytes
0009:trace:winsock:WS2_recv_base socket 0130, wsabuf 0x32f6e4, nbufs 1, flags 0, from 0x32f734, fromlen 16, ovl (nil), func (nil)
0009:trace:winsock:WS2_recv_base fd=43, options=20
0009:trace:winsock:WS2_recv_base  -> 10 bytes
0009:trace:winsock:WS2_sendto socket 0130, wsabuf 0x32f5e4, nbufs 1, flags 0, to 0x6a89014, tolen 16, ovl (nil), func (nil)
0009:trace:winsock:WS2_sendto fd=43, options=20
0009:trace:winsock:WS2_sendto  -> 10 bytes
0009:trace:winsock:WS2_recv_base socket 0130, wsabuf 0x32f6e4, nbufs 1, flags 0, from 0x32f734, fromlen 16, ovl (nil), func (nil)
0009:trace:winsock:WS2_recv_base fd=43, options=20
0009:trace:winsock:WS2_recv_base  -> 10 bytes
0009:trace:winsock:WS2_sendto socket 0130, wsabuf 0x32f5e4, nbufs 1, flags 0, to 0x6a89014, tolen 16, ovl (nil), func (nil)
0009:trace:winsock:WS2_sendto fd=43, options=20
0009:trace:winsock:WS2_sendto  -> 10 bytes
0009:trace:winsock:WS2_recv_base socket 0130, wsabuf 0x32f6e4, nbufs 1, flags 0, from 0x32f734, fromlen 16, ovl (nil), func (nil)
0009:trace:winsock:WS2_recv_base fd=43, options=20
0009:trace:winsock:WS2_recv_base  -> 12 bytes
0009:trace:winsock:WS2_sendto socket 0130, wsabuf 0x32ef34, nbufs 1, flags 0, to 0x6a89014, tolen 16, ovl (nil), func (nil)
0009:trace:winsock:WS2_sendto fd=43, options=20
0009:trace:winsock:WS2_sendto  -> 12 bytes
0009:trace:winsock:WS2_recv_base socket 0130, wsabuf 0x32f6e4, nbufs 1, flags 0, from 0x32f734, fromlen 16, ovl (nil), func (nil)
0009:trace:winsock:WS2_recv_base fd=43, options=20
0009:trace:winsock:WS2_recv_base  -> 12 bytes
0009:trace:winsock:WS2_sendto socket 0130, wsabuf 0x32ef34, nbufs 1, flags 0, to 0x6a89014, tolen 16, ovl (nil), func (nil)
0009:trace:winsock:WS2_sendto fd=43, options=20
0009:trace:winsock:WS2_sendto  -> 12 bytes
0009:trace:winsock:WS2_recv_base socket 0130, wsabuf 0x32f6e4, nbufs 1, flags 0, from 0x32f734, fromlen 16, ovl (nil), func (nil)
0009:trace:winsock:WS2_recv_base fd=43, options=20
0009:trace:winsock:WS2_recv_base  -> 16 bytes
0009:trace:winsock:WS2_recv_base socket 0130, wsabuf 0x32f6e4, nbufs 1, flags 0, from 0x32f734, fromlen 16, ovl (nil), func (nil)
0009:trace:winsock:WS2_recv_base fd=43, options=20
0009:trace:winsock:WS2_recv_base  -> 16 bytes
0009:trace:winsock:WS2_recv_base socket 0130, wsabuf 0x32f6e4, nbufs 1, flags 0, from 0x32f734, fromlen 16, ovl (nil), func (nil)
0009:trace:winsock:WS2_recv_base fd=43, options=20
0009:trace:winsock:WS2_recv_base  -> 10 bytes
0009:trace:winsock:WS2_sendto socket 0130, wsabuf 0x32f894, nbufs 1, flags 0, to 0x6a89014, tolen 16, ovl (nil), func (nil)
0009:trace:winsock:WS2_sendto fd=43, options=20
0009:trace:winsock:WS2_sendto  -> 16 bytes
0009:trace:winsock:WS2_sendto socket 0130, wsabuf 0x32f894, nbufs 1, flags 0, to 0x6a89014, tolen 16, ovl (nil), func (nil)
0009:trace:winsock:WS2_sendto fd=43, options=20
0009:trace:winsock:WS2_sendto  -> 16 bytes
0009:trace:winsock:WS2_recv_base socket 0130, wsabuf 0x32f6e4, nbufs 1, flags 0, from 0x32f734, fromlen 16, ovl (nil), func (nil)
0009:trace:winsock:WS2_recv_base fd=43, options=20
0009:trace:winsock:WS2_recv_base  -> 10 bytes
0009:trace:winsock:WS2_sendto socket 0130, wsabuf 0x32f5e4, nbufs 1, flags 0, to 0x6a89014, tolen 16, ovl (nil), func (nil)
0009:trace:winsock:WS2_sendto fd=43, options=20
0009:trace:winsock:WS2_sendto  -> 10 bytes
0009:trace:winsock:WS2_sendto socket 0130, wsabuf 0x32f5e4, nbufs 1, flags 0, to 0x6a89194, tolen 16, ovl (nil), func (nil)
0009:trace:winsock:WS2_sendto fd=43, options=20
0009:trace:winsock:WS2_sendto  -> 10 bytes
0009:trace:winsock:WS2_sendto socket 0130, wsabuf 0x32f9c4, nbufs 1, flags 0, to 0x6a89194, tolen 16, ovl (nil), func (nil)
0009:trace:winsock:WS2_sendto fd=43, options=20
0009:trace:winsock:WS2_sendto  -> 12 bytes
0009:trace:winsock:WS2_sendto socket 0130, wsabuf 0x32f9c4, nbufs 1, flags 0, to 0x6a89194, tolen 16, ovl (nil), func (nil)
0009:trace:winsock:WS2_sendto fd=43, options=20
0009:trace:winsock:WS2_sendto  -> 12 bytes
0009:trace:winsock:WS2_recv_base socket 0130, wsabuf 0x32f6e4, nbufs 1, flags 0, from 0x32f734, fromlen 16, ovl (nil), func (nil)
0009:trace:winsock:WS2_recv_base fd=43, options=20
0009:trace:winsock:WS2_recv_base  -> 12 bytes
0009:trace:winsock:WS2_recv_base socket 0130, wsabuf 0x32f6e4, nbufs 1, flags 0, from 0x32f734, fromlen 16, ovl (nil), func (nil)
0009:trace:winsock:WS2_recv_base fd=43, options=20
0009:trace:winsock:WS2_recv_base  -> 12 bytes
0009:trace:winsock:WS2_recv_base socket 0130, wsabuf 0x32f6e4, nbufs 1, flags 0, from 0x32f734, fromlen 16, ovl (nil), func (nil)
0009:trace:winsock:WS2_recv_base fd=43, options=20
0009:trace:winsock:WS2_recv_base  -> 10 bytes
0009:trace:winsock:WS2_recv_base socket 0130, wsabuf 0x32f6e4, nbufs 1, flags 0, from 0x32f734, fromlen 16, ovl (nil), func (nil)
0009:trace:winsock:WS2_recv_base fd=43, options=20
0009:trace:winsock:WS2_recv_base  -> 10 bytes
0009:trace:winsock:WS2_sendto socket 0130, wsabuf 0x32f5e4, nbufs 1, flags 0, to 0x6a89194, tolen 16, ovl (nil), func (nil)
0009:trace:winsock:WS2_sendto fd=43, options=20
0009:trace:winsock:WS2_sendto  -> 10 bytes
0009:trace:winsock:WS2_sendto socket 0130, wsabuf 0x32f5e4, nbufs 1, flags 0, to 0x6a89194, tolen 16, ovl (nil), func (nil)
0009:trace:winsock:WS2_sendto fd=43, options=20
0009:trace:winsock:WS2_sendto  -> 10 bytes
0009:trace:winsock:WS2_sendto socket 0130, wsabuf 0x32f894, nbufs 1, flags 0, to 0x6a89194, tolen 16, ovl (nil), func (nil)
0009:trace:winsock:WS2_sendto fd=43, options=20
0009:trace:winsock:WS2_sendto  -> 16 bytes
0009:trace:winsock:WS2_sendto socket 0130, wsabuf 0x32f894, nbufs 1, flags 0, to 0x6a89194, tolen 16, ovl (nil), func (nil)
0009:trace:winsock:WS2_sendto fd=43, options=20
0009:trace:winsock:WS2_sendto  -> 16 bytes
0009:trace:winsock:WS2_recv_base socket 0130, wsabuf 0x32f6e4, nbufs 1, flags 0, from 0x32f734, fromlen 16, ovl (nil), func (nil)
0009:trace:winsock:WS2_recv_base fd=43, options=20
0009:trace:winsock:WS2_recv_base  -> 10 bytes
0009:trace:winsock:WS2_sendto socket 0130, wsabuf 0x32f5e4, nbufs 1, flags 0, to 0x6a89194, tolen 16, ovl (nil), func (nil)
0009:trace:winsock:WS2_sendto fd=43, options=20
0009:trace:winsock:WS2_sendto  -> 10 bytes
0009:trace:winsock:WS2_recv_base socket 0130, wsabuf 0x32f6e4, nbufs 1, flags 0, from 0x32f734, fromlen 16, ovl (nil), func (nil)
0009:trace:winsock:WS2_recv_base fd=43, options=20
0009:trace:winsock:WS2_recv_base  -> 10 bytes
0009:trace:winsock:WS2_sendto socket 0130, wsabuf 0x32f5e4, nbufs 1, flags 0, to 0x6a89194, tolen 16, ovl (nil), func (nil)
0009:trace:winsock:WS2_sendto fd=43, options=20
0009:trace:winsock:WS2_sendto  -> 10 bytes
0009:trace:winsock:WS2_recv_base socket 0130, wsabuf 0x32f6e4, nbufs 1, flags 0, from 0x32f734, fromlen 16, ovl (nil), func (nil)
0009:trace:winsock:WS2_recv_base fd=43, options=20
0009:trace:winsock:WS2_recv_base  -> 16 bytes
0009:trace:winsock:WS2_recv_base socket 0130, wsabuf 0x32f6e4, nbufs 1, flags 0, from 0x32f734, fromlen 16, ovl (nil), func (nil)
0009:trace:winsock:WS2_recv_base fd=43, options=20
0009:trace:winsock:WS2_recv_base  -> 16 bytes
0009:trace:winsock:WS2_recv_base socket 0130, wsabuf 0x32f6e4, nbufs 1, flags 0, from 0x32f734, fromlen 16, ovl (nil), func (nil)
0009:trace:winsock:WS2_recv_base fd=43, options=20
0009:trace:winsock:WS2_recv_base  -> 10 bytes
0009:trace:winsock:WS2_sendto socket 0130, wsabuf 0x32f5e4, nbufs 1, flags 0, to 0x6a89194, tolen 16, ovl (nil), func (nil)
0009:trace:winsock:WS2_sendto fd=43, options=20
0009:trace:winsock:WS2_sendto  -> 10 bytes
0009:trace:winsock:WS2_recv_base socket 0130, wsabuf 0x32f6e4, nbufs 1, flags 0, from 0x32f734, fromlen 16, ovl (nil), func (nil)
0009:trace:winsock:WS2_recv_base fd=43, options=20
0009:trace:winsock:WS2_recv_base  -> 10 bytes
0009:trace:winsock:WS2_sendto socket 0130, wsabuf 0x32f5e4, nbufs 1, flags 0, to 0x6a89194, tolen 16, ovl (nil), func (nil)
0009:trace:winsock:WS2_sendto fd=43, options=20
0009:trace:winsock:WS2_sendto  -> 10 bytes
0009:trace:winsock:WS2_recv_base socket 0130, wsabuf 0x32f6e4, nbufs 1, flags 0, from 0x32f734, fromlen 16, ovl (nil), func (nil)
0009:trace:winsock:WS2_recv_base fd=43, options=20
0009:trace:winsock:WS2_recv_base  -> 12 bytes
0009:trace:winsock:WS2_sendto socket 0130, wsabuf 0x32ef34, nbufs 1, flags 0, to 0x6a89194, tolen 16, ovl (nil), func (nil)
0009:trace:winsock:WS2_sendto fd=43, options=20
0009:trace:winsock:WS2_sendto  -> 12 bytes
0009:trace:winsock:WS2_recv_base socket 0130, wsabuf 0x32f6e4, nbufs 1, flags 0, from 0x32f734, fromlen 16, ovl (nil), func (nil)
0009:trace:winsock:WS2_recv_base fd=43, options=20
0009:trace:winsock:WS2_recv_base  -> 12 bytes
0009:trace:winsock:WS2_sendto socket 0130, wsabuf 0x32ef34, nbufs 1, flags 0, to 0x6a89194, tolen 16, ovl (nil), func (nil)
0009:trace:winsock:WS2_sendto fd=43, options=20
0009:trace:winsock:WS2_sendto  -> 12 bytes
0009:trace:winsock:WS2_recv_base socket 0130, wsabuf 0x32f6e4, nbufs 1, flags 0, from 0x32f734, fromlen 16, ovl (nil), func (nil)
0009:trace:winsock:WS2_recv_base fd=43, options=20
0009:trace:winsock:WS2_recv_base  -> 10 bytes
0009:trace:winsock:WS2_sendto socket 0130, wsabuf 0x32f894, nbufs 1, flags 0, to 0x6a89194, tolen 16, ovl (nil), func (nil)
0009:trace:winsock:WS2_sendto fd=43, options=20
0009:trace:winsock:WS2_sendto  -> 16 bytes
0009:trace:winsock:WS2_sendto socket 0130, wsabuf 0x32f894, nbufs 1, flags 0, to 0x6a89194, tolen 16, ovl (nil), func (nil)
0009:trace:winsock:WS2_sendto fd=43, options=20
0009:trace:winsock:WS2_sendto  -> 16 bytes
0009:trace:winsock:WS2_recv_base socket 0130, wsabuf 0x32f6e4, nbufs 1, flags 0, from 0x32f734, fromlen 16, ovl (nil), func (nil)
0009:trace:winsock:WS2_recv_base fd=43, options=20
0009:trace:winsock:WS2_recv_base  -> 10 bytes
0009:trace:winsock:WS2_sendto socket 0130, wsabuf 0x32f5e4, nbufs 1, flags 0, to 0x6a89194, tolen 16, ovl (nil), func (nil)
0009:trace:winsock:WS2_sendto fd=43, options=20
0009:trace:winsock:WS2_sendto  -> 10 bytes
0009:trace:winsock:WS2_sendto socket 0130, wsabuf 0x32f5e4, nbufs 1, flags 0, to 0x6a89194, tolen 16, ovl (nil), func (nil)
0009:trace:winsock:WS2_sendto fd=43, options=20
0009:trace:winsock:WS2_sendto  -> 10 bytes
0009:trace:winsock:WS2_recv_base socket 0130, wsabuf 0x32f6e4, nbufs 1, flags 0, from 0x32f734, fromlen 16, ovl (nil), func (nil)
0009:trace:winsock:WS2_recv_base fd=43, options=20
0009:trace:winsock:WS2_recv_base  -> 16 bytes
0009:trace:winsock:WS2_recv_base socket 0130, wsabuf 0x32f6e4, nbufs 1, flags 0, from 0x32f734, fromlen 16, ovl (nil), func (nil)
0009:trace:winsock:WS2_recv_base fd=43, options=20
0009:trace:winsock:WS2_recv_base  -> 16 bytes
0009:trace:winsock:WS2_recv_base socket 0130, wsabuf 0x32f6e4, nbufs 1, flags 0, from 0x32f734, fromlen 16, ovl (nil), func (nil)
0009:trace:winsock:WS2_recv_base fd=43, options=20
0009:trace:winsock:WS2_recv_base  -> 10 bytes
0009:trace:winsock:WS2_sendto socket 0130, wsabuf 0x32f9c4, nbufs 1, flags 0, to 0x6a89194, tolen 16, ovl (nil), func (nil)
0009:trace:winsock:WS2_sendto fd=43, options=20
0009:trace:winsock:WS2_sendto  -> 12 bytes
0009:trace:winsock:WS2_sendto socket 0130, wsabuf 0x32f9c4, nbufs 1, flags 0, to 0x6a89194, tolen 16, ovl (nil), func (nil)
0009:trace:winsock:WS2_sendto fd=43, options=20
0009:trace:winsock:WS2_sendto  -> 12 bytes
0009:trace:winsock:WS2_recv_base socket 0130, wsabuf 0x32f6e4, nbufs 1, flags 0, from 0x32f734, fromlen 16, ovl (nil), func (nil)
0009:trace:winsock:WS2_recv_base fd=43, options=20
0009:trace:winsock:WS2_recv_base  -> 12 bytes
0009:trace:winsock:WS2_recv_base socket 0130, wsabuf 0x32f6e4, nbufs 1, flags 0, from 0x32f734, fromlen 16, ovl (nil), func (nil)
0009:trace:winsock:WS2_recv_base fd=43, options=20
0009:trace:winsock:WS2_recv_base  -> 12 bytes
0009:trace:winsock:WS2_sendto socket 0130, wsabuf 0x32f5e4, nbufs 1, flags 0, to 0x6a89194, tolen 16, ovl (nil), func (nil)
0009:trace:winsock:WS2_sendto fd=43, options=20
0009:trace:winsock:WS2_sendto  -> 10 bytes
0009:trace:winsock:WS2_recv_base socket 0130, wsabuf 0x32f6e4, nbufs 1, flags 0, from 0x32f734, fromlen 16, ovl (nil), func (nil)
0009:trace:winsock:WS2_recv_base fd=43, options=20
0009:trace:winsock:WS2_recv_base  -> 10 bytes
0009:trace:winsock:WS2_sendto socket 0130, wsabuf 0x32f5e4, nbufs 1, flags 0, to 0x6a89194, tolen 16, ovl (nil), func (nil)
0009:trace:winsock:WS2_sendto fd=43, options=20
0009:trace:winsock:WS2_sendto  -> 10 bytes
0009:trace:winsock:WS2_sendto socket 0130, wsabuf 0x32f964, nbufs 1, flags 0, to 0x6a89194, tolen 16, ovl (nil), func (nil)
0009:trace:winsock:WS2_sendto fd=43, options=20
0009:trace:winsock:WS2_sendto  -> 16 bytes
0009:trace:winsock:WS2_sendto socket 0130, wsabuf 0x32f964, nbufs 1, flags 0, to 0x6a89194, tolen 16, ovl (nil), func (nil)
0009:trace:winsock:WS2_sendto fd=43, options=20
0009:trace:winsock:WS2_sendto  -> 16 bytes
0009:trace:winsock:WS2_recv_base socket 0130, wsabuf 0x32f6e4, nbufs 1, flags 0, from 0x32f734, fromlen 16, ovl (nil), func (nil)
0009:trace:winsock:WS2_recv_base fd=43, options=20
0009:trace:winsock:WS2_recv_base  -> 10 bytes
0009:trace:winsock:WS2_recv_base socket 0130, wsabuf 0x32f6e4, nbufs 1, flags 0, from 0x32f734, fromlen 16, ovl (nil), func (nil)
0009:trace:winsock:WS2_recv_base fd=43, options=20
0009:trace:winsock:WS2_recv_base  -> 16 bytes
0009:trace:winsock:WS2_sendto socket 0130, wsabuf 0x32f5e4, nbufs 1, flags 0, to 0x6a89194, tolen 16, ovl (nil), func (nil)
0009:trace:winsock:WS2_sendto fd=43, options=20
0009:trace:winsock:WS2_sendto  -> 10 bytes
0009:trace:winsock:WS2_recv_base socket 0130, wsabuf 0x32f6e4, nbufs 1, flags 0, from 0x32f734, fromlen 16, ovl (nil), func (nil)
0009:trace:winsock:WS2_recv_base fd=43, options=20
0009:trace:winsock:WS2_recv_base  -> 10 bytes
0009:trace:winsock:WS2_recv_base socket 0130, wsabuf 0x32f6e4, nbufs 1, flags 0, from 0x32f734, fromlen 16, ovl (nil), func (nil)
0009:trace:winsock:WS2_recv_base fd=43, options=20
0009:trace:winsock:WS2_recv_base  -> 16 bytes
0009:trace:winsock:WS2_sendto socket 0130, wsabuf 0x32f5e4, nbufs 1, flags 0, to 0x6a89194, tolen 16, ovl (nil), func (nil)
0009:trace:winsock:WS2_sendto fd=43, options=20
0009:trace:winsock:WS2_sendto  -> 10 bytes
0009:trace:winsock:WS2_recv_base socket 0130, wsabuf 0x32f6e4, nbufs 1, flags 0, from 0x32f734, fromlen 16, ovl (nil), func (nil)
0009:trace:winsock:WS2_recv_base fd=43, options=20
0009:trace:winsock:WS2_recv_base  -> 10 bytes
0009:trace:winsock:WS2_sendto socket 0130, wsabuf 0x32f5e4, nbufs 1, flags 0, to 0x6a89194, tolen 16, ovl (nil), func (nil)
0009:trace:winsock:WS2_sendto fd=43, options=20
0009:trace:winsock:WS2_sendto  -> 10 bytes
0009:trace:winsock:WS2_recv_base socket 0130, wsabuf 0x32f6e4, nbufs 1, flags 0, from 0x32f734, fromlen 16, ovl (nil), func (nil)
0009:trace:winsock:WS2_recv_base fd=43, options=20
0009:trace:winsock:WS2_recv_base  -> 10 bytes
0009:trace:winsock:WS2_sendto socket 0130, wsabuf 0x32f5e4, nbufs 1, flags 0, to 0x6a89194, tolen 16, ovl (nil), func (nil)
0009:trace:winsock:WS2_sendto fd=43, options=20
0009:trace:winsock:WS2_sendto  -> 10 bytes
0009:trace:winsock:WS2_recv_base socket 0130, wsabuf 0x32f6e4, nbufs 1, flags 0, from 0x32f734, fromlen 16, ovl (nil), func (nil)
0009:trace:winsock:WS2_recv_base fd=43, options=20
0009:trace:winsock:WS2_recv_base  -> 12 bytes
0009:trace:winsock:WS2_sendto socket 0130, wsabuf 0x32ef34, nbufs 1, flags 0, to 0x6a89194, tolen 16, ovl (nil), func (nil)
0009:trace:winsock:WS2_sendto fd=43, options=20
0009:trace:winsock:WS2_sendto  -> 12 bytes
0009:trace:winsock:WS2_recv_base socket 0130, wsabuf 0x32f6e4, nbufs 1, flags 0, from 0x32f734, fromlen 16, ovl (nil), func (nil)
0009:trace:winsock:WS2_recv_base fd=43, options=20
0009:trace:winsock:WS2_recv_base  -> 12 bytes
0009:trace:winsock:WS2_sendto socket 0130, wsabuf 0x32ef34, nbufs 1, flags 0, to 0x6a89194, tolen 16, ovl (nil), func (nil)
0009:trace:winsock:WS2_sendto fd=43, options=20
0009:trace:winsock:WS2_sendto  -> 12 bytes
0009:trace:winsock:WS2_recv_base socket 0130, wsabuf 0x32f6e4, nbufs 1, flags 0, from 0x32f734, fromlen 16, ovl (nil), func (nil)
0009:trace:winsock:WS2_recv_base fd=43, options=20
0009:trace:winsock:WS2_recv_base  -> 16 bytes
0009:trace:winsock:WS2_sendto socket 0130, wsabuf 0x32f964, nbufs 1, flags 0, to 0x6a89194, tolen 16, ovl (nil), func (nil)
0009:trace:winsock:WS2_sendto fd=43, options=20
0009:trace:winsock:WS2_sendto  -> 16 bytes
0009:trace:winsock:WS2_sendto socket 0130, wsabuf 0x32f964, nbufs 1, flags 0, to 0x6a89194, tolen 16, ovl (nil), func (nil)
0009:trace:winsock:WS2_sendto fd=43, options=20
0009:trace:winsock:WS2_sendto  -> 16 bytes
0009:trace:winsock:WS2_recv_base socket 0130, wsabuf 0x32f6e4, nbufs 1, flags 0, from 0x32f734, fromlen 16, ovl (nil), func (nil)
0009:trace:winsock:WS2_recv_base fd=43, options=20
0009:trace:winsock:WS2_recv_base  -> 10 bytes
0009:trace:winsock:WS2_sendto socket 0130, wsabuf 0x32f5e4, nbufs 1, flags 0, to 0x6a89194, tolen 16, ovl (nil), func (nil)
0009:trace:winsock:WS2_sendto fd=43, options=20
0009:trace:winsock:WS2_sendto  -> 10 bytes
0009:trace:winsock:WS2_recv_base socket 0130, wsabuf 0x32f6e4, nbufs 1, flags 0, from 0x32f734, fromlen 16, ovl (nil), func (nil)
0009:trace:winsock:WS2_recv_base fd=43, options=20
0009:trace:winsock:WS2_recv_base  -> 16 bytes
0009:trace:winsock:WS2_recv_base socket 0130, wsabuf 0x32f6e4, nbufs 1, flags 0, from 0x32f734, fromlen 16, ovl (nil), func (nil)
0009:trace:winsock:WS2_recv_base fd=43, options=20
0009:trace:winsock:WS2_recv_base  -> 10 bytes
0009:trace:winsock:WS2_sendto socket 0130, wsabuf 0x32f5e4, nbufs 1, flags 0, to 0x6a89194, tolen 16, ovl (nil), func (nil)
0009:trace:winsock:WS2_sendto fd=43, options=20
0009:trace:winsock:WS2_sendto  -> 10 bytes
0009:trace:winsock:WS2_recv_base socket 0130, wsabuf 0x32f6e4, nbufs 1, flags 0, from 0x32f734, fromlen 16, ovl (nil), func (nil)
0009:trace:winsock:WS2_recv_base fd=43, options=20
0009:trace:winsock:WS2_recv_base  -> 10 bytes
0009:trace:winsock:WS2_sendto socket 0130, wsabuf 0x32f9c4, nbufs 1, flags 0, to 0x6a89194, tolen 16, ovl (nil), func (nil)
0009:trace:winsock:WS2_sendto fd=43, options=20
0009:trace:winsock:WS2_sendto  -> 12 bytes
0009:trace:winsock:WS2_sendto socket 0130, wsabuf 0x32f9c4, nbufs 1, flags 0, to 0x6a89194, tolen 16, ovl (nil), func (nil)
0009:trace:winsock:WS2_sendto fd=43, options=20
0009:trace:winsock:WS2_sendto  -> 12 bytes
0009:trace:winsock:WS2_recv_base socket 0130, wsabuf 0x32f6e4, nbufs 1, flags 0, from 0x32f734, fromlen 16, ovl (nil), func (nil)
0009:trace:winsock:WS2_recv_base fd=43, options=20
0009:trace:winsock:WS2_recv_base  -> 12 bytes
0009:trace:winsock:WS2_recv_base socket 0130, wsabuf 0x32f6e4, nbufs 1, flags 0, from 0x32f734, fromlen 16, ovl (nil), func (nil)
0009:trace:winsock:WS2_recv_base fd=43, options=20
0009:trace:winsock:WS2_recv_base  -> 12 bytes
0009:trace:winsock:WS2_sendto socket 0130, wsabuf 0x32f5e4, nbufs 1, flags 0, to 0x6a89194, tolen 16, ovl (nil), func (nil)
0009:trace:winsock:WS2_sendto fd=43, options=20
0009:trace:winsock:WS2_sendto  -> 10 bytes
0009:trace:winsock:WS2_recv_base socket 0130, wsabuf 0x32f6e4, nbufs 1, flags 0, from 0x32f734, fromlen 16, ovl (nil), func (nil)
0009:trace:winsock:WS2_recv_base fd=43, options=20
0009:trace:winsock:WS2_recv_base  -> 10 bytes
0009:trace:winsock:WS2_sendto socket 0130, wsabuf 0x32f5e4, nbufs 1, flags 0, to 0x6a89194, tolen 16, ovl (nil), func (nil)
0009:trace:winsock:WS2_sendto fd=43, options=20
0009:trace:winsock:WS2_sendto  -> 10 bytes
0009:trace:winsock:WS2_recv_base socket 0130, wsabuf 0x32f6e4, nbufs 1, flags 0, from 0x32f734, fromlen 16, ovl (nil), func (nil)
0009:trace:winsock:WS2_recv_base fd=43, options=20
0009:trace:winsock:WS2_recv_base  -> 16 bytes
0009:trace:winsock:WS2_recv_base socket 0130, wsabuf 0x32f6e4, nbufs 1, flags 0, from 0x32f734, fromlen 16, ovl (nil), func (nil)
0009:trace:winsock:WS2_recv_base fd=43, options=20
0009:trace:winsock:WS2_recv_base  -> 16 bytes
0009:trace:winsock:WS2_sendto socket 0130, wsabuf 0x32f894, nbufs 1, flags 0, to 0x6a89194, tolen 16, ovl (nil), func (nil)
0009:trace:winsock:WS2_sendto fd=43, options=20
0009:trace:winsock:WS2_sendto  -> 16 bytes
0009:trace:winsock:WS2_sendto socket 0130, wsabuf 0x32f894, nbufs 1, flags 0, to 0x6a89194, tolen 16, ovl (nil), func (nil)
0009:trace:winsock:WS2_sendto fd=43, options=20
0009:trace:winsock:WS2_sendto  -> 16 bytes
0009:trace:winsock:WS2_recv_base socket 0130, wsabuf 0x32f6e4, nbufs 1, flags 0, from 0x32f734, fromlen 16, ovl (nil), func (nil)
0009:trace:winsock:WS2_recv_base fd=43, options=20
0009:trace:winsock:WS2_recv_base  -> 10 bytes
0009:trace:winsock:WS2_sendto socket 0130, wsabuf 0x32f5e4, nbufs 1, flags 0, to 0x6a89194, tolen 16, ovl (nil), func (nil)
0009:trace:winsock:WS2_sendto fd=43, options=20
0009:trace:winsock:WS2_sendto  -> 10 bytes
0009:trace:winsock:WS2_recv_base socket 0130, wsabuf 0x32f6e4, nbufs 1, flags 0, from 0x32f734, fromlen 16, ovl (nil), func (nil)
0009:trace:winsock:WS2_recv_base fd=43, options=20
0009:trace:winsock:WS2_recv_base  -> 10 bytes
0009:trace:winsock:WS2_sendto socket 0130, wsabuf 0x32f5e4, nbufs 1, flags 0, to 0x6a89194, tolen 16, ovl (nil), func (nil)
0009:trace:winsock:WS2_sendto fd=43, options=20
0009:trace:winsock:WS2_sendto  -> 10 bytes
0009:trace:winsock:WS2_recv_base socket 0130, wsabuf 0x32f6e4, nbufs 1, flags 0, from 0x32f734, fromlen 16, ovl (nil), func (nil)
0009:trace:winsock:WS2_recv_base fd=43, options=20
0009:trace:winsock:WS2_recv_base  -> 10 bytes
0009:trace:winsock:WS2_sendto socket 0130, wsabuf 0x32f5e4, nbufs 1, flags 0, to 0x6a89194, tolen 16, ovl (nil), func (nil)
0009:trace:winsock:WS2_sendto fd=43, options=20
0009:trace:winsock:WS2_sendto  -> 10 bytes
0009:trace:winsock:WS2_recv_base socket 0130, wsabuf 0x32f6e4, nbufs 1, flags 0, from 0x32f734, fromlen 16, ovl (nil), func (nil)
0009:trace:winsock:WS2_recv_base fd=43, options=20
0009:trace:winsock:WS2_recv_base  -> 10 bytes
0009:trace:winsock:WS2_recv_base socket 0130, wsabuf 0x32f6e4, nbufs 1, flags 0, from 0x32f734, fromlen 16, ovl (nil), func (nil)
0009:trace:winsock:WS2_recv_base fd=43, options=20
0009:trace:winsock:WS2_recv_base  -> 16 bytes
0009:trace:winsock:WS2_sendto socket 0130, wsabuf 0x32f5e4, nbufs 1, flags 0, to 0x6a89194, tolen 16, ovl (nil), func (nil)
0009:trace:winsock:WS2_sendto fd=43, options=20
0009:trace:winsock:WS2_sendto  -> 10 bytes
0009:trace:winsock:WS2_recv_base socket 0130, wsabuf 0x32f6e4, nbufs 1, flags 0, from 0x32f734, fromlen 16, ovl (nil), func (nil)
0009:trace:winsock:WS2_recv_base fd=43, options=20
0009:trace:winsock:WS2_recv_base  -> 16 bytes
0009:trace:winsock:WS2_sendto socket 0130, wsabuf 0x32f894, nbufs 1, flags 0, to 0x6a89194, tolen 16, ovl (nil), func (nil)
0009:trace:winsock:WS2_sendto fd=43, options=20
0009:trace:winsock:WS2_sendto  -> 16 bytes
0009:trace:winsock:WS2_sendto socket 0130, wsabuf 0x32f894, nbufs 1, flags 0, to 0x6a89194, tolen 16, ovl (nil), func (nil)
0009:trace:winsock:WS2_sendto fd=43, options=20
0009:trace:winsock:WS2_sendto  -> 16 bytes
0009:trace:winsock:WS2_recv_base socket 0130, wsabuf 0x32f6e4, nbufs 1, flags 0, from 0x32f734, fromlen 16, ovl (nil), func (nil)
0009:trace:winsock:WS2_recv_base fd=43, options=20
0009:trace:winsock:WS2_recv_base  -> 12 bytes
0009:trace:winsock:WS2_sendto socket 0130, wsabuf 0x32ef34, nbufs 1, flags 0, to 0x6a89194, tolen 16, ovl (nil), func (nil)
0009:trace:winsock:WS2_sendto fd=43, options=20
0009:trace:winsock:WS2_sendto  -> 12 bytes
0009:trace:winsock:WS2_recv_base socket 0130, wsabuf 0x32f6e4, nbufs 1, flags 0, from 0x32f734, fromlen 16, ovl (nil), func (nil)
0009:trace:winsock:WS2_recv_base fd=43, options=20
0009:trace:winsock:WS2_recv_base  -> 12 bytes
0009:trace:winsock:WS2_sendto socket 0130, wsabuf 0x32ef34, nbufs 1, flags 0, to 0x6a89194, tolen 16, ovl (nil), func (nil)
0009:trace:winsock:WS2_sendto fd=43, options=20
0009:trace:winsock:WS2_sendto  -> 12 bytes
0009:trace:winsock:WS2_recv_base socket 0130, wsabuf 0x32f6e4, nbufs 1, flags 0, from 0x32f734, fromlen 16, ovl (nil), func (nil)
0009:trace:winsock:WS2_recv_base fd=43, options=20
0009:trace:winsock:WS2_recv_base  -> 10 bytes
0009:trace:winsock:WS2_sendto socket 0130, wsabuf 0x32f5e4, nbufs 1, flags 0, to 0x6a89194, tolen 16, ovl (nil), func (nil)
0009:trace:winsock:WS2_sendto fd=43, options=20
0009:trace:winsock:WS2_sendto  -> 10 bytes
0009:trace:winsock:WS2_recv_base socket 0130, wsabuf 0x32f6e4, nbufs 1, flags 0, from 0x32f734, fromlen 16, ovl (nil), func (nil)
0009:trace:winsock:WS2_recv_base fd=43, options=20
0009:trace:winsock:WS2_recv_base  -> 10 bytes
0009:trace:winsock:WS2_sendto socket 0130, wsabuf 0x32f5e4, nbufs 1, flags 0, to 0x6a89194, tolen 16, ovl (nil), func (nil)
0009:trace:winsock:WS2_sendto fd=43, options=20
0009:trace:winsock:WS2_sendto  -> 10 bytes
0009:trace:winsock:WS2_recv_base socket 0130, wsabuf 0x32f6e4, nbufs 1, flags 0, from 0x32f734, fromlen 16, ovl (nil), func (nil)
0009:trace:winsock:WS2_recv_base fd=43, options=20
0009:trace:winsock:WS2_recv_base  -> 16 bytes
0009:trace:winsock:WS2_recv_base socket 0130, wsabuf 0x32f6e4, nbufs 1, flags 0, from 0x32f734, fromlen 16, ovl (nil), func (nil)
0009:trace:winsock:WS2_recv_base fd=43, options=20
0009:trace:winsock:WS2_recv_base  -> 27 bytes
0009:trace:winsock:WS2_recv_base socket 0130, wsabuf 0x32f6e4, nbufs 1, flags 0, from 0x32f734, fromlen 16, ovl (nil), func (nil)
0009:trace:winsock:WS2_recv_base fd=43, options=20
0009:trace:winsock:WS2_recv_base  -> 10 bytes
0009:trace:winsock:WS2_sendto socket 0130, wsabuf 0x32f9c4, nbufs 1, flags 0, to 0x6a89194, tolen 16, ovl (nil), func (nil)
0009:trace:winsock:WS2_sendto fd=43, options=20
0009:trace:winsock:WS2_sendto  -> 12 bytes
0009:trace:winsock:WS2_sendto socket 0130, wsabuf 0x32f9c4, nbufs 1, flags 0, to 0x6a89194, tolen 16, ovl (nil), func (nil)
0009:trace:winsock:WS2_sendto fd=43, options=20
0009:trace:winsock:WS2_sendto  -> 12 bytes
0009:trace:winsock:WS2_recv_base socket 0130, wsabuf 0x32f6e4, nbufs 1, flags 0, from 0x32f734, fromlen 16, ovl (nil), func (nil)
0009:trace:winsock:WS2_recv_base fd=43, options=20
0009:trace:winsock:WS2_recv_base  -> 12 bytes
0009:trace:winsock:WS2_sendto socket 0130, wsabuf 0x32f5e4, nbufs 1, flags 0, to 0x6a89194, tolen 16, ovl (nil), func (nil)
0009:trace:winsock:WS2_sendto fd=43, options=20
0009:trace:winsock:WS2_sendto  -> 10 bytes
0009:trace:winsock:WS2_recv_base socket 0130, wsabuf 0x32f6e4, nbufs 1, flags 0, from 0x32f734, fromlen 16, ovl (nil), func (nil)
0009:trace:winsock:WS2_recv_base fd=43, options=20
0009:trace:winsock:WS2_recv_base  -> 12 bytes
0009:trace:winsock:WS2_recv_base socket 0130, wsabuf 0x32f6e4, nbufs 1, flags 0, from 0x32f734, fromlen 16, ovl (nil), func (nil)
0009:trace:winsock:WS2_recv_base fd=43, options=20
0009:trace:winsock:WS2_recv_base  -> 10 bytes
0009:trace:winsock:WS2_recv_base socket 0130, wsabuf 0x32f6e4, nbufs 1, flags 0, from 0x32f734, fromlen 16, ovl (nil), func (nil)
0009:trace:winsock:WS2_recv_base fd=43, options=20
0009:trace:winsock:WS2_recv_base  -> 16 bytes
0009:trace:winsock:WS2_sendto socket 0130, wsabuf 0x32f5e4, nbufs 1, flags 0, to 0x6a89194, tolen 16, ovl (nil), func (nil)
0009:trace:winsock:WS2_sendto fd=43, options=20
0009:trace:winsock:WS2_sendto  -> 10 bytes
0009:trace:winsock:WS2_sendto socket 0130, wsabuf 0x32f894, nbufs 1, flags 0, to 0x6a89194, tolen 16, ovl (nil), func (nil)
0009:trace:winsock:WS2_sendto fd=43, options=20
0009:trace:winsock:WS2_sendto  -> 16 bytes
0009:trace:winsock:WS2_sendto socket 0130, wsabuf 0x32f894, nbufs 1, flags 0, to 0x6a89194, tolen 16, ovl (nil), func (nil)
0009:trace:winsock:WS2_sendto fd=43, options=20
0009:trace:winsock:WS2_sendto  -> 16 bytes
0009:trace:winsock:WS2_recv_base socket 0130, wsabuf 0x32f6e4, nbufs 1, flags 0, from 0x32f734, fromlen 16, ovl (nil), func (nil)
0009:trace:winsock:WS2_recv_base fd=43, options=20
0009:trace:winsock:WS2_recv_base  -> 10 bytes
0009:trace:winsock:WS2_sendto socket 0130, wsabuf 0x32f5e4, nbufs 1, flags 0, to 0x6a89194, tolen 16, ovl (nil), func (nil)
0009:trace:winsock:WS2_sendto fd=43, options=20
0009:trace:winsock:WS2_sendto  -> 10 bytes
0009:trace:winsock:WS2_recv_base socket 0130, wsabuf 0x32f6e4, nbufs 1, flags 0, from 0x32f734, fromlen 16, ovl (nil), func (nil)
0009:trace:winsock:WS2_recv_base fd=43, options=20
0009:trace:winsock:WS2_recv_base  -> 10 bytes
0009:trace:winsock:WS2_sendto socket 0130, wsabuf 0x32f5e4, nbufs 1, flags 0, to 0x6a89194, tolen 16, ovl (nil), func (nil)
0009:trace:winsock:WS2_sendto fd=43, options=20
0009:trace:winsock:WS2_sendto  -> 10 bytes
0009:trace:winsock:WS2_recv_base socket 0130, wsabuf 0x32f6e4, nbufs 1, flags 0, from 0x32f734, fromlen 16, ovl (nil), func (nil)
0009:trace:winsock:WS2_recv_base fd=43, options=20
0009:trace:winsock:WS2_recv_base  -> 16 bytes
0009:trace:winsock:WS2_recv_base socket 0130, wsabuf 0x32f6e4, nbufs 1, flags 0, from 0x32f734, fromlen 16, ovl (nil), func (nil)
0009:trace:winsock:WS2_recv_base fd=43, options=20
0009:trace:winsock:WS2_recv_base  -> 16 bytes
0009:trace:winsock:WS2_recv_base socket 0130, wsabuf 0x32f6e4, nbufs 1, flags 0, from 0x32f734, fromlen 16, ovl (nil), func (nil)
0009:trace:winsock:WS2_recv_base fd=39, options=20
0009:trace:winsock:WS2_recv_base  -> 10 bytes
0009:trace:winsock:WS2_sendto socket 0130, wsabuf 0x32f5e4, nbufs 1, flags 0, to 0x6a89194, tolen 16, ovl (nil), func (nil)
0009:trace:winsock:WS2_sendto fd=39, options=20
0009:trace:winsock:WS2_sendto  -> 10 bytes
0009:trace:winsock:WS2_recv_base socket 0130, wsabuf 0x32f6e4, nbufs 1, flags 0, from 0x32f734, fromlen 16, ovl (nil), func (nil)
0009:trace:winsock:WS2_recv_base fd=39, options=20
0009:trace:winsock:WS2_recv_base  -> 10 bytes
0009:trace:winsock:WS2_sendto socket 0130, wsabuf 0x32f5e4, nbufs 1, flags 0, to 0x6a89194, tolen 16, ovl (nil), func (nil)
0009:trace:winsock:WS2_sendto fd=39, options=20
0009:trace:winsock:WS2_sendto  -> 10 bytes
0009:trace:winsock:WS2_sendto socket 0130, wsabuf 0x32f964, nbufs 1, flags 0, to 0x6a89194, tolen 16, ovl (nil), func (nil)
0009:trace:winsock:WS2_sendto fd=39, options=20
0009:trace:winsock:WS2_sendto  -> 16 bytes
0009:trace:winsock:WS2_sendto socket 0130, wsabuf 0x32f964, nbufs 1, flags 0, to 0x6a89194, tolen 16, ovl (nil), func (nil)
0009:trace:winsock:WS2_sendto fd=39, options=20
0009:trace:winsock:WS2_sendto  -> 16 bytes
0009:trace:winsock:WS2_recv_base socket 0130, wsabuf 0x32f6e4, nbufs 1, flags 0, from 0x32f734, fromlen 16, ovl (nil), func (nil)
0009:trace:winsock:WS2_recv_base fd=39, options=20
0009:trace:winsock:WS2_recv_base  -> 12 bytes
0009:trace:winsock:WS2_sendto socket 0130, wsabuf 0x32ef34, nbufs 1, flags 0, to 0x6a89194, tolen 16, ovl (nil), func (nil)
0009:trace:winsock:WS2_sendto fd=39, options=20
0009:trace:winsock:WS2_sendto  -> 12 bytes
0009:trace:winsock:WS2_recv_base socket 0130, wsabuf 0x32f6e4, nbufs 1, flags 0, from 0x32f734, fromlen 16, ovl (nil), func (nil)
0009:trace:winsock:WS2_recv_base fd=39, options=20
0009:trace:winsock:WS2_recv_base  -> 12 bytes
0009:trace:winsock:WS2_sendto socket 0130, wsabuf 0x32ef34, nbufs 1, flags 0, to 0x6a89194, tolen 16, ovl (nil), func (nil)
0009:trace:winsock:WS2_sendto fd=39, options=20
0009:trace:winsock:WS2_sendto  -> 12 bytes
0009:trace:winsock:WS2_recv_base socket 0130, wsabuf 0x32f6e4, nbufs 1, flags 0, from 0x32f734, fromlen 16, ovl (nil), func (nil)
0009:trace:winsock:WS2_recv_base fd=39, options=20
0009:trace:winsock:WS2_recv_base  -> 10 bytes
0009:trace:winsock:WS2_recv_base socket 0130, wsabuf 0x32f6e4, nbufs 1, flags 0, from 0x32f734, fromlen 16, ovl (nil), func (nil)
0009:trace:winsock:WS2_recv_base fd=39, options=20
0009:trace:winsock:WS2_recv_base  -> 16 bytes
0009:trace:winsock:WS2_sendto socket 0130, wsabuf 0x32f5e4, nbufs 1, flags 0, to 0x6a89194, tolen 16, ovl (nil), func (nil)
0009:trace:winsock:WS2_sendto fd=39, options=20
0009:trace:winsock:WS2_sendto  -> 10 bytes
0009:trace:winsock:WS2_recv_base socket 0130, wsabuf 0x32f6e4, nbufs 1, flags 0, from 0x32f734, fromlen 16, ovl (nil), func (nil)
0009:trace:winsock:WS2_recv_base fd=39, options=20
0009:trace:winsock:WS2_recv_base  -> 10 bytes
0009:trace:winsock:WS2_recv_base socket 0130, wsabuf 0x32f6e4, nbufs 1, flags 0, from 0x32f734, fromlen 16, ovl (nil), func (nil)
0009:trace:winsock:WS2_recv_base fd=39, options=20
0009:trace:winsock:WS2_recv_base  -> 16 bytes
0009:trace:winsock:WS2_sendto socket 0130, wsabuf 0x32f5e4, nbufs 1, flags 0, to 0x6a89194, tolen 16, ovl (nil), func (nil)
0009:trace:winsock:WS2_sendto fd=39, options=20
0009:trace:winsock:WS2_sendto  -> 10 bytes
0009:trace:winsock:WS2_recv_base socket 0130, wsabuf 0x32f6e4, nbufs 1, flags 0, from 0x32f734, fromlen 16, ovl (nil), func (nil)
0009:trace:winsock:WS2_recv_base fd=39, options=20
0009:trace:winsock:WS2_recv_base  -> 10 bytes
0009:trace:winsock:WS2_sendto socket 0130, wsabuf 0x32f9c4, nbufs 1, flags 0, to 0x6a89194, tolen 16, ovl (nil), func (nil)
0009:trace:winsock:WS2_sendto fd=39, options=20
0009:trace:winsock:WS2_sendto  -> 12 bytes
0009:trace:winsock:WS2_sendto socket 0130, wsabuf 0x32f9c4, nbufs 1, flags 0, to 0x6a89194, tolen 16, ovl (nil), func (nil)
0009:trace:winsock:WS2_sendto fd=39, options=20
0009:trace:winsock:WS2_sendto  -> 12 bytes
0009:trace:winsock:WS2_recv_base socket 0130, wsabuf 0x32f6e4, nbufs 1, flags 0, from 0x32f734, fromlen 16, ovl (nil), func (nil)
0009:trace:winsock:WS2_recv_base fd=39, options=20
0009:trace:winsock:WS2_recv_base  -> 12 bytes
0009:trace:winsock:WS2_sendto socket 0130, wsabuf 0x32f5e4, nbufs 1, flags 0, to 0x6a89194, tolen 16, ovl (nil), func (nil)
0009:trace:winsock:WS2_sendto fd=39, options=20
0009:trace:winsock:WS2_sendto  -> 10 bytes
0009:trace:winsock:WS2_recv_base socket 0130, wsabuf 0x32f6e4, nbufs 1, flags 0, from 0x32f734, fromlen 16, ovl (nil), func (nil)
0009:trace:winsock:WS2_recv_base fd=39, options=20
0009:trace:winsock:WS2_recv_base  -> 12 bytes
0009:trace:winsock:WS2_recv_base socket 0130, wsabuf 0x32f6e4, nbufs 1, flags 0, from 0x32f734, fromlen 16, ovl (nil), func (nil)
0009:trace:winsock:WS2_recv_base fd=39, options=20
0009:trace:winsock:WS2_recv_base  -> 10 bytes
0009:trace:winsock:WS2_recv_base socket 0130, wsabuf 0x32f6e4, nbufs 1, flags 0, from 0x32f734, fromlen 16, ovl (nil), func (nil)
0009:trace:winsock:WS2_recv_base fd=39, options=20
0009:trace:winsock:WS2_recv_base  -> 16 bytes
0009:trace:winsock:WS2_sendto socket 0130, wsabuf 0x32f5e4, nbufs 1, flags 0, to 0x6a89194, tolen 16, ovl (nil), func (nil)
0009:trace:winsock:WS2_sendto fd=39, options=20
0009:trace:winsock:WS2_sendto  -> 10 bytes
0009:trace:winsock:WS2_sendto socket 0130, wsabuf 0x32f964, nbufs 1, flags 0, to 0x6a89194, tolen 16, ovl (nil), func (nil)
0009:trace:winsock:WS2_sendto fd=39, options=20
0009:trace:winsock:WS2_sendto  -> 16 bytes
0009:trace:winsock:WS2_sendto socket 0130, wsabuf 0x32f964, nbufs 1, flags 0, to 0x6a89194, tolen 16, ovl (nil), func (nil)
0009:trace:winsock:WS2_sendto fd=39, options=20
0009:trace:winsock:WS2_sendto  -> 16 bytes
0009:trace:winsock:WS2_recv_base socket 0130, wsabuf 0x32f6e4, nbufs 1, flags 0, from 0x32f734, fromlen 16, ovl (nil), func (nil)
0009:trace:winsock:WS2_recv_base fd=39, options=20
0009:trace:winsock:WS2_recv_base  -> 10 bytes
0009:trace:winsock:WS2_recv_base socket 0130, wsabuf 0x32f6e4, nbufs 1, flags 0, from 0x32f734, fromlen 16, ovl (nil), func (nil)
0009:trace:winsock:WS2_recv_base fd=39, options=20
0009:trace:winsock:WS2_recv_base  -> 16 bytes
0009:trace:winsock:WS2_sendto socket 0130, wsabuf 0x32f5e4, nbufs 1, flags 0, to 0x6a89194, tolen 16, ovl (nil), func (nil)
0009:trace:winsock:WS2_sendto fd=39, options=20
0009:trace:winsock:WS2_sendto  -> 10 bytes
0009:trace:winsock:WS2_recv_base socket 0130, wsabuf 0x32f6e4, nbufs 1, flags 0, from 0x32f734, fromlen 16, ovl (nil), func (nil)
0009:trace:winsock:WS2_recv_base fd=39, options=20
0009:trace:winsock:WS2_recv_base  -> 10 bytes
0009:trace:winsock:WS2_sendto socket 0130, wsabuf 0x32f5e4, nbufs 1, flags 0, to 0x6a89194, tolen 16, ovl (nil), func (nil)
0009:trace:winsock:WS2_sendto fd=39, options=20
0009:trace:winsock:WS2_sendto  -> 10 bytes
0009:trace:winsock:WS2_recv_base socket 0130, wsabuf 0x32f6e4, nbufs 1, flags 0, from 0x32f734, fromlen 16, ovl (nil), func (nil)
0009:trace:winsock:WS2_recv_base fd=39, options=20
0009:trace:winsock:WS2_recv_base  -> 16 bytes
0009:trace:winsock:WS2_recv_base socket 0130, wsabuf 0x32f6e4, nbufs 1, flags 0, from 0x32f734, fromlen 16, ovl (nil), func (nil)
0009:trace:winsock:WS2_recv_base fd=39, options=20
0009:trace:winsock:WS2_recv_base  -> 10 bytes
0009:trace:winsock:WS2_sendto socket 0130, wsabuf 0x32f964, nbufs 1, flags 0, to 0x6a89194, tolen 16, ovl (nil), func (nil)
0009:trace:winsock:WS2_sendto fd=39, options=20
0009:trace:winsock:WS2_sendto  -> 16 bytes
0009:trace:winsock:WS2_sendto socket 0130, wsabuf 0x32f964, nbufs 1, flags 0, to 0x6a89194, tolen 16, ovl (nil), func (nil)
0009:trace:winsock:WS2_sendto fd=39, options=20
0009:trace:winsock:WS2_sendto  -> 16 bytes
0009:trace:winsock:WS2_sendto socket 0130, wsabuf 0x32f5e4, nbufs 1, flags 0, to 0x6a89194, tolen 16, ovl (nil), func (nil)
0009:trace:winsock:WS2_sendto fd=39, options=20
0009:trace:winsock:WS2_sendto  -> 10 bytes
0009:trace:winsock:WS2_recv_base socket 0130, wsabuf 0x32f6e4, nbufs 1, flags 0, from 0x32f734, fromlen 16, ovl (nil), func (nil)
0009:trace:winsock:WS2_recv_base fd=39, options=20
0009:trace:winsock:WS2_recv_base  -> 10 bytes
0009:trace:winsock:WS2_sendto socket 0130, wsabuf 0x32f5e4, nbufs 1, flags 0, to 0x6a89194, tolen 16, ovl (nil), func (nil)
0009:trace:winsock:WS2_sendto fd=39, options=20
0009:trace:winsock:WS2_sendto  -> 10 bytes
0009:trace:winsock:WS2_recv_base socket 0130, wsabuf 0x32f6e4, nbufs 1, flags 0, from 0x32f734, fromlen 16, ovl (nil), func (nil)
0009:trace:winsock:WS2_recv_base fd=39, options=20
0009:trace:winsock:WS2_recv_base  -> 16 bytes
0009:trace:winsock:WS2_recv_base socket 0130, wsabuf 0x32f6e4, nbufs 1, flags 0, from 0x32f734, fromlen 16, ovl (nil), func (nil)
0009:trace:winsock:WS2_recv_base fd=39, options=20
0009:trace:winsock:WS2_recv_base  -> 12 bytes
0009:trace:winsock:WS2_sendto socket 0130, wsabuf 0x32ef34, nbufs 1, flags 0, to 0x6a89194, tolen 16, ovl (nil), func (nil)
0009:trace:winsock:WS2_sendto fd=39, options=20
0009:trace:winsock:WS2_sendto  -> 12 bytes
0009:trace:winsock:WS2_recv_base socket 0130, wsabuf 0x32f6e4, nbufs 1, flags 0, from 0x32f734, fromlen 16, ovl (nil), func (nil)
0009:trace:winsock:WS2_recv_base fd=39, options=20
0009:trace:winsock:WS2_recv_base  -> 12 bytes
0009:trace:winsock:WS2_sendto socket 0130, wsabuf 0x32ef34, nbufs 1, flags 0, to 0x6a89194, tolen 16, ovl (nil), func (nil)
0009:trace:winsock:WS2_sendto fd=39, options=20
0009:trace:winsock:WS2_sendto  -> 12 bytes
0009:trace:winsock:WS2_recv_base socket 0130, wsabuf 0x32f6e4, nbufs 1, flags 0, from 0x32f734, fromlen 16, ovl (nil), func (nil)
0009:trace:winsock:WS2_recv_base fd=39, options=20
0009:trace:winsock:WS2_recv_base  -> 10 bytes
0009:trace:winsock:WS2_recv_base socket 0130, wsabuf 0x32f6e4, nbufs 1, flags 0, from 0x32f734, fromlen 16, ovl (nil), func (nil)
0009:trace:winsock:WS2_recv_base fd=39, options=20
0009:trace:winsock:WS2_recv_base  -> 10 bytes
0009:trace:winsock:WS2_sendto socket 0130, wsabuf 0x32f5e4, nbufs 1, flags 0, to 0x6a89194, tolen 16, ovl (nil), func (nil)
0009:trace:winsock:WS2_sendto fd=39, options=20
0009:trace:winsock:WS2_sendto  -> 10 bytes
0009:trace:winsock:WS2_recv_base socket 0130, wsabuf 0x32f6e4, nbufs 1, flags 0, from 0x32f734, fromlen 16, ovl (nil), func (nil)
0009:trace:winsock:WS2_recv_base fd=39, options=20
0009:trace:winsock:WS2_recv_base  -> 16 bytes
0009:trace:winsock:WS2_sendto socket 0130, wsabuf 0x32f5e4, nbufs 1, flags 0, to 0x6a89194, tolen 16, ovl (nil), func (nil)
0009:trace:winsock:WS2_sendto fd=39, options=20
0009:trace:winsock:WS2_sendto  -> 10 bytes
0009:trace:winsock:WS2_recv_base socket 0130, wsabuf 0x32f6e4, nbufs 1, flags 0, from 0x32f734, fromlen 16, ovl (nil), func (nil)
0009:trace:winsock:WS2_recv_base fd=39, options=20
0009:trace:winsock:WS2_recv_base  -> 10 bytes
0009:trace:winsock:WS2_sendto socket 0130, wsabuf 0x32f5e4, nbufs 1, flags 0, to 0x6a89194, tolen 16, ovl (nil), func (nil)
0009:trace:winsock:WS2_sendto fd=39, options=20
0009:trace:winsock:WS2_sendto  -> 10 bytes
0009:trace:winsock:WS2_sendto socket 0130, wsabuf 0x32f9c4, nbufs 1, flags 0, to 0x6a89194, tolen 16, ovl (nil), func (nil)
0009:trace:winsock:WS2_sendto fd=39, options=20
0009:trace:winsock:WS2_sendto  -> 12 bytes
0009:trace:winsock:WS2_sendto socket 0130, wsabuf 0x32f9c4, nbufs 1, flags 0, to 0x6a89194, tolen 16, ovl (nil), func (nil)
0009:trace:winsock:WS2_sendto fd=39, options=20
0009:trace:winsock:WS2_sendto  -> 12 bytes
0009:trace:winsock:WS2_recv_base socket 0130, wsabuf 0x32f6e4, nbufs 1, flags 0, from 0x32f734, fromlen 16, ovl (nil), func (nil)
0009:trace:winsock:WS2_recv_base fd=39, options=20
0009:trace:winsock:WS2_recv_base  -> 12 bytes
0009:trace:winsock:WS2_recv_base socket 0130, wsabuf 0x32f6e4, nbufs 1, flags 0, from 0x32f734, fromlen 16, ovl (nil), func (nil)
0009:trace:winsock:WS2_recv_base fd=39, options=20
0009:trace:winsock:WS2_recv_base  -> 10 bytes
0009:trace:winsock:WS2_recv_base socket 0130, wsabuf 0x32f6e4, nbufs 1, flags 0, from 0x32f734, fromlen 16, ovl (nil), func (nil)
0009:trace:winsock:WS2_recv_base fd=39, options=20
0009:trace:winsock:WS2_recv_base  -> 12 bytes
0009:trace:winsock:WS2_recv_base socket 0130, wsabuf 0x32f6e4, nbufs 1, flags 0, from 0x32f734, fromlen 16, ovl (nil), func (nil)
0009:trace:winsock:WS2_recv_base fd=39, options=20
0009:trace:winsock:WS2_recv_base  -> 16 bytes
0009:trace:winsock:WS2_sendto socket 0130, wsabuf 0x32f964, nbufs 1, flags 0, to 0x6a89194, tolen 16, ovl (nil), func (nil)
0009:trace:winsock:WS2_sendto fd=39, options=20
0009:trace:winsock:WS2_sendto  -> 16 bytes
0009:trace:winsock:WS2_sendto socket 0130, wsabuf 0x32f964, nbufs 1, flags 0, to 0x6a89194, tolen 16, ovl (nil), func (nil)
0009:trace:winsock:WS2_sendto fd=39, options=20
0009:trace:winsock:WS2_sendto  -> 16 bytes
0009:trace:winsock:WS2_sendto socket 0130, wsabuf 0x32f5e4, nbufs 1, flags 0, to 0x6a89194, tolen 16, ovl (nil), func (nil)
0009:trace:winsock:WS2_sendto fd=39, options=20
0009:trace:winsock:WS2_sendto  -> 10 bytes
0009:trace:winsock:WS2_recv_base socket 0130, wsabuf 0x32f6e4, nbufs 1, flags 0, from 0x32f734, fromlen 16, ovl (nil), func (nil)
0009:trace:winsock:WS2_recv_base fd=39, options=20
0009:trace:winsock:WS2_recv_base  -> 16 bytes
0009:trace:winsock:WS2_recv_base socket 0130, wsabuf 0x32f6e4, nbufs 1, flags 0, from 0x32f734, fromlen 16, ovl (nil), func (nil)
0009:trace:winsock:WS2_recv_base fd=39, options=20
0009:trace:winsock:WS2_recv_base  -> 10 bytes
0009:trace:winsock:WS2_sendto socket 0130, wsabuf 0x32f5e4, nbufs 1, flags 0, to 0x6a89194, tolen 16, ovl (nil), func (nil)
0009:trace:winsock:WS2_sendto fd=39, options=20
0009:trace:winsock:WS2_sendto  -> 10 bytes
0009:trace:winsock:WS2_recv_base socket 0130, wsabuf 0x32f6e4, nbufs 1, flags 0, from 0x32f734, fromlen 16, ovl (nil), func (nil)
0009:trace:winsock:WS2_recv_base fd=39, options=20
0009:trace:winsock:WS2_recv_base  -> 10 bytes
0009:trace:winsock:WS2_sendto socket 0130, wsabuf 0x32f5e4, nbufs 1, flags 0, to 0x6a89194, tolen 16, ovl (nil), func (nil)
0009:trace:winsock:WS2_sendto fd=39, options=20
0009:trace:winsock:WS2_sendto  -> 10 bytes
0009:trace:winsock:WS2_recv_base socket 0130, wsabuf 0x32f6e4, nbufs 1, flags 0, from 0x32f734, fromlen 16, ovl (nil), func (nil)
0009:trace:winsock:WS2_recv_base fd=39, options=20
0009:trace:winsock:WS2_recv_base  -> 16 bytes
0009:trace:winsock:WS2_recv_base socket 0130, wsabuf 0x32f6e4, nbufs 1, flags 0, from 0x32f734, fromlen 16, ovl (nil), func (nil)
0009:trace:winsock:WS2_recv_base fd=39, options=20
0009:trace:winsock:WS2_recv_base  -> 10 bytes
0009:trace:winsock:WS2_recv_base socket 0130, wsabuf 0x32f6e4, nbufs 1, flags 0, from 0x32f734, fromlen 16, ovl (nil), func (nil)
0009:trace:winsock:WS2_recv_base fd=39, options=20
0009:trace:winsock:WS2_recv_base  -> 16 bytes
0009:trace:winsock:WS2_sendto socket 0130, wsabuf 0x32f964, nbufs 1, flags 0, to 0x6a89194, tolen 16, ovl (nil), func (nil)
0009:trace:winsock:WS2_sendto fd=39, options=20
0009:trace:winsock:WS2_sendto  -> 16 bytes
0009:trace:winsock:WS2_sendto socket 0130, wsabuf 0x32f964, nbufs 1, flags 0, to 0x6a89194, tolen 16, ovl (nil), func (nil)
0009:trace:winsock:WS2_sendto fd=39, options=20
0009:trace:winsock:WS2_sendto  -> 16 bytes
0009:trace:winsock:WS2_sendto socket 0130, wsabuf 0x32f5e4, nbufs 1, flags 0, to 0x6a89194, tolen 16, ovl (nil), func (nil)
0009:trace:winsock:WS2_sendto fd=39, options=20
0009:trace:winsock:WS2_sendto  -> 10 bytes
0009:trace:winsock:WS2_recv_base socket 0130, wsabuf 0x32f6e4, nbufs 1, flags 0, from 0x32f734, fromlen 16, ovl (nil), func (nil)
0009:trace:winsock:WS2_recv_base fd=39, options=20
0009:trace:winsock:WS2_recv_base  -> 10 bytes
0009:trace:winsock:WS2_sendto socket 0130, wsabuf 0x32f5e4, nbufs 1, flags 0, to 0x6a89194, tolen 16, ovl (nil), func (nil)
0009:trace:winsock:WS2_sendto fd=39, options=20
0009:trace:winsock:WS2_sendto  -> 10 bytes
0009:trace:winsock:WS2_recv_base socket 0130, wsabuf 0x32f6e4, nbufs 1, flags 0, from 0x32f734, fromlen 16, ovl (nil), func (nil)
0009:trace:winsock:WS2_recv_base fd=39, options=20
0009:trace:winsock:WS2_recv_base  -> 12 bytes
0009:trace:winsock:WS2_sendto socket 0130, wsabuf 0x32ef34, nbufs 1, flags 0, to 0x6a89194, tolen 16, ovl (nil), func (nil)
0009:trace:winsock:WS2_sendto fd=39, options=20
0009:trace:winsock:WS2_sendto  -> 12 bytes
0009:trace:winsock:WS2_recv_base socket 0130, wsabuf 0x32f6e4, nbufs 1, flags 0, from 0x32f734, fromlen 16, ovl (nil), func (nil)
0009:trace:winsock:WS2_recv_base fd=39, options=20
0009:trace:winsock:WS2_recv_base  -> 12 bytes
0009:trace:winsock:WS2_sendto socket 0130, wsabuf 0x32ef34, nbufs 1, flags 0, to 0x6a89194, tolen 16, ovl (nil), func (nil)
0009:trace:winsock:WS2_sendto fd=39, options=20
0009:trace:winsock:WS2_sendto  -> 12 bytes
0009:trace:winsock:WS2_recv_base socket 0130, wsabuf 0x32f6e4, nbufs 1, flags 0, from 0x32f734, fromlen 16, ovl (nil), func (nil)
0009:trace:winsock:WS2_recv_base fd=39, options=20
0009:trace:winsock:WS2_recv_base  -> 10 bytes
0009:trace:winsock:WS2_recv_base socket 0130, wsabuf 0x32f6e4, nbufs 1, flags 0, from 0x32f734, fromlen 16, ovl (nil), func (nil)
0009:trace:winsock:WS2_recv_base fd=39, options=20
0009:trace:winsock:WS2_recv_base  -> 10 bytes
0009:trace:winsock:WS2_recv_base socket 0130, wsabuf 0x32f6e4, nbufs 1, flags 0, from 0x32f734, fromlen 16, ovl (nil), func (nil)
0009:trace:winsock:WS2_recv_base fd=39, options=20
0009:trace:winsock:WS2_recv_base  -> 16 bytes
0009:trace:winsock:WS2_sendto socket 0130, wsabuf 0x32f5e4, nbufs 1, flags 0, to 0x6a89194, tolen 16, ovl (nil), func (nil)
0009:trace:winsock:WS2_sendto fd=39, options=20
0009:trace:winsock:WS2_sendto  -> 10 bytes
0009:trace:winsock:WS2_sendto socket 0130, wsabuf 0x32f5e4, nbufs 1, flags 0, to 0x6a89194, tolen 16, ovl (nil), func (nil)
0009:trace:winsock:WS2_sendto fd=39, options=20
0009:trace:winsock:WS2_sendto  -> 10 bytes
0009:trace:winsock:WS2_recv_base socket 0130, wsabuf 0x32f6e4, nbufs 1, flags 0, from 0x32f734, fromlen 16, ovl (nil), func (nil)
0009:trace:winsock:WS2_recv_base fd=39, options=20
0009:trace:winsock:WS2_recv_base  -> 16 bytes
0009:trace:winsock:WS2_sendto socket 0130, wsabuf 0x32f964, nbufs 1, flags 0, to 0x6a89194, tolen 16, ovl (nil), func (nil)
0009:trace:winsock:WS2_sendto fd=39, options=20
0009:trace:winsock:WS2_sendto  -> 16 bytes
0009:trace:winsock:WS2_sendto socket 0130, wsabuf 0x32f964, nbufs 1, flags 0, to 0x6a89194, tolen 16, ovl (nil), func (nil)
0009:trace:winsock:WS2_sendto fd=39, options=20
0009:trace:winsock:WS2_sendto  -> 16 bytes
0009:trace:winsock:WS2_recv_base socket 0130, wsabuf 0x32f6e4, nbufs 1, flags 0, from 0x32f734, fromlen 16, ovl (nil), func (nil)
0009:trace:winsock:WS2_recv_base fd=39, options=20
0009:trace:winsock:WS2_recv_base  -> 10 bytes
0009:trace:winsock:WS2_sendto socket 0130, wsabuf 0x32f5e4, nbufs 1, flags 0, to 0x6a89194, tolen 16, ovl (nil), func (nil)
0009:trace:winsock:WS2_sendto fd=39, options=20
0009:trace:winsock:WS2_sendto  -> 10 bytes
0009:trace:winsock:WS2_recv_base socket 0130, wsabuf 0x32f6e4, nbufs 1, flags 0, from 0x32f734, fromlen 16, ovl (nil), func (nil)
0009:trace:winsock:WS2_recv_base fd=39, options=20
0009:trace:winsock:WS2_recv_base  -> 10 bytes
0009:trace:winsock:WS2_sendto socket 0130, wsabuf 0x32f9c4, nbufs 1, flags 0, to 0x6a89194, tolen 16, ovl (nil), func (nil)
0009:trace:winsock:WS2_sendto fd=39, options=20
0009:trace:winsock:WS2_sendto  -> 12 bytes
0009:trace:winsock:WS2_sendto socket 0130, wsabuf 0x32f9c4, nbufs 1, flags 0, to 0x6a89194, tolen 16, ovl (nil), func (nil)
0009:trace:winsock:WS2_sendto fd=39, options=20
0009:trace:winsock:WS2_sendto  -> 12 bytes
0009:trace:winsock:WS2_recv_base socket 0130, wsabuf 0x32f6e4, nbufs 1, flags 0, from 0x32f734, fromlen 16, ovl (nil), func (nil)
0009:trace:winsock:WS2_recv_base fd=39, options=20
0009:trace:winsock:WS2_recv_base  -> 12 bytes
0009:trace:winsock:WS2_recv_base socket 0130, wsabuf 0x32f6e4, nbufs 1, flags 0, from 0x32f734, fromlen 16, ovl (nil), func (nil)
0009:trace:winsock:WS2_recv_base fd=39, options=20
0009:trace:winsock:WS2_recv_base  -> 12 bytes
0009:trace:winsock:WS2_sendto socket 0130, wsabuf 0x32f5e4, nbufs 1, flags 0, to 0x6a89194, tolen 16, ovl (nil), func (nil)
0009:trace:winsock:WS2_sendto fd=39, options=20
0009:trace:winsock:WS2_sendto  -> 10 bytes
0009:trace:winsock:WS2_recv_base socket 0130, wsabuf 0x32f6e4, nbufs 1, flags 0, from 0x32f734, fromlen 16, ovl (nil), func (nil)
0009:trace:winsock:WS2_recv_base fd=39, options=20
0009:trace:winsock:WS2_recv_base  -> 16 bytes
0009:trace:winsock:WS2_recv_base socket 0130, wsabuf 0x32f6e4, nbufs 1, flags 0, from 0x32f734, fromlen 16, ovl (nil), func (nil)
0009:trace:winsock:WS2_recv_base fd=39, options=20
0009:trace:winsock:WS2_recv_base  -> 16 bytes
0009:trace:winsock:WS2_recv_base socket 0130, wsabuf 0x32f6e4, nbufs 1, flags 0, from 0x32f734, fromlen 16, ovl (nil), func (nil)
0009:trace:winsock:WS2_recv_base fd=39, options=20
0009:trace:winsock:WS2_recv_base  -> 10 bytes
0009:trace:winsock:WS2_sendto socket 0130, wsabuf 0x32f5e4, nbufs 1, flags 0, to 0x6a89194, tolen 16, ovl (nil), func (nil)
0009:trace:winsock:WS2_sendto fd=39, options=20
0009:trace:winsock:WS2_sendto  -> 10 bytes
0009:trace:winsock:WS2_recv_base socket 0130, wsabuf 0x32f6e4, nbufs 1, flags 0, from 0x32f734, fromlen 16, ovl (nil), func (nil)
0009:trace:winsock:WS2_recv_base fd=39, options=20
0009:trace:winsock:WS2_recv_base  -> 10 bytes
0009:trace:winsock:WS2_sendto socket 0130, wsabuf 0x32f964, nbufs 1, flags 0, to 0x6a89194, tolen 16, ovl (nil), func (nil)
0009:trace:winsock:WS2_sendto fd=39, options=20
0009:trace:winsock:WS2_sendto  -> 16 bytes
0009:trace:winsock:WS2_sendto socket 0130, wsabuf 0x32f964, nbufs 1, flags 0, to 0x6a89194, tolen 16, ovl (nil), func (nil)
0009:trace:winsock:WS2_sendto fd=39, options=20
0009:trace:winsock:WS2_sendto  -> 16 bytes
0009:trace:winsock:WS2_sendto socket 0130, wsabuf 0x32f5e4, nbufs 1, flags 0, to 0x6a89194, tolen 16, ovl (nil), func (nil)
0009:trace:winsock:WS2_sendto fd=39, options=20
0009:trace:winsock:WS2_sendto  -> 10 bytes
0009:trace:winsock:WS2_recv_base socket 0130, wsabuf 0x32f6e4, nbufs 1, flags 0, from 0x32f734, fromlen 16, ovl (nil), func (nil)
0009:trace:winsock:WS2_recv_base fd=39, options=20
0009:trace:winsock:WS2_recv_base  -> 16 bytes
0009:trace:winsock:WS2_recv_base socket 0130, wsabuf 0x32f6e4, nbufs 1, flags 0, from 0x32f734, fromlen 16, ovl (nil), func (nil)
0009:trace:winsock:WS2_recv_base fd=39, options=20
0009:trace:winsock:WS2_recv_base  -> 10 bytes
0009:trace:winsock:WS2_recv_base socket 0130, wsabuf 0x32f6e4, nbufs 1, flags 0, from 0x32f734, fromlen 16, ovl (nil), func (nil)
0009:trace:winsock:WS2_recv_base fd=39, options=20
0009:trace:winsock:WS2_recv_base  -> 16 bytes
0009:trace:winsock:WS2_sendto socket 0130, wsabuf 0x32f5e4, nbufs 1, flags 0, to 0x6a89194, tolen 16, ovl (nil), func (nil)
0009:trace:winsock:WS2_sendto fd=39, options=20
0009:trace:winsock:WS2_sendto  -> 10 bytes
0009:trace:winsock:WS2_recv_base socket 0130, wsabuf 0x32f6e4, nbufs 1, flags 0, from 0x32f734, fromlen 16, ovl (nil), func (nil)
0009:trace:winsock:WS2_recv_base fd=39, options=20
0009:trace:winsock:WS2_recv_base  -> 10 bytes
0009:trace:winsock:WS2_recv_base socket 0130, wsabuf 0x32f6e4, nbufs 1, flags 0, from 0x32f734, fromlen 16, ovl (nil), func (nil)
0009:trace:winsock:WS2_recv_base fd=39, options=20
0009:trace:winsock:WS2_recv_base  -> 16 bytes
0009:trace:winsock:WS2_recv_base socket 0130, wsabuf 0x32f6e4, nbufs 1, flags 0, from 0x32f734, fromlen 16, ovl (nil), func (nil)
0009:trace:winsock:WS2_recv_base fd=39, options=20
0009:trace:winsock:WS2_recv_base  -> 12 bytes
0009:trace:winsock:WS2_sendto socket 0130, wsabuf 0x32ef34, nbufs 1, flags 0, to 0x6a89194, tolen 16, ovl (nil), func (nil)
0009:trace:winsock:WS2_sendto fd=39, options=20
0009:trace:winsock:WS2_sendto  -> 12 bytes
0009:trace:winsock:WS2_recv_base socket 0130, wsabuf 0x32f6e4, nbufs 1, flags 0, from 0x32f734, fromlen 16, ovl (nil), func (nil)
0009:trace:winsock:WS2_recv_base fd=39, options=20
0009:trace:winsock:WS2_recv_base  -> 10 bytes
0009:trace:winsock:WS2_sendto socket 0130, wsabuf 0x32f5e4, nbufs 1, flags 0, to 0x6a89194, tolen 16, ovl (nil), func (nil)
0009:trace:winsock:WS2_sendto fd=39, options=20
0009:trace:winsock:WS2_sendto  -> 10 bytes
0009:trace:winsock:WS2_recv_base socket 0130, wsabuf 0x32f6e4, nbufs 1, flags 0, from 0x32f734, fromlen 16, ovl (nil), func (nil)
0009:trace:winsock:WS2_recv_base fd=39, options=20
0009:trace:winsock:WS2_recv_base  -> 10 bytes
0009:trace:winsock:WS2_recv_base socket 0130, wsabuf 0x32f6e4, nbufs 1, flags 0, from 0x32f734, fromlen 16, ovl (nil), func (nil)
0009:trace:winsock:WS2_recv_base fd=39, options=20
0009:trace:winsock:WS2_recv_base  -> 16 bytes
0009:trace:winsock:WS2_recv_base socket 0130, wsabuf 0x32f6e4, nbufs 1, flags 0, from 0x32f734, fromlen 16, ovl (nil), func (nil)
0009:trace:winsock:WS2_recv_base fd=39, options=20
0009:trace:winsock:WS2_recv_base  -> 10 bytes
0009:trace:winsock:WS2_recv_base socket 0130, wsabuf 0x32f6e4, nbufs 1, flags 0, from 0x32f734, fromlen 16, ovl (nil), func (nil)
0009:trace:winsock:WS2_recv_base fd=39, options=20
0009:trace:winsock:WS2_recv_base  -> 16 bytes
0009:trace:winsock:WS2_recv_base socket 0130, wsabuf 0x32f6e4, nbufs 1, flags 0, from 0x32f734, fromlen 16, ovl (nil), func (nil)
0009:trace:winsock:WS2_recv_base fd=39, options=20
0009:trace:winsock:WS2_recv_base  -> 10 bytes
0009:trace:winsock:WS2_sendto socket 0130, wsabuf 0x32f5e4, nbufs 1, flags 0, to 0x6a89194, tolen 16, ovl (nil), func (nil)
0009:trace:winsock:WS2_sendto fd=39, options=20
0009:trace:winsock:WS2_sendto  -> 10 bytes
0009:trace:winsock:WS2_sendto socket 0130, wsabuf 0x32f9c4, nbufs 1, flags 0, to 0x6a89194, tolen 16, ovl (nil), func (nil)
0009:trace:winsock:WS2_sendto fd=39, options=20
0009:trace:winsock:WS2_sendto  -> 12 bytes
0009:trace:winsock:WS2_sendto socket 0130, wsabuf 0x32f9c4, nbufs 1, flags 0, to 0x6a89194, tolen 16, ovl (nil), func (nil)
0009:trace:winsock:WS2_sendto fd=39, options=20
0009:trace:winsock:WS2_sendto  -> 12 bytes
0009:trace:winsock:WS2_recv_base socket 0130, wsabuf 0x32f6e4, nbufs 1, flags 0, from 0x32f734, fromlen 16, ovl (nil), func (nil)
0009:trace:winsock:WS2_recv_base fd=39, options=20
0009:trace:winsock:WS2_recv_base  -> 12 bytes
0009:trace:winsock:WS2_recv_base socket 0130, wsabuf 0x32f6e4, nbufs 1, flags 0, from 0x32f734, fromlen 16, ovl (nil), func (nil)
0009:trace:winsock:WS2_recv_base fd=39, options=20
0009:trace:winsock:WS2_recv_base  -> 10 bytes
0009:trace:winsock:WS2_recv_base socket 0130, wsabuf 0x32f6e4, nbufs 1, flags 0, from 0x32f734, fromlen 16, ovl (nil), func (nil)
0009:trace:winsock:WS2_recv_base fd=39, options=20
0009:trace:winsock:WS2_recv_base  -> 12 bytes
0009:trace:winsock:WS2_recv_base socket 0130, wsabuf 0x32f6e4, nbufs 1, flags 0, from 0x32f734, fromlen 16, ovl (nil), func (nil)
0009:trace:winsock:WS2_recv_base fd=39, options=20
0009:trace:winsock:WS2_recv_base  -> 12 bytes
0009:trace:winsock:WS2_sendto socket 0130, wsabuf 0x32ef34, nbufs 1, flags 0, to 0x6a89194, tolen 16, ovl (nil), func (nil)
0009:trace:winsock:WS2_sendto fd=39, options=20
0009:trace:winsock:WS2_sendto  -> 12 bytes
0009:trace:winsock:WS2_recv_base socket 0130, wsabuf 0x32f6e4, nbufs 1, flags 0, from 0x32f734, fromlen 16, ovl (nil), func (nil)
0009:trace:winsock:WS2_recv_base fd=39, options=20
0009:trace:winsock:WS2_recv_base  -> 12 bytes
0009:trace:winsock:WS2_sendto socket 0130, wsabuf 0x32ef34, nbufs 1, flags 0, to 0x6a89194, tolen 16, ovl (nil), func (nil)
0009:trace:winsock:WS2_sendto fd=39, options=20
0009:trace:winsock:WS2_sendto  -> 12 bytes
0009:trace:winsock:WS2_recv_base socket 0130, wsabuf 0x32f6e4, nbufs 1, flags 0, from 0x32f734, fromlen 16, ovl (nil), func (nil)
0009:trace:winsock:WS2_recv_base fd=39, options=20
0009:trace:winsock:WS2_recv_base  -> 10 bytes
0009:trace:winsock:WS2_recv_base socket 0130, wsabuf 0x32f6e4, nbufs 1, flags 0, from 0x32f734, fromlen 16, ovl (nil), func (nil)
0009:trace:winsock:WS2_recv_base fd=39, options=20
0009:trace:winsock:WS2_recv_base  -> 10 bytes
0009:trace:winsock:WS2_recv_base socket 0130, wsabuf 0x32f6e4, nbufs 1, flags 0, from 0x32f734, fromlen 16, ovl (nil), func (nil)
0009:trace:winsock:WS2_recv_base fd=39, options=20
0009:trace:winsock:WS2_recv_base  -> 10 bytes
0009:trace:winsock:WS2_recv_base socket 0130, wsabuf 0x32f6e4, nbufs 1, flags 0, from 0x32f734, fromlen 16, ovl (nil), func (nil)
0009:trace:winsock:WS2_recv_base fd=39, options=20
0009:trace:winsock:WS2_recv_base  -> 10 bytes
0009:trace:winsock:WS2_sendto socket 0130, wsabuf 0x32f5e4, nbufs 1, flags 0, to 0x6a89194, tolen 16, ovl (nil), func (nil)
0009:trace:winsock:WS2_sendto fd=39, options=20
0009:trace:winsock:WS2_sendto  -> 10 bytes
0009:trace:winsock:WS2_sendto socket 0130, wsabuf 0x32f5e4, nbufs 1, flags 0, to 0x6a89194, tolen 16, ovl (nil), func (nil)
0009:trace:winsock:WS2_sendto fd=39, options=20
0009:trace:winsock:WS2_sendto  -> 10 bytes
0009:trace:winsock:WS2_sendto socket 0130, wsabuf 0x32f9c4, nbufs 1, flags 0, to 0x6a89194, tolen 16, ovl (nil), func (nil)
0009:trace:winsock:WS2_sendto fd=39, options=20
0009:trace:winsock:WS2_sendto  -> 12 bytes
0009:trace:winsock:WS2_sendto socket 0130, wsabuf 0x32f9c4, nbufs 1, flags 0, to 0x6a89194, tolen 16, ovl (nil), func (nil)
0009:trace:winsock:WS2_sendto fd=39, options=20
0009:trace:winsock:WS2_sendto  -> 12 bytes
0009:trace:winsock:WS2_recv_base socket 0130, wsabuf 0x32f6e4, nbufs 1, flags 0, from 0x32f734, fromlen 16, ovl (nil), func (nil)
0009:trace:winsock:WS2_recv_base fd=39, options=20
0009:trace:winsock:WS2_recv_base  -> 10 bytes
0009:trace:winsock:WS2_recv_base socket 0130, wsabuf 0x32f6e4, nbufs 1, flags 0, from 0x32f734, fromlen 16, ovl (nil), func (nil)
0009:trace:winsock:WS2_recv_base fd=39, options=20
0009:trace:winsock:WS2_recv_base  -> 12 bytes
0009:trace:winsock:WS2_sendto socket 0130, wsabuf 0x32ef34, nbufs 1, flags 0, to 0x6a89194, tolen 16, ovl (nil), func (nil)
0009:trace:winsock:WS2_sendto fd=39, options=20
0009:trace:winsock:WS2_sendto  -> 12 bytes
0009:trace:winsock:WS2_recv_base socket 0130, wsabuf 0x32f6e4, nbufs 1, flags 0, from 0x32f734, fromlen 16, ovl (nil), func (nil)
0009:trace:winsock:WS2_recv_base fd=39, options=20
0009:trace:winsock:WS2_recv_base  -> 12 bytes
0009:trace:winsock:WS2_recv_base socket 0130, wsabuf 0x32f6e4, nbufs 1, flags 0, from 0x32f734, fromlen 16, ovl (nil), func (nil)
0009:trace:winsock:WS2_recv_base fd=39, options=20
0009:trace:winsock:WS2_recv_base  -> 12 bytes
0009:trace:winsock:WS2_sendto socket 0130, wsabuf 0x32ef34, nbufs 1, flags 0, to 0x6a89194, tolen 16, ovl (nil), func (nil)
0009:trace:winsock:WS2_sendto fd=39, options=20
0009:trace:winsock:WS2_sendto  -> 12 bytes
0009:trace:winsock:WS2_recv_base socket 0130, wsabuf 0x32f6e4, nbufs 1, flags 0, from 0x32f734, fromlen 16, ovl (nil), func (nil)
0009:trace:winsock:WS2_recv_base fd=39, options=20
0009:trace:winsock:WS2_recv_base  -> 10 bytes
0009:trace:winsock:WS2_recv_base socket 0130, wsabuf 0x32f6e4, nbufs 1, flags 0, from 0x32f734, fromlen 16, ovl (nil), func (nil)
0009:trace:winsock:WS2_recv_base fd=39, options=20
0009:trace:winsock:WS2_recv_base  -> 10 bytes
0009:trace:winsock:WS2_recv_base socket 0130, wsabuf 0x32f6e4, nbufs 1, flags 0, from 0x32f734, fromlen 16, ovl (nil), func (nil)
0009:trace:winsock:WS2_recv_base fd=39, options=20
0009:trace:winsock:WS2_recv_base  -> 10 bytes
0009:trace:winsock:WS2_recv_base socket 0130, wsabuf 0x32f6e4, nbufs 1, flags 0, from 0x32f734, fromlen 16, ovl (nil), func (nil)
0009:trace:winsock:WS2_recv_base fd=39, options=20
0009:trace:winsock:WS2_recv_base  -> 10 bytes
0009:trace:winsock:WS2_recv_base socket 0130, wsabuf 0x32f6e4, nbufs 1, flags 0, from 0x32f734, fromlen 16, ovl (nil), func (nil)
0009:trace:winsock:WS2_recv_base fd=39, options=20
0009:trace:winsock:WS2_recv_base  -> 12 bytes
0009:trace:winsock:WS2_recv_base socket 0130, wsabuf 0x32f6e4, nbufs 1, flags 0, from 0x32f734, fromlen 16, ovl (nil), func (nil)
0009:trace:winsock:WS2_recv_base fd=39, options=20
0009:trace:winsock:WS2_recv_base  -> 10 bytes
0009:trace:winsock:WS2_recv_base socket 0130, wsabuf 0x32f6e4, nbufs 1, flags 0, from 0x32f734, fromlen 16, ovl (nil), func (nil)
0009:trace:winsock:WS2_recv_base fd=39, options=20
0009:trace:winsock:WS2_recv_base  -> 12 bytes
0009:trace:winsock:WS2_sendto socket 0130, wsabuf 0x32ef34, nbufs 1, flags 0, to 0x6a89194, tolen 16, ovl (nil), func (nil)
0009:trace:winsock:WS2_sendto fd=39, options=20
0009:trace:winsock:WS2_sendto  -> 12 bytes
0009:trace:winsock:WS2_sendto socket 0130, wsabuf 0x32f5e4, nbufs 1, flags 0, to 0x6a89194, tolen 16, ovl (nil), func (nil)
0009:trace:winsock:WS2_sendto fd=39, options=20
0009:trace:winsock:WS2_sendto  -> 10 bytes
0009:trace:winsock:WS2_sendto socket 0130, wsabuf 0x32f5e4, nbufs 1, flags 0, to 0x6a89194, tolen 16, ovl (nil), func (nil)
0009:trace:winsock:WS2_sendto fd=39, options=20
0009:trace:winsock:WS2_sendto  -> 10 bytes
0009:trace:winsock:WS2_sendto socket 0130, wsabuf 0x32f964, nbufs 1, flags 0, to 0x6a89194, tolen 16, ovl (nil), func (nil)
0009:trace:winsock:WS2_sendto fd=39, options=20
0009:trace:winsock:WS2_sendto  -> 16 bytes
0009:trace:winsock:WS2_sendto socket 0130, wsabuf 0x32f964, nbufs 1, flags 0, to 0x6a89194, tolen 16, ovl (nil), func (nil)
0009:trace:winsock:WS2_sendto fd=39, options=20
0009:trace:winsock:WS2_sendto  -> 16 bytes
0009:trace:winsock:WS2_sendto socket 0130, wsabuf 0x32f9c4, nbufs 1, flags 0, to 0x6a89194, tolen 16, ovl (nil), func (nil)
0009:trace:winsock:WS2_sendto fd=39, options=20
0009:trace:winsock:WS2_sendto  -> 12 bytes
0009:trace:winsock:WS2_sendto socket 0130, wsabuf 0x32f9c4, nbufs 1, flags 0, to 0x6a89194, tolen 16, ovl (nil), func (nil)
0009:trace:winsock:WS2_sendto fd=39, options=20
0009:trace:winsock:WS2_sendto  -> 12 bytes
0009:trace:winsock:WS2_recv_base socket 0130, wsabuf 0x32f6e4, nbufs 1, flags 0, from 0x32f734, fromlen 16, ovl (nil), func (nil)
0009:trace:winsock:WS2_recv_base fd=39, options=20
0009:trace:winsock:WS2_recv_base  -> 12 bytes
0009:trace:winsock:WS2_recv_base socket 0130, wsabuf 0x32f6e4, nbufs 1, flags 0, from 0x32f734, fromlen 16, ovl (nil), func (nil)
0009:trace:winsock:WS2_recv_base fd=39, options=20
0009:trace:winsock:WS2_recv_base  -> 10 bytes
0009:trace:winsock:WS2_recv_base socket 0130, wsabuf 0x32f6e4, nbufs 1, flags 0, from 0x32f734, fromlen 16, ovl (nil), func (nil)
0009:trace:winsock:WS2_recv_base fd=39, options=20
0009:trace:winsock:WS2_recv_base  -> 12 bytes
0009:trace:winsock:WS2_sendto socket 0130, wsabuf 0x32ef34, nbufs 1, flags 0, to 0x6a89194, tolen 16, ovl (nil), func (nil)
0009:trace:winsock:WS2_sendto fd=39, options=20
0009:trace:winsock:WS2_sendto  -> 12 bytes
0009:trace:winsock:WS2_recv_base socket 0130, wsabuf 0x32f6e4, nbufs 1, flags 0, from 0x32f734, fromlen 16, ovl (nil), func (nil)
0009:trace:winsock:WS2_recv_base fd=39, options=20
0009:trace:winsock:WS2_recv_base  -> 10 bytes
0009:trace:winsock:WS2_recv_base socket 0130, wsabuf 0x32f6e4, nbufs 1, flags 0, from 0x32f734, fromlen 16, ovl (nil), func (nil)
0009:trace:winsock:WS2_recv_base fd=39, options=20
0009:trace:winsock:WS2_recv_base  -> 10 bytes
0009:trace:winsock:WS2_recv_base socket 0130, wsabuf 0x32f6e4, nbufs 1, flags 0, from 0x32f734, fromlen 16, ovl (nil), func (nil)
0009:trace:winsock:WS2_recv_base fd=39, options=20
0009:trace:winsock:WS2_recv_base  -> 10 bytes
0009:trace:winsock:WS2_sendto socket 0130, wsabuf 0x32f5e4, nbufs 1, flags 0, to 0x6a89194, tolen 16, ovl (nil), func (nil)
0009:trace:winsock:WS2_sendto fd=39, options=20
0009:trace:winsock:WS2_sendto  -> 10 bytes
0009:trace:winsock:WS2_sendto socket 0130, wsabuf 0x32f5e4, nbufs 1, flags 0, to 0x6a89194, tolen 16, ovl (nil), func (nil)
0009:trace:winsock:WS2_sendto fd=39, options=20
0009:trace:winsock:WS2_sendto  -> 10 bytes
0009:trace:winsock:WS2_recv_base socket 0130, wsabuf 0x32f6e4, nbufs 1, flags 0, from 0x32f734, fromlen 16, ovl (nil), func (nil)
0009:trace:winsock:WS2_recv_base fd=39, options=20
0009:trace:winsock:WS2_recv_base  -> 12 bytes
0009:trace:winsock:WS2_recv_base socket 0130, wsabuf 0x32f6e4, nbufs 1, flags 0, from 0x32f734, fromlen 16, ovl (nil), func (nil)
0009:trace:winsock:WS2_recv_base fd=39, options=20
0009:trace:winsock:WS2_recv_base  -> 10 bytes
0009:trace:winsock:WS2_recv_base socket 0130, wsabuf 0x32f6e4, nbufs 1, flags 0, from 0x32f734, fromlen 16, ovl (nil), func (nil)
0009:trace:winsock:WS2_recv_base fd=39, options=20
0009:trace:winsock:WS2_recv_base  -> 10 bytes
0009:trace:winsock:WS2_recv_base socket 0130, wsabuf 0x32f6e4, nbufs 1, flags 0, from 0x32f734, fromlen 16, ovl (nil), func (nil)
0009:trace:winsock:WS2_recv_base fd=39, options=20
0009:trace:winsock:WS2_recv_base  -> 12 bytes
0009:trace:winsock:WS2_sendto socket 0130, wsabuf 0x32ef34, nbufs 1, flags 0, to 0x6a89194, tolen 16, ovl (nil), func (nil)
0009:trace:winsock:WS2_sendto fd=39, options=20
0009:trace:winsock:WS2_sendto  -> 12 bytes
0009:trace:winsock:WS2_recv_base socket 0130, wsabuf 0x32f6e4, nbufs 1, flags 0, from 0x32f734, fromlen 16, ovl (nil), func (nil)
0009:trace:winsock:WS2_recv_base fd=39, options=20
0009:trace:winsock:WS2_recv_base  -> 10 bytes
0009:trace:winsock:WS2_recv_base socket 0130, wsabuf 0x32f6e4, nbufs 1, flags 0, from 0x32f734, fromlen 16, ovl (nil), func (nil)
0009:trace:winsock:WS2_recv_base fd=39, options=20
0009:trace:winsock:WS2_recv_base  -> 10 bytes
0009:trace:winsock:WS2_recv_base socket 0130, wsabuf 0x32f6e4, nbufs 1, flags 0, from 0x32f734, fromlen 16, ovl (nil), func (nil)
0009:trace:winsock:WS2_recv_base fd=39, options=20
0009:trace:winsock:WS2_recv_base  -> 10 bytes
0009:trace:winsock:WS2_sendto socket 0130, wsabuf 0x32f5e4, nbufs 1, flags 0, to 0x6a89194, tolen 16, ovl (nil), func (nil)
0009:trace:winsock:WS2_sendto fd=39, options=20
0009:trace:winsock:WS2_sendto  -> 10 bytes
0009:trace:winsock:WS2_sendto socket 0130, wsabuf 0x32f5e4, nbufs 1, flags 0, to 0x6a89194, tolen 16, ovl (nil), func (nil)
0009:trace:winsock:WS2_sendto fd=39, options=20
0009:trace:winsock:WS2_sendto  -> 10 bytes
0009:trace:winsock:WS2_sendto socket 0130, wsabuf 0x32f9c4, nbufs 1, flags 0, to 0x6a89194, tolen 16, ovl (nil), func (nil)
0009:trace:winsock:WS2_sendto fd=39, options=20
0009:trace:winsock:WS2_sendto  -> 12 bytes
0009:trace:winsock:WS2_sendto socket 0130, wsabuf 0x32f9c4, nbufs 1, flags 0, to 0x6a89194, tolen 16, ovl (nil), func (nil)
0009:trace:winsock:WS2_sendto fd=39, options=20
0009:trace:winsock:WS2_sendto  -> 12 bytes
0009:trace:winsock:WS2_recv_base socket 0130, wsabuf 0x32f6e4, nbufs 1, flags 0, from 0x32f734, fromlen 16, ovl (nil), func (nil)
0009:trace:winsock:WS2_recv_base fd=39, options=20
0009:trace:winsock:WS2_recv_base  -> 10 bytes
0009:trace:winsock:WS2_recv_base socket 0130, wsabuf 0x32f6e4, nbufs 1, flags 0, from 0x32f734, fromlen 16, ovl (nil), func (nil)
0009:trace:winsock:WS2_recv_base fd=39, options=20
0009:trace:winsock:WS2_recv_base  -> 12 bytes
0009:trace:winsock:WS2_recv_base socket 0130, wsabuf 0x32f6e4, nbufs 1, flags 0, from 0x32f734, fromlen 16, ovl (nil), func (nil)
0009:trace:winsock:WS2_recv_base fd=39, options=20
0009:trace:winsock:WS2_recv_base  -> 16 bytes
0009:trace:winsock:WS2_recv_base socket 0130, wsabuf 0x32f6e4, nbufs 1, flags 0, from 0x32f734, fromlen 16, ovl (nil), func (nil)
0009:trace:winsock:WS2_recv_base fd=39, options=20
0009:trace:winsock:WS2_recv_base  -> 12 bytes
0009:trace:winsock:WS2_sendto socket 0130, wsabuf 0x32ef34, nbufs 1, flags 0, to 0x6a89194, tolen 16, ovl (nil), func (nil)
0009:trace:winsock:WS2_sendto fd=39, options=20
0009:trace:winsock:WS2_sendto  -> 12 bytes
0009:trace:winsock:WS2_recv_base socket 0130, wsabuf 0x32f6e4, nbufs 1, flags 0, from 0x32f734, fromlen 16, ovl (nil), func (nil)
0009:trace:winsock:WS2_recv_base fd=39, options=20
0009:trace:winsock:WS2_recv_base  -> 12 bytes
0009:trace:winsock:WS2_recv_base socket 0130, wsabuf 0x32f6e4, nbufs 1, flags 0, from 0x32f734, fromlen 16, ovl (nil), func (nil)
0009:trace:winsock:WS2_recv_base fd=39, options=20
0009:trace:winsock:WS2_recv_base  -> 16 bytes
0009:trace:winsock:WS2_recv_base socket 0130, wsabuf 0x32f6e4, nbufs 1, flags 0, from 0x32f734, fromlen 16, ovl (nil), func (nil)
0009:trace:winsock:WS2_recv_base fd=39, options=20
0009:trace:winsock:WS2_recv_base  -> 10 bytes
0009:trace:winsock:WS2_recv_base socket 0130, wsabuf 0x32f6e4, nbufs 1, flags 0, from 0x32f734, fromlen 16, ovl (nil), func (nil)
0009:trace:winsock:WS2_recv_base fd=39, options=20
0009:trace:winsock:WS2_recv_base  -> 12 bytes
0009:trace:winsock:WS2_sendto socket 0130, wsabuf 0x32ef34, nbufs 1, flags 0, to 0x6a89194, tolen 16, ovl (nil), func (nil)
0009:trace:winsock:WS2_sendto fd=39, options=20
0009:trace:winsock:WS2_sendto  -> 12 bytes
0009:trace:winsock:WS2_recv_base socket 0130, wsabuf 0x32f6e4, nbufs 1, flags 0, from 0x32f734, fromlen 16, ovl (nil), func (nil)
0009:trace:winsock:WS2_recv_base fd=39, options=20
0009:trace:winsock:WS2_recv_base  -> 16 bytes
0009:trace:winsock:WS2_recv_base socket 0130, wsabuf 0x32f6e4, nbufs 1, flags 0, from 0x32f734, fromlen 16, ovl (nil), func (nil)
0009:trace:winsock:WS2_recv_base fd=39, options=20
0009:trace:winsock:WS2_recv_base  -> 10 bytes
0009:trace:winsock:WS2_recv_base socket 0130, wsabuf 0x32f6e4, nbufs 1, flags 0, from 0x32f734, fromlen 16, ovl (nil), func (nil)
0009:trace:winsock:WS2_recv_base fd=39, options=20
0009:trace:winsock:WS2_recv_base  -> 10 bytes
0009:trace:winsock:WS2_recv_base socket 0130, wsabuf 0x32f6e4, nbufs 1, flags 0, from 0x32f734, fromlen 16, ovl (nil), func (nil)
0009:trace:winsock:WS2_recv_base fd=39, options=20
0009:trace:winsock:WS2_recv_base  -> 10 bytes
0009:trace:winsock:WS2_sendto socket 0130, wsabuf 0x32f5e4, nbufs 1, flags 0, to 0x6a89194, tolen 16, ovl (nil), func (nil)
0009:trace:winsock:WS2_sendto fd=39, options=20
0009:trace:winsock:WS2_sendto  -> 10 bytes
0009:trace:winsock:WS2_sendto socket 0130, wsabuf 0x32f5e4, nbufs 1, flags 0, to 0x6a89194, tolen 16, ovl (nil), func (nil)
0009:trace:winsock:WS2_sendto fd=39, options=20
0009:trace:winsock:WS2_sendto  -> 10 bytes
0009:trace:winsock:WS2_recv_base socket 0130, wsabuf 0x32f6e4, nbufs 1, flags 0, from 0x32f734, fromlen 16, ovl (nil), func (nil)
0009:trace:winsock:WS2_recv_base fd=39, options=20
0009:trace:winsock:WS2_recv_base  -> 10 bytes
0009:trace:winsock:WS2_recv_base socket 0130, wsabuf 0x32f6e4, nbufs 1, flags 0, from 0x32f734, fromlen 16, ovl (nil), func (nil)
0009:trace:winsock:WS2_recv_base fd=39, options=20
0009:trace:winsock:WS2_recv_base  -> 12 bytes
0009:trace:winsock:WS2_sendto socket 0130, wsabuf 0x32ef34, nbufs 1, flags 0, to 0x6a89194, tolen 16, ovl (nil), func (nil)
0009:trace:winsock:WS2_sendto fd=39, options=20
0009:trace:winsock:WS2_sendto  -> 12 bytes
0009:trace:winsock:WS2_recv_base socket 0130, wsabuf 0x32f6e4, nbufs 1, flags 0, from 0x32f734, fromlen 16, ovl (nil), func (nil)
0009:trace:winsock:WS2_recv_base fd=39, options=20
0009:trace:winsock:WS2_recv_base  -> 10 bytes
0009:trace:winsock:WS2_recv_base socket 0130, wsabuf 0x32f6e4, nbufs 1, flags 0, from 0x32f734, fromlen 16, ovl (nil), func (nil)
0009:trace:winsock:WS2_recv_base fd=39, options=20
0009:trace:winsock:WS2_recv_base  -> 12 bytes
0009:trace:winsock:WS2_sendto socket 0130, wsabuf 0x32ef34, nbufs 1, flags 0, to 0x6a89194, tolen 16, ovl (nil), func (nil)
0009:trace:winsock:WS2_sendto fd=39, options=20
0009:trace:winsock:WS2_sendto  -> 12 bytes
0009:trace:winsock:WS2_recv_base socket 0130, wsabuf 0x32f6e4, nbufs 1, flags 0, from 0x32f734, fromlen 16, ovl (nil), func (nil)
0009:trace:winsock:WS2_recv_base fd=39, options=20
0009:trace:winsock:WS2_recv_base  -> 10 bytes
0009:trace:winsock:WS2_recv_base socket 0130, wsabuf 0x32f6e4, nbufs 1, flags 0, from 0x32f734, fromlen 16, ovl (nil), func (nil)
0009:trace:winsock:WS2_recv_base fd=39, options=20
0009:trace:winsock:WS2_recv_base  -> 10 bytes
0009:trace:winsock:WS2_recv_base socket 0130, wsabuf 0x32f6e4, nbufs 1, flags 0, from 0x32f734, fromlen 16, ovl (nil), func (nil)
0009:trace:winsock:WS2_recv_base fd=39, options=20
0009:trace:winsock:WS2_recv_base  -> 10 bytes
0009:trace:winsock:WS2_sendto socket 0130, wsabuf 0x32f5e4, nbufs 1, flags 0, to 0x6a89194, tolen 16, ovl (nil), func (nil)
0009:trace:winsock:WS2_sendto fd=39, options=20
0009:trace:winsock:WS2_sendto  -> 10 bytes
0009:trace:winsock:WS2_sendto socket 0130, wsabuf 0x32f5e4, nbufs 1, flags 0, to 0x6a89194, tolen 16, ovl (nil), func (nil)
0009:trace:winsock:WS2_sendto fd=39, options=20
0009:trace:winsock:WS2_sendto  -> 10 bytes
0009:trace:winsock:WS2_sendto socket 0130, wsabuf 0x32f9c4, nbufs 1, flags 0, to 0x6a89194, tolen 16, ovl (nil), func (nil)
0009:trace:winsock:WS2_sendto fd=39, options=20
0009:trace:winsock:WS2_sendto  -> 12 bytes
0009:trace:winsock:WS2_sendto socket 0130, wsabuf 0x32f9c4, nbufs 1, flags 0, to 0x6a89194, tolen 16, ovl (nil), func (nil)
0009:trace:winsock:WS2_sendto fd=39, options=20
0009:trace:winsock:WS2_sendto  -> 12 bytes
0009:trace:winsock:WS2_recv_base socket 0130, wsabuf 0x32f6e4, nbufs 1, flags 0, from 0x32f734, fromlen 16, ovl (nil), func (nil)
0009:trace:winsock:WS2_recv_base fd=39, options=20
0009:trace:winsock:WS2_recv_base  -> 12 bytes
0009:trace:winsock:WS2_sendto socket 0130, wsabuf 0x32f5e4, nbufs 1, flags 0, to 0x6a89194, tolen 16, ovl (nil), func (nil)
0009:trace:winsock:WS2_sendto fd=39, options=20
0009:trace:winsock:WS2_sendto  -> 10 bytes
0009:trace:winsock:WS2_recv_base socket 0130, wsabuf 0x32f6e4, nbufs 1, flags 0, from 0x32f734, fromlen 16, ovl (nil), func (nil)
0009:trace:winsock:WS2_recv_base fd=39, options=20
0009:trace:winsock:WS2_recv_base  -> 12 bytes
0009:trace:winsock:WS2_sendto socket 0130, wsabuf 0x32f5e4, nbufs 1, flags 0, to 0x6a89194, tolen 16, ovl (nil), func (nil)
0009:trace:winsock:WS2_sendto fd=39, options=20
0009:trace:winsock:WS2_sendto  -> 10 bytes
0009:trace:winsock:WS2_recv_base socket 0130, wsabuf 0x32f6e4, nbufs 1, flags 0, from 0x32f734, fromlen 16, ovl (nil), func (nil)
0009:trace:winsock:WS2_recv_base fd=39, options=20
0009:trace:winsock:WS2_recv_base  -> 10 bytes
0009:trace:winsock:WS2_sendto socket 0130, wsabuf 0x32f9c4, nbufs 1, flags 0, to 0x6a89194, tolen 16, ovl (nil), func (nil)
0009:trace:winsock:WS2_sendto fd=39, options=20
0009:trace:winsock:WS2_sendto  -> 12 bytes
0009:trace:winsock:WS2_sendto socket 0130, wsabuf 0x32f9c4, nbufs 1, flags 0, to 0x6a89194, tolen 16, ovl (nil), func (nil)
0009:trace:winsock:WS2_sendto fd=39, options=20
0009:trace:winsock:WS2_sendto  -> 12 bytes
0009:trace:winsock:WS2_recv_base socket 0130, wsabuf 0x32f6e4, nbufs 1, flags 0, from 0x32f734, fromlen 16, ovl (nil), func (nil)
0009:trace:winsock:WS2_recv_base fd=39, options=20
0009:trace:winsock:WS2_recv_base  -> 12 bytes
0009:trace:winsock:WS2_sendto socket 0130, wsabuf 0x32ef34, nbufs 1, flags 0, to 0x6a89194, tolen 16, ovl (nil), func (nil)
0009:trace:winsock:WS2_sendto fd=39, options=20
0009:trace:winsock:WS2_sendto  -> 12 bytes
0009:trace:winsock:WS2_recv_base socket 0130, wsabuf 0x32f6e4, nbufs 1, flags 0, from 0x32f734, fromlen 16, ovl (nil), func (nil)
0009:trace:winsock:WS2_recv_base fd=39, options=20
0009:trace:winsock:WS2_recv_base  -> 10 bytes
0009:trace:winsock:WS2_recv_base socket 0130, wsabuf 0x32f6e4, nbufs 1, flags 0, from 0x32f734, fromlen 16, ovl (nil), func (nil)
0009:trace:winsock:WS2_recv_base fd=39, options=20
0009:trace:winsock:WS2_recv_base  -> 12 bytes
0009:trace:winsock:WS2_sendto socket 0130, wsabuf 0x32ef34, nbufs 1, flags 0, to 0x6a89194, tolen 16, ovl (nil), func (nil)
0009:trace:winsock:WS2_sendto fd=39, options=20
0009:trace:winsock:WS2_sendto  -> 12 bytes
0009:trace:winsock:WS2_recv_base socket 0130, wsabuf 0x32f6e4, nbufs 1, flags 0, from 0x32f734, fromlen 16, ovl (nil), func (nil)
0009:trace:winsock:WS2_recv_base fd=39, options=20
0009:trace:winsock:WS2_recv_base  -> 10 bytes
0009:trace:winsock:WS2_sendto socket 0130, wsabuf 0x32f5e4, nbufs 1, flags 0, to 0x6a89194, tolen 16, ovl (nil), func (nil)
0009:trace:winsock:WS2_sendto fd=39, options=20
0009:trace:winsock:WS2_sendto  -> 10 bytes
0009:trace:winsock:WS2_recv_base socket 0130, wsabuf 0x32f6e4, nbufs 1, flags 0, from 0x32f734, fromlen 16, ovl (nil), func (nil)
0009:trace:winsock:WS2_recv_base fd=39, options=20
0009:trace:winsock:WS2_recv_base  -> 10 bytes
0009:trace:winsock:WS2_recv_base socket 0130, wsabuf 0x32f6e4, nbufs 1, flags 0, from 0x32f734, fromlen 16, ovl (nil), func (nil)
0009:trace:winsock:WS2_recv_base fd=39, options=20
0009:trace:winsock:WS2_recv_base  -> 10 bytes
0009:trace:winsock:WS2_recv_base socket 0130, wsabuf 0x32f6e4, nbufs 1, flags 0, from 0x32f734, fromlen 16, ovl (nil), func (nil)
0009:trace:winsock:WS2_recv_base fd=39, options=20
0009:trace:winsock:WS2_recv_base  -> 12 bytes
0009:trace:winsock:WS2_recv_base socket 0130, wsabuf 0x32f6e4, nbufs 1, flags 0, from 0x32f734, fromlen 16, ovl (nil), func (nil)
0009:trace:winsock:WS2_recv_base fd=39, options=20
0009:trace:winsock:WS2_recv_base  -> 12 bytes
0009:trace:winsock:WS2_recv_base socket 0130, wsabuf 0x32f6e4, nbufs 1, flags 0, from 0x32f734, fromlen 16, ovl (nil), func (nil)
0009:trace:winsock:WS2_recv_base fd=39, options=20
0009:trace:winsock:WS2_recv_base  -> 10 bytes
0009:trace:winsock:WS2_sendto socket 0130, wsabuf 0x32f5e4, nbufs 1, flags 0, to 0x6a89194, tolen 16, ovl (nil), func (nil)
0009:trace:winsock:WS2_sendto fd=39, options=20
0009:trace:winsock:WS2_sendto  -> 10 bytes
0009:trace:winsock:WS2_recv_base socket 0130, wsabuf 0x32f6e4, nbufs 1, flags 0, from 0x32f734, fromlen 16, ovl (nil), func (nil)
0009:trace:winsock:WS2_recv_base fd=39, options=20
0009:trace:winsock:WS2_recv_base  -> 12 bytes
0009:trace:winsock:WS2_sendto socket 0130, wsabuf 0x32ef34, nbufs 1, flags 0, to 0x6a89194, tolen 16, ovl (nil), func (nil)
0009:trace:winsock:WS2_sendto fd=39, options=20
0009:trace:winsock:WS2_sendto  -> 12 bytes
0009:trace:winsock:WS2_recv_base socket 0130, wsabuf 0x32f6e4, nbufs 1, flags 0, from 0x32f734, fromlen 16, ovl (nil), func (nil)
0009:trace:winsock:WS2_recv_base fd=39, options=20
0009:trace:winsock:WS2_recv_base  -> 10 bytes
0009:trace:winsock:WS2_sendto socket 0130, wsabuf 0x32f9c4, nbufs 1, flags 0, to 0x6a89194, tolen 16, ovl (nil), func (nil)
0009:trace:winsock:WS2_sendto fd=39, options=20
0009:trace:winsock:WS2_sendto  -> 12 bytes
0009:trace:winsock:WS2_sendto socket 0130, wsabuf 0x32f9c4, nbufs 1, flags 0, to 0x6a89194, tolen 16, ovl (nil), func (nil)
0009:trace:winsock:WS2_sendto fd=39, options=20
0009:trace:winsock:WS2_sendto  -> 12 bytes
0009:trace:winsock:WS2_recv_base socket 0130, wsabuf 0x32f6e4, nbufs 1, flags 0, from 0x32f734, fromlen 16, ovl (nil), func (nil)
0009:trace:winsock:WS2_recv_base fd=39, options=20
0009:trace:winsock:WS2_recv_base  -> 12 bytes
0009:trace:winsock:WS2_sendto socket 0130, wsabuf 0x32ef34, nbufs 1, flags 0, to 0x6a89194, tolen 16, ovl (nil), func (nil)
0009:trace:winsock:WS2_sendto fd=39, options=20
0009:trace:winsock:WS2_sendto  -> 12 bytes
0009:trace:winsock:WS2_recv_base socket 0130, wsabuf 0x32f6e4, nbufs 1, flags 0, from 0x32f734, fromlen 16, ovl (nil), func (nil)
0009:trace:winsock:WS2_recv_base fd=39, options=20
0009:trace:winsock:WS2_recv_base  -> 10 bytes
0009:trace:winsock:WS2_recv_base socket 0130, wsabuf 0x32f6e4, nbufs 1, flags 0, from 0x32f734, fromlen 16, ovl (nil), func (nil)
0009:trace:winsock:WS2_recv_base fd=39, options=20
0009:trace:winsock:WS2_recv_base  -> 10 bytes
0009:trace:winsock:WS2_recv_base socket 0130, wsabuf 0x32f6e4, nbufs 1, flags 0, from 0x32f734, fromlen 16, ovl (nil), func (nil)
0009:trace:winsock:WS2_recv_base fd=39, options=20
0009:trace:winsock:WS2_recv_base  -> 10 bytes
0009:trace:winsock:WS2_recv_base socket 0130, wsabuf 0x32f6e4, nbufs 1, flags 0, from 0x32f734, fromlen 16, ovl (nil), func (nil)
0009:trace:winsock:WS2_recv_base fd=39, options=20
0009:trace:winsock:WS2_recv_base  -> 12 bytes
0009:trace:winsock:WS2_recv_base socket 0130, wsabuf 0x32f6e4, nbufs 1, flags 0, from 0x32f734, fromlen 16, ovl (nil), func (nil)
0009:trace:winsock:WS2_recv_base fd=39, options=20
0009:trace:winsock:WS2_recv_base  -> 12 bytes
0009:trace:winsock:WS2_sendto socket 0130, wsabuf 0x32f5e4, nbufs 1, flags 0, to 0x6a89194, tolen 16, ovl (nil), func (nil)
0009:trace:winsock:WS2_sendto fd=39, options=20
0009:trace:winsock:WS2_sendto  -> 10 bytes
0009:trace:winsock:WS2_recv_base socket 0130, wsabuf 0x32f6e4, nbufs 1, flags 0, from 0x32f734, fromlen 16, ovl (nil), func (nil)
0009:trace:winsock:WS2_recv_base fd=39, options=20
0009:trace:winsock:WS2_recv_base  -> 10 bytes
0009:trace:winsock:WS2_recv_base socket 0130, wsabuf 0x32f6e4, nbufs 1, flags 0, from 0x32f734, fromlen 16, ovl (nil), func (nil)
0009:trace:winsock:WS2_recv_base fd=39, options=20
0009:trace:winsock:WS2_recv_base  -> 10 bytes
0009:trace:winsock:WS2_recv_base socket 0130, wsabuf 0x32f6e4, nbufs 1, flags 0, from 0x32f734, fromlen 16, ovl (nil), func (nil)
0009:trace:winsock:WS2_recv_base fd=39, options=20
0009:trace:winsock:WS2_recv_base  -> 12 bytes
0009:trace:winsock:WS2_sendto socket 0130, wsabuf 0x32ef34, nbufs 1, flags 0, to 0x6a89194, tolen 16, ovl (nil), func (nil)
0009:trace:winsock:WS2_sendto fd=39, options=20
0009:trace:winsock:WS2_sendto  -> 12 bytes
0009:trace:winsock:WS2_recv_base socket 0130, wsabuf 0x32f6e4, nbufs 1, flags 0, from 0x32f734, fromlen 16, ovl (nil), func (nil)
0009:trace:winsock:WS2_recv_base fd=39, options=20
0009:trace:winsock:WS2_recv_base  -> 10 bytes
0009:trace:winsock:WS2_recv_base socket 0130, wsabuf 0x32f6e4, nbufs 1, flags 0, from 0x32f734, fromlen 16, ovl (nil), func (nil)
0009:trace:winsock:WS2_recv_base fd=39, options=20
0009:trace:winsock:WS2_recv_base  -> 10 bytes
0009:trace:winsock:WS2_recv_base socket 0130, wsabuf 0x32f6e4, nbufs 1, flags 0, from 0x32f734, fromlen 16, ovl (nil), func (nil)
0009:trace:winsock:WS2_recv_base fd=39, options=20
0009:trace:winsock:WS2_recv_base  -> 10 bytes
0009:trace:winsock:WS2_sendto socket 0130, wsabuf 0x32f5e4, nbufs 1, flags 0, to 0x6a89194, tolen 16, ovl (nil), func (nil)
0009:trace:winsock:WS2_sendto fd=39, options=20
0009:trace:winsock:WS2_sendto  -> 10 bytes
0009:trace:winsock:WS2_sendto socket 0130, wsabuf 0x32f964, nbufs 1, flags 0, to 0x6a89194, tolen 16, ovl (nil), func (nil)
0009:trace:winsock:WS2_sendto fd=39, options=20
0009:trace:winsock:WS2_sendto  -> 16 bytes
0009:trace:winsock:WS2_sendto socket 0130, wsabuf 0x32f964, nbufs 1, flags 0, to 0x6a89194, tolen 16, ovl (nil), func (nil)
0009:trace:winsock:WS2_sendto fd=39, options=20
0009:trace:winsock:WS2_sendto  -> 16 bytes
0009:trace:winsock:WS2_sendto socket 0130, wsabuf 0x32f9c4, nbufs 1, flags 0, to 0x6a89194, tolen 16, ovl (nil), func (nil)
0009:trace:winsock:WS2_sendto fd=39, options=20
0009:trace:winsock:WS2_sendto  -> 12 bytes
0009:trace:winsock:WS2_sendto socket 0130, wsabuf 0x32f9c4, nbufs 1, flags 0, to 0x6a89194, tolen 16, ovl (nil), func (nil)
0009:trace:winsock:WS2_sendto fd=39, options=20
0009:trace:winsock:WS2_sendto  -> 12 bytes
0009:trace:winsock:WS2_recv_base socket 0130, wsabuf 0x32f6e4, nbufs 1, flags 0, from 0x32f734, fromlen 16, ovl (nil), func (nil)
0009:trace:winsock:WS2_recv_base fd=39, options=20
0009:trace:winsock:WS2_recv_base  -> 12 bytes
0009:trace:winsock:WS2_sendto socket 0130, wsabuf 0x32f5e4, nbufs 1, flags 0, to 0x6a89194, tolen 16, ovl (nil), func (nil)
0009:trace:winsock:WS2_sendto fd=39, options=20
0009:trace:winsock:WS2_sendto  -> 10 bytes
0009:trace:winsock:WS2_recv_base socket 0130, wsabuf 0x32f6e4, nbufs 1, flags 0, from 0x32f734, fromlen 16, ovl (nil), func (nil)
0009:trace:winsock:WS2_recv_base fd=39, options=20
0009:trace:winsock:WS2_recv_base  -> 10 bytes
0009:trace:winsock:WS2_recv_base socket 0130, wsabuf 0x32f6e4, nbufs 1, flags 0, from 0x32f734, fromlen 16, ovl (nil), func (nil)
0009:trace:winsock:WS2_recv_base fd=39, options=20
0009:trace:winsock:WS2_recv_base  -> 12 bytes
0009:trace:winsock:WS2_sendto socket 0130, wsabuf 0x32ef34, nbufs 1, flags 0, to 0x6a89194, tolen 16, ovl (nil), func (nil)
0009:trace:winsock:WS2_sendto fd=39, options=20
0009:trace:winsock:WS2_sendto  -> 12 bytes
0009:trace:winsock:WS2_recv_base socket 0130, wsabuf 0x32f6e4, nbufs 1, flags 0, from 0x32f734, fromlen 16, ovl (nil), func (nil)
0009:trace:winsock:WS2_recv_base fd=39, options=20
0009:trace:winsock:WS2_recv_base  -> 12 bytes
0009:trace:winsock:WS2_recv_base socket 0130, wsabuf 0x32f6e4, nbufs 1, flags 0, from 0x32f734, fromlen 16, ovl (nil), func (nil)
0009:trace:winsock:WS2_recv_base fd=39, options=20
0009:trace:winsock:WS2_recv_base  -> 10 bytes
0009:trace:winsock:WS2_recv_base socket 0130, wsabuf 0x32f6e4, nbufs 1, flags 0, from 0x32f734, fromlen 16, ovl (nil), func (nil)
0009:trace:winsock:WS2_recv_base fd=39, options=20
0009:trace:winsock:WS2_recv_base  -> 12 bytes
0009:trace:winsock:WS2_sendto socket 0130, wsabuf 0x32ef34, nbufs 1, flags 0, to 0x6a89194, tolen 16, ovl (nil), func (nil)
0009:trace:winsock:WS2_sendto fd=39, options=20
0009:trace:winsock:WS2_sendto  -> 12 bytes
0009:trace:winsock:WS2_recv_base socket 0130, wsabuf 0x32f6e4, nbufs 1, flags 0, from 0x32f734, fromlen 16, ovl (nil), func (nil)
0009:trace:winsock:WS2_recv_base fd=39, options=20
0009:trace:winsock:WS2_recv_base  -> 10 bytes
0009:trace:winsock:WS2_sendto socket 0130, wsabuf 0x32f5e4, nbufs 1, flags 0, to 0x6a89194, tolen 16, ovl (nil), func (nil)
0009:trace:winsock:WS2_sendto fd=39, options=20
0009:trace:winsock:WS2_sendto  -> 10 bytes
0009:trace:winsock:WS2_recv_base socket 0130, wsabuf 0x32f6e4, nbufs 1, flags 0, from 0x32f734, fromlen 16, ovl (nil), func (nil)
0009:trace:winsock:WS2_recv_base fd=39, options=20
0009:trace:winsock:WS2_recv_base  -> 10 bytes
0009:trace:winsock:WS2_recv_base socket 0130, wsabuf 0x32f6e4, nbufs 1, flags 0, from 0x32f734, fromlen 16, ovl (nil), func (nil)
0009:trace:winsock:WS2_recv_base fd=39, options=20
0009:trace:winsock:WS2_recv_base  -> 10 bytes
0009:trace:winsock:WS2_sendto socket 0130, wsabuf 0x32f9c4, nbufs 1, flags 0, to 0x6a89194, tolen 16, ovl (nil), func (nil)
0009:trace:winsock:WS2_sendto fd=39, options=20
0009:trace:winsock:WS2_sendto  -> 12 bytes
0009:trace:winsock:WS2_sendto socket 0130, wsabuf 0x32f9c4, nbufs 1, flags 0, to 0x6a89194, tolen 16, ovl (nil), func (nil)
0009:trace:winsock:WS2_sendto fd=39, options=20
0009:trace:winsock:WS2_sendto  -> 12 bytes
0009:trace:winsock:WS2_recv_base socket 0130, wsabuf 0x32f6e4, nbufs 1, flags 0, from 0x32f734, fromlen 16, ovl (nil), func (nil)
0009:trace:winsock:WS2_recv_base fd=39, options=20
0009:trace:winsock:WS2_recv_base  -> 12 bytes
0009:trace:winsock:WS2_sendto socket 0130, wsabuf 0x32f5e4, nbufs 1, flags 0, to 0x6a89194, tolen 16, ovl (nil), func (nil)
0009:trace:winsock:WS2_sendto fd=39, options=20
0009:trace:winsock:WS2_sendto  -> 10 bytes
0009:trace:winsock:WS2_recv_base socket 0130, wsabuf 0x32f6e4, nbufs 1, flags 0, from 0x32f734, fromlen 16, ovl (nil), func (nil)
0009:trace:winsock:WS2_recv_base fd=39, options=20
0009:trace:winsock:WS2_recv_base  -> 12 bytes
0009:trace:winsock:WS2_recv_base socket 0130, wsabuf 0x32f6e4, nbufs 1, flags 0, from 0x32f734, fromlen 16, ovl (nil), func (nil)
0009:trace:winsock:WS2_recv_base fd=39, options=20
0009:trace:winsock:WS2_recv_base  -> 10 bytes
0009:trace:winsock:WS2_recv_base socket 0130, wsabuf 0x32f6e4, nbufs 1, flags 0, from 0x32f734, fromlen 16, ovl (nil), func (nil)
0009:trace:winsock:WS2_recv_base fd=39, options=20
0009:trace:winsock:WS2_recv_base  -> 16 bytes
0009:trace:winsock:WS2_recv_base socket 0130, wsabuf 0x32f6e4, nbufs 1, flags 0, from 0x32f734, fromlen 16, ovl (nil), func (nil)
0009:trace:winsock:WS2_recv_base fd=39, options=20
0009:trace:winsock:WS2_recv_base  -> 12 bytes
0009:trace:winsock:WS2_sendto socket 0130, wsabuf 0x32ef34, nbufs 1, flags 0, to 0x6a89194, tolen 16, ovl (nil), func (nil)
0009:trace:winsock:WS2_sendto fd=39, options=20
0009:trace:winsock:WS2_sendto  -> 12 bytes
0009:trace:winsock:WS2_recv_base socket 0130, wsabuf 0x32f6e4, nbufs 1, flags 0, from 0x32f734, fromlen 16, ovl (nil), func (nil)
0009:trace:winsock:WS2_recv_base fd=39, options=20
0009:trace:winsock:WS2_recv_base  -> 16 bytes
0009:trace:winsock:WS2_sendto socket 0130, wsabuf 0x32f5e4, nbufs 1, flags 0, to 0x6a89194, tolen 16, ovl (nil), func (nil)
0009:trace:winsock:WS2_sendto fd=39, options=20
0009:trace:winsock:WS2_sendto  -> 10 bytes
0009:trace:winsock:WS2_recv_base socket 0130, wsabuf 0x32f6e4, nbufs 1, flags 0, from 0x32f734, fromlen 16, ovl (nil), func (nil)
0009:trace:winsock:WS2_recv_base fd=39, options=20
0009:trace:winsock:WS2_recv_base  -> 10 bytes
0009:trace:winsock:WS2_sendto socket 0130, wsabuf 0x32f9c4, nbufs 1, flags 0, to 0x6a89194, tolen 16, ovl (nil), func (nil)
0009:trace:winsock:WS2_sendto fd=39, options=20
0009:trace:winsock:WS2_sendto  -> 12 bytes
0009:trace:winsock:WS2_sendto socket 0130, wsabuf 0x32f9c4, nbufs 1, flags 0, to 0x6a89194, tolen 16, ovl (nil), func (nil)
0009:trace:winsock:WS2_sendto fd=39, options=20
0009:trace:winsock:WS2_sendto  -> 12 bytes
0009:trace:winsock:WS2_recv_base socket 0130, wsabuf 0x32f6e4, nbufs 1, flags 0, from 0x32f734, fromlen 16, ovl (nil), func (nil)
0009:trace:winsock:WS2_recv_base fd=39, options=20
0009:trace:winsock:WS2_recv_base  -> 12 bytes
0009:trace:winsock:WS2_sendto socket 0130, wsabuf 0x32ef34, nbufs 1, flags 0, to 0x6a89194, tolen 16, ovl (nil), func (nil)
0009:trace:winsock:WS2_sendto fd=39, options=20
0009:trace:winsock:WS2_sendto  -> 12 bytes
0009:trace:winsock:WS2_recv_base socket 0130, wsabuf 0x32f6e4, nbufs 1, flags 0, from 0x32f734, fromlen 16, ovl (nil), func (nil)
0009:trace:winsock:WS2_recv_base fd=39, options=20
0009:trace:winsock:WS2_recv_base  -> 10 bytes
0009:trace:winsock:WS2_recv_base socket 0130, wsabuf 0x32f6e4, nbufs 1, flags 0, from 0x32f734, fromlen 16, ovl (nil), func (nil)
0009:trace:winsock:WS2_recv_base fd=39, options=20
0009:trace:winsock:WS2_recv_base  -> 16 bytes
0009:trace:winsock:WS2_recv_base socket 0130, wsabuf 0x32f6e4, nbufs 1, flags 0, from 0x32f734, fromlen 16, ovl (nil), func (nil)
0009:trace:winsock:WS2_recv_base fd=39, options=20
0009:trace:winsock:WS2_recv_base  -> 10 bytes
0009:trace:winsock:WS2_recv_base socket 0130, wsabuf 0x32f6e4, nbufs 1, flags 0, from 0x32f734, fromlen 16, ovl (nil), func (nil)
0009:trace:winsock:WS2_recv_base fd=39, options=20
0009:trace:winsock:WS2_recv_base  -> 10 bytes
0009:trace:winsock:WS2_recv_base socket 0130, wsabuf 0x32f6e4, nbufs 1, flags 0, from 0x32f734, fromlen 16, ovl (nil), func (nil)
0009:trace:winsock:WS2_recv_base fd=39, options=20
0009:trace:winsock:WS2_recv_base  -> 12 bytes
0009:trace:winsock:WS2_recv_base socket 0130, wsabuf 0x32f6e4, nbufs 1, flags 0, from 0x32f734, fromlen 16, ovl (nil), func (nil)
0009:trace:winsock:WS2_recv_base fd=39, options=20
0009:trace:winsock:WS2_recv_base  -> 12 bytes
0009:trace:winsock:WS2_recv_base socket 0130, wsabuf 0x32f6e4, nbufs 1, flags 0, from 0x32f734, fromlen 16, ovl (nil), func (nil)
0009:trace:winsock:WS2_recv_base fd=39, options=20
0009:trace:winsock:WS2_recv_base  -> 10 bytes
0009:trace:winsock:WS2_recv_base socket 0130, wsabuf 0x32f6e4, nbufs 1, flags 0, from 0x32f734, fromlen 16, ovl (nil), func (nil)
0009:trace:winsock:WS2_recv_base fd=39, options=20
0009:trace:winsock:WS2_recv_base  -> 10 bytes
0009:trace:winsock:WS2_recv_base socket 0130, wsabuf 0x32f6e4, nbufs 1, flags 0, from 0x32f734, fromlen 16, ovl (nil), func (nil)
0009:trace:winsock:WS2_recv_base fd=39, options=20
0009:trace:winsock:WS2_recv_base  -> 12 bytes
0009:trace:winsock:WS2_sendto socket 0130, wsabuf 0x32ef34, nbufs 1, flags 0, to 0x6a89194, tolen 16, ovl (nil), func (nil)
0009:trace:winsock:WS2_sendto fd=39, options=20
0009:trace:winsock:WS2_sendto  -> 12 bytes
0009:trace:winsock:WS2_recv_base socket 0130, wsabuf 0x32f6e4, nbufs 1, flags 0, from 0x32f734, fromlen 16, ovl (nil), func (nil)
0009:trace:winsock:WS2_recv_base fd=39, options=20
0009:trace:winsock:WS2_recv_base  -> 10 bytes
0009:trace:winsock:WS2_recv_base socket 0130, wsabuf 0x32f6e4, nbufs 1, flags 0, from 0x32f734, fromlen 16, ovl (nil), func (nil)
0009:trace:winsock:WS2_recv_base fd=39, options=20
0009:trace:winsock:WS2_recv_base  -> 10 bytes
0009:trace:winsock:WS2_recv_base socket 0130, wsabuf 0x32f6e4, nbufs 1, flags 0, from 0x32f734, fromlen 16, ovl (nil), func (nil)
0009:trace:winsock:WS2_recv_base fd=39, options=20
0009:trace:winsock:WS2_recv_base  -> 12 bytes
0009:trace:winsock:WS2_sendto socket 0130, wsabuf 0x32ef34, nbufs 1, flags 0, to 0x6a89194, tolen 16, ovl (nil), func (nil)
0009:trace:winsock:WS2_sendto fd=39, options=20
0009:trace:winsock:WS2_sendto  -> 12 bytes
0009:trace:winsock:WS2_recv_base socket 0130, wsabuf 0x32f6e4, nbufs 1, flags 0, from 0x32f734, fromlen 16, ovl (nil), func (nil)
0009:trace:winsock:WS2_recv_base fd=39, options=20
0009:trace:winsock:WS2_recv_base  -> 10 bytes
0009:trace:winsock:WS2_recv_base socket 0130, wsabuf 0x32f6e4, nbufs 1, flags 0, from 0x32f734, fromlen 16, ovl (nil), func (nil)
0009:trace:winsock:WS2_recv_base fd=39, options=20
0009:trace:winsock:WS2_recv_base  -> 10 bytes
0009:trace:winsock:WS2_recv_base socket 0130, wsabuf 0x32f6e4, nbufs 1, flags 0, from 0x32f734, fromlen 16, ovl (nil), func (nil)
0009:trace:winsock:WS2_recv_base fd=39, options=20
0009:trace:winsock:WS2_recv_base  -> 16 bytes
0009:trace:winsock:WS2_recv_base socket 0130, wsabuf 0x32f6e4, nbufs 1, flags 0, from 0x32f734, fromlen 16, ovl (nil), func (nil)
0009:trace:winsock:WS2_recv_base fd=39, options=20
0009:trace:winsock:WS2_recv_base  -> 16 bytes
0009:trace:winsock:WS2_recv_base socket 0130, wsabuf 0x32f6e4, nbufs 1, flags 0, from 0x32f734, fromlen 16, ovl (nil), func (nil)
0009:trace:winsock:WS2_recv_base fd=39, options=20
0009:trace:winsock:WS2_recv_base  -> 16 bytes
0009:trace:winsock:WS2_recv_base socket 0130, wsabuf 0x32f6e4, nbufs 1, flags 0, from 0x32f734, fromlen 16, ovl (nil), func (nil)
0009:trace:winsock:WS2_recv_base fd=39, options=20
0009:trace:winsock:WS2_recv_base  -> 10 bytes
0009:trace:winsock:WS2_recv_base socket 0130, wsabuf 0x32f6e4, nbufs 1, flags 0, from 0x32f734, fromlen 16, ovl (nil), func (nil)
0009:trace:winsock:WS2_recv_base fd=39, options=20
0009:trace:winsock:WS2_recv_base  -> 10 bytes
0009:trace:winsock:WS2_sendto socket 0130, wsabuf 0x32f5e4, nbufs 1, flags 0, to 0x6a89194, tolen 16, ovl (nil), func (nil)
0009:trace:winsock:WS2_sendto fd=39, options=20
0009:trace:winsock:WS2_sendto  -> 10 bytes
0009:trace:winsock:WS2_sendto socket 0130, wsabuf 0x32f5e4, nbufs 1, flags 0, to 0x6a89194, tolen 16, ovl (nil), func (nil)
0009:trace:winsock:WS2_sendto fd=39, options=20
0009:trace:winsock:WS2_sendto  -> 10 bytes
0009:trace:winsock:WS2_sendto socket 0130, wsabuf 0x32f9c4, nbufs 1, flags 0, to 0x6a89194, tolen 16, ovl (nil), func (nil)
0009:trace:winsock:WS2_sendto fd=39, options=20
0009:trace:winsock:WS2_sendto  -> 12 bytes
0009:trace:winsock:WS2_sendto socket 0130, wsabuf 0x32f9c4, nbufs 1, flags 0, to 0x6a89194, tolen 16, ovl (nil), func (nil)
0009:trace:winsock:WS2_sendto fd=39, options=20
0009:trace:winsock:WS2_sendto  -> 12 bytes
0009:trace:winsock:WS2_recv_base socket 0130, wsabuf 0x32f6e4, nbufs 1, flags 0, from 0x32f734, fromlen 16, ovl (nil), func (nil)
0009:trace:winsock:WS2_recv_base fd=39, options=20
0009:trace:winsock:WS2_recv_base  -> 12 bytes
0009:trace:winsock:WS2_recv_base socket 0130, wsabuf 0x32f6e4, nbufs 1, flags 0, from 0x32f734, fromlen 16, ovl (nil), func (nil)
0009:trace:winsock:WS2_recv_base fd=39, options=20
0009:trace:winsock:WS2_recv_base  -> 12 bytes
0009:trace:winsock:WS2_recv_base socket 0130, wsabuf 0x32f6e4, nbufs 1, flags 0, from 0x32f734, fromlen 16, ovl (nil), func (nil)
0009:trace:winsock:WS2_recv_base fd=39, options=20
0009:trace:winsock:WS2_recv_base  -> 10 bytes
0009:trace:winsock:WS2_recv_base socket 0130, wsabuf 0x32f6e4, nbufs 1, flags 0, from 0x32f734, fromlen 16, ovl (nil), func (nil)
0009:trace:winsock:WS2_recv_base fd=39, options=20
0009:trace:winsock:WS2_recv_base  -> 10 bytes
0009:trace:winsock:WS2_recv_base socket 0130, wsabuf 0x32f6e4, nbufs 1, flags 0, from 0x32f734, fromlen 16, ovl (nil), func (nil)
0009:trace:winsock:WS2_recv_base fd=39, options=20
0009:trace:winsock:WS2_recv_base  -> 12 bytes
0009:trace:winsock:WS2_sendto socket 0130, wsabuf 0x32ef34, nbufs 1, flags 0, to 0x6a89194, tolen 16, ovl (nil), func (nil)
0009:trace:winsock:WS2_sendto fd=39, options=20
0009:trace:winsock:WS2_sendto  -> 12 bytes
0009:trace:winsock:WS2_recv_base socket 0130, wsabuf 0x32f6e4, nbufs 1, flags 0, from 0x32f734, fromlen 16, ovl (nil), func (nil)
0009:trace:winsock:WS2_recv_base fd=39, options=20
0009:trace:winsock:WS2_recv_base  -> 10 bytes
0009:trace:winsock:WS2_recv_base socket 0130, wsabuf 0x32f6e4, nbufs 1, flags 0, from 0x32f734, fromlen 16, ovl (nil), func (nil)
0009:trace:winsock:WS2_recv_base fd=39, options=20
0009:trace:winsock:WS2_recv_base  -> 10 bytes
0009:trace:winsock:WS2_recv_base socket 0130, wsabuf 0x32f6e4, nbufs 1, flags 0, from 0x32f734, fromlen 16, ovl (nil), func (nil)
0009:trace:winsock:WS2_recv_base fd=39, options=20
0009:trace:winsock:WS2_recv_base  -> 12 bytes
0009:trace:winsock:WS2_sendto socket 0130, wsabuf 0x32ef34, nbufs 1, flags 0, to 0x6a89194, tolen 16, ovl (nil), func (nil)
0009:trace:winsock:WS2_sendto fd=39, options=20
0009:trace:winsock:WS2_sendto  -> 12 bytes
0009:trace:winsock:WS2_recv_base socket 0130, wsabuf 0x32f6e4, nbufs 1, flags 0, from 0x32f734, fromlen 16, ovl (nil), func (nil)
0009:trace:winsock:WS2_recv_base fd=39, options=20
0009:trace:winsock:WS2_recv_base  -> 10 bytes
0009:trace:winsock:WS2_sendto socket 0130, wsabuf 0x32f5e4, nbufs 1, flags 0, to 0x6a89194, tolen 16, ovl (nil), func (nil)
0009:trace:winsock:WS2_sendto fd=39, options=20
0009:trace:winsock:WS2_sendto  -> 10 bytes
0009:trace:winsock:WS2_recv_base socket 0130, wsabuf 0x32f6e4, nbufs 1, flags 0, from 0x32f734, fromlen 16, ovl (nil), func (nil)
0009:trace:winsock:WS2_recv_base fd=39, options=20
0009:trace:winsock:WS2_recv_base  -> 10 bytes
0009:trace:winsock:WS2_sendto socket 0130, wsabuf 0x32f5e4, nbufs 1, flags 0, to 0x6a89194, tolen 16, ovl (nil), func (nil)
0009:trace:winsock:WS2_sendto fd=39, options=20
0009:trace:winsock:WS2_sendto  -> 10 bytes
0009:fixme:msctf:LangBarMgr_GetShowFloatingStatus STUB:(01A74A30)
0009:fixme:msctf:LangBarMgr_ShowFloating STUB:(01A74A30)
0009:trace:winsock:WS2_recv_base socket 0130, wsabuf 0x32f6e4, nbufs 1, flags 0, from 0x32f734, fromlen 16, ovl (nil), func (nil)
0009:trace:winsock:WS2_recv_base fd=42, options=20
0009:trace:winsock:WS2_recv_base  -> 10 bytes
0009:trace:winsock:WS2_sendto socket 0130, wsabuf 0x32f5e4, nbufs 1, flags 0, to 0x6a89014, tolen 16, ovl (nil), func (nil)
0009:trace:winsock:WS2_sendto fd=42, options=20
0009:trace:winsock:WS2_sendto  -> 10 bytes
0009:trace:winsock:WS2_sendto socket 0130, wsabuf 0x32f964, nbufs 1, flags 0, to 0x6a89014, tolen 16, ovl (nil), func (nil)
0009:trace:winsock:WS2_sendto fd=42, options=20
0009:trace:winsock:WS2_sendto  -> 16 bytes
0009:trace:winsock:WS2_sendto socket 0130, wsabuf 0x32f964, nbufs 1, flags 0, to 0x6a89014, tolen 16, ovl (nil), func (nil)
0009:trace:winsock:WS2_sendto fd=42, options=20
0009:trace:winsock:WS2_sendto  -> 16 bytes
0009:trace:winsock:WS2_recv_base socket 0130, wsabuf 0x32f6e4, nbufs 1, flags 0, from 0x32f734, fromlen 16, ovl (nil), func (nil)
0009:trace:winsock:WS2_recv_base fd=42, options=20
0009:trace:winsock:WS2_recv_base  -> 10 bytes
0009:trace:winsock:WS2_recv_base socket 0130, wsabuf 0x32f6e4, nbufs 1, flags 0, from 0x32f734, fromlen 16, ovl (nil), func (nil)
0009:trace:winsock:WS2_recv_base fd=42, options=20
0009:trace:winsock:WS2_recv_base  -> 16 bytes
0009:trace:winsock:WS2_sendto socket 0130, wsabuf 0x32f9c4, nbufs 1, flags 0, to 0x6a89014, tolen 16, ovl (nil), func (nil)
0009:trace:winsock:WS2_sendto fd=42, options=20
0009:trace:winsock:WS2_sendto  -> 12 bytes
0009:trace:winsock:WS2_sendto socket 0130, wsabuf 0x32f9c4, nbufs 1, flags 0, to 0x6a89014, tolen 16, ovl (nil), func (nil)
0009:trace:winsock:WS2_sendto fd=42, options=20
0009:trace:winsock:WS2_sendto  -> 12 bytes
0009:trace:winsock:WS2_recv_base socket 0130, wsabuf 0x32f6e4, nbufs 1, flags 0, from 0x32f734, fromlen 16, ovl (nil), func (nil)
0009:trace:winsock:WS2_recv_base fd=42, options=20
0009:trace:winsock:WS2_recv_base  -> 12 bytes
0009:trace:winsock:WS2_recv_base socket 0130, wsabuf 0x32f6e4, nbufs 1, flags 0, from 0x32f734, fromlen 16, ovl (nil), func (nil)
0009:trace:winsock:WS2_recv_base fd=42, options=20
0009:trace:winsock:WS2_recv_base  -> 12 bytes
0009:trace:winsock:WS2_sendto socket 0130, wsabuf 0x32f5e4, nbufs 1, flags 0, to 0x6a89014, tolen 16, ovl (nil), func (nil)
0009:trace:winsock:WS2_sendto fd=42, options=20
0009:trace:winsock:WS2_sendto  -> 10 bytes
0009:trace:winsock:WS2_recv_base socket 0130, wsabuf 0x32f6e4, nbufs 1, flags 0, from 0x32f734, fromlen 16, ovl (nil), func (nil)
0009:trace:winsock:WS2_recv_base fd=42, options=20
0009:trace:winsock:WS2_recv_base  -> 16 bytes
0009:trace:winsock:WS2_recv_base socket 0130, wsabuf 0x32f6e4, nbufs 1, flags 0, from 0x32f734, fromlen 16, ovl (nil), func (nil)
0009:trace:winsock:WS2_recv_base fd=42, options=20
0009:trace:winsock:WS2_recv_base  -> 10 bytes
0009:trace:winsock:WS2_sendto socket 0130, wsabuf 0x32f5e4, nbufs 1, flags 0, to 0x6a89014, tolen 16, ovl (nil), func (nil)
0009:trace:winsock:WS2_sendto fd=42, options=20
0009:trace:winsock:WS2_sendto  -> 10 bytes
0009:trace:winsock:WS2_recv_base socket 0130, wsabuf 0x32f6e4, nbufs 1, flags 0, from 0x32f734, fromlen 16, ovl (nil), func (nil)
0009:trace:winsock:WS2_recv_base fd=42, options=20
0009:trace:winsock:WS2_recv_base  -> 10 bytes
0009:trace:winsock:WS2_sendto socket 0130, wsabuf 0x32f5e4, nbufs 1, flags 0, to 0x6a89014, tolen 16, ovl (nil), func (nil)
0009:trace:winsock:WS2_sendto fd=42, options=20
0009:trace:winsock:WS2_sendto  -> 10 bytes
0009:trace:winsock:WS2_recv_base socket 0130, wsabuf 0x32f6e4, nbufs 1, flags 0, from 0x32f734, fromlen 16, ovl (nil), func (nil)
0009:trace:winsock:WS2_recv_base fd=42, options=20
0009:trace:winsock:WS2_recv_base  -> 12 bytes
0009:trace:winsock:WS2_sendto socket 0130, wsabuf 0x32ef34, nbufs 1, flags 0, to 0x6a89014, tolen 16, ovl (nil), func (nil)
0009:trace:winsock:WS2_sendto fd=42, options=20
0009:trace:winsock:WS2_sendto  -> 12 bytes
0009:trace:winsock:WS2_recv_base socket 0130, wsabuf 0x32f6e4, nbufs 1, flags 0, from 0x32f734, fromlen 16, ovl (nil), func (nil)
0009:trace:winsock:WS2_recv_base fd=42, options=20
0009:trace:winsock:WS2_recv_base  -> 10 bytes
0009:trace:winsock:WS2_sendto socket 0130, wsabuf 0x32f5e4, nbufs 1, flags 0, to 0x6a89014, tolen 16, ovl (nil), func (nil)
0009:trace:winsock:WS2_sendto fd=42, options=20
0009:trace:winsock:WS2_sendto  -> 10 bytes
0009:trace:winsock:WS2_recv_base socket 0130, wsabuf 0x32f6e4, nbufs 1, flags 0, from 0x32f734, fromlen 16, ovl (nil), func (nil)
0009:trace:winsock:WS2_recv_base fd=42, options=20
0009:trace:winsock:WS2_recv_base  -> 10 bytes
0009:trace:winsock:WS2_sendto socket 0130, wsabuf 0x32f964, nbufs 1, flags 0, to 0x6a89014, tolen 16, ovl (nil), func (nil)
0009:trace:winsock:WS2_sendto fd=42, options=20
0009:trace:winsock:WS2_sendto  -> 16 bytes
0009:trace:winsock:WS2_sendto socket 0130, wsabuf 0x32f964, nbufs 1, flags 0, to 0x6a89014, tolen 16, ovl (nil), func (nil)
0009:trace:winsock:WS2_sendto fd=42, options=20
0009:trace:winsock:WS2_sendto  -> 16 bytes
0009:trace:winsock:WS2_sendto socket 0130, wsabuf 0x32f5e4, nbufs 1, flags 0, to 0x6a89014, tolen 16, ovl (nil), func (nil)
0009:trace:winsock:WS2_sendto fd=42, options=20
0009:trace:winsock:WS2_sendto  -> 10 bytes
0009:trace:winsock:WS2_recv_base socket 0130, wsabuf 0x32f6e4, nbufs 1, flags 0, from 0x32f734, fromlen 16, ovl (nil), func (nil)
0009:trace:winsock:WS2_recv_base fd=42, options=20
0009:trace:winsock:WS2_recv_base  -> 16 bytes
0009:trace:winsock:WS2_recv_base socket 0130, wsabuf 0x32f6e4, nbufs 1, flags 0, from 0x32f734, fromlen 16, ovl (nil), func (nil)
0009:trace:winsock:WS2_recv_base fd=42, options=20
0009:trace:winsock:WS2_recv_base  -> 16 bytes
0009:trace:winsock:WS2_recv_base socket 0130, wsabuf 0x32f6e4, nbufs 1, flags 0, from 0x32f734, fromlen 16, ovl (nil), func (nil)
0009:trace:winsock:WS2_recv_base fd=42, options=20
0009:trace:winsock:WS2_recv_base  -> 12 bytes
0009:trace:winsock:WS2_sendto socket 0130, wsabuf 0x32ef34, nbufs 1, flags 0, to 0x6a89014, tolen 16, ovl (nil), func (nil)
0009:trace:winsock:WS2_sendto fd=42, options=20
0009:trace:winsock:WS2_sendto  -> 12 bytes
0009:trace:winsock:WS2_recv_base socket 0130, wsabuf 0x32f6e4, nbufs 1, flags 0, from 0x32f734, fromlen 16, ovl (nil), func (nil)
0009:trace:winsock:WS2_recv_base fd=42, options=20
0009:trace:winsock:WS2_recv_base  -> 10 bytes
0009:trace:winsock:WS2_sendto socket 0130, wsabuf 0x32f5e4, nbufs 1, flags 0, to 0x6a89014, tolen 16, ovl (nil), func (nil)
0009:trace:winsock:WS2_sendto fd=42, options=20
0009:trace:winsock:WS2_sendto  -> 10 bytes
0009:trace:winsock:WS2_recv_base socket 0130, wsabuf 0x32f6e4, nbufs 1, flags 0, from 0x32f734, fromlen 16, ovl (nil), func (nil)
0009:trace:winsock:WS2_recv_base fd=42, options=20
0009:trace:winsock:WS2_recv_base  -> 10 bytes
0009:trace:winsock:WS2_sendto socket 0130, wsabuf 0x32f5e4, nbufs 1, flags 0, to 0x6a89014, tolen 16, ovl (nil), func (nil)
0009:trace:winsock:WS2_sendto fd=42, options=20
0009:trace:winsock:WS2_sendto  -> 10 bytes
0009:trace:winsock:WS2_recv_base socket 0130, wsabuf 0x32f6e4, nbufs 1, flags 0, from 0x32f734, fromlen 16, ovl (nil), func (nil)
0009:trace:winsock:WS2_recv_base fd=42, options=20
0009:trace:winsock:WS2_recv_base  -> 10 bytes
0009:trace:winsock:WS2_sendto socket 0130, wsabuf 0x32f5e4, nbufs 1, flags 0, to 0x6a89014, tolen 16, ovl (nil), func (nil)
0009:trace:winsock:WS2_sendto fd=42, options=20
0009:trace:winsock:WS2_sendto  -> 10 bytes
0009:trace:winsock:WS2_recv_base socket 0130, wsabuf 0x32f6e4, nbufs 1, flags 0, from 0x32f734, fromlen 16, ovl (nil), func (nil)
0009:trace:winsock:WS2_recv_base fd=42, options=20
0009:trace:winsock:WS2_recv_base  -> 10 bytes
0009:trace:winsock:WS2_sendto socket 0130, wsabuf 0x32f9c4, nbufs 1, flags 0, to 0x6a89014, tolen 16, ovl (nil), func (nil)
0009:trace:winsock:WS2_sendto fd=42, options=20
0009:trace:winsock:WS2_sendto  -> 12 bytes
0009:trace:winsock:WS2_sendto socket 0130, wsabuf 0x32f9c4, nbufs 1, flags 0, to 0x6a89014, tolen 16, ovl (nil), func (nil)
0009:trace:winsock:WS2_sendto fd=42, options=20
0009:trace:winsock:WS2_sendto  -> 12 bytes
0009:trace:winsock:WS2_recv_base socket 0130, wsabuf 0x32f6e4, nbufs 1, flags 0, from 0x32f734, fromlen 16, ovl (nil), func (nil)
0009:trace:winsock:WS2_recv_base fd=42, options=20
0009:trace:winsock:WS2_recv_base  -> 12 bytes
0009:trace:winsock:WS2_recv_base socket 0130, wsabuf 0x32f6e4, nbufs 1, flags 0, from 0x32f734, fromlen 16, ovl (nil), func (nil)
0009:trace:winsock:WS2_recv_base fd=42, options=20
0009:trace:winsock:WS2_recv_base  -> 12 bytes
0009:trace:winsock:WS2_sendto socket 0130, wsabuf 0x32f5e4, nbufs 1, flags 0, to 0x6a89014, tolen 16, ovl (nil), func (nil)
0009:trace:winsock:WS2_sendto fd=42, options=20
0009:trace:winsock:WS2_sendto  -> 10 bytes
0009:trace:winsock:WS2_recv_base socket 0130, wsabuf 0x32f6e4, nbufs 1, flags 0, from 0x32f734, fromlen 16, ovl (nil), func (nil)
0009:trace:winsock:WS2_recv_base fd=42, options=20
0009:trace:winsock:WS2_recv_base  -> 16 bytes
0009:trace:winsock:WS2_recv_base socket 0130, wsabuf 0x32f6e4, nbufs 1, flags 0, from 0x32f734, fromlen 16, ovl (nil), func (nil)
0009:trace:winsock:WS2_recv_base fd=42, options=20
0009:trace:winsock:WS2_recv_base  -> 10 bytes
0009:trace:winsock:WS2_recv_base socket 0130, wsabuf 0x32f6e4, nbufs 1, flags 0, from 0x32f734, fromlen 16, ovl (nil), func (nil)
0009:trace:winsock:WS2_recv_base fd=42, options=20
0009:trace:winsock:WS2_recv_base  -> 16 bytes
0009:trace:winsock:WS2_sendto socket 0130, wsabuf 0x32f5e4, nbufs 1, flags 0, to 0x6a89014, tolen 16, ovl (nil), func (nil)
0009:trace:winsock:WS2_sendto fd=42, options=20
0009:trace:winsock:WS2_sendto  -> 10 bytes
0009:trace:winsock:WS2_recv_base socket 0130, wsabuf 0x32f6e4, nbufs 1, flags 0, from 0x32f734, fromlen 16, ovl (nil), func (nil)
0009:trace:winsock:WS2_recv_base fd=42, options=20
0009:trace:winsock:WS2_recv_base  -> 10 bytes
0009:trace:winsock:WS2_sendto socket 0130, wsabuf 0x32f5e4, nbufs 1, flags 0, to 0x6a89014, tolen 16, ovl (nil), func (nil)
0009:trace:winsock:WS2_sendto fd=42, options=20
0009:trace:winsock:WS2_sendto  -> 10 bytes
0009:trace:winsock:WS2_recv_base socket 0130, wsabuf 0x32f6e4, nbufs 1, flags 0, from 0x32f734, fromlen 16, ovl (nil), func (nil)
0009:trace:winsock:WS2_recv_base fd=42, options=20
0009:trace:winsock:WS2_recv_base  -> 12 bytes
0009:trace:winsock:WS2_sendto socket 0130, wsabuf 0x32ef34, nbufs 1, flags 0, to 0x6a89014, tolen 16, ovl (nil), func (nil)
0009:trace:winsock:WS2_sendto fd=42, options=20
0009:trace:winsock:WS2_sendto  -> 12 bytes
0009:trace:winsock:WS2_recv_base socket 0130, wsabuf 0x32f6e4, nbufs 1, flags 0, from 0x32f734, fromlen 16, ovl (nil), func (nil)
0009:trace:winsock:WS2_recv_base fd=42, options=20
0009:trace:winsock:WS2_recv_base  -> 10 bytes
0009:trace:winsock:WS2_sendto socket 0130, wsabuf 0x32f5e4, nbufs 1, flags 0, to 0x6a89014, tolen 16, ovl (nil), func (nil)
0009:trace:winsock:WS2_sendto fd=42, options=20
0009:trace:winsock:WS2_sendto  -> 10 bytes
0009:trace:winsock:WS2_recv_base socket 0130, wsabuf 0x32f6e4, nbufs 1, flags 0, from 0x32f734, fromlen 16, ovl (nil), func (nil)
0009:trace:winsock:WS2_recv_base fd=42, options=20
0009:trace:winsock:WS2_recv_base  -> 10 bytes
0009:trace:winsock:WS2_sendto socket 0130, wsabuf 0x32f964, nbufs 1, flags 0, to 0x6a89014, tolen 16, ovl (nil), func (nil)
0009:trace:winsock:WS2_sendto fd=42, options=20
0009:trace:winsock:WS2_sendto  -> 16 bytes
0009:trace:winsock:WS2_sendto socket 0130, wsabuf 0x32f964, nbufs 1, flags 0, to 0x6a89014, tolen 16, ovl (nil), func (nil)
0009:trace:winsock:WS2_sendto fd=42, options=20
0009:trace:winsock:WS2_sendto  -> 16 bytes
0009:trace:winsock:WS2_sendto socket 0130, wsabuf 0x32f5e4, nbufs 1, flags 0, to 0x6a89014, tolen 16, ovl (nil), func (nil)
0009:trace:winsock:WS2_sendto fd=42, options=20
0009:trace:winsock:WS2_sendto  -> 10 bytes
0009:trace:winsock:WS2_recv_base socket 0130, wsabuf 0x32f6e4, nbufs 1, flags 0, from 0x32f734, fromlen 16, ovl (nil), func (nil)
0009:trace:winsock:WS2_recv_base fd=42, options=20
0009:trace:winsock:WS2_recv_base  -> 16 bytes
0009:trace:winsock:WS2_recv_base socket 0130, wsabuf 0x32f6e4, nbufs 1, flags 0, from 0x32f734, fromlen 16, ovl (nil), func (nil)
0009:trace:winsock:WS2_recv_base fd=42, options=20
0009:trace:winsock:WS2_recv_base  -> 12 bytes
0009:trace:winsock:WS2_sendto socket 0130, wsabuf 0x32ef34, nbufs 1, flags 0, to 0x6a89014, tolen 16, ovl (nil), func (nil)
0009:trace:winsock:WS2_sendto fd=42, options=20
0009:trace:winsock:WS2_sendto  -> 12 bytes
0009:trace:winsock:WS2_recv_base socket 0130, wsabuf 0x32f6e4, nbufs 1, flags 0, from 0x32f734, fromlen 16, ovl (nil), func (nil)
0009:trace:winsock:WS2_recv_base fd=42, options=20
0009:trace:winsock:WS2_recv_base  -> 10 bytes
0009:trace:winsock:WS2_recv_base socket 0130, wsabuf 0x32f6e4, nbufs 1, flags 0, from 0x32f734, fromlen 16, ovl (nil), func (nil)
0009:trace:winsock:WS2_recv_base fd=42, options=20
0009:trace:winsock:WS2_recv_base  -> 16 bytes
0009:trace:winsock:WS2_sendto socket 0130, wsabuf 0x32f5e4, nbufs 1, flags 0, to 0x6a89014, tolen 16, ovl (nil), func (nil)
0009:trace:winsock:WS2_sendto fd=42, options=20
0009:trace:winsock:WS2_sendto  -> 10 bytes
0009:trace:winsock:WS2_recv_base socket 0130, wsabuf 0x32f6e4, nbufs 1, flags 0, from 0x32f734, fromlen 16, ovl (nil), func (nil)
0009:trace:winsock:WS2_recv_base fd=42, options=20
0009:trace:winsock:WS2_recv_base  -> 10 bytes
0009:trace:winsock:WS2_sendto socket 0130, wsabuf 0x32f5e4, nbufs 1, flags 0, to 0x6a89014, tolen 16, ovl (nil), func (nil)
0009:trace:winsock:WS2_sendto fd=42, options=20
0009:trace:winsock:WS2_sendto  -> 10 bytes
0009:trace:winsock:WS2_recv_base socket 0130, wsabuf 0x32f6e4, nbufs 1, flags 0, from 0x32f734, fromlen 16, ovl (nil), func (nil)
0009:trace:winsock:WS2_recv_base fd=42, options=20
0009:trace:winsock:WS2_recv_base  -> 10 bytes
0009:trace:winsock:WS2_sendto socket 0130, wsabuf 0x32f5e4, nbufs 1, flags 0, to 0x6a89014, tolen 16, ovl (nil), func (nil)
0009:trace:winsock:WS2_sendto fd=42, options=20
0009:trace:winsock:WS2_sendto  -> 10 bytes
0009:trace:winsock:WS2_recv_base socket 0130, wsabuf 0x32f6e4, nbufs 1, flags 0, from 0x32f734, fromlen 16, ovl (nil), func (nil)
0009:trace:winsock:WS2_recv_base fd=42, options=20
0009:trace:winsock:WS2_recv_base  -> 10 bytes
0009:trace:winsock:WS2_sendto socket 0130, wsabuf 0x32f964, nbufs 1, flags 0, to 0x6a89014, tolen 16, ovl (nil), func (nil)
0009:trace:winsock:WS2_sendto fd=42, options=20
0009:trace:winsock:WS2_sendto  -> 16 bytes
0009:trace:winsock:WS2_sendto socket 0130, wsabuf 0x32f964, nbufs 1, flags 0, to 0x6a89014, tolen 16, ovl (nil), func (nil)
0009:trace:winsock:WS2_sendto fd=42, options=20
0009:trace:winsock:WS2_sendto  -> 16 bytes
0009:trace:winsock:WS2_sendto socket 0130, wsabuf 0x32f5e4, nbufs 1, flags 0, to 0x6a89014, tolen 16, ovl (nil), func (nil)
0009:trace:winsock:WS2_sendto fd=42, options=20
0009:trace:winsock:WS2_sendto  -> 10 bytes
0009:trace:winsock:WS2_sendto socket 0130, wsabuf 0x32f9c4, nbufs 1, flags 0, to 0x6a89014, tolen 16, ovl (nil), func (nil)
0009:trace:winsock:WS2_sendto fd=42, options=20
0009:trace:winsock:WS2_sendto  -> 12 bytes
0009:trace:winsock:WS2_sendto socket 0130, wsabuf 0x32f9c4, nbufs 1, flags 0, to 0x6a89014, tolen 16, ovl (nil), func (nil)
0009:trace:winsock:WS2_sendto fd=42, options=20
0009:trace:winsock:WS2_sendto  -> 12 bytes
0009:trace:winsock:WS2_recv_base socket 0130, wsabuf 0x32f6e4, nbufs 1, flags 0, from 0x32f734, fromlen 16, ovl (nil), func (nil)
0009:trace:winsock:WS2_recv_base fd=42, options=20
0009:trace:winsock:WS2_recv_base  -> 12 bytes
0009:trace:winsock:WS2_recv_base socket 0130, wsabuf 0x32f6e4, nbufs 1, flags 0, from 0x32f734, fromlen 16, ovl (nil), func (nil)
0009:trace:winsock:WS2_recv_base fd=42, options=20
0009:trace:winsock:WS2_recv_base  -> 12 bytes
0009:trace:winsock:WS2_recv_base socket 0130, wsabuf 0x32f6e4, nbufs 1, flags 0, from 0x32f734, fromlen 16, ovl (nil), func (nil)
0009:trace:winsock:WS2_recv_base fd=42, options=20
0009:trace:winsock:WS2_recv_base  -> 16 bytes
0009:trace:winsock:WS2_recv_base socket 0130, wsabuf 0x32f6e4, nbufs 1, flags 0, from 0x32f734, fromlen 16, ovl (nil), func (nil)
0009:trace:winsock:WS2_recv_base fd=42, options=20
0009:trace:winsock:WS2_recv_base  -> 16 bytes
0009:trace:winsock:WS2_recv_base socket 0130, wsabuf 0x32f6e4, nbufs 1, flags 0, from 0x32f734, fromlen 16, ovl (nil), func (nil)
0009:trace:winsock:WS2_recv_base fd=42, options=20
0009:trace:winsock:WS2_recv_base  -> 10 bytes
0009:trace:winsock:WS2_sendto socket 0130, wsabuf 0x32f5e4, nbufs 1, flags 0, to 0x6a89014, tolen 16, ovl (nil), func (nil)
0009:trace:winsock:WS2_sendto fd=42, options=20
0009:trace:winsock:WS2_sendto  -> 10 bytes
0009:trace:winsock:WS2_recv_base socket 0130, wsabuf 0x32f6e4, nbufs 1, flags 0, from 0x32f734, fromlen 16, ovl (nil), func (nil)
0009:trace:winsock:WS2_recv_base fd=42, options=20
0009:trace:winsock:WS2_recv_base  -> 10 bytes
0009:trace:winsock:WS2_sendto socket 0130, wsabuf 0x32f5e4, nbufs 1, flags 0, to 0x6a89014, tolen 16, ovl (nil), func (nil)
0009:trace:winsock:WS2_sendto fd=42, options=20
0009:trace:winsock:WS2_sendto  -> 10 bytes
0009:trace:winsock:WS2_recv_base socket 0130, wsabuf 0x32f6e4, nbufs 1, flags 0, from 0x32f734, fromlen 16, ovl (nil), func (nil)
0009:trace:winsock:WS2_recv_base fd=42, options=20
0009:trace:winsock:WS2_recv_base  -> 12 bytes
0009:trace:winsock:WS2_sendto socket 0130, wsabuf 0x32ef34, nbufs 1, flags 0, to 0x6a89014, tolen 16, ovl (nil), func (nil)
0009:trace:winsock:WS2_sendto fd=42, options=20
0009:trace:winsock:WS2_sendto  -> 12 bytes
0009:trace:winsock:WS2_recv_base socket 0130, wsabuf 0x32f6e4, nbufs 1, flags 0, from 0x32f734, fromlen 16, ovl (nil), func (nil)
0009:trace:winsock:WS2_recv_base fd=42, options=20
0009:trace:winsock:WS2_recv_base  -> 10 bytes
0009:trace:winsock:WS2_sendto socket 0130, wsabuf 0x32f5e4, nbufs 1, flags 0, to 0x6a89014, tolen 16, ovl (nil), func (nil)
0009:trace:winsock:WS2_sendto fd=42, options=20
0009:trace:winsock:WS2_sendto  -> 10 bytes
0009:trace:winsock:WS2_recv_base socket 0130, wsabuf 0x32f6e4, nbufs 1, flags 0, from 0x32f734, fromlen 16, ovl (nil), func (nil)
0009:trace:winsock:WS2_recv_base fd=42, options=20
0009:trace:winsock:WS2_recv_base  -> 10 bytes
0009:trace:winsock:WS2_sendto socket 0130, wsabuf 0x32f964, nbufs 1, flags 0, to 0x6a89014, tolen 16, ovl (nil), func (nil)
0009:trace:winsock:WS2_sendto fd=42, options=20
0009:trace:winsock:WS2_sendto  -> 16 bytes
0009:trace:winsock:WS2_sendto socket 0130, wsabuf 0x32f964, nbufs 1, flags 0, to 0x6a89014, tolen 16, ovl (nil), func (nil)
0009:trace:winsock:WS2_sendto fd=42, options=20
0009:trace:winsock:WS2_sendto  -> 16 bytes
0009:trace:winsock:WS2_sendto socket 0130, wsabuf 0x32f5e4, nbufs 1, flags 0, to 0x6a89014, tolen 16, ovl (nil), func (nil)
0009:trace:winsock:WS2_sendto fd=42, options=20
0009:trace:winsock:WS2_sendto  -> 10 bytes
0009:trace:winsock:WS2_recv_base socket 0130, wsabuf 0x32f6e4, nbufs 1, flags 0, from 0x32f734, fromlen 16, ovl (nil), func (nil)
0009:trace:winsock:WS2_recv_base fd=42, options=20
0009:trace:winsock:WS2_recv_base  -> 12 bytes
0009:trace:winsock:WS2_sendto socket 0130, wsabuf 0x32ef34, nbufs 1, flags 0, to 0x6a89014, tolen 16, ovl (nil), func (nil)
0009:trace:winsock:WS2_sendto fd=42, options=20
0009:trace:winsock:WS2_sendto  -> 12 bytes
0009:trace:winsock:WS2_recv_base socket 0130, wsabuf 0x32f6e4, nbufs 1, flags 0, from 0x32f734, fromlen 16, ovl (nil), func (nil)
0009:trace:winsock:WS2_recv_base fd=42, options=20
0009:trace:winsock:WS2_recv_base  -> 10 bytes
0009:trace:winsock:WS2_sendto socket 0130, wsabuf 0x32f5e4, nbufs 1, flags 0, to 0x6a89014, tolen 16, ovl (nil), func (nil)
0009:trace:winsock:WS2_sendto fd=42, options=20
0009:trace:winsock:WS2_sendto  -> 10 bytes
0009:trace:winsock:WS2_recv_base socket 0130, wsabuf 0x32f6e4, nbufs 1, flags 0, from 0x32f734, fromlen 16, ovl (nil), func (nil)
0009:trace:winsock:WS2_recv_base fd=42, options=20
0009:trace:winsock:WS2_recv_base  -> 16 bytes
0009:trace:winsock:WS2_recv_base socket 0130, wsabuf 0x32f6e4, nbufs 1, flags 0, from 0x32f734, fromlen 16, ovl (nil), func (nil)
0009:trace:winsock:WS2_recv_base fd=42, options=20
0009:trace:winsock:WS2_recv_base  -> 10 bytes
0009:trace:winsock:WS2_recv_base socket 0130, wsabuf 0x32f6e4, nbufs 1, flags 0, from 0x32f734, fromlen 16, ovl (nil), func (nil)
0009:trace:winsock:WS2_recv_base fd=42, options=20
0009:trace:winsock:WS2_recv_base  -> 16 bytes
0009:trace:winsock:WS2_sendto socket 0130, wsabuf 0x32f5e4, nbufs 1, flags 0, to 0x6a89014, tolen 16, ovl (nil), func (nil)
0009:trace:winsock:WS2_sendto fd=42, options=20
0009:trace:winsock:WS2_sendto  -> 10 bytes
0009:trace:winsock:WS2_recv_base socket 0130, wsabuf 0x32f6e4, nbufs 1, flags 0, from 0x32f734, fromlen 16, ovl (nil), func (nil)
0009:trace:winsock:WS2_recv_base fd=42, options=20
0009:trace:winsock:WS2_recv_base  -> 10 bytes
0009:trace:winsock:WS2_sendto socket 0130, wsabuf 0x32f5e4, nbufs 1, flags 0, to 0x6a89014, tolen 16, ovl (nil), func (nil)
0009:trace:winsock:WS2_sendto fd=42, options=20
0009:trace:winsock:WS2_sendto  -> 10 bytes
0009:trace:winsock:WS2_recv_base socket 0130, wsabuf 0x32f6e4, nbufs 1, flags 0, from 0x32f734, fromlen 16, ovl (nil), func (nil)
0009:trace:winsock:WS2_recv_base fd=42, options=20
0009:trace:winsock:WS2_recv_base  -> 10 bytes
0009:trace:winsock:WS2_sendto socket 0130, wsabuf 0x32f964, nbufs 1, flags 0, to 0x6a89014, tolen 16, ovl (nil), func (nil)
0009:trace:winsock:WS2_sendto fd=42, options=20
0009:trace:winsock:WS2_sendto  -> 16 bytes
0009:trace:winsock:WS2_sendto socket 0130, wsabuf 0x32f964, nbufs 1, flags 0, to 0x6a89014, tolen 16, ovl (nil), func (nil)
0009:trace:winsock:WS2_sendto fd=42, options=20
0009:trace:winsock:WS2_sendto  -> 16 bytes
0009:trace:winsock:WS2_sendto socket 0130, wsabuf 0x32f5e4, nbufs 1, flags 0, to 0x6a89014, tolen 16, ovl (nil), func (nil)
0009:trace:winsock:WS2_sendto fd=42, options=20
0009:trace:winsock:WS2_sendto  -> 10 bytes
0009:trace:winsock:WS2_sendto socket 0130, wsabuf 0x32f9c4, nbufs 1, flags 0, to 0x6a89014, tolen 16, ovl (nil), func (nil)
0009:trace:winsock:WS2_sendto fd=42, options=20
0009:trace:winsock:WS2_sendto  -> 12 bytes
0009:trace:winsock:WS2_sendto socket 0130, wsabuf 0x32f9c4, nbufs 1, flags 0, to 0x6a89014, tolen 16, ovl (nil), func (nil)
0009:trace:winsock:WS2_sendto fd=42, options=20
0009:trace:winsock:WS2_sendto  -> 12 bytes
0009:trace:winsock:WS2_recv_base socket 0130, wsabuf 0x32f6e4, nbufs 1, flags 0, from 0x32f734, fromlen 16, ovl (nil), func (nil)
0009:trace:winsock:WS2_recv_base fd=42, options=20
0009:trace:winsock:WS2_recv_base  -> 12 bytes
0009:trace:winsock:WS2_recv_base socket 0130, wsabuf 0x32f6e4, nbufs 1, flags 0, from 0x32f734, fromlen 16, ovl (nil), func (nil)
0009:trace:winsock:WS2_recv_base fd=42, options=20
0009:trace:winsock:WS2_recv_base  -> 12 bytes
0009:trace:winsock:WS2_recv_base socket 0130, wsabuf 0x32f6e4, nbufs 1, flags 0, from 0x32f734, fromlen 16, ovl (nil), func (nil)
0009:trace:winsock:WS2_recv_base fd=42, options=20
0009:trace:winsock:WS2_recv_base  -> 10 bytes
0009:trace:winsock:WS2_recv_base socket 0130, wsabuf 0x32f6e4, nbufs 1, flags 0, from 0x32f734, fromlen 16, ovl (nil), func (nil)
0009:trace:winsock:WS2_recv_base fd=42, options=20
0009:trace:winsock:WS2_recv_base  -> 10 bytes
0009:trace:winsock:WS2_sendto socket 0130, wsabuf 0x32f5e4, nbufs 1, flags 0, to 0x6a89014, tolen 16, ovl (nil), func (nil)
0009:trace:winsock:WS2_sendto fd=42, options=20
0009:trace:winsock:WS2_sendto  -> 10 bytes
0009:trace:winsock:WS2_recv_base socket 0130, wsabuf 0x32f6e4, nbufs 1, flags 0, from 0x32f734, fromlen 16, ovl (nil), func (nil)
0009:trace:winsock:WS2_recv_base fd=42, options=20
0009:trace:winsock:WS2_recv_base  -> 16 bytes
0009:trace:winsock:WS2_recv_base socket 0130, wsabuf 0x32f6e4, nbufs 1, flags 0, from 0x32f734, fromlen 16, ovl (nil), func (nil)
0009:trace:winsock:WS2_recv_base fd=42, options=20
0009:trace:winsock:WS2_recv_base  -> 16 bytes
0009:trace:winsock:WS2_sendto socket 0130, wsabuf 0x32f5e4, nbufs 1, flags 0, to 0x6a89014, tolen 16, ovl (nil), func (nil)
0009:trace:winsock:WS2_sendto fd=42, options=20
0009:trace:winsock:WS2_sendto  -> 10 bytes
0009:trace:winsock:WS2_recv_base socket 0130, wsabuf 0x32f6e4, nbufs 1, flags 0, from 0x32f734, fromlen 16, ovl (nil), func (nil)
0009:trace:winsock:WS2_recv_base fd=42, options=20
0009:trace:winsock:WS2_recv_base  -> 12 bytes
0009:trace:winsock:WS2_sendto socket 0130, wsabuf 0x32ef34, nbufs 1, flags 0, to 0x6a89014, tolen 16, ovl (nil), func (nil)
0009:trace:winsock:WS2_sendto fd=42, options=20
0009:trace:winsock:WS2_sendto  -> 12 bytes
0009:trace:winsock:WS2_recv_base socket 0130, wsabuf 0x32f6e4, nbufs 1, flags 0, from 0x32f734, fromlen 16, ovl (nil), func (nil)
0009:trace:winsock:WS2_recv_base fd=42, options=20
0009:trace:winsock:WS2_recv_base  -> 10 bytes
0009:trace:winsock:WS2_sendto socket 0130, wsabuf 0x32f5e4, nbufs 1, flags 0, to 0x6a89014, tolen 16, ovl (nil), func (nil)
0009:trace:winsock:WS2_sendto fd=42, options=20
0009:trace:winsock:WS2_sendto  -> 10 bytes
0009:trace:winsock:WS2_recv_base socket 0130, wsabuf 0x32f6e4, nbufs 1, flags 0, from 0x32f734, fromlen 16, ovl (nil), func (nil)
0009:trace:winsock:WS2_recv_base fd=42, options=20
0009:trace:winsock:WS2_recv_base  -> 10 bytes
0009:trace:winsock:WS2_sendto socket 0130, wsabuf 0x32f964, nbufs 1, flags 0, to 0x6a89014, tolen 16, ovl (nil), func (nil)
0009:trace:winsock:WS2_sendto fd=42, options=20
0009:trace:winsock:WS2_sendto  -> 16 bytes
0009:trace:winsock:WS2_sendto socket 0130, wsabuf 0x32f964, nbufs 1, flags 0, to 0x6a89014, tolen 16, ovl (nil), func (nil)
0009:trace:winsock:WS2_sendto fd=42, options=20
0009:trace:winsock:WS2_sendto  -> 16 bytes
0009:trace:winsock:WS2_sendto socket 0130, wsabuf 0x32f5e4, nbufs 1, flags 0, to 0x6a89014, tolen 16, ovl (nil), func (nil)
0009:trace:winsock:WS2_sendto fd=42, options=20
0009:trace:winsock:WS2_sendto  -> 10 bytes
0009:trace:winsock:WS2_recv_base socket 0130, wsabuf 0x32f6e4, nbufs 1, flags 0, from 0x32f734, fromlen 16, ovl (nil), func (nil)
0009:trace:winsock:WS2_recv_base fd=42, options=20
0009:trace:winsock:WS2_recv_base  -> 10 bytes
0009:trace:winsock:WS2_recv_base socket 0130, wsabuf 0x32f6e4, nbufs 1, flags 0, from 0x32f734, fromlen 16, ovl (nil), func (nil)
0009:trace:winsock:WS2_recv_base fd=42, options=20
0009:trace:winsock:WS2_recv_base  -> 12 bytes
0009:trace:winsock:WS2_sendto socket 0130, wsabuf 0x32ef34, nbufs 1, flags 0, to 0x6a89014, tolen 16, ovl (nil), func (nil)
0009:trace:winsock:WS2_sendto fd=42, options=20
0009:trace:winsock:WS2_sendto  -> 12 bytes
0009:trace:winsock:WS2_sendto socket 0130, wsabuf 0x32f5e4, nbufs 1, flags 0, to 0x6a89014, tolen 16, ovl (nil), func (nil)
0009:trace:winsock:WS2_sendto fd=42, options=20
0009:trace:winsock:WS2_sendto  -> 10 bytes
0009:trace:winsock:WS2_recv_base socket 0130, wsabuf 0x32f6e4, nbufs 1, flags 0, from 0x32f734, fromlen 16, ovl (nil), func (nil)
0009:trace:winsock:WS2_recv_base fd=42, options=20
0009:trace:winsock:WS2_recv_base  -> 10 bytes
0009:trace:winsock:WS2_sendto socket 0130, wsabuf 0x32f5e4, nbufs 1, flags 0, to 0x6a89014, tolen 16, ovl (nil), func (nil)
0009:trace:winsock:WS2_sendto fd=42, options=20
0009:trace:winsock:WS2_sendto  -> 10 bytes
0009:trace:winsock:WS2_recv_base socket 0130, wsabuf 0x32f6e4, nbufs 1, flags 0, from 0x32f734, fromlen 16, ovl (nil), func (nil)
0009:trace:winsock:WS2_recv_base fd=42, options=20
0009:trace:winsock:WS2_recv_base  -> 16 bytes
0009:trace:winsock:WS2_recv_base socket 0130, wsabuf 0x32f6e4, nbufs 1, flags 0, from 0x32f734, fromlen 16, ovl (nil), func (nil)
0009:trace:winsock:WS2_recv_base fd=42, options=20
0009:trace:winsock:WS2_recv_base  -> 16 bytes
0009:trace:winsock:WS2_recv_base socket 0130, wsabuf 0x32f6e4, nbufs 1, flags 0, from 0x32f734, fromlen 16, ovl (nil), func (nil)
0009:trace:winsock:WS2_recv_base fd=42, options=20
0009:trace:winsock:WS2_recv_base  -> 10 bytes
0009:trace:winsock:WS2_sendto socket 0130, wsabuf 0x32f5e4, nbufs 1, flags 0, to 0x6a89014, tolen 16, ovl (nil), func (nil)
0009:trace:winsock:WS2_sendto fd=42, options=20
0009:trace:winsock:WS2_sendto  -> 10 bytes
0009:trace:winsock:WS2_recv_base socket 0130, wsabuf 0x32f6e4, nbufs 1, flags 0, from 0x32f734, fromlen 16, ovl (nil), func (nil)
0009:trace:winsock:WS2_recv_base fd=42, options=20
0009:trace:winsock:WS2_recv_base  -> 10 bytes
0009:trace:winsock:WS2_sendto socket 0130, wsabuf 0x32f5e4, nbufs 1, flags 0, to 0x6a89014, tolen 16, ovl (nil), func (nil)
0009:trace:winsock:WS2_sendto fd=42, options=20
0009:trace:winsock:WS2_sendto  -> 10 bytes
0009:trace:winsock:WS2_sendto socket 0130, wsabuf 0x32f964, nbufs 1, flags 0, to 0x6a89014, tolen 16, ovl (nil), func (nil)
0009:trace:winsock:WS2_sendto fd=42, options=20
0009:trace:winsock:WS2_sendto  -> 16 bytes
0009:trace:winsock:WS2_sendto socket 0130, wsabuf 0x32f964, nbufs 1, flags 0, to 0x6a89014, tolen 16, ovl (nil), func (nil)
0009:trace:winsock:WS2_sendto fd=42, options=20
0009:trace:winsock:WS2_sendto  -> 16 bytes
0009:trace:winsock:WS2_sendto socket 0130, wsabuf 0x32f9c4, nbufs 1, flags 0, to 0x6a89014, tolen 16, ovl (nil), func (nil)
0009:trace:winsock:WS2_sendto fd=42, options=20
0009:trace:winsock:WS2_sendto  -> 12 bytes
0009:trace:winsock:WS2_sendto socket 0130, wsabuf 0x32f9c4, nbufs 1, flags 0, to 0x6a89014, tolen 16, ovl (nil), func (nil)
0009:trace:winsock:WS2_sendto fd=42, options=20
0009:trace:winsock:WS2_sendto  -> 12 bytes
0009:trace:winsock:WS2_recv_base socket 0130, wsabuf 0x32f6e4, nbufs 1, flags 0, from 0x32f734, fromlen 16, ovl (nil), func (nil)
0009:trace:winsock:WS2_recv_base fd=42, options=20
0009:trace:winsock:WS2_recv_base  -> 12 bytes
0009:trace:winsock:WS2_recv_base socket 0130, wsabuf 0x32f6e4, nbufs 1, flags 0, from 0x32f734, fromlen 16, ovl (nil), func (nil)
0009:trace:winsock:WS2_recv_base fd=42, options=20
0009:trace:winsock:WS2_recv_base  -> 12 bytes
0009:trace:winsock:WS2_recv_base socket 0130, wsabuf 0x32f6e4, nbufs 1, flags 0, from 0x32f734, fromlen 16, ovl (nil), func (nil)
0009:trace:winsock:WS2_recv_base fd=42, options=20
0009:trace:winsock:WS2_recv_base  -> 10 bytes
0009:trace:winsock:WS2_recv_base socket 0130, wsabuf 0x32f6e4, nbufs 1, flags 0, from 0x32f734, fromlen 16, ovl (nil), func (nil)
0009:trace:winsock:WS2_recv_base fd=42, options=20
0009:trace:winsock:WS2_recv_base  -> 10 bytes
0009:trace:winsock:WS2_sendto socket 0130, wsabuf 0x32f5e4, nbufs 1, flags 0, to 0x6a89014, tolen 16, ovl (nil), func (nil)
0009:trace:winsock:WS2_sendto fd=42, options=20
0009:trace:winsock:WS2_sendto  -> 10 bytes
0009:trace:winsock:WS2_sendto socket 0130, wsabuf 0x32f5e4, nbufs 1, flags 0, to 0x6a89014, tolen 16, ovl (nil), func (nil)
0009:trace:winsock:WS2_sendto fd=42, options=20
0009:trace:winsock:WS2_sendto  -> 10 bytes
0009:trace:winsock:WS2_recv_base socket 0130, wsabuf 0x32f6e4, nbufs 1, flags 0, from 0x32f734, fromlen 16, ovl (nil), func (nil)
0009:trace:winsock:WS2_recv_base fd=42, options=20
0009:trace:winsock:WS2_recv_base  -> 16 bytes
0009:trace:winsock:WS2_recv_base socket 0130, wsabuf 0x32f6e4, nbufs 1, flags 0, from 0x32f734, fromlen 16, ovl (nil), func (nil)
0009:trace:winsock:WS2_recv_base fd=42, options=20
0009:trace:winsock:WS2_recv_base  -> 16 bytes
0009:trace:winsock:WS2_recv_base socket 0130, wsabuf 0x32f6e4, nbufs 1, flags 0, from 0x32f734, fromlen 16, ovl (nil), func (nil)
0009:trace:winsock:WS2_recv_base fd=42, options=20
0009:trace:winsock:WS2_recv_base  -> 12 bytes
0009:trace:winsock:WS2_sendto socket 0130, wsabuf 0x32ef34, nbufs 1, flags 0, to 0x6a89014, tolen 16, ovl (nil), func (nil)
0009:trace:winsock:WS2_sendto fd=42, options=20
0009:trace:winsock:WS2_sendto  -> 12 bytes
0009:trace:winsock:WS2_recv_base socket 0130, wsabuf 0x32f6e4, nbufs 1, flags 0, from 0x32f734, fromlen 16, ovl (nil), func (nil)
0009:trace:winsock:WS2_recv_base fd=42, options=20
0009:trace:winsock:WS2_recv_base  -> 10 bytes
0009:trace:winsock:WS2_sendto socket 0130, wsabuf 0x32f5e4, nbufs 1, flags 0, to 0x6a89014, tolen 16, ovl (nil), func (nil)
0009:trace:winsock:WS2_sendto fd=42, options=20
0009:trace:winsock:WS2_sendto  -> 10 bytes
0009:trace:winsock:WS2_recv_base socket 0130, wsabuf 0x32f6e4, nbufs 1, flags 0, from 0x32f734, fromlen 16, ovl (nil), func (nil)
0009:trace:winsock:WS2_recv_base fd=42, options=20
0009:trace:winsock:WS2_recv_base  -> 10 bytes
0009:trace:winsock:WS2_sendto socket 0130, wsabuf 0x32f5e4, nbufs 1, flags 0, to 0x6a89014, tolen 16, ovl (nil), func (nil)
0009:trace:winsock:WS2_sendto fd=42, options=20
0009:trace:winsock:WS2_sendto  -> 10 bytes
0009:trace:winsock:WS2_sendto socket 0130, wsabuf 0x32f964, nbufs 1, flags 0, to 0x6a89014, tolen 16, ovl (nil), func (nil)
0009:trace:winsock:WS2_sendto fd=42, options=20
0009:trace:winsock:WS2_sendto  -> 16 bytes
0009:trace:winsock:WS2_sendto socket 0130, wsabuf 0x32f964, nbufs 1, flags 0, to 0x6a89014, tolen 16, ovl (nil), func (nil)
0009:trace:winsock:WS2_sendto fd=42, options=20
0009:trace:winsock:WS2_sendto  -> 16 bytes
0009:trace:winsock:WS2_recv_base socket 0130, wsabuf 0x32f6e4, nbufs 1, flags 0, from 0x32f734, fromlen 16, ovl (nil), func (nil)
0009:trace:winsock:WS2_recv_base fd=42, options=20
0009:trace:winsock:WS2_recv_base  -> 10 bytes
0009:trace:winsock:WS2_recv_base socket 0130, wsabuf 0x32f6e4, nbufs 1, flags 0, from 0x32f734, fromlen 16, ovl (nil), func (nil)
0009:trace:winsock:WS2_recv_base fd=42, options=20
0009:trace:winsock:WS2_recv_base  -> 12 bytes
0009:trace:winsock:WS2_sendto socket 0130, wsabuf 0x32ef34, nbufs 1, flags 0, to 0x6a89014, tolen 16, ovl (nil), func (nil)
0009:trace:winsock:WS2_sendto fd=42, options=20
0009:trace:winsock:WS2_sendto  -> 12 bytes
0009:trace:winsock:WS2_sendto socket 0130, wsabuf 0x32f5e4, nbufs 1, flags 0, to 0x6a89014, tolen 16, ovl (nil), func (nil)
0009:trace:winsock:WS2_sendto fd=42, options=20
0009:trace:winsock:WS2_sendto  -> 10 bytes
0009:trace:winsock:WS2_recv_base socket 0130, wsabuf 0x32f6e4, nbufs 1, flags 0, from 0x32f734, fromlen 16, ovl (nil), func (nil)
0009:trace:winsock:WS2_recv_base fd=42, options=20
0009:trace:winsock:WS2_recv_base  -> 10 bytes
0009:trace:winsock:WS2_sendto socket 0130, wsabuf 0x32f5e4, nbufs 1, flags 0, to 0x6a89014, tolen 16, ovl (nil), func (nil)
0009:trace:winsock:WS2_sendto fd=42, options=20
0009:trace:winsock:WS2_sendto  -> 10 bytes
0009:trace:winsock:WS2_recv_base socket 0130, wsabuf 0x32f6e4, nbufs 1, flags 0, from 0x32f734, fromlen 16, ovl (nil), func (nil)
0009:trace:winsock:WS2_recv_base fd=42, options=20
0009:trace:winsock:WS2_recv_base  -> 16 bytes
0009:trace:winsock:WS2_recv_base socket 0130, wsabuf 0x32f6e4, nbufs 1, flags 0, from 0x32f734, fromlen 16, ovl (nil), func (nil)
0009:trace:winsock:WS2_recv_base fd=42, options=20
0009:trace:winsock:WS2_recv_base  -> 16 bytes
0009:trace:winsock:WS2_recv_base socket 0130, wsabuf 0x32f6e4, nbufs 1, flags 0, from 0x32f734, fromlen 16, ovl (nil), func (nil)
0009:trace:winsock:WS2_recv_base fd=42, options=20
0009:trace:winsock:WS2_recv_base  -> 10 bytes
0009:trace:winsock:WS2_recv_base socket 0130, wsabuf 0x32f6e4, nbufs 1, flags 0, from 0x32f734, fromlen 16, ovl (nil), func (nil)
0009:trace:winsock:WS2_recv_base fd=42, options=20
0009:trace:winsock:WS2_recv_base  -> 10 bytes
0009:trace:winsock:WS2_sendto socket 0130, wsabuf 0x32f5e4, nbufs 1, flags 0, to 0x6a89014, tolen 16, ovl (nil), func (nil)
0009:trace:winsock:WS2_sendto fd=42, options=20
0009:trace:winsock:WS2_sendto  -> 10 bytes
0009:trace:winsock:WS2_sendto socket 0130, wsabuf 0x32f5e4, nbufs 1, flags 0, to 0x6a89014, tolen 16, ovl (nil), func (nil)
0009:trace:winsock:WS2_sendto fd=42, options=20
0009:trace:winsock:WS2_sendto  -> 10 bytes
0009:trace:winsock:WS2_sendto socket 0130, wsabuf 0x32f9c4, nbufs 1, flags 0, to 0x6a89014, tolen 16, ovl (nil), func (nil)
0009:trace:winsock:WS2_sendto fd=42, options=20
0009:trace:winsock:WS2_sendto  -> 12 bytes
0009:trace:winsock:WS2_sendto socket 0130, wsabuf 0x32f9c4, nbufs 1, flags 0, to 0x6a89014, tolen 16, ovl (nil), func (nil)
0009:trace:winsock:WS2_sendto fd=42, options=20
0009:trace:winsock:WS2_sendto  -> 12 bytes
0009:trace:winsock:WS2_sendto socket 0130, wsabuf 0x32f964, nbufs 1, flags 0, to 0x6a89014, tolen 16, ovl (nil), func (nil)
0009:trace:winsock:WS2_sendto fd=42, options=20
0009:trace:winsock:WS2_sendto  -> 16 bytes
0009:trace:winsock:WS2_sendto socket 0130, wsabuf 0x32f964, nbufs 1, flags 0, to 0x6a89014, tolen 16, ovl (nil), func (nil)
0009:trace:winsock:WS2_sendto fd=42, options=20
0009:trace:winsock:WS2_sendto  -> 16 bytes
0009:trace:winsock:WS2_recv_base socket 0130, wsabuf 0x32f6e4, nbufs 1, flags 0, from 0x32f734, fromlen 16, ovl (nil), func (nil)
0009:trace:winsock:WS2_recv_base fd=42, options=20
0009:trace:winsock:WS2_recv_base  -> 12 bytes
0009:trace:winsock:WS2_recv_base socket 0130, wsabuf 0x32f6e4, nbufs 1, flags 0, from 0x32f734, fromlen 16, ovl (nil), func (nil)
0009:trace:winsock:WS2_recv_base fd=42, options=20
0009:trace:winsock:WS2_recv_base  -> 12 bytes
0009:trace:winsock:WS2_recv_base socket 0130, wsabuf 0x32f6e4, nbufs 1, flags 0, from 0x32f734, fromlen 16, ovl (nil), func (nil)
0009:trace:winsock:WS2_recv_base fd=42, options=20
0009:trace:winsock:WS2_recv_base  -> 10 bytes
0009:trace:winsock:WS2_sendto socket 0130, wsabuf 0x32f5e4, nbufs 1, flags 0, to 0x6a89014, tolen 16, ovl (nil), func (nil)
0009:trace:winsock:WS2_sendto fd=42, options=20
0009:trace:winsock:WS2_sendto  -> 10 bytes
0009:trace:winsock:WS2_recv_base socket 0130, wsabuf 0x32f6e4, nbufs 1, flags 0, from 0x32f734, fromlen 16, ovl (nil), func (nil)
0009:trace:winsock:WS2_recv_base fd=42, options=20
0009:trace:winsock:WS2_recv_base  -> 10 bytes
0009:trace:winsock:WS2_sendto socket 0130, wsabuf 0x32f5e4, nbufs 1, flags 0, to 0x6a89014, tolen 16, ovl (nil), func (nil)
0009:trace:winsock:WS2_sendto fd=42, options=20
0009:trace:winsock:WS2_sendto  -> 10 bytes
0009:trace:winsock:WS2_recv_base socket 0130, wsabuf 0x32f6e4, nbufs 1, flags 0, from 0x32f734, fromlen 16, ovl (nil), func (nil)
0009:trace:winsock:WS2_recv_base fd=42, options=20
0009:trace:winsock:WS2_recv_base  -> 12 bytes
0009:trace:winsock:WS2_sendto socket 0130, wsabuf 0x32ef34, nbufs 1, flags 0, to 0x6a89014, tolen 16, ovl (nil), func (nil)
0009:trace:winsock:WS2_sendto fd=42, options=20
0009:trace:winsock:WS2_sendto  -> 12 bytes
0009:trace:winsock:WS2_recv_base socket 0130, wsabuf 0x32f6e4, nbufs 1, flags 0, from 0x32f734, fromlen 16, ovl (nil), func (nil)
0009:trace:winsock:WS2_recv_base fd=42, options=20
0009:trace:winsock:WS2_recv_base  -> 16 bytes
0009:trace:winsock:WS2_recv_base socket 0130, wsabuf 0x32f6e4, nbufs 1, flags 0, from 0x32f734, fromlen 16, ovl (nil), func (nil)
0009:trace:winsock:WS2_recv_base fd=42, options=20
0009:trace:winsock:WS2_recv_base  -> 16 bytes
0009:trace:winsock:WS2_recv_base socket 0130, wsabuf 0x32f6e4, nbufs 1, flags 0, from 0x32f734, fromlen 16, ovl (nil), func (nil)
0009:trace:winsock:WS2_recv_base fd=42, options=20
0009:trace:winsock:WS2_recv_base  -> 10 bytes
0009:trace:winsock:WS2_sendto socket 0130, wsabuf 0x32f5e4, nbufs 1, flags 0, to 0x6a89014, tolen 16, ovl (nil), func (nil)
0009:trace:winsock:WS2_sendto fd=42, options=20
0009:trace:winsock:WS2_sendto  -> 10 bytes
0009:trace:winsock:WS2_recv_base socket 0130, wsabuf 0x32f6e4, nbufs 1, flags 0, from 0x32f734, fromlen 16, ovl (nil), func (nil)
0009:trace:winsock:WS2_recv_base fd=42, options=20
0009:trace:winsock:WS2_recv_base  -> 10 bytes
0009:trace:winsock:WS2_recv_base socket 0130, wsabuf 0x32f6e4, nbufs 1, flags 0, from 0x32f734, fromlen 16, ovl (nil), func (nil)
0009:trace:winsock:WS2_recv_base fd=42, options=20
0009:trace:winsock:WS2_recv_base  -> 3 bytes
0009:trace:winsock:WS2_sendto socket 0130, wsabuf 0x32f4c4, nbufs 1, flags 0, to 0x6a89014, tolen 16, ovl (nil), func (nil)
0009:trace:winsock:WS2_sendto fd=42, options=20
0009:trace:winsock:WS2_sendto  -> 49 bytes
0009:trace:winsock:WS2_recv_base socket 0130, wsabuf 0x32f6e4, nbufs 1, flags 0, from 0x32f734, fromlen 16, ovl (nil), func (nil)
0009:trace:winsock:WS2_recv_base fd=42, options=20
0009:trace:winsock:WS2_recv_base  -> 3 bytes
0009:fixme:msctf:LangBarMgr_GetShowFloatingStatus STUB:(01A58F28)
0009:fixme:msctf:LangBarMgr_ShowFloating STUB:(01A58F28)
0009:trace:winsock:WS2_recv_base socket 0130, wsabuf 0x32f6e4, nbufs 1, flags 0, from 0x32f734, fromlen 16, ovl (nil), func (nil)
0009:trace:winsock:WS2_recv_base fd=39, options=20
0009:trace:winsock:WS2_recv_base  -> 3 bytes
0009:trace:winsock:WS2_recv_base socket 0130, wsabuf 0x32f6e4, nbufs 1, flags 0, from 0x32f734, fromlen 16, ovl (nil), func (nil)
0009:trace:winsock:WS2_recv_base fd=39, options=20
0009:trace:winsock:WS2_recv_base  -> 3 bytes
0009:trace:winsock:WS2_recv_base socket 0130, wsabuf 0x32f6e4, nbufs 1, flags 0, from 0x32f734, fromlen 16, ovl (nil), func (nil)
0009:trace:winsock:WS2_recv_base fd=39, options=20
0009:trace:winsock:WS2_recv_base  -> 3 bytes
0009:trace:winsock:WS2_recv_base socket 0130, wsabuf 0x32f6e4, nbufs 1, flags 0, from 0x32f734, fromlen 16, ovl (nil), func (nil)
0009:trace:winsock:WS2_recv_base fd=39, options=20
0009:trace:winsock:WS2_recv_base  -> 3 bytes
0009:trace:winsock:WS2_recv_base socket 0130, wsabuf 0x32f6e4, nbufs 1, flags 0, from 0x32f734, fromlen 16, ovl (nil), func (nil)
0009:trace:winsock:WS2_recv_base fd=39, options=20
0009:trace:winsock:WS2_recv_base  -> 3 bytes
0009:trace:winsock:WS2_recv_base socket 0130, wsabuf 0x32f6e4, nbufs 1, flags 0, from 0x32f734, fromlen 16, ovl (nil), func (nil)
0009:trace:winsock:WS2_recv_base fd=39, options=20
0009:trace:winsock:WS2_recv_base  -> 3 bytes
0009:trace:winsock:WS2_recv_base socket 0130, wsabuf 0x32f6e4, nbufs 1, flags 0, from 0x32f734, fromlen 16, ovl (nil), func (nil)
0009:trace:winsock:WS2_recv_base fd=39, options=20
0009:trace:winsock:WS2_recv_base  -> 3 bytes
0009:trace:winsock:WS2_recv_base socket 0130, wsabuf 0x32f6e4, nbufs 1, flags 0, from 0x32f734, fromlen 16, ovl (nil), func (nil)
0009:trace:winsock:WS2_recv_base fd=39, options=20
0009:trace:winsock:WS2_recv_base  -> 3 bytes
0009:trace:winsock:WS2_sendto socket 0130, wsabuf 0x32f964, nbufs 1, flags 0, to 0x6a89014, tolen 16, ovl (nil), func (nil)
0009:trace:winsock:WS2_sendto fd=39, options=20
0009:trace:winsock:WS2_sendto  -> 16 bytes
0009:trace:winsock:WS2_recv_base socket 0130, wsabuf 0x32f6e4, nbufs 1, flags 0, from 0x32f734, fromlen 16, ovl (nil), func (nil)
0009:trace:winsock:WS2_recv_base fd=39, options=20
0009:trace:winsock:WS2_recv_base  -> 12 bytes
0009:trace:winsock:WS2_sendto socket 0130, wsabuf 0x32ef34, nbufs 1, flags 0, to 0x6a89014, tolen 16, ovl (nil), func (nil)
0009:trace:winsock:WS2_sendto fd=39, options=20
0009:trace:winsock:WS2_sendto  -> 12 bytes
0009:trace:winsock:WS2_sendto socket 0130, wsabuf 0x32f5e4, nbufs 1, flags 0, to 0x6a89014, tolen 16, ovl (nil), func (nil)
0009:trace:winsock:WS2_sendto fd=39, options=20
0009:trace:winsock:WS2_sendto  -> 10 bytes
0009:trace:winsock:WS2_recv_base socket 0130, wsabuf 0x32f6e4, nbufs 1, flags 0, from 0x32f734, fromlen 16, ovl (nil), func (nil)
0009:trace:winsock:WS2_recv_base fd=39, options=20
0009:trace:winsock:WS2_recv_base  -> 39 bytes
0009:trace:winsock:WS2_recv_base socket 0130, wsabuf 0x32f6e4, nbufs 1, flags 0, from 0x32f734, fromlen 16, ovl (nil), func (nil)
0009:trace:winsock:WS2_recv_base fd=39, options=20
0009:trace:winsock:WS2_recv_base  -> 10 bytes
0009:trace:winsock:WS2_recv_base socket 0130, wsabuf 0x32f6e4, nbufs 1, flags 0, from 0x32f734, fromlen 16, ovl (nil), func (nil)
0009:trace:winsock:WS2_recv_base fd=39, options=20
0009:trace:winsock:WS2_recv_base  -> 16 bytes
0009:trace:winsock:WS2_sendto socket 0130, wsabuf 0x32f5e4, nbufs 1, flags 0, to 0x6a89014, tolen 16, ovl (nil), func (nil)
0009:trace:winsock:WS2_sendto fd=39, options=20
0009:trace:winsock:WS2_sendto  -> 10 bytes
0009:trace:winsock:WS2_recv_base socket 0130, wsabuf 0x32f6e4, nbufs 1, flags 0, from 0x32f734, fromlen 16, ovl (nil), func (nil)
0009:trace:winsock:WS2_recv_base fd=39, options=20
0009:trace:winsock:WS2_recv_base  -> 10 bytes
0009:trace:winsock:WS2_sendto socket 0130, wsabuf 0x32f9c4, nbufs 1, flags 0, to 0x6a89014, tolen 16, ovl (nil), func (nil)
0009:trace:winsock:WS2_sendto fd=39, options=20
0009:trace:winsock:WS2_sendto  -> 12 bytes
0009:trace:winsock:WS2_recv_base socket 0130, wsabuf 0x32f6e4, nbufs 1, flags 0, from 0x32f734, fromlen 16, ovl (nil), func (nil)
0009:trace:winsock:WS2_recv_base fd=39, options=20
0009:trace:winsock:WS2_recv_base  -> 12 bytes
0009:trace:winsock:WS2_sendto socket 0130, wsabuf 0x32f964, nbufs 1, flags 0, to 0x6a89014, tolen 16, ovl (nil), func (nil)
0009:trace:winsock:WS2_sendto fd=39, options=20
0009:trace:winsock:WS2_sendto  -> 16 bytes
0009:trace:winsock:WS2_sendto socket 0130, wsabuf 0x32f5e4, nbufs 1, flags 0, to 0x6a89014, tolen 16, ovl (nil), func (nil)
0009:trace:winsock:WS2_sendto fd=39, options=20
0009:trace:winsock:WS2_sendto  -> 10 bytes
0009:trace:winsock:WS2_recv_base socket 0130, wsabuf 0x32f6e4, nbufs 1, flags 0, from 0x32f734, fromlen 16, ovl (nil), func (nil)
0009:trace:winsock:WS2_recv_base fd=39, options=20
0009:trace:winsock:WS2_recv_base  -> 10 bytes
0009:trace:winsock:WS2_recv_base socket 0130, wsabuf 0x32f6e4, nbufs 1, flags 0, from 0x32f734, fromlen 16, ovl (nil), func (nil)
0009:trace:winsock:WS2_recv_base fd=39, options=20
0009:trace:winsock:WS2_recv_base  -> 16 bytes
0009:trace:winsock:WS2_sendto socket 0130, wsabuf 0x32f5e4, nbufs 1, flags 0, to 0x6a89014, tolen 16, ovl (nil), func (nil)
0009:trace:winsock:WS2_sendto fd=39, options=20
0009:trace:winsock:WS2_sendto  -> 10 bytes
0009:trace:winsock:WS2_recv_base socket 0130, wsabuf 0x32f6e4, nbufs 1, flags 0, from 0x32f734, fromlen 16, ovl (nil), func (nil)
0009:trace:winsock:WS2_recv_base fd=39, options=20
0009:trace:winsock:WS2_recv_base  -> 10 bytes
0009:trace:winsock:WS2_sendto socket 0130, wsabuf 0x32fcb4, nbufs 1, flags 0, to 0x6c02764, tolen 16, ovl (nil), func (nil)
0009:trace:winsock:WS2_sendto fd=39, options=20
0009:trace:winsock:WS2_sendto  -> 3 bytes
0009:trace:winsock:WS2_sendto socket 0130, wsabuf 0x32fcb4, nbufs 1, flags 0, to 0x6c02764, tolen 16, ovl (nil), func (nil)
0009:trace:winsock:WS2_sendto fd=39, options=20
0009:trace:winsock:WS2_sendto  -> 3 bytes
0009:trace:winsock:WS2_sendto socket 0130, wsabuf 0x32fcb4, nbufs 1, flags 0, to 0x6c02764, tolen 16, ovl (nil), func (nil)
0009:trace:winsock:WS2_sendto fd=39, options=20
0009:trace:winsock:WS2_sendto  -> 3 bytes
0009:trace:winsock:WS2_sendto socket 0130, wsabuf 0x32fcb4, nbufs 1, flags 0, to 0x6c02764, tolen 16, ovl (nil), func (nil)
0009:trace:winsock:WS2_sendto fd=39, options=20
0009:trace:winsock:WS2_sendto  -> 3 bytes
0009:trace:winsock:WS2_sendto socket 0130, wsabuf 0x32fcb4, nbufs 1, flags 0, to 0x6c02764, tolen 16, ovl (nil), func (nil)
0009:trace:winsock:WS2_sendto fd=39, options=20
0009:trace:winsock:WS2_sendto  -> 3 bytes
0009:trace:winsock:WS2_sendto socket 0130, wsabuf 0x32fcb4, nbufs 1, flags 0, to 0x6c02764, tolen 16, ovl (nil), func (nil)
0009:trace:winsock:WS2_sendto fd=39, options=20
0009:trace:winsock:WS2_sendto  -> 3 bytes
0009:trace:winsock:WS2_sendto socket 0130, wsabuf 0x32fcb4, nbufs 1, flags 0, to 0x6c02764, tolen 16, ovl (nil), func (nil)
0009:trace:winsock:WS2_sendto fd=39, options=20
0009:trace:winsock:WS2_sendto  -> 3 bytes
0009:trace:winsock:WS2_sendto socket 0130, wsabuf 0x32fcb4, nbufs 1, flags 0, to 0x6c02764, tolen 16, ovl (nil), func (nil)
0009:trace:winsock:WS2_sendto fd=39, options=20
0009:trace:winsock:WS2_sendto  -> 3 bytes
0009:trace:winsock:WS2_sendto socket 0130, wsabuf 0x32fcb4, nbufs 1, flags 0, to 0x6c02764, tolen 16, ovl (nil), func (nil)
0009:trace:winsock:WS2_sendto fd=39, options=20
0009:trace:winsock:WS2_sendto  -> 3 bytes
0009:trace:winsock:WS2_sendto socket 0130, wsabuf 0x32fcb4, nbufs 1, flags 0, to 0x6c02764, tolen 16, ovl (nil), func (nil)
0009:trace:winsock:WS2_sendto fd=39, options=20
0009:trace:winsock:WS2_sendto  -> 3 bytes
0009:trace:winsock:WSAAsyncSelect 0130, hWnd 0x100a4, uMsg 00000000, event 00000000
0009:trace:winsock:WS_closesocket (socket 0130) -> 0
0009:trace:winsock:WSACleanup pending cleanups: 1
002c:trace:winsock:DllMain 0x7f300000 0x3 (nil)
0009:trace:winsock:WSACleanup pending cleanups: 0
0009:trace:winsock:WS_closesocket (socket 0104) -> -1
0009:trace:winsock:WSAAsyncSelect 0118, hWnd 0x1009e, uMsg 00000000, event 00000000
0009:trace:winsock:WS_closesocket (socket 0118) -> -1
0009:trace:winsock:DllMain 0x7f300000 0x0 0x1
[?1l>