[?1h=0009:trace:winsock:DllMain 0x7f300000 0x1 0x32fd24
0009:fixme:ntdll:NtQuerySystemInformation info_class SYSTEM_PERFORMANCE_INFORMATION
002a:trace:winsock:DllMain 0x7f300000 0x2 (nil)
0009:fixme:msctf:LangBarMgr_GetShowFloatingStatus STUB:(00CF8520)
0009:fixme:msctf:LangBarMgr_ShowFloating STUB:(00CF8520)
0009:fixme:imm:ImmDisableTextFrameService Stub
0009:fixme:imm:ImmReleaseContext (00010048, 00D049A0): stub
0009:fixme:imm:NotifyIME NI_CLOSECANDIDATE
0009:fixme:imm:ImmGetOpenStatus (00D049A0): semi-stub
0009:fixme:msg:pack_message msg 14 (WM_ERASEBKGND) not supported yet
002b:trace:winsock:DllMain 0x7f300000 0x2 (nil)
0009:fixme:msctf:LangBarMgr_GetShowFloatingStatus STUB:(00CF8AF0)
0009:fixme:msctf:LangBarMgr_ShowFloating STUB:(00CF8AF0)
0009:trace:winsock:WSAStartup verReq=2
0009:trace:winsock:WSAStartup succeeded starts: 1
002b:fixme:d3d:state_linepattern_w Setting line patterns is not supported in OpenGL core contexts.
0009:trace:winsock:WS_gethostbyname "eso.com" ret 0x1a6c698
0009:trace:winsock:WSASocketA af=2 type=2 protocol=17 protocol_info=(nil) group=0 flags=0x0
0009:trace:winsock:WSASocketW af=2 type=2 protocol=17 protocol_info=(nil) group=0 flags=0x0
0009:trace:winsock:WSASocketW 	created 0118
0009:trace:winsock:WSAIoctl 0118, SIO_ROUTING_INTERFACE_QUERY, 0x32fb4c, 16, 0x64e9000, 1024, 0x32fb44, (nil), (nil)
0009:trace:winsock:WSAIoctl -> WS_SIO_ROUTING_INTERFACE_QUERY request
0009:trace:winsock:WS_closesocket (socket 0118) -> 0
0009:trace:winsock:WSASocketA af=2 type=2 protocol=17 protocol_info=(nil) group=0 flags=0x0
0009:trace:winsock:WSASocketW af=2 type=2 protocol=17 protocol_info=(nil) group=0 flags=0x0
0009:trace:winsock:WSASocketW 	created 0118
0009:trace:winsock:WS_setsockopt (socket 0118, level SOL_SOCKET, name SO_BROADCAST, optval 0x32fb38 (1), optlen 4)
0009:trace:winsock:WS_setsockopt (socket 0118, level SOL_SOCKET, name SO_REUSEADDR, optval 0x32fb38 (1), optlen 4)
0009:trace:winsock:WS_inet_ntop family 2, addr (0x6386ecc), buffer (0x32f9ae), len 16
0009:trace:winsock:WS_bind socket 0118, ptr 0x6386ec8 { family AF_INET, address 0.0.0.0, port 2296 }, length 16
0009:trace:winsock:WS_getsockname socket 0118, ptr 0x6386ec8, len 00000010
0009:err:winsock:interface_bind_check No cache entry for ifindex 0.
0009:trace:winsock:WS_inet_ntop family 2, addr (0x6386ecc), buffer (0x32f9fe), len 16
0009:trace:winsock:WS_getsockname => { family AF_INET, address 0.0.0.0, port 2296 }
0009:trace:winsock:WSAAsyncSelect 0118, hWnd 0x1009e, uMsg 00000400, event 00000003
0009:trace:winsock:WS_gethostbyname "eso.com" ret 0x1a6c698
0009:warn:winsock:wsaHerrno h_errno 1.
0009:trace:winsock:WS_gethostbyname "configx.aom.eso.com" ret (nil)
0009:trace:winsock:WSASocketA af=2 type=2 protocol=17 protocol_info=(nil) group=0 flags=0x0
0009:trace:winsock:WSASocketW af=2 type=2 protocol=17 protocol_info=(nil) group=0 flags=0x0
0009:trace:winsock:WSASocketW 	created 0130
0009:trace:winsock:WSAIoctl 0130, SIO_ROUTING_INTERFACE_QUERY, 0x32f74c, 16, 0x64e9000, 1024, 0x32f744, (nil), (nil)
0009:trace:winsock:WSAIoctl -> WS_SIO_ROUTING_INTERFACE_QUERY request
0009:trace:winsock:WS_closesocket (socket 0130) -> 0
0009:trace:winsock:WSASocketA af=2 type=2 protocol=17 protocol_info=(nil) group=0 flags=0x0
0009:trace:winsock:WSASocketW af=2 type=2 protocol=17 protocol_info=(nil) group=0 flags=0x0
0009:trace:winsock:WSASocketW 	created 0130
0009:trace:winsock:WS_setsockopt (socket 0130, level SOL_SOCKET, name SO_BROADCAST, optval 0x32f764 (1), optlen 4)
0009:trace:winsock:WS_setsockopt (socket 0130, level SOL_SOCKET, name SO_REUSEADDR, optval 0x32f764 (1), optlen 4)
0009:trace:winsock:WS_inet_ntop family 2, addr (0x2b8b74c), buffer (0x32f5de), len 16
0009:trace:winsock:WS_bind socket 0130, ptr 0x2b8b748 { family AF_INET, address 0.0.0.0, port 0 }, length 16
0009:trace:winsock:WS_getsockname socket 0130, ptr 0x2b8b748, len 00000010
0009:err:winsock:interface_bind_check No cache entry for ifindex 0.
0009:trace:winsock:WS_inet_ntop family 2, addr (0x2b8b74c), buffer (0x32f62e), len 16
0009:trace:winsock:WS_getsockname => { family AF_INET, address 0.0.0.0, port 59032 }
0009:trace:winsock:WSAAsyncSelect 0130, hWnd 0x100a0, uMsg 00000400, event 00000003
0009:trace:winsock:WS2_sendto socket 0130, wsabuf 0x32f414, nbufs 1, flags 0, to 0x34b92ec, tolen 16, ovl (nil), func (nil)
0009:trace:winsock:WS2_sendto fd=39, options=20
0009:trace:winsock:WS2_sendto  -> 9 bytes
0009:trace:winsock:WS2_recv_base socket 0130, wsabuf 0x32f6e4, nbufs 1, flags 0, from 0x32f734, fromlen 16, ovl (nil), func (nil)
0009:trace:winsock:WS2_recv_base fd=39, options=20
0009:trace:winsock:WS2_recv_base  -> 67 bytes
0009:trace:winsock:WS2_sendto socket 0130, wsabuf 0x32f414, nbufs 1, flags 0, to 0x34b93cc, tolen 16, ovl (nil), func (nil)
0009:trace:winsock:WS2_sendto fd=39, options=20
0009:trace:winsock:WS2_sendto  -> 9 bytes
0009:trace:winsock:WS2_recv_base socket 0130, wsabuf 0x32f6e4, nbufs 1, flags 0, from 0x32f734, fromlen 16, ovl (nil), func (nil)
0009:trace:winsock:WS2_recv_base fd=39, options=20
0009:trace:winsock:WS2_recv_base  -> 67 bytes
0009:trace:winsock:WS2_sendto socket 0130, wsabuf 0x32f414, nbufs 1, flags 0, to 0x34b93cc, tolen 16, ovl (nil), func (nil)
0009:trace:winsock:WS2_sendto fd=39, options=20
0009:trace:winsock:WS2_sendto  -> 9 bytes
0009:trace:winsock:WS2_recv_base socket 0130, wsabuf 0x32f6e4, nbufs 1, flags 0, from 0x32f734, fromlen 16, ovl (nil), func (nil)
0009:trace:winsock:WS2_recv_base fd=39, options=20
0009:trace:winsock:WS2_recv_base  -> 67 bytes
0009:trace:winsock:WS2_sendto socket 0130, wsabuf 0x32f414, nbufs 1, flags 0, to 0x34b943c, tolen 16, ovl (nil), func (nil)
0009:trace:winsock:WS2_sendto fd=39, options=20
0009:trace:winsock:WS2_sendto  -> 9 bytes
0009:trace:winsock:WS2_recv_base socket 0130, wsabuf 0x32f6e4, nbufs 1, flags 0, from 0x32f734, fromlen 16, ovl (nil), func (nil)
0009:trace:winsock:WS2_recv_base fd=39, options=20
0009:trace:winsock:WS2_recv_base  -> 67 bytes
0009:trace:winsock:WS2_sendto socket 0130, wsabuf 0x32f414, nbufs 1, flags 0, to 0x34b943c, tolen 16, ovl (nil), func (nil)
0009:trace:winsock:WS2_sendto fd=39, options=20
0009:trace:winsock:WS2_sendto  -> 9 bytes
0009:trace:winsock:WS2_recv_base socket 0130, wsabuf 0x32f6e4, nbufs 1, flags 0, from 0x32f734, fromlen 16, ovl (nil), func (nil)
0009:trace:winsock:WS2_recv_base fd=39, options=20
0009:trace:winsock:WS2_recv_base  -> 67 bytes
0009:trace:winsock:WS2_sendto socket 0130, wsabuf 0x32f414, nbufs 1, flags 0, to 0x34b943c, tolen 16, ovl (nil), func (nil)
0009:trace:winsock:WS2_sendto fd=39, options=20
0009:trace:winsock:WS2_sendto  -> 9 bytes
0009:trace:winsock:WS2_recv_base socket 0130, wsabuf 0x32f6e4, nbufs 1, flags 0, from 0x32f734, fromlen 16, ovl (nil), func (nil)
0009:trace:winsock:WS2_recv_base fd=39, options=20
0009:trace:winsock:WS2_recv_base  -> 67 bytes
0009:trace:winsock:WS2_sendto socket 0130, wsabuf 0x32f414, nbufs 1, flags 0, to 0x34b943c, tolen 16, ovl (nil), func (nil)
0009:trace:winsock:WS2_sendto fd=39, options=20
0009:trace:winsock:WS2_sendto  -> 9 bytes
0009:trace:winsock:WS2_recv_base socket 0130, wsabuf 0x32f6e4, nbufs 1, flags 0, from 0x32f734, fromlen 16, ovl (nil), func (nil)
0009:trace:winsock:WS2_recv_base fd=39, options=20
0009:trace:winsock:WS2_recv_base  -> 67 bytes
0009:trace:winsock:WS2_sendto socket 0130, wsabuf 0x32f414, nbufs 1, flags 0, to 0x34b943c, tolen 16, ovl (nil), func (nil)
0009:trace:winsock:WS2_sendto fd=39, options=20
0009:trace:winsock:WS2_sendto  -> 9 bytes
0009:trace:winsock:WS2_recv_base socket 0130, wsabuf 0x32f6e4, nbufs 1, flags 0, from 0x32f734, fromlen 16, ovl (nil), func (nil)
0009:trace:winsock:WS2_recv_base fd=39, options=20
0009:trace:winsock:WS2_recv_base  -> 67 bytes
0009:trace:winsock:WS2_sendto socket 0130, wsabuf 0x32f414, nbufs 1, flags 0, to 0x34b943c, tolen 16, ovl (nil), func (nil)
0009:trace:winsock:WS2_sendto fd=39, options=20
0009:trace:winsock:WS2_sendto  -> 9 bytes
0009:trace:winsock:WS2_recv_base socket 0130, wsabuf 0x32f6e4, nbufs 1, flags 0, from 0x32f734, fromlen 16, ovl (nil), func (nil)
0009:trace:winsock:WS2_recv_base fd=39, options=20
0009:trace:winsock:WS2_recv_base  -> 67 bytes
0009:trace:winsock:WS2_sendto socket 0130, wsabuf 0x32f414, nbufs 1, flags 0, to 0x34b943c, tolen 16, ovl (nil), func (nil)
0009:trace:winsock:WS2_sendto fd=39, options=20
0009:trace:winsock:WS2_sendto  -> 9 bytes
0009:trace:winsock:WS2_recv_base socket 0130, wsabuf 0x32f6e4, nbufs 1, flags 0, from 0x32f734, fromlen 16, ovl (nil), func (nil)
0009:trace:winsock:WS2_recv_base fd=39, options=20
0009:trace:winsock:WS2_recv_base  -> 67 bytes
0009:trace:winsock:WS2_sendto socket 0130, wsabuf 0x32f414, nbufs 1, flags 0, to 0x34b943c, tolen 16, ovl (nil), func (nil)
0009:trace:winsock:WS2_sendto fd=39, options=20
0009:trace:winsock:WS2_sendto  -> 9 bytes
0009:trace:winsock:WS2_recv_base socket 0130, wsabuf 0x32f6e4, nbufs 1, flags 0, from 0x32f734, fromlen 16, ovl (nil), func (nil)
0009:trace:winsock:WS2_recv_base fd=39, options=20
0009:trace:winsock:WS2_recv_base  -> 67 bytes
0009:trace:winsock:WS2_sendto socket 0130, wsabuf 0x32f414, nbufs 1, flags 0, to 0x34b943c, tolen 16, ovl (nil), func (nil)
0009:trace:winsock:WS2_sendto fd=39, options=20
0009:trace:winsock:WS2_sendto  -> 9 bytes
0009:trace:winsock:WS2_recv_base socket 0130, wsabuf 0x32f6e4, nbufs 1, flags 0, from 0x32f734, fromlen 16, ovl (nil), func (nil)
0009:trace:winsock:WS2_recv_base fd=39, options=20
0009:trace:winsock:WS2_recv_base  -> 67 bytes
0009:trace:winsock:WS2_sendto socket 0130, wsabuf 0x32f414, nbufs 1, flags 0, to 0x34b943c, tolen 16, ovl (nil), func (nil)
0009:trace:winsock:WS2_sendto fd=39, options=20
0009:trace:winsock:WS2_sendto  -> 9 bytes
0009:trace:winsock:WS2_recv_base socket 0130, wsabuf 0x32f6e4, nbufs 1, flags 0, from 0x32f734, fromlen 16, ovl (nil), func (nil)
0009:trace:winsock:WS2_recv_base fd=39, options=20
0009:trace:winsock:WS2_recv_base  -> 67 bytes
0009:trace:winsock:WS2_sendto socket 0130, wsabuf 0x32f414, nbufs 1, flags 0, to 0x34b943c, tolen 16, ovl (nil), func (nil)
0009:trace:winsock:WS2_sendto fd=39, options=20
0009:trace:winsock:WS2_sendto  -> 9 bytes
0009:trace:winsock:WS2_recv_base socket 0130, wsabuf 0x32f6e4, nbufs 1, flags 0, from 0x32f734, fromlen 16, ovl (nil), func (nil)
0009:trace:winsock:WS2_recv_base fd=39, options=20
0009:trace:winsock:WS2_recv_base  -> 67 bytes
0009:trace:winsock:WS2_sendto socket 0130, wsabuf 0x32f414, nbufs 1, flags 0, to 0x34b943c, tolen 16, ovl (nil), func (nil)
0009:trace:winsock:WS2_sendto fd=39, options=20
0009:trace:winsock:WS2_sendto  -> 9 bytes
0009:trace:winsock:WS2_recv_base socket 0130, wsabuf 0x32f6e4, nbufs 1, flags 0, from 0x32f734, fromlen 16, ovl (nil), func (nil)
0009:trace:winsock:WS2_recv_base fd=39, options=20
0009:trace:winsock:WS2_recv_base  -> 67 bytes
0009:trace:winsock:WS2_sendto socket 0130, wsabuf 0x32f414, nbufs 1, flags 0, to 0x34b93cc, tolen 16, ovl (nil), func (nil)
0009:trace:winsock:WS2_sendto fd=39, options=20
0009:trace:winsock:WS2_sendto  -> 9 bytes
0009:trace:winsock:WS2_recv_base socket 0130, wsabuf 0x32f6e4, nbufs 1, flags 0, from 0x32f734, fromlen 16, ovl (nil), func (nil)
0009:trace:winsock:WS2_recv_base fd=39, options=20
0009:trace:winsock:WS2_recv_base  -> 67 bytes
0009:trace:winsock:WS2_sendto socket 0130, wsabuf 0x32f414, nbufs 1, flags 0, to 0x34b93cc, tolen 16, ovl (nil), func (nil)
0009:trace:winsock:WS2_sendto fd=39, options=20
0009:trace:winsock:WS2_sendto  -> 9 bytes
0009:trace:winsock:WS2_recv_base socket 0130, wsabuf 0x32f6e4, nbufs 1, flags 0, from 0x32f734, fromlen 16, ovl (nil), func (nil)
0009:trace:winsock:WS2_recv_base fd=39, options=20
0009:trace:winsock:WS2_recv_base  -> 67 bytes
0009:trace:winsock:WSAAsyncSelect 0130, hWnd 0x100a0, uMsg 00000000, event 00000000
0009:trace:winsock:WS_closesocket (socket 0130) -> 0
0009:trace:winsock:WSAStartup verReq=2
0009:trace:winsock:WSAStartup succeeded starts: 2
0009:trace:winsock:WSASocketA af=2 type=2 protocol=17 protocol_info=(nil) group=0 flags=0x0
0009:trace:winsock:WSASocketW af=2 type=2 protocol=17 protocol_info=(nil) group=0 flags=0x0
0009:trace:winsock:WSASocketW 	created 0130
0009:trace:winsock:WS_setsockopt (socket 0130, level SOL_SOCKET, name SO_BROADCAST, optval 0x32fa5c (1), optlen 4)
0009:trace:winsock:WS_setsockopt (socket 0130, level SOL_SOCKET, name SO_REUSEADDR, optval 0x32fa5c (1), optlen 4)
0009:trace:winsock:WS_inet_ntop family 2, addr (0x6c7ce7c), buffer (0x32f8de), len 16
0009:trace:winsock:WS_bind socket 0130, ptr 0x6c7ce78 { family AF_INET, address 0.0.0.0, port 2299 }, length 16
0009:trace:winsock:WS_getsockname socket 0130, ptr 0x6c7ce78, len 00000010
0009:err:winsock:interface_bind_check No cache entry for ifindex 0.
0009:trace:winsock:WS_inet_ntop family 2, addr (0x6c7ce7c), buffer (0x32f92e), len 16
0009:trace:winsock:WS_getsockname => { family AF_INET, address 0.0.0.0, port 2299 }
0009:trace:winsock:WSAAsyncSelect 0130, hWnd 0x200a0, uMsg 00000400, event 00000003
0009:trace:winsock:WS2_recv_base socket 0130, wsabuf 0x32f6e4, nbufs 1, flags 0, from 0x32f734, fromlen 16, ovl (nil), func (nil)
0009:trace:winsock:WS2_recv_base fd=39, options=20
0009:trace:winsock:WS2_recv_base  -> 9 bytes
0009:trace:winsock:WS2_sendto socket 0130, wsabuf 0x32e974, nbufs 1, flags 0, to 0x1337f64, tolen 16, ovl (nil), func (nil)
0009:trace:winsock:WS2_sendto fd=39, options=20
0009:trace:winsock:WS2_sendto  -> 65 bytes
0009:trace:winsock:WS2_recv_base socket 0130, wsabuf 0x32f6e4, nbufs 1, flags 0, from 0x32f734, fromlen 16, ovl (nil), func (nil)
0009:trace:winsock:WS2_recv_base fd=39, options=20
0009:trace:winsock:WS2_recv_base  -> 9 bytes
0009:trace:winsock:WS2_sendto socket 0130, wsabuf 0x32e974, nbufs 1, flags 0, to 0x1337f64, tolen 16, ovl (nil), func (nil)
0009:trace:winsock:WS2_sendto fd=39, options=20
0009:trace:winsock:WS2_sendto  -> 65 bytes
0009:trace:winsock:WS2_recv_base socket 0130, wsabuf 0x32f6e4, nbufs 1, flags 0, from 0x32f734, fromlen 16, ovl (nil), func (nil)
0009:trace:winsock:WS2_recv_base fd=39, options=20
0009:trace:winsock:WS2_recv_base  -> 9 bytes
0009:trace:winsock:WS2_sendto socket 0130, wsabuf 0x32e974, nbufs 1, flags 0, to 0x1337f64, tolen 16, ovl (nil), func (nil)
0009:trace:winsock:WS2_sendto fd=39, options=20
0009:trace:winsock:WS2_sendto  -> 65 bytes
0009:trace:winsock:WS2_recv_base socket 0130, wsabuf 0x32f6e4, nbufs 1, flags 0, from 0x32f734, fromlen 16, ovl (nil), func (nil)
0009:trace:winsock:WS2_recv_base fd=39, options=20
0009:trace:winsock:WS2_recv_base  -> 9 bytes
0009:trace:winsock:WS2_sendto socket 0130, wsabuf 0x32e974, nbufs 1, flags 0, to 0x1337f64, tolen 16, ovl (nil), func (nil)
0009:trace:winsock:WS2_sendto fd=39, options=20
0009:trace:winsock:WS2_sendto  -> 65 bytes
0009:trace:winsock:WS2_recv_base socket 0130, wsabuf 0x32f6e4, nbufs 1, flags 0, from 0x32f734, fromlen 16, ovl (nil), func (nil)
0009:trace:winsock:WS2_recv_base fd=39, options=20
0009:trace:winsock:WS2_recv_base  -> 9 bytes
0009:trace:winsock:WS2_sendto socket 0130, wsabuf 0x32e974, nbufs 1, flags 0, to 0x1338f64, tolen 16, ovl (nil), func (nil)
0009:trace:winsock:WS2_sendto fd=39, options=20
0009:trace:winsock:WS2_sendto  -> 65 bytes
0009:trace:winsock:WS2_recv_base socket 0130, wsabuf 0x32f6e4, nbufs 1, flags 0, from 0x32f734, fromlen 16, ovl (nil), func (nil)
0009:trace:winsock:WS2_recv_base fd=39, options=20
0009:trace:winsock:WS2_recv_base  -> 9 bytes
0009:trace:winsock:WS2_sendto socket 0130, wsabuf 0x32e974, nbufs 1, flags 0, to 0x1338f64, tolen 16, ovl (nil), func (nil)
0009:trace:winsock:WS2_sendto fd=39, options=20
0009:trace:winsock:WS2_sendto  -> 65 bytes
0009:trace:winsock:WS2_recv_base socket 0130, wsabuf 0x32f6e4, nbufs 1, flags 0, from 0x32f734, fromlen 16, ovl (nil), func (nil)
0009:trace:winsock:WS2_recv_base fd=39, options=20
0009:trace:winsock:WS2_recv_base  -> 9 bytes
0009:trace:winsock:WS2_sendto socket 0130, wsabuf 0x32e974, nbufs 1, flags 0, to 0x1338f64, tolen 16, ovl (nil), func (nil)
0009:trace:winsock:WS2_sendto fd=39, options=20
0009:trace:winsock:WS2_sendto  -> 65 bytes
0009:trace:winsock:WS2_recv_base socket 0130, wsabuf 0x32f6e4, nbufs 1, flags 0, from 0x32f734, fromlen 16, ovl (nil), func (nil)
0009:trace:winsock:WS2_recv_base fd=39, options=20
0009:trace:winsock:WS2_recv_base  -> 9 bytes
0009:trace:winsock:WS2_sendto socket 0130, wsabuf 0x32e974, nbufs 1, flags 0, to 0x1338f64, tolen 16, ovl (nil), func (nil)
0009:trace:winsock:WS2_sendto fd=39, options=20
0009:trace:winsock:WS2_sendto  -> 65 bytes
0009:trace:winsock:WS2_recv_base socket 0130, wsabuf 0x32f6e4, nbufs 1, flags 0, from 0x32f734, fromlen 16, ovl (nil), func (nil)
0009:trace:winsock:WS2_recv_base fd=39, options=20
0009:trace:winsock:WS2_recv_base  -> 9 bytes
0009:trace:winsock:WS2_sendto socket 0130, wsabuf 0x32e974, nbufs 1, flags 0, to 0x1338f64, tolen 16, ovl (nil), func (nil)
0009:trace:winsock:WS2_sendto fd=39, options=20
0009:trace:winsock:WS2_sendto  -> 65 bytes
0009:trace:winsock:WS2_recv_base socket 0130, wsabuf 0x32f6e4, nbufs 1, flags 0, from 0x32f734, fromlen 16, ovl (nil), func (nil)
0009:trace:winsock:WS2_recv_base fd=39, options=20
0009:trace:winsock:WS2_recv_base  -> 9 bytes
0009:trace:winsock:WS2_sendto socket 0130, wsabuf 0x32e974, nbufs 1, flags 0, to 0x1338f64, tolen 16, ovl (nil), func (nil)
0009:trace:winsock:WS2_sendto fd=39, options=20
0009:trace:winsock:WS2_sendto  -> 65 bytes
0009:trace:winsock:WS2_recv_base socket 0130, wsabuf 0x32f6e4, nbufs 1, flags 0, from 0x32f734, fromlen 16, ovl (nil), func (nil)
0009:trace:winsock:WS2_recv_base fd=39, options=20
0009:trace:winsock:WS2_recv_base  -> 9 bytes
0009:trace:winsock:WS2_sendto socket 0130, wsabuf 0x32e974, nbufs 1, flags 0, to 0x1338f64, tolen 16, ovl (nil), func (nil)
0009:trace:winsock:WS2_sendto fd=39, options=20
0009:trace:winsock:WS2_sendto  -> 65 bytes
0009:trace:winsock:WS2_recv_base socket 0130, wsabuf 0x32f6e4, nbufs 1, flags 0, from 0x32f734, fromlen 16, ovl (nil), func (nil)
0009:trace:winsock:WS2_recv_base fd=39, options=20
0009:trace:winsock:WS2_recv_base  -> 9 bytes
0009:trace:winsock:WS2_sendto socket 0130, wsabuf 0x32e974, nbufs 1, flags 0, to 0x1338f64, tolen 16, ovl (nil), func (nil)
0009:trace:winsock:WS2_sendto fd=39, options=20
0009:trace:winsock:WS2_sendto  -> 65 bytes
0009:trace:winsock:WS2_recv_base socket 0130, wsabuf 0x32f6e4, nbufs 1, flags 0, from 0x32f734, fromlen 16, ovl (nil), func (nil)
0009:trace:winsock:WS2_recv_base fd=39, options=20
0009:trace:winsock:WS2_recv_base  -> 9 bytes
0009:trace:winsock:WS2_sendto socket 0130, wsabuf 0x32e974, nbufs 1, flags 0, to 0x1338f64, tolen 16, ovl (nil), func (nil)
0009:trace:winsock:WS2_sendto fd=39, options=20
0009:trace:winsock:WS2_sendto  -> 65 bytes
0009:trace:winsock:WS2_recv_base socket 0130, wsabuf 0x32f6e4, nbufs 1, flags 0, from 0x32f734, fromlen 16, ovl (nil), func (nil)
0009:trace:winsock:WS2_recv_base fd=39, options=20
0009:trace:winsock:WS2_recv_base  -> 9 bytes
0009:trace:winsock:WS2_sendto socket 0130, wsabuf 0x32e974, nbufs 1, flags 0, to 0x1338f64, tolen 16, ovl (nil), func (nil)
0009:trace:winsock:WS2_sendto fd=39, options=20
0009:trace:winsock:WS2_sendto  -> 65 bytes
0009:trace:winsock:WS2_recv_base socket 0130, wsabuf 0x32f6e4, nbufs 1, flags 0, from 0x32f734, fromlen 16, ovl (nil), func (nil)
0009:trace:winsock:WS2_recv_base fd=39, options=20
0009:trace:winsock:WS2_recv_base  -> 9 bytes
0009:trace:winsock:WS2_sendto socket 0130, wsabuf 0x32e974, nbufs 1, flags 0, to 0x1338f64, tolen 16, ovl (nil), func (nil)
0009:trace:winsock:WS2_sendto fd=39, options=20
0009:trace:winsock:WS2_sendto  -> 65 bytes
0009:trace:winsock:WS2_recv_base socket 0130, wsabuf 0x32f6e4, nbufs 1, flags 0, from 0x32f734, fromlen 16, ovl (nil), func (nil)
0009:trace:winsock:WS2_recv_base fd=39, options=20
0009:trace:winsock:WS2_recv_base  -> 9 bytes
0009:trace:winsock:WS2_sendto socket 0130, wsabuf 0x32e974, nbufs 1, flags 0, to 0x1338f64, tolen 16, ovl (nil), func (nil)
0009:trace:winsock:WS2_sendto fd=39, options=20
0009:trace:winsock:WS2_sendto  -> 65 bytes
0009:trace:winsock:WS2_recv_base socket 0130, wsabuf 0x32f6e4, nbufs 1, flags 0, from 0x32f734, fromlen 16, ovl (nil), func (nil)
0009:trace:winsock:WS2_recv_base fd=39, options=20
0009:trace:winsock:WS2_recv_base  -> 9 bytes
0009:trace:winsock:WS2_sendto socket 0130, wsabuf 0x32e974, nbufs 1, flags 0, to 0x1338f64, tolen 16, ovl (nil), func (nil)
0009:trace:winsock:WS2_sendto fd=39, options=20
0009:trace:winsock:WS2_sendto  -> 65 bytes
0009:trace:winsock:WS2_recv_base socket 0130, wsabuf 0x32f6e4, nbufs 1, flags 0, from 0x32f734, fromlen 16, ovl (nil), func (nil)
0009:trace:winsock:WS2_recv_base fd=39, options=20
0009:trace:winsock:WS2_recv_base  -> 9 bytes
0009:trace:winsock:WS2_sendto socket 0130, wsabuf 0x32e974, nbufs 1, flags 0, to 0x1338f64, tolen 16, ovl (nil), func (nil)
0009:trace:winsock:WS2_sendto fd=39, options=20
0009:trace:winsock:WS2_sendto  -> 65 bytes
0009:trace:winsock:WS2_recv_base socket 0130, wsabuf 0x32f6e4, nbufs 1, flags 0, from 0x32f734, fromlen 16, ovl (nil), func (nil)
0009:trace:winsock:WS2_recv_base fd=39, options=20
0009:trace:winsock:WS2_recv_base  -> 9 bytes
0009:trace:winsock:WS2_sendto socket 0130, wsabuf 0x32e974, nbufs 1, flags 0, to 0x1337f64, tolen 16, ovl (nil), func (nil)
0009:trace:winsock:WS2_sendto fd=39, options=20
0009:trace:winsock:WS2_sendto  -> 65 bytes
0009:trace:winsock:WS2_recv_base socket 0130, wsabuf 0x32f6e4, nbufs 1, flags 0, from 0x32f734, fromlen 16, ovl (nil), func (nil)
0009:trace:winsock:WS2_recv_base fd=39, options=20
0009:trace:winsock:WS2_recv_base  -> 9 bytes
0009:trace:winsock:WS2_sendto socket 0130, wsabuf 0x32e974, nbufs 1, flags 0, to 0x1337f64, tolen 16, ovl (nil), func (nil)
0009:trace:winsock:WS2_sendto fd=39, options=20
0009:trace:winsock:WS2_sendto  -> 65 bytes
0009:trace:winsock:WS2_recv_base socket 0130, wsabuf 0x32f6e4, nbufs 1, flags 0, from 0x32f734, fromlen 16, ovl (nil), func (nil)
0009:trace:winsock:WS2_recv_base fd=39, options=20
0009:trace:winsock:WS2_recv_base  -> 9 bytes
0009:trace:winsock:WS2_sendto socket 0130, wsabuf 0x32e974, nbufs 1, flags 0, to 0x1337f64, tolen 16, ovl (nil), func (nil)
0009:trace:winsock:WS2_sendto fd=39, options=20
0009:trace:winsock:WS2_sendto  -> 65 bytes
0009:trace:winsock:WS2_recv_base socket 0130, wsabuf 0x32f6e4, nbufs 1, flags 0, from 0x32f734, fromlen 16, ovl (nil), func (nil)
0009:trace:winsock:WS2_recv_base fd=39, options=20
0009:trace:winsock:WS2_recv_base  -> 9 bytes
0009:trace:winsock:WS2_sendto socket 0130, wsabuf 0x32e974, nbufs 1, flags 0, to 0x1337f64, tolen 16, ovl (nil), func (nil)
0009:trace:winsock:WS2_sendto fd=39, options=20
0009:trace:winsock:WS2_sendto  -> 65 bytes
0009:trace:winsock:WS2_recv_base socket 0130, wsabuf 0x32f6e4, nbufs 1, flags 0, from 0x32f734, fromlen 16, ovl (nil), func (nil)
0009:trace:winsock:WS2_recv_base fd=39, options=20
0009:trace:winsock:WS2_recv_base  -> 9 bytes
0009:trace:winsock:WS2_sendto socket 0130, wsabuf 0x32e974, nbufs 1, flags 0, to 0x1337f64, tolen 16, ovl (nil), func (nil)
0009:trace:winsock:WS2_sendto fd=39, options=20
0009:trace:winsock:WS2_sendto  -> 65 bytes
0009:trace:winsock:WS2_recv_base socket 0130, wsabuf 0x32f6e4, nbufs 1, flags 0, from 0x32f734, fromlen 16, ovl (nil), func (nil)
0009:trace:winsock:WS2_recv_base fd=39, options=20
0009:trace:winsock:WS2_recv_base  -> 9 bytes
0009:trace:winsock:WS2_sendto socket 0130, wsabuf 0x32e974, nbufs 1, flags 0, to 0x1337f64, tolen 16, ovl (nil), func (nil)
0009:trace:winsock:WS2_sendto fd=39, options=20
0009:trace:winsock:WS2_sendto  -> 65 bytes
0009:trace:winsock:WS2_recv_base socket 0130, wsabuf 0x32f6e4, nbufs 1, flags 0, from 0x32f734, fromlen 16, ovl (nil), func (nil)
0009:trace:winsock:WS2_recv_base fd=39, options=20
0009:trace:winsock:WS2_recv_base  -> 9 bytes
0009:trace:winsock:WS2_sendto socket 0130, wsabuf 0x32e974, nbufs 1, flags 0, to 0x1337f64, tolen 16, ovl (nil), func (nil)
0009:trace:winsock:WS2_sendto fd=39, options=20
0009:trace:winsock:WS2_sendto  -> 65 bytes
0009:trace:winsock:WS2_recv_base socket 0130, wsabuf 0x32f6e4, nbufs 1, flags 0, from 0x32f734, fromlen 16, ovl (nil), func (nil)
0009:trace:winsock:WS2_recv_base fd=39, options=20
0009:trace:winsock:WS2_recv_base  -> 9 bytes
0009:trace:winsock:WS2_sendto socket 0130, wsabuf 0x32e974, nbufs 1, flags 0, to 0x1337f64, tolen 16, ovl (nil), func (nil)
0009:trace:winsock:WS2_sendto fd=39, options=20
0009:trace:winsock:WS2_sendto  -> 65 bytes
0009:trace:winsock:WS2_recv_base socket 0130, wsabuf 0x32f6e4, nbufs 1, flags 0, from 0x32f734, fromlen 16, ovl (nil), func (nil)
0009:trace:winsock:WS2_recv_base fd=39, options=20
0009:trace:winsock:WS2_recv_base  -> 9 bytes
0009:trace:winsock:WS2_sendto socket 0130, wsabuf 0x32e974, nbufs 1, flags 0, to 0x1337f64, tolen 16, ovl (nil), func (nil)
0009:trace:winsock:WS2_sendto fd=39, options=20
0009:trace:winsock:WS2_sendto  -> 65 bytes
0009:trace:winsock:WS2_recv_base socket 0130, wsabuf 0x32f6e4, nbufs 1, flags 0, from 0x32f734, fromlen 16, ovl (nil), func (nil)
0009:trace:winsock:WS2_recv_base fd=39, options=20
0009:trace:winsock:WS2_recv_base  -> 9 bytes
0009:trace:winsock:WS2_sendto socket 0130, wsabuf 0x32e974, nbufs 1, flags 0, to 0x1337f64, tolen 16, ovl (nil), func (nil)
0009:trace:winsock:WS2_sendto fd=39, options=20
0009:trace:winsock:WS2_sendto  -> 65 bytes
0009:trace:winsock:WS2_recv_base socket 0130, wsabuf 0x32f6e4, nbufs 1, flags 0, from 0x32f734, fromlen 16, ovl (nil), func (nil)
0009:trace:winsock:WS2_recv_base fd=39, options=20
0009:trace:winsock:WS2_recv_base  -> 9 bytes
0009:trace:winsock:WS2_sendto socket 0130, wsabuf 0x32e974, nbufs 1, flags 0, to 0x1337f64, tolen 16, ovl (nil), func (nil)
0009:trace:winsock:WS2_sendto fd=39, options=20
0009:trace:winsock:WS2_sendto  -> 65 bytes
0009:trace:winsock:WS2_recv_base socket 0130, wsabuf 0x32f6e4, nbufs 1, flags 0, from 0x32f734, fromlen 16, ovl (nil), func (nil)
0009:trace:winsock:WS2_recv_base fd=39, options=20
0009:trace:winsock:WS2_recv_base  -> 9 bytes
0009:trace:winsock:WS2_sendto socket 0130, wsabuf 0x32e974, nbufs 1, flags 0, to 0x1337f64, tolen 16, ovl (nil), func (nil)
0009:trace:winsock:WS2_sendto fd=39, options=20
0009:trace:winsock:WS2_sendto  -> 65 bytes
0009:trace:winsock:WS2_recv_base socket 0130, wsabuf 0x32f6e4, nbufs 1, flags 0, from 0x32f734, fromlen 16, ovl (nil), func (nil)
0009:trace:winsock:WS2_recv_base fd=39, options=20
0009:trace:winsock:WS2_recv_base  -> 9 bytes
0009:trace:winsock:WS2_sendto socket 0130, wsabuf 0x32e974, nbufs 1, flags 0, to 0x1337f64, tolen 16, ovl (nil), func (nil)
0009:trace:winsock:WS2_sendto fd=39, options=20
0009:trace:winsock:WS2_sendto  -> 65 bytes
0009:trace:winsock:WS2_recv_base socket 0130, wsabuf 0x32f6e4, nbufs 1, flags 0, from 0x32f734, fromlen 16, ovl (nil), func (nil)
0009:trace:winsock:WS2_recv_base fd=39, options=20
0009:trace:winsock:WS2_recv_base  -> 9 bytes
0009:trace:winsock:WS2_sendto socket 0130, wsabuf 0x32e974, nbufs 1, flags 0, to 0x1337f64, tolen 16, ovl (nil), func (nil)
0009:trace:winsock:WS2_sendto fd=39, options=20
0009:trace:winsock:WS2_sendto  -> 65 bytes
0009:trace:winsock:WS2_recv_base socket 0130, wsabuf 0x32f6e4, nbufs 1, flags 0, from 0x32f734, fromlen 16, ovl (nil), func (nil)
0009:trace:winsock:WS2_recv_base fd=39, options=20
0009:trace:winsock:WS2_recv_base  -> 9 bytes
0009:trace:winsock:WS2_sendto socket 0130, wsabuf 0x32e974, nbufs 1, flags 0, to 0x1337f64, tolen 16, ovl (nil), func (nil)
0009:trace:winsock:WS2_sendto fd=39, options=20
0009:trace:winsock:WS2_sendto  -> 65 bytes
0009:trace:winsock:WS2_recv_base socket 0130, wsabuf 0x32f6e4, nbufs 1, flags 0, from 0x32f734, fromlen 16, ovl (nil), func (nil)
0009:trace:winsock:WS2_recv_base fd=39, options=20
0009:trace:winsock:WS2_recv_base  -> 9 bytes
0009:trace:winsock:WS2_sendto socket 0130, wsabuf 0x32e974, nbufs 1, flags 0, to 0x1337f64, tolen 16, ovl (nil), func (nil)
0009:trace:winsock:WS2_sendto fd=39, options=20
0009:trace:winsock:WS2_sendto  -> 65 bytes
0009:trace:winsock:WS2_recv_base socket 0130, wsabuf 0x32f6e4, nbufs 1, flags 0, from 0x32f734, fromlen 16, ovl (nil), func (nil)
0009:trace:winsock:WS2_recv_base fd=39, options=20
0009:trace:winsock:WS2_recv_base  -> 9 bytes
0009:trace:winsock:WS2_sendto socket 0130, wsabuf 0x32e974, nbufs 1, flags 0, to 0x1337f64, tolen 16, ovl (nil), func (nil)
0009:trace:winsock:WS2_sendto fd=39, options=20
0009:trace:winsock:WS2_sendto  -> 65 bytes
0009:trace:winsock:WS2_recv_base socket 0130, wsabuf 0x32f6e4, nbufs 1, flags 0, from 0x32f734, fromlen 16, ovl (nil), func (nil)
0009:trace:winsock:WS2_recv_base fd=39, options=20
0009:trace:winsock:WS2_recv_base  -> 9 bytes
0009:trace:winsock:WS2_sendto socket 0130, wsabuf 0x32e974, nbufs 1, flags 0, to 0x1337f64, tolen 16, ovl (nil), func (nil)
0009:trace:winsock:WS2_sendto fd=39, options=20
0009:trace:winsock:WS2_sendto  -> 65 bytes
0009:trace:winsock:WS2_recv_base socket 0130, wsabuf 0x32f6e4, nbufs 1, flags 0, from 0x32f734, fromlen 16, ovl (nil), func (nil)
0009:trace:winsock:WS2_recv_base fd=39, options=20
0009:trace:winsock:WS2_recv_base  -> 9 bytes
0009:trace:winsock:WS2_sendto socket 0130, wsabuf 0x32e974, nbufs 1, flags 0, to 0x1337f64, tolen 16, ovl (nil), func (nil)
0009:trace:winsock:WS2_sendto fd=39, options=20
0009:trace:winsock:WS2_sendto  -> 65 bytes
0009:trace:winsock:WS2_recv_base socket 0130, wsabuf 0x32f6e4, nbufs 1, flags 0, from 0x32f734, fromlen 16, ovl (nil), func (nil)
0009:trace:winsock:WS2_recv_base fd=39, options=20
0009:trace:winsock:WS2_recv_base  -> 9 bytes
0009:trace:winsock:WS2_sendto socket 0130, wsabuf 0x32e974, nbufs 1, flags 0, to 0x1337f64, tolen 16, ovl (nil), func (nil)
0009:trace:winsock:WS2_sendto fd=39, options=20
0009:trace:winsock:WS2_sendto  -> 65 bytes
0009:trace:winsock:WS2_recv_base socket 0130, wsabuf 0x32f6e4, nbufs 1, flags 0, from 0x32f734, fromlen 16, ovl (nil), func (nil)
0009:trace:winsock:WS2_recv_base fd=39, options=20
0009:trace:winsock:WS2_recv_base  -> 9 bytes
0009:trace:winsock:WS2_sendto socket 0130, wsabuf 0x32e974, nbufs 1, flags 0, to 0x1338f64, tolen 16, ovl (nil), func (nil)
0009:trace:winsock:WS2_sendto fd=39, options=20
0009:trace:winsock:WS2_sendto  -> 65 bytes
0009:trace:winsock:WS2_recv_base socket 0130, wsabuf 0x32f6e4, nbufs 1, flags 0, from 0x32f734, fromlen 16, ovl (nil), func (nil)
0009:trace:winsock:WS2_recv_base fd=39, options=20
0009:trace:winsock:WS2_recv_base  -> 9 bytes
0009:trace:winsock:WS2_sendto socket 0130, wsabuf 0x32e974, nbufs 1, flags 0, to 0x1338f64, tolen 16, ovl (nil), func (nil)
0009:trace:winsock:WS2_sendto fd=39, options=20
0009:trace:winsock:WS2_sendto  -> 65 bytes
0009:trace:winsock:WS2_recv_base socket 0130, wsabuf 0x32f6e4, nbufs 1, flags 0, from 0x32f734, fromlen 16, ovl (nil), func (nil)
0009:trace:winsock:WS2_recv_base fd=39, options=20
0009:trace:winsock:WS2_recv_base  -> 9 bytes
0009:trace:winsock:WS2_sendto socket 0130, wsabuf 0x32e974, nbufs 1, flags 0, to 0x1338f64, tolen 16, ovl (nil), func (nil)
0009:trace:winsock:WS2_sendto fd=39, options=20
0009:trace:winsock:WS2_sendto  -> 65 bytes
0009:trace:winsock:WS2_recv_base socket 0130, wsabuf 0x32f6e4, nbufs 1, flags 0, from 0x32f734, fromlen 16, ovl (nil), func (nil)
0009:trace:winsock:WS2_recv_base fd=39, options=20
0009:trace:winsock:WS2_recv_base  -> 9 bytes
0009:trace:winsock:WS2_sendto socket 0130, wsabuf 0x32e974, nbufs 1, flags 0, to 0x1338f64, tolen 16, ovl (nil), func (nil)
0009:trace:winsock:WS2_sendto fd=39, options=20
0009:trace:winsock:WS2_sendto  -> 65 bytes
0009:trace:winsock:WS2_recv_base socket 0130, wsabuf 0x32f6e4, nbufs 1, flags 0, from 0x32f734, fromlen 16, ovl (nil), func (nil)
0009:trace:winsock:WS2_recv_base fd=39, options=20
0009:trace:winsock:WS2_recv_base  -> 9 bytes
0009:trace:winsock:WS2_sendto socket 0130, wsabuf 0x32e974, nbufs 1, flags 0, to 0x1338f64, tolen 16, ovl (nil), func (nil)
0009:trace:winsock:WS2_sendto fd=39, options=20
0009:trace:winsock:WS2_sendto  -> 65 bytes
0009:trace:winsock:WS2_recv_base socket 0130, wsabuf 0x32f6e4, nbufs 1, flags 0, from 0x32f734, fromlen 16, ovl (nil), func (nil)
0009:trace:winsock:WS2_recv_base fd=39, options=20
0009:trace:winsock:WS2_recv_base  -> 9 bytes
0009:trace:winsock:WS2_sendto socket 0130, wsabuf 0x32e974, nbufs 1, flags 0, to 0x1338f64, tolen 16, ovl (nil), func (nil)
0009:trace:winsock:WS2_sendto fd=39, options=20
0009:trace:winsock:WS2_sendto  -> 65 bytes
0009:trace:winsock:WS2_recv_base socket 0130, wsabuf 0x32f6e4, nbufs 1, flags 0, from 0x32f734, fromlen 16, ovl (nil), func (nil)
0009:trace:winsock:WS2_recv_base fd=39, options=20
0009:trace:winsock:WS2_recv_base  -> 9 bytes
0009:trace:winsock:WS2_sendto socket 0130, wsabuf 0x32e974, nbufs 1, flags 0, to 0x1338f64, tolen 16, ovl (nil), func (nil)
0009:trace:winsock:WS2_sendto fd=39, options=20
0009:trace:winsock:WS2_sendto  -> 65 bytes
0009:trace:winsock:WS2_recv_base socket 0130, wsabuf 0x32f6e4, nbufs 1, flags 0, from 0x32f734, fromlen 16, ovl (nil), func (nil)
0009:trace:winsock:WS2_recv_base fd=39, options=20
0009:trace:winsock:WS2_recv_base  -> 9 bytes
0009:trace:winsock:WS2_sendto socket 0130, wsabuf 0x32e974, nbufs 1, flags 0, to 0x1338f64, tolen 16, ovl (nil), func (nil)
0009:trace:winsock:WS2_sendto fd=39, options=20
0009:trace:winsock:WS2_sendto  -> 65 bytes
0009:trace:winsock:WS2_recv_base socket 0130, wsabuf 0x32f6e4, nbufs 1, flags 0, from 0x32f734, fromlen 16, ovl (nil), func (nil)
0009:trace:winsock:WS2_recv_base fd=39, options=20
0009:trace:winsock:WS2_recv_base  -> 9 bytes
0009:trace:winsock:WS2_sendto socket 0130, wsabuf 0x32e974, nbufs 1, flags 0, to 0x1338f64, tolen 16, ovl (nil), func (nil)
0009:trace:winsock:WS2_sendto fd=39, options=20
0009:trace:winsock:WS2_sendto  -> 65 bytes
0009:trace:winsock:WS2_recv_base socket 0130, wsabuf 0x32f6e4, nbufs 1, flags 0, from 0x32f734, fromlen 16, ovl (nil), func (nil)
0009:trace:winsock:WS2_recv_base fd=39, options=20
0009:trace:winsock:WS2_recv_base  -> 9 bytes
0009:trace:winsock:WS2_sendto socket 0130, wsabuf 0x32e974, nbufs 1, flags 0, to 0x1338f64, tolen 16, ovl (nil), func (nil)
0009:trace:winsock:WS2_sendto fd=39, options=20
0009:trace:winsock:WS2_sendto  -> 65 bytes
0009:trace:winsock:WS2_recv_base socket 0130, wsabuf 0x32f6e4, nbufs 1, flags 0, from 0x32f734, fromlen 16, ovl (nil), func (nil)
0009:trace:winsock:WS2_recv_base fd=39, options=20
0009:trace:winsock:WS2_recv_base  -> 9 bytes
0009:trace:winsock:WS2_sendto socket 0130, wsabuf 0x32e974, nbufs 1, flags 0, to 0x1338f64, tolen 16, ovl (nil), func (nil)
0009:trace:winsock:WS2_sendto fd=39, options=20
0009:trace:winsock:WS2_sendto  -> 65 bytes
0009:trace:winsock:WS2_recv_base socket 0130, wsabuf 0x32f6e4, nbufs 1, flags 0, from 0x32f734, fromlen 16, ovl (nil), func (nil)
0009:trace:winsock:WS2_recv_base fd=39, options=20
0009:trace:winsock:WS2_recv_base  -> 9 bytes
0009:trace:winsock:WS2_sendto socket 0130, wsabuf 0x32e974, nbufs 1, flags 0, to 0x1338f64, tolen 16, ovl (nil), func (nil)
0009:trace:winsock:WS2_sendto fd=39, options=20
0009:trace:winsock:WS2_sendto  -> 65 bytes
0009:trace:winsock:WS2_recv_base socket 0130, wsabuf 0x32f6e4, nbufs 1, flags 0, from 0x32f734, fromlen 16, ovl (nil), func (nil)
0009:trace:winsock:WS2_recv_base fd=39, options=20
0009:trace:winsock:WS2_recv_base  -> 9 bytes
0009:trace:winsock:WS2_sendto socket 0130, wsabuf 0x32e974, nbufs 1, flags 0, to 0x1337f64, tolen 16, ovl (nil), func (nil)
0009:trace:winsock:WS2_sendto fd=39, options=20
0009:trace:winsock:WS2_sendto  -> 65 bytes
0009:trace:winsock:WS2_recv_base socket 0130, wsabuf 0x32f6e4, nbufs 1, flags 0, from 0x32f734, fromlen 16, ovl (nil), func (nil)
0009:trace:winsock:WS2_recv_base fd=39, options=20
0009:trace:winsock:WS2_recv_base  -> 9 bytes
0009:trace:winsock:WS2_sendto socket 0130, wsabuf 0x32e974, nbufs 1, flags 0, to 0x1337f64, tolen 16, ovl (nil), func (nil)
0009:trace:winsock:WS2_sendto fd=39, options=20
0009:trace:winsock:WS2_sendto  -> 65 bytes
0009:trace:winsock:WS2_recv_base socket 0130, wsabuf 0x32f6e4, nbufs 1, flags 0, from 0x32f734, fromlen 16, ovl (nil), func (nil)
0009:trace:winsock:WS2_recv_base fd=39, options=20
0009:trace:winsock:WS2_recv_base  -> 9 bytes
0009:trace:winsock:WS2_sendto socket 0130, wsabuf 0x32e974, nbufs 1, flags 0, to 0x1337f64, tolen 16, ovl (nil), func (nil)
0009:trace:winsock:WS2_sendto fd=39, options=20
0009:trace:winsock:WS2_sendto  -> 65 bytes
0009:trace:winsock:WS2_recv_base socket 0130, wsabuf 0x32f6e4, nbufs 1, flags 0, from 0x32f734, fromlen 16, ovl (nil), func (nil)
0009:trace:winsock:WS2_recv_base fd=39, options=20
0009:trace:winsock:WS2_recv_base  -> 9 bytes
0009:trace:winsock:WS2_sendto socket 0130, wsabuf 0x32e974, nbufs 1, flags 0, to 0x1337f64, tolen 16, ovl (nil), func (nil)
0009:trace:winsock:WS2_sendto fd=39, options=20
0009:trace:winsock:WS2_sendto  -> 65 bytes
0009:trace:winsock:WS2_recv_base socket 0130, wsabuf 0x32f6e4, nbufs 1, flags 0, from 0x32f734, fromlen 16, ovl (nil), func (nil)
0009:trace:winsock:WS2_recv_base fd=39, options=20
0009:trace:winsock:WS2_recv_base  -> 9 bytes
0009:trace:winsock:WS2_sendto socket 0130, wsabuf 0x32e974, nbufs 1, flags 0, to 0x1337f64, tolen 16, ovl (nil), func (nil)
0009:trace:winsock:WS2_sendto fd=39, options=20
0009:trace:winsock:WS2_sendto  -> 65 bytes
0009:trace:winsock:WS2_recv_base socket 0130, wsabuf 0x32f6e4, nbufs 1, flags 0, from 0x32f734, fromlen 16, ovl (nil), func (nil)
0009:trace:winsock:WS2_recv_base fd=39, options=20
0009:trace:winsock:WS2_recv_base  -> 9 bytes
0009:trace:winsock:WS2_sendto socket 0130, wsabuf 0x32e974, nbufs 1, flags 0, to 0x1337f64, tolen 16, ovl (nil), func (nil)
0009:trace:winsock:WS2_sendto fd=39, options=20
0009:trace:winsock:WS2_sendto  -> 65 bytes
0009:trace:winsock:WS2_recv_base socket 0130, wsabuf 0x32f6e4, nbufs 1, flags 0, from 0x32f734, fromlen 16, ovl (nil), func (nil)
0009:trace:winsock:WS2_recv_base fd=39, options=20
0009:trace:winsock:WS2_recv_base  -> 9 bytes
0009:trace:winsock:WS2_sendto socket 0130, wsabuf 0x32e974, nbufs 1, flags 0, to 0x1337f64, tolen 16, ovl (nil), func (nil)
0009:trace:winsock:WS2_sendto fd=39, options=20
0009:trace:winsock:WS2_sendto  -> 65 bytes
0009:trace:winsock:WS2_recv_base socket 0130, wsabuf 0x32f6e4, nbufs 1, flags 0, from 0x32f734, fromlen 16, ovl (nil), func (nil)
0009:trace:winsock:WS2_recv_base fd=39, options=20
0009:trace:winsock:WS2_recv_base  -> 9 bytes
0009:trace:winsock:WS2_sendto socket 0130, wsabuf 0x32e974, nbufs 1, flags 0, to 0x1337f64, tolen 16, ovl (nil), func (nil)
0009:trace:winsock:WS2_sendto fd=39, options=20
0009:trace:winsock:WS2_sendto  -> 65 bytes
0009:trace:winsock:WS2_recv_base socket 0130, wsabuf 0x32f6e4, nbufs 1, flags 0, from 0x32f734, fromlen 16, ovl (nil), func (nil)
0009:trace:winsock:WS2_recv_base fd=39, options=20
0009:trace:winsock:WS2_recv_base  -> 9 bytes
0009:trace:winsock:WS2_sendto socket 0130, wsabuf 0x32e974, nbufs 1, flags 0, to 0x1337f64, tolen 16, ovl (nil), func (nil)
0009:trace:winsock:WS2_sendto fd=39, options=20
0009:trace:winsock:WS2_sendto  -> 65 bytes
0009:trace:winsock:WS2_recv_base socket 0130, wsabuf 0x32f6e4, nbufs 1, flags 0, from 0x32f734, fromlen 16, ovl (nil), func (nil)
0009:trace:winsock:WS2_recv_base fd=39, options=20
0009:trace:winsock:WS2_recv_base  -> 9 bytes
0009:trace:winsock:WS2_sendto socket 0130, wsabuf 0x32e974, nbufs 1, flags 0, to 0x1337f64, tolen 16, ovl (nil), func (nil)
0009:trace:winsock:WS2_sendto fd=39, options=20
0009:trace:winsock:WS2_sendto  -> 65 bytes
0009:trace:winsock:WSASocketA af=2 type=2 protocol=17 protocol_info=(nil) group=0 flags=0x0
0009:trace:winsock:WSASocketW af=2 type=2 protocol=17 protocol_info=(nil) group=0 flags=0x0
0009:trace:winsock:WSASocketW 	created 0134
0009:trace:winsock:WSAIoctl 0134, SIO_ROUTING_INTERFACE_QUERY, 0x32f890, 16, 0x6c04000, 1024, 0x32f888, (nil), (nil)
0009:trace:winsock:WSAIoctl -> WS_SIO_ROUTING_INTERFACE_QUERY request
0009:trace:winsock:WS_closesocket (socket 0134) -> 0
0009:trace:winsock:WS2_recv_base socket 0130, wsabuf 0x32f6e4, nbufs 1, flags 0, from 0x32f734, fromlen 16, ovl (nil), func (nil)
0009:trace:winsock:WS2_recv_base fd=39, options=20
0009:trace:winsock:WS2_recv_base  -> 9 bytes
0009:trace:winsock:WS2_sendto socket 0130, wsabuf 0x32e974, nbufs 1, flags 0, to 0x1337f64, tolen 16, ovl (nil), func (nil)
0009:trace:winsock:WS2_sendto fd=39, options=20
0009:trace:winsock:WS2_sendto  -> 65 bytes
0009:trace:winsock:WS2_recv_base socket 0130, wsabuf 0x32f6e4, nbufs 1, flags 0, from 0x32f734, fromlen 16, ovl (nil), func (nil)
0009:trace:winsock:WS2_recv_base fd=39, options=20
0009:trace:winsock:WS2_recv_base  -> 9 bytes
0009:trace:winsock:WS2_sendto socket 0130, wsabuf 0x32e974, nbufs 1, flags 0, to 0x1337f64, tolen 16, ovl (nil), func (nil)
0009:trace:winsock:WS2_sendto fd=39, options=20
0009:trace:winsock:WS2_sendto  -> 65 bytes
0009:trace:winsock:WS2_recv_base socket 0130, wsabuf 0x32f6e4, nbufs 1, flags 0, from 0x32f734, fromlen 16, ovl (nil), func (nil)
0009:trace:winsock:WS2_recv_base fd=39, options=20
0009:trace:winsock:WS2_recv_base  -> 9 bytes
0009:trace:winsock:WS2_sendto socket 0130, wsabuf 0x32e974, nbufs 1, flags 0, to 0x1337f64, tolen 16, ovl (nil), func (nil)
0009:trace:winsock:WS2_sendto fd=39, options=20
0009:trace:winsock:WS2_sendto  -> 65 bytes
0009:trace:winsock:WS2_recv_base socket 0130, wsabuf 0x32f6e4, nbufs 1, flags 0, from 0x32f734, fromlen 16, ovl (nil), func (nil)
0009:trace:winsock:WS2_recv_base fd=39, options=20
0009:trace:winsock:WS2_recv_base  -> 9 bytes
0009:trace:winsock:WS2_sendto socket 0130, wsabuf 0x32e974, nbufs 1, flags 0, to 0x1337f64, tolen 16, ovl (nil), func (nil)
0009:trace:winsock:WS2_sendto fd=39, options=20
0009:trace:winsock:WS2_sendto  -> 65 bytes
0009:trace:winsock:WS2_recv_base socket 0130, wsabuf 0x32f6e4, nbufs 1, flags 0, from 0x32f734, fromlen 16, ovl (nil), func (nil)
0009:trace:winsock:WS2_recv_base fd=39, options=20
0009:trace:winsock:WS2_recv_base  -> 9 bytes
0009:trace:winsock:WS2_sendto socket 0130, wsabuf 0x32e974, nbufs 1, flags 0, to 0x1337f64, tolen 16, ovl (nil), func (nil)
0009:trace:winsock:WS2_sendto fd=39, options=20
0009:trace:winsock:WS2_sendto  -> 65 bytes
0009:trace:winsock:WS2_recv_base socket 0130, wsabuf 0x32f6e4, nbufs 1, flags 0, from 0x32f734, fromlen 16, ovl (nil), func (nil)
0009:trace:winsock:WS2_recv_base fd=39, options=20
0009:trace:winsock:WS2_recv_base  -> 9 bytes
0009:trace:winsock:WS2_sendto socket 0130, wsabuf 0x32e974, nbufs 1, flags 0, to 0x1337f64, tolen 16, ovl (nil), func (nil)
0009:trace:winsock:WS2_sendto fd=39, options=20
0009:trace:winsock:WS2_sendto  -> 65 bytes
0009:trace:winsock:WS2_recv_base socket 0130, wsabuf 0x32f6e4, nbufs 1, flags 0, from 0x32f734, fromlen 16, ovl (nil), func (nil)
0009:trace:winsock:WS2_recv_base fd=39, options=20
0009:trace:winsock:WS2_recv_base  -> 9 bytes
0009:trace:winsock:WS2_sendto socket 0130, wsabuf 0x32e974, nbufs 1, flags 0, to 0x1337f64, tolen 16, ovl (nil), func (nil)
0009:trace:winsock:WS2_sendto fd=39, options=20
0009:trace:winsock:WS2_sendto  -> 65 bytes
0009:trace:winsock:WS2_recv_base socket 0130, wsabuf 0x32f6e4, nbufs 1, flags 0, from 0x32f734, fromlen 16, ovl (nil), func (nil)
0009:trace:winsock:WS2_recv_base fd=39, options=20
0009:trace:winsock:WS2_recv_base  -> 9 bytes
0009:trace:winsock:WS2_sendto socket 0130, wsabuf 0x32e974, nbufs 1, flags 0, to 0x1337f64, tolen 16, ovl (nil), func (nil)
0009:trace:winsock:WS2_sendto fd=39, options=20
0009:trace:winsock:WS2_sendto  -> 65 bytes
0009:trace:winsock:WS2_recv_base socket 0130, wsabuf 0x32f6e4, nbufs 1, flags 0, from 0x32f734, fromlen 16, ovl (nil), func (nil)
0009:trace:winsock:WS2_recv_base fd=39, options=20
0009:trace:winsock:WS2_recv_base  -> 9 bytes
0009:trace:winsock:WS2_sendto socket 0130, wsabuf 0x32e974, nbufs 1, flags 0, to 0x1337f64, tolen 16, ovl (nil), func (nil)
0009:trace:winsock:WS2_sendto fd=39, options=20
0009:trace:winsock:WS2_sendto  -> 65 bytes
0009:trace:winsock:WS2_recv_base socket 0130, wsabuf 0x32f6e4, nbufs 1, flags 0, from 0x32f734, fromlen 16, ovl (nil), func (nil)
0009:trace:winsock:WS2_recv_base fd=39, options=20
0009:trace:winsock:WS2_recv_base  -> 9 bytes
0009:trace:winsock:WS2_sendto socket 0130, wsabuf 0x32e974, nbufs 1, flags 0, to 0x1337f64, tolen 16, ovl (nil), func (nil)
0009:trace:winsock:WS2_sendto fd=39, options=20
0009:trace:winsock:WS2_sendto  -> 65 bytes
0009:trace:winsock:WS2_recv_base socket 0130, wsabuf 0x32f6e4, nbufs 1, flags 0, from 0x32f734, fromlen 16, ovl (nil), func (nil)
0009:trace:winsock:WS2_recv_base fd=39, options=20
0009:trace:winsock:WS2_recv_base  -> 9 bytes
0009:trace:winsock:WS2_sendto socket 0130, wsabuf 0x32e974, nbufs 1, flags 0, to 0x1338f64, tolen 16, ovl (nil), func (nil)
0009:trace:winsock:WS2_sendto fd=39, options=20
0009:trace:winsock:WS2_sendto  -> 65 bytes
0009:trace:winsock:WS2_recv_base socket 0130, wsabuf 0x32f6e4, nbufs 1, flags 0, from 0x32f734, fromlen 16, ovl (nil), func (nil)
0009:trace:winsock:WS2_recv_base fd=39, options=20
0009:trace:winsock:WS2_recv_base  -> 9 bytes
0009:trace:winsock:WS2_sendto socket 0130, wsabuf 0x32e974, nbufs 1, flags 0, to 0x1338f64, tolen 16, ovl (nil), func (nil)
0009:trace:winsock:WS2_sendto fd=39, options=20
0009:trace:winsock:WS2_sendto  -> 65 bytes
0009:trace:winsock:WS2_recv_base socket 0130, wsabuf 0x32f6e4, nbufs 1, flags 0, from 0x32f734, fromlen 16, ovl (nil), func (nil)
0009:trace:winsock:WS2_recv_base fd=39, options=20
0009:trace:winsock:WS2_recv_base  -> 9 bytes
0009:trace:winsock:WS2_sendto socket 0130, wsabuf 0x32e974, nbufs 1, flags 0, to 0x1338f64, tolen 16, ovl (nil), func (nil)
0009:trace:winsock:WS2_sendto fd=39, options=20
0009:trace:winsock:WS2_sendto  -> 65 bytes
0009:trace:winsock:WS2_recv_base socket 0130, wsabuf 0x32f6e4, nbufs 1, flags 0, from 0x32f734, fromlen 16, ovl (nil), func (nil)
0009:trace:winsock:WS2_recv_base fd=39, options=20
0009:trace:winsock:WS2_recv_base  -> 9 bytes
0009:trace:winsock:WS2_sendto socket 0130, wsabuf 0x32e974, nbufs 1, flags 0, to 0x1338f64, tolen 16, ovl (nil), func (nil)
0009:trace:winsock:WS2_sendto fd=39, options=20
0009:trace:winsock:WS2_sendto  -> 65 bytes
0009:trace:winsock:WS2_recv_base socket 0130, wsabuf 0x32f6e4, nbufs 1, flags 0, from 0x32f734, fromlen 16, ovl (nil), func (nil)
0009:trace:winsock:WS2_recv_base fd=39, options=20
0009:trace:winsock:WS2_recv_base  -> 9 bytes
0009:trace:winsock:WS2_sendto socket 0130, wsabuf 0x32e974, nbufs 1, flags 0, to 0x1338f64, tolen 16, ovl (nil), func (nil)
0009:trace:winsock:WS2_sendto fd=39, options=20
0009:trace:winsock:WS2_sendto  -> 65 bytes
0009:trace:winsock:WS2_recv_base socket 0130, wsabuf 0x32f6e4, nbufs 1, flags 0, from 0x32f734, fromlen 16, ovl (nil), func (nil)
0009:trace:winsock:WS2_recv_base fd=39, options=20
0009:trace:winsock:WS2_recv_base  -> 9 bytes
0009:trace:winsock:WS2_sendto socket 0130, wsabuf 0x32e974, nbufs 1, flags 0, to 0x1338f64, tolen 16, ovl (nil), func (nil)
0009:trace:winsock:WS2_sendto fd=39, options=20
0009:trace:winsock:WS2_sendto  -> 65 bytes
0009:trace:winsock:WS2_recv_base socket 0130, wsabuf 0x32f6e4, nbufs 1, flags 0, from 0x32f734, fromlen 16, ovl (nil), func (nil)
0009:trace:winsock:WS2_recv_base fd=39, options=20
0009:trace:winsock:WS2_recv_base  -> 9 bytes
0009:trace:winsock:WS2_sendto socket 0130, wsabuf 0x32e974, nbufs 1, flags 0, to 0x1338f64, tolen 16, ovl (nil), func (nil)
0009:trace:winsock:WS2_sendto fd=39, options=20
0009:trace:winsock:WS2_sendto  -> 65 bytes
0009:trace:winsock:WS2_recv_base socket 0130, wsabuf 0x32f6e4, nbufs 1, flags 0, from 0x32f734, fromlen 16, ovl (nil), func (nil)
0009:trace:winsock:WS2_recv_base fd=39, options=20
0009:trace:winsock:WS2_recv_base  -> 9 bytes
0009:trace:winsock:WS2_sendto socket 0130, wsabuf 0x32e974, nbufs 1, flags 0, to 0x1338f64, tolen 16, ovl (nil), func (nil)
0009:trace:winsock:WS2_sendto fd=39, options=20
0009:trace:winsock:WS2_sendto  -> 65 bytes
0009:trace:winsock:WS2_recv_base socket 0130, wsabuf 0x32f6e4, nbufs 1, flags 0, from 0x32f734, fromlen 16, ovl (nil), func (nil)
0009:trace:winsock:WS2_recv_base fd=39, options=20
0009:trace:winsock:WS2_recv_base  -> 9 bytes
0009:trace:winsock:WS2_sendto socket 0130, wsabuf 0x32e974, nbufs 1, flags 0, to 0x1338f64, tolen 16, ovl (nil), func (nil)
0009:trace:winsock:WS2_sendto fd=39, options=20
0009:trace:winsock:WS2_sendto  -> 65 bytes
0009:trace:winsock:WS2_recv_base socket 0130, wsabuf 0x32f6e4, nbufs 1, flags 0, from 0x32f734, fromlen 16, ovl (nil), func (nil)
0009:trace:winsock:WS2_recv_base fd=39, options=20
0009:trace:winsock:WS2_recv_base  -> 9 bytes
0009:trace:winsock:WS2_sendto socket 0130, wsabuf 0x32e974, nbufs 1, flags 0, to 0x1338f64, tolen 16, ovl (nil), func (nil)
0009:trace:winsock:WS2_sendto fd=39, options=20
0009:trace:winsock:WS2_sendto  -> 65 bytes
0009:trace:winsock:WS2_recv_base socket 0130, wsabuf 0x32f6e4, nbufs 1, flags 0, from 0x32f734, fromlen 16, ovl (nil), func (nil)
0009:trace:winsock:WS2_recv_base fd=39, options=20
0009:trace:winsock:WS2_recv_base  -> 9 bytes
0009:trace:winsock:WS2_sendto socket 0130, wsabuf 0x32e974, nbufs 1, flags 0, to 0x1338f64, tolen 16, ovl (nil), func (nil)
0009:trace:winsock:WS2_sendto fd=39, options=20
0009:trace:winsock:WS2_sendto  -> 65 bytes
0009:trace:winsock:WS2_recv_base socket 0130, wsabuf 0x32f6e4, nbufs 1, flags 0, from 0x32f734, fromlen 16, ovl (nil), func (nil)
0009:trace:winsock:WS2_recv_base fd=39, options=20
0009:trace:winsock:WS2_recv_base  -> 9 bytes
0009:trace:winsock:WS2_sendto socket 0130, wsabuf 0x32e974, nbufs 1, flags 0, to 0x1338f64, tolen 16, ovl (nil), func (nil)
0009:trace:winsock:WS2_sendto fd=39, options=20
0009:trace:winsock:WS2_sendto  -> 65 bytes
0009:trace:winsock:WS2_recv_base socket 0130, wsabuf 0x32f6e4, nbufs 1, flags 0, from 0x32f734, fromlen 16, ovl (nil), func (nil)
0009:trace:winsock:WS2_recv_base fd=39, options=20
0009:trace:winsock:WS2_recv_base  -> 9 bytes
0009:trace:winsock:WS2_sendto socket 0130, wsabuf 0x32e974, nbufs 1, flags 0, to 0x1338f64, tolen 16, ovl (nil), func (nil)
0009:trace:winsock:WS2_sendto fd=39, options=20
0009:trace:winsock:WS2_sendto  -> 65 bytes
0009:trace:winsock:WS2_recv_base socket 0130, wsabuf 0x32f6e4, nbufs 1, flags 0, from 0x32f734, fromlen 16, ovl (nil), func (nil)
0009:trace:winsock:WS2_recv_base fd=39, options=20
0009:trace:winsock:WS2_recv_base  -> 9 bytes
0009:trace:winsock:WS2_sendto socket 0130, wsabuf 0x32e974, nbufs 1, flags 0, to 0x1338f64, tolen 16, ovl (nil), func (nil)
0009:trace:winsock:WS2_sendto fd=39, options=20
0009:trace:winsock:WS2_sendto  -> 65 bytes
0009:trace:winsock:WS2_recv_base socket 0130, wsabuf 0x32f6e4, nbufs 1, flags 0, from 0x32f734, fromlen 16, ovl (nil), func (nil)
0009:trace:winsock:WS2_recv_base fd=39, options=20
0009:trace:winsock:WS2_recv_base  -> 9 bytes
0009:trace:winsock:WS2_sendto socket 0130, wsabuf 0x32e974, nbufs 1, flags 0, to 0x1338f64, tolen 16, ovl (nil), func (nil)
0009:trace:winsock:WS2_sendto fd=39, options=20
0009:trace:winsock:WS2_sendto  -> 65 bytes
0009:trace:winsock:WS2_recv_base socket 0130, wsabuf 0x32f6e4, nbufs 1, flags 0, from 0x32f734, fromlen 16, ovl (nil), func (nil)
0009:trace:winsock:WS2_recv_base fd=39, options=20
0009:trace:winsock:WS2_recv_base  -> 9 bytes
0009:trace:winsock:WS2_sendto socket 0130, wsabuf 0x32e974, nbufs 1, flags 0, to 0x1338f64, tolen 16, ovl (nil), func (nil)
0009:trace:winsock:WS2_sendto fd=39, options=20
0009:trace:winsock:WS2_sendto  -> 65 bytes
0009:trace:winsock:WS2_recv_base socket 0130, wsabuf 0x32f6e4, nbufs 1, flags 0, from 0x32f734, fromlen 16, ovl (nil), func (nil)
0009:trace:winsock:WS2_recv_base fd=39, options=20
0009:trace:winsock:WS2_recv_base  -> 9 bytes
0009:trace:winsock:WS2_sendto socket 0130, wsabuf 0x32e974, nbufs 1, flags 0, to 0x1338f64, tolen 16, ovl (nil), func (nil)
0009:trace:winsock:WS2_sendto fd=39, options=20
0009:trace:winsock:WS2_sendto  -> 65 bytes
0009:trace:winsock:WS2_recv_base socket 0130, wsabuf 0x32f6e4, nbufs 1, flags 0, from 0x32f734, fromlen 16, ovl (nil), func (nil)
0009:trace:winsock:WS2_recv_base fd=39, options=20
0009:trace:winsock:WS2_recv_base  -> 9 bytes
0009:trace:winsock:WS2_sendto socket 0130, wsabuf 0x32e974, nbufs 1, flags 0, to 0x1338f64, tolen 16, ovl (nil), func (nil)
0009:trace:winsock:WS2_sendto fd=39, options=20
0009:trace:winsock:WS2_sendto  -> 65 bytes
0009:trace:winsock:WS2_recv_base socket 0130, wsabuf 0x32f6e4, nbufs 1, flags 0, from 0x32f734, fromlen 16, ovl (nil), func (nil)
0009:trace:winsock:WS2_recv_base fd=39, options=20
0009:trace:winsock:WS2_recv_base  -> 9 bytes
0009:trace:winsock:WS2_sendto socket 0130, wsabuf 0x32e974, nbufs 1, flags 0, to 0x1338f64, tolen 16, ovl (nil), func (nil)
0009:trace:winsock:WS2_sendto fd=39, options=20
0009:trace:winsock:WS2_sendto  -> 65 bytes
0009:trace:winsock:WS2_recv_base socket 0130, wsabuf 0x32f6e4, nbufs 1, flags 0, from 0x32f734, fromlen 16, ovl (nil), func (nil)
0009:trace:winsock:WS2_recv_base fd=39, options=20
0009:trace:winsock:WS2_recv_base  -> 9 bytes
0009:trace:winsock:WS2_sendto socket 0130, wsabuf 0x32e974, nbufs 1, flags 0, to 0x1338f64, tolen 16, ovl (nil), func (nil)
0009:trace:winsock:WS2_sendto fd=39, options=20
0009:trace:winsock:WS2_sendto  -> 65 bytes
0009:trace:winsock:WS2_recv_base socket 0130, wsabuf 0x32f6e4, nbufs 1, flags 0, from 0x32f734, fromlen 16, ovl (nil), func (nil)
0009:trace:winsock:WS2_recv_base fd=39, options=20
0009:trace:winsock:WS2_recv_base  -> 9 bytes
0009:trace:winsock:WS2_sendto socket 0130, wsabuf 0x32e974, nbufs 1, flags 0, to 0x1338f64, tolen 16, ovl (nil), func (nil)
0009:trace:winsock:WS2_sendto fd=39, options=20
0009:trace:winsock:WS2_sendto  -> 65 bytes
0009:trace:winsock:WS2_recv_base socket 0130, wsabuf 0x32f6e4, nbufs 1, flags 0, from 0x32f734, fromlen 16, ovl (nil), func (nil)
0009:trace:winsock:WS2_recv_base fd=39, options=20
0009:trace:winsock:WS2_recv_base  -> 9 bytes
0009:trace:winsock:WS2_sendto socket 0130, wsabuf 0x32e974, nbufs 1, flags 0, to 0x1338f64, tolen 16, ovl (nil), func (nil)
0009:trace:winsock:WS2_sendto fd=39, options=20
0009:trace:winsock:WS2_sendto  -> 65 bytes
0009:trace:winsock:WS2_recv_base socket 0130, wsabuf 0x32f6e4, nbufs 1, flags 0, from 0x32f734, fromlen 16, ovl (nil), func (nil)
0009:trace:winsock:WS2_recv_base fd=39, options=20
0009:trace:winsock:WS2_recv_base  -> 9 bytes
0009:trace:winsock:WS2_sendto socket 0130, wsabuf 0x32e974, nbufs 1, flags 0, to 0x1338f64, tolen 16, ovl (nil), func (nil)
0009:trace:winsock:WS2_sendto fd=39, options=20
0009:trace:winsock:WS2_sendto  -> 65 bytes
0009:trace:winsock:WS2_recv_base socket 0130, wsabuf 0x32f6e4, nbufs 1, flags 0, from 0x32f734, fromlen 16, ovl (nil), func (nil)
0009:trace:winsock:WS2_recv_base fd=39, options=20
0009:trace:winsock:WS2_recv_base  -> 9 bytes
0009:trace:winsock:WS2_sendto socket 0130, wsabuf 0x32e974, nbufs 1, flags 0, to 0x1338f64, tolen 16, ovl (nil), func (nil)
0009:trace:winsock:WS2_sendto fd=39, options=20
0009:trace:winsock:WS2_sendto  -> 65 bytes
0009:trace:winsock:WS2_recv_base socket 0130, wsabuf 0x32f6e4, nbufs 1, flags 0, from 0x32f734, fromlen 16, ovl (nil), func (nil)
0009:trace:winsock:WS2_recv_base fd=39, options=20
0009:trace:winsock:WS2_recv_base  -> 9 bytes
0009:trace:winsock:WS2_sendto socket 0130, wsabuf 0x32e974, nbufs 1, flags 0, to 0x1338f64, tolen 16, ovl (nil), func (nil)
0009:trace:winsock:WS2_sendto fd=39, options=20
0009:trace:winsock:WS2_sendto  -> 65 bytes
0009:trace:winsock:WS2_recv_base socket 0130, wsabuf 0x32f6e4, nbufs 1, flags 0, from 0x32f734, fromlen 16, ovl (nil), func (nil)
0009:trace:winsock:WS2_recv_base fd=39, options=20
0009:trace:winsock:WS2_recv_base  -> 9 bytes
0009:trace:winsock:WS2_sendto socket 0130, wsabuf 0x32e974, nbufs 1, flags 0, to 0x1338f64, tolen 16, ovl (nil), func (nil)
0009:trace:winsock:WS2_sendto fd=39, options=20
0009:trace:winsock:WS2_sendto  -> 65 bytes
0009:trace:winsock:WS2_recv_base socket 0130, wsabuf 0x32f6e4, nbufs 1, flags 0, from 0x32f734, fromlen 16, ovl (nil), func (nil)
0009:trace:winsock:WS2_recv_base fd=39, options=20
0009:trace:winsock:WS2_recv_base  -> 9 bytes
0009:trace:winsock:WS2_sendto socket 0130, wsabuf 0x32e974, nbufs 1, flags 0, to 0x1338f64, tolen 16, ovl (nil), func (nil)
0009:trace:winsock:WS2_sendto fd=39, options=20
0009:trace:winsock:WS2_sendto  -> 65 bytes
0009:trace:winsock:WS2_recv_base socket 0130, wsabuf 0x32f6e4, nbufs 1, flags 0, from 0x32f734, fromlen 16, ovl (nil), func (nil)
0009:trace:winsock:WS2_recv_base fd=39, options=20
0009:trace:winsock:WS2_recv_base  -> 9 bytes
0009:trace:winsock:WS2_sendto socket 0130, wsabuf 0x32e974, nbufs 1, flags 0, to 0x1337f64, tolen 16, ovl (nil), func (nil)
0009:trace:winsock:WS2_sendto fd=39, options=20
0009:trace:winsock:WS2_sendto  -> 65 bytes
0009:trace:winsock:WS2_recv_base socket 0130, wsabuf 0x32f6e4, nbufs 1, flags 0, from 0x32f734, fromlen 16, ovl (nil), func (nil)
0009:trace:winsock:WS2_recv_base fd=39, options=20
0009:trace:winsock:WS2_recv_base  -> 9 bytes
0009:trace:winsock:WS2_sendto socket 0130, wsabuf 0x32e974, nbufs 1, flags 0, to 0x1337f64, tolen 16, ovl (nil), func (nil)
0009:trace:winsock:WS2_sendto fd=39, options=20
0009:trace:winsock:WS2_sendto  -> 65 bytes
0009:trace:winsock:WS2_recv_base socket 0130, wsabuf 0x32f6e4, nbufs 1, flags 0, from 0x32f734, fromlen 16, ovl (nil), func (nil)
0009:trace:winsock:WS2_recv_base fd=39, options=20
0009:trace:winsock:WS2_recv_base  -> 9 bytes
0009:trace:winsock:WS2_sendto socket 0130, wsabuf 0x32e974, nbufs 1, flags 0, to 0x1337f64, tolen 16, ovl (nil), func (nil)
0009:trace:winsock:WS2_sendto fd=39, options=20
0009:trace:winsock:WS2_sendto  -> 65 bytes
0009:trace:winsock:WS2_recv_base socket 0130, wsabuf 0x32f6e4, nbufs 1, flags 0, from 0x32f734, fromlen 16, ovl (nil), func (nil)
0009:trace:winsock:WS2_recv_base fd=39, options=20
0009:trace:winsock:WS2_recv_base  -> 9 bytes
0009:trace:winsock:WS2_sendto socket 0130, wsabuf 0x32e974, nbufs 1, flags 0, to 0x1337f64, tolen 16, ovl (nil), func (nil)
0009:trace:winsock:WS2_sendto fd=39, options=20
0009:trace:winsock:WS2_sendto  -> 65 bytes
0009:trace:winsock:WS2_recv_base socket 0130, wsabuf 0x32f6e4, nbufs 1, flags 0, from 0x32f734, fromlen 16, ovl (nil), func (nil)
0009:trace:winsock:WS2_recv_base fd=39, options=20
0009:trace:winsock:WS2_recv_base  -> 9 bytes
0009:trace:winsock:WS2_sendto socket 0130, wsabuf 0x32e974, nbufs 1, flags 0, to 0x1337f64, tolen 16, ovl (nil), func (nil)
0009:trace:winsock:WS2_sendto fd=39, options=20
0009:trace:winsock:WS2_sendto  -> 65 bytes
0009:trace:winsock:WS2_recv_base socket 0130, wsabuf 0x32f6e4, nbufs 1, flags 0, from 0x32f734, fromlen 16, ovl (nil), func (nil)
0009:trace:winsock:WS2_recv_base fd=39, options=20
0009:trace:winsock:WS2_recv_base  -> 9 bytes
0009:trace:winsock:WS2_sendto socket 0130, wsabuf 0x32e974, nbufs 1, flags 0, to 0x1337f64, tolen 16, ovl (nil), func (nil)
0009:trace:winsock:WS2_sendto fd=39, options=20
0009:trace:winsock:WS2_sendto  -> 65 bytes
0009:trace:winsock:WS2_recv_base socket 0130, wsabuf 0x32f6e4, nbufs 1, flags 0, from 0x32f734, fromlen 16, ovl (nil), func (nil)
0009:trace:winsock:WS2_recv_base fd=39, options=20
0009:trace:winsock:WS2_recv_base  -> 9 bytes
0009:trace:winsock:WS2_sendto socket 0130, wsabuf 0x32e974, nbufs 1, flags 0, to 0x1337f64, tolen 16, ovl (nil), func (nil)
0009:trace:winsock:WS2_sendto fd=39, options=20
0009:trace:winsock:WS2_sendto  -> 65 bytes
0009:trace:winsock:WS2_recv_base socket 0130, wsabuf 0x32f6e4, nbufs 1, flags 0, from 0x32f734, fromlen 16, ovl (nil), func (nil)
0009:trace:winsock:WS2_recv_base fd=39, options=20
0009:trace:winsock:WS2_recv_base  -> 9 bytes
0009:trace:winsock:WS2_sendto socket 0130, wsabuf 0x32e974, nbufs 1, flags 0, to 0x1337f64, tolen 16, ovl (nil), func (nil)
0009:trace:winsock:WS2_sendto fd=39, options=20
0009:trace:winsock:WS2_sendto  -> 65 bytes
0009:trace:winsock:WS2_recv_base socket 0130, wsabuf 0x32f6e4, nbufs 1, flags 0, from 0x32f734, fromlen 16, ovl (nil), func (nil)
0009:trace:winsock:WS2_recv_base fd=39, options=20
0009:trace:winsock:WS2_recv_base  -> 9 bytes
0009:trace:winsock:WS2_sendto socket 0130, wsabuf 0x32e974, nbufs 1, flags 0, to 0x1337f64, tolen 16, ovl (nil), func (nil)
0009:trace:winsock:WS2_sendto fd=39, options=20
0009:trace:winsock:WS2_sendto  -> 65 bytes
0009:trace:winsock:WS2_recv_base socket 0130, wsabuf 0x32f6e4, nbufs 1, flags 0, from 0x32f734, fromlen 16, ovl (nil), func (nil)
0009:trace:winsock:WS2_recv_base fd=39, options=20
0009:trace:winsock:WS2_recv_base  -> 9 bytes
0009:trace:winsock:WS2_sendto socket 0130, wsabuf 0x32e974, nbufs 1, flags 0, to 0x1337f64, tolen 16, ovl (nil), func (nil)
0009:trace:winsock:WS2_sendto fd=39, options=20
0009:trace:winsock:WS2_sendto  -> 65 bytes
0009:trace:winsock:WS2_recv_base socket 0130, wsabuf 0x32f6e4, nbufs 1, flags 0, from 0x32f734, fromlen 16, ovl (nil), func (nil)
0009:trace:winsock:WS2_recv_base fd=39, options=20
0009:trace:winsock:WS2_recv_base  -> 9 bytes
0009:trace:winsock:WS2_sendto socket 0130, wsabuf 0x32e974, nbufs 1, flags 0, to 0x1337f64, tolen 16, ovl (nil), func (nil)
0009:trace:winsock:WS2_sendto fd=39, options=20
0009:trace:winsock:WS2_sendto  -> 65 bytes
0009:trace:winsock:WS2_recv_base socket 0130, wsabuf 0x32f6e4, nbufs 1, flags 0, from 0x32f734, fromlen 16, ovl (nil), func (nil)
0009:trace:winsock:WS2_recv_base fd=39, options=20
0009:trace:winsock:WS2_recv_base  -> 9 bytes
0009:trace:winsock:WS2_sendto socket 0130, wsabuf 0x32e974, nbufs 1, flags 0, to 0x1337f64, tolen 16, ovl (nil), func (nil)
0009:trace:winsock:WS2_sendto fd=39, options=20
0009:trace:winsock:WS2_sendto  -> 65 bytes
0009:trace:winsock:WS2_recv_base socket 0130, wsabuf 0x32f6e4, nbufs 1, flags 0, from 0x32f734, fromlen 16, ovl (nil), func (nil)
0009:trace:winsock:WS2_recv_base fd=39, options=20
0009:trace:winsock:WS2_recv_base  -> 9 bytes
0009:trace:winsock:WS2_sendto socket 0130, wsabuf 0x32e974, nbufs 1, flags 0, to 0x1337f64, tolen 16, ovl (nil), func (nil)
0009:trace:winsock:WS2_sendto fd=39, options=20
0009:trace:winsock:WS2_sendto  -> 65 bytes
0009:trace:winsock:WS2_recv_base socket 0130, wsabuf 0x32f6e4, nbufs 1, flags 0, from 0x32f734, fromlen 16, ovl (nil), func (nil)
0009:trace:winsock:WS2_recv_base fd=39, options=20
0009:trace:winsock:WS2_recv_base  -> 9 bytes
0009:trace:winsock:WS2_sendto socket 0130, wsabuf 0x32e974, nbufs 1, flags 0, to 0x1337f64, tolen 16, ovl (nil), func (nil)
0009:trace:winsock:WS2_sendto fd=39, options=20
0009:trace:winsock:WS2_sendto  -> 65 bytes
0009:trace:winsock:WS2_recv_base socket 0130, wsabuf 0x32f6e4, nbufs 1, flags 0, from 0x32f734, fromlen 16, ovl (nil), func (nil)
0009:trace:winsock:WS2_recv_base fd=39, options=20
0009:trace:winsock:WS2_recv_base  -> 9 bytes
0009:trace:winsock:WS2_sendto socket 0130, wsabuf 0x32e974, nbufs 1, flags 0, to 0x1337f64, tolen 16, ovl (nil), func (nil)
0009:trace:winsock:WS2_sendto fd=39, options=20
0009:trace:winsock:WS2_sendto  -> 65 bytes
0009:trace:winsock:WS2_recv_base socket 0130, wsabuf 0x32f6e4, nbufs 1, flags 0, from 0x32f734, fromlen 16, ovl (nil), func (nil)
0009:trace:winsock:WS2_recv_base fd=39, options=20
0009:trace:winsock:WS2_recv_base  -> 9 bytes
0009:trace:winsock:WS2_sendto socket 0130, wsabuf 0x32e974, nbufs 1, flags 0, to 0x1337f64, tolen 16, ovl (nil), func (nil)
0009:trace:winsock:WS2_sendto fd=39, options=20
0009:trace:winsock:WS2_sendto  -> 65 bytes
0009:trace:winsock:WS2_recv_base socket 0130, wsabuf 0x32f6e4, nbufs 1, flags 0, from 0x32f734, fromlen 16, ovl (nil), func (nil)
0009:trace:winsock:WS2_recv_base fd=39, options=20
0009:trace:winsock:WS2_recv_base  -> 9 bytes
0009:trace:winsock:WS2_sendto socket 0130, wsabuf 0x32e974, nbufs 1, flags 0, to 0x1337f64, tolen 16, ovl (nil), func (nil)
0009:trace:winsock:WS2_sendto fd=39, options=20
0009:trace:winsock:WS2_sendto  -> 65 bytes
0009:trace:winsock:WS2_recv_base socket 0130, wsabuf 0x32f6e4, nbufs 1, flags 0, from 0x32f734, fromlen 16, ovl (nil), func (nil)
0009:trace:winsock:WS2_recv_base fd=39, options=20
0009:trace:winsock:WS2_recv_base  -> 9 bytes
0009:trace:winsock:WS2_sendto socket 0130, wsabuf 0x32e974, nbufs 1, flags 0, to 0x1338f64, tolen 16, ovl (nil), func (nil)
0009:trace:winsock:WS2_sendto fd=39, options=20
0009:trace:winsock:WS2_sendto  -> 65 bytes
0009:trace:winsock:WS2_recv_base socket 0130, wsabuf 0x32f6e4, nbufs 1, flags 0, from 0x32f734, fromlen 16, ovl (nil), func (nil)
0009:trace:winsock:WS2_recv_base fd=39, options=20
0009:trace:winsock:WS2_recv_base  -> 9 bytes
0009:trace:winsock:WS2_sendto socket 0130, wsabuf 0x32e974, nbufs 1, flags 0, to 0x1338f64, tolen 16, ovl (nil), func (nil)
0009:trace:winsock:WS2_sendto fd=39, options=20
0009:trace:winsock:WS2_sendto  -> 65 bytes
0009:trace:winsock:WS2_recv_base socket 0130, wsabuf 0x32f6e4, nbufs 1, flags 0, from 0x32f734, fromlen 16, ovl (nil), func (nil)
0009:trace:winsock:WS2_recv_base fd=39, options=20
0009:trace:winsock:WS2_recv_base  -> 9 bytes
0009:trace:winsock:WS2_sendto socket 0130, wsabuf 0x32e974, nbufs 1, flags 0, to 0x1338f64, tolen 16, ovl (nil), func (nil)
0009:trace:winsock:WS2_sendto fd=39, options=20
0009:trace:winsock:WS2_sendto  -> 65 bytes
0009:trace:winsock:WS2_recv_base socket 0130, wsabuf 0x32f6e4, nbufs 1, flags 0, from 0x32f734, fromlen 16, ovl (nil), func (nil)
0009:trace:winsock:WS2_recv_base fd=39, options=20
0009:trace:winsock:WS2_recv_base  -> 9 bytes
0009:trace:winsock:WS2_sendto socket 0130, wsabuf 0x32e974, nbufs 1, flags 0, to 0x1338f64, tolen 16, ovl (nil), func (nil)
0009:trace:winsock:WS2_sendto fd=39, options=20
0009:trace:winsock:WS2_sendto  -> 65 bytes
0009:trace:winsock:WS2_recv_base socket 0130, wsabuf 0x32f6e4, nbufs 1, flags 0, from 0x32f734, fromlen 16, ovl (nil), func (nil)
0009:trace:winsock:WS2_recv_base fd=39, options=20
0009:trace:winsock:WS2_recv_base  -> 9 bytes
0009:trace:winsock:WS2_sendto socket 0130, wsabuf 0x32e974, nbufs 1, flags 0, to 0x1338f64, tolen 16, ovl (nil), func (nil)
0009:trace:winsock:WS2_sendto fd=39, options=20
0009:trace:winsock:WS2_sendto  -> 65 bytes
0009:trace:winsock:WS2_recv_base socket 0130, wsabuf 0x32f6e4, nbufs 1, flags 0, from 0x32f734, fromlen 16, ovl (nil), func (nil)
0009:trace:winsock:WS2_recv_base fd=39, options=20
0009:trace:winsock:WS2_recv_base  -> 9 bytes
0009:trace:winsock:WS2_sendto socket 0130, wsabuf 0x32e974, nbufs 1, flags 0, to 0x1338f64, tolen 16, ovl (nil), func (nil)
0009:trace:winsock:WS2_sendto fd=39, options=20
0009:trace:winsock:WS2_sendto  -> 65 bytes
0009:trace:winsock:WS2_recv_base socket 0130, wsabuf 0x32f6e4, nbufs 1, flags 0, from 0x32f734, fromlen 16, ovl (nil), func (nil)
0009:trace:winsock:WS2_recv_base fd=39, options=20
0009:trace:winsock:WS2_recv_base  -> 9 bytes
0009:trace:winsock:WS2_sendto socket 0130, wsabuf 0x32e974, nbufs 1, flags 0, to 0x1338f64, tolen 16, ovl (nil), func (nil)
0009:trace:winsock:WS2_sendto fd=39, options=20
0009:trace:winsock:WS2_sendto  -> 65 bytes
0009:trace:winsock:WS2_recv_base socket 0130, wsabuf 0x32f6e4, nbufs 1, flags 0, from 0x32f734, fromlen 16, ovl (nil), func (nil)
0009:trace:winsock:WS2_recv_base fd=39, options=20
0009:trace:winsock:WS2_recv_base  -> 9 bytes
0009:trace:winsock:WS2_sendto socket 0130, wsabuf 0x32e974, nbufs 1, flags 0, to 0x1338f64, tolen 16, ovl (nil), func (nil)
0009:trace:winsock:WS2_sendto fd=39, options=20
0009:trace:winsock:WS2_sendto  -> 65 bytes
0009:trace:winsock:WS2_recv_base socket 0130, wsabuf 0x32f6e4, nbufs 1, flags 0, from 0x32f734, fromlen 16, ovl (nil), func (nil)
0009:trace:winsock:WS2_recv_base fd=39, options=20
0009:trace:winsock:WS2_recv_base  -> 9 bytes
0009:trace:winsock:WS2_sendto socket 0130, wsabuf 0x32e974, nbufs 1, flags 0, to 0x1337f64, tolen 16, ovl (nil), func (nil)
0009:trace:winsock:WS2_sendto fd=39, options=20
0009:trace:winsock:WS2_sendto  -> 65 bytes
0009:trace:winsock:WS2_recv_base socket 0130, wsabuf 0x32f6e4, nbufs 1, flags 0, from 0x32f734, fromlen 16, ovl (nil), func (nil)
0009:trace:winsock:WS2_recv_base fd=39, options=20
0009:trace:winsock:WS2_recv_base  -> 9 bytes
0009:trace:winsock:WS2_sendto socket 0130, wsabuf 0x32e974, nbufs 1, flags 0, to 0x1337f64, tolen 16, ovl (nil), func (nil)
0009:trace:winsock:WS2_sendto fd=39, options=20
0009:trace:winsock:WS2_sendto  -> 65 bytes
0009:trace:winsock:WS2_recv_base socket 0130, wsabuf 0x32f6e4, nbufs 1, flags 0, from 0x32f734, fromlen 16, ovl (nil), func (nil)
0009:trace:winsock:WS2_recv_base fd=39, options=20
0009:trace:winsock:WS2_recv_base  -> 9 bytes
0009:trace:winsock:WS2_sendto socket 0130, wsabuf 0x32e974, nbufs 1, flags 0, to 0x1337f64, tolen 16, ovl (nil), func (nil)
0009:trace:winsock:WS2_sendto fd=39, options=20
0009:trace:winsock:WS2_sendto  -> 65 bytes
0009:trace:winsock:WS2_recv_base socket 0130, wsabuf 0x32f6e4, nbufs 1, flags 0, from 0x32f734, fromlen 16, ovl (nil), func (nil)
0009:trace:winsock:WS2_recv_base fd=39, options=20
0009:trace:winsock:WS2_recv_base  -> 9 bytes
0009:trace:winsock:WS2_sendto socket 0130, wsabuf 0x32e974, nbufs 1, flags 0, to 0x1337f64, tolen 16, ovl (nil), func (nil)
0009:trace:winsock:WS2_sendto fd=39, options=20
0009:trace:winsock:WS2_sendto  -> 65 bytes
0009:trace:winsock:WS2_recv_base socket 0130, wsabuf 0x32f6e4, nbufs 1, flags 0, from 0x32f734, fromlen 16, ovl (nil), func (nil)
0009:trace:winsock:WS2_recv_base fd=39, options=20
0009:trace:winsock:WS2_recv_base  -> 9 bytes
0009:trace:winsock:WS2_sendto socket 0130, wsabuf 0x32e974, nbufs 1, flags 0, to 0x1337f64, tolen 16, ovl (nil), func (nil)
0009:trace:winsock:WS2_sendto fd=39, options=20
0009:trace:winsock:WS2_sendto  -> 65 bytes
0009:trace:winsock:WS2_recv_base socket 0130, wsabuf 0x32f6e4, nbufs 1, flags 0, from 0x32f734, fromlen 16, ovl (nil), func (nil)
0009:trace:winsock:WS2_recv_base fd=39, options=20
0009:trace:winsock:WS2_recv_base  -> 9 bytes
0009:trace:winsock:WS2_sendto socket 0130, wsabuf 0x32e974, nbufs 1, flags 0, to 0x1337f64, tolen 16, ovl (nil), func (nil)
0009:trace:winsock:WS2_sendto fd=39, options=20
0009:trace:winsock:WS2_sendto  -> 65 bytes
0009:trace:winsock:WS2_recv_base socket 0130, wsabuf 0x32f6e4, nbufs 1, flags 0, from 0x32f734, fromlen 16, ovl (nil), func (nil)
0009:trace:winsock:WS2_recv_base fd=39, options=20
0009:trace:winsock:WS2_recv_base  -> 9 bytes
0009:trace:winsock:WS2_sendto socket 0130, wsabuf 0x32e974, nbufs 1, flags 0, to 0x1337f64, tolen 16, ovl (nil), func (nil)
0009:trace:winsock:WS2_sendto fd=39, options=20
0009:trace:winsock:WS2_sendto  -> 65 bytes
0009:trace:winsock:WS2_recv_base socket 0130, wsabuf 0x32f6e4, nbufs 1, flags 0, from 0x32f734, fromlen 16, ovl (nil), func (nil)
0009:trace:winsock:WS2_recv_base fd=39, options=20
0009:trace:winsock:WS2_recv_base  -> 9 bytes
0009:trace:winsock:WS2_sendto socket 0130, wsabuf 0x32e974, nbufs 1, flags 0, to 0x1337f64, tolen 16, ovl (nil), func (nil)
0009:trace:winsock:WS2_sendto fd=39, options=20
0009:trace:winsock:WS2_sendto  -> 65 bytes
0009:trace:winsock:WS2_recv_base socket 0130, wsabuf 0x32f6e4, nbufs 1, flags 0, from 0x32f734, fromlen 16, ovl (nil), func (nil)
0009:trace:winsock:WS2_recv_base fd=39, options=20
0009:trace:winsock:WS2_recv_base  -> 9 bytes
0009:trace:winsock:WS2_sendto socket 0130, wsabuf 0x32e974, nbufs 1, flags 0, to 0x1337f64, tolen 16, ovl (nil), func (nil)
0009:trace:winsock:WS2_sendto fd=39, options=20
0009:trace:winsock:WS2_sendto  -> 65 bytes
0009:trace:winsock:WS2_recv_base socket 0130, wsabuf 0x32f6e4, nbufs 1, flags 0, from 0x32f734, fromlen 16, ovl (nil), func (nil)
0009:trace:winsock:WS2_recv_base fd=39, options=20
0009:trace:winsock:WS2_recv_base  -> 9 bytes
0009:trace:winsock:WS2_sendto socket 0130, wsabuf 0x32e974, nbufs 1, flags 0, to 0x1337f64, tolen 16, ovl (nil), func (nil)
0009:trace:winsock:WS2_sendto fd=39, options=20
0009:trace:winsock:WS2_sendto  -> 65 bytes
0009:trace:winsock:WS2_recv_base socket 0130, wsabuf 0x32f6e4, nbufs 1, flags 0, from 0x32f734, fromlen 16, ovl (nil), func (nil)
0009:trace:winsock:WS2_recv_base fd=39, options=20
0009:trace:winsock:WS2_recv_base  -> 9 bytes
0009:trace:winsock:WS2_sendto socket 0130, wsabuf 0x32e974, nbufs 1, flags 0, to 0x1337f64, tolen 16, ovl (nil), func (nil)
0009:trace:winsock:WS2_sendto fd=39, options=20
0009:trace:winsock:WS2_sendto  -> 65 bytes
0009:trace:winsock:WS2_recv_base socket 0130, wsabuf 0x32f6e4, nbufs 1, flags 0, from 0x32f734, fromlen 16, ovl (nil), func (nil)
0009:trace:winsock:WS2_recv_base fd=39, options=20
0009:trace:winsock:WS2_recv_base  -> 9 bytes
0009:trace:winsock:WS2_sendto socket 0130, wsabuf 0x32e974, nbufs 1, flags 0, to 0x1337f64, tolen 16, ovl (nil), func (nil)
0009:trace:winsock:WS2_sendto fd=39, options=20
0009:trace:winsock:WS2_sendto  -> 65 bytes
0009:trace:winsock:WS2_recv_base socket 0130, wsabuf 0x32f6e4, nbufs 1, flags 0, from 0x32f734, fromlen 16, ovl (nil), func (nil)
0009:trace:winsock:WS2_recv_base fd=39, options=20
0009:trace:winsock:WS2_recv_base  -> 9 bytes
0009:trace:winsock:WS2_sendto socket 0130, wsabuf 0x32e974, nbufs 1, flags 0, to 0x1337f64, tolen 16, ovl (nil), func (nil)
0009:trace:winsock:WS2_sendto fd=39, options=20
0009:trace:winsock:WS2_sendto  -> 65 bytes
0009:trace:winsock:WS2_recv_base socket 0130, wsabuf 0x32f6e4, nbufs 1, flags 0, from 0x32f734, fromlen 16, ovl (nil), func (nil)
0009:trace:winsock:WS2_recv_base fd=39, options=20
0009:trace:winsock:WS2_recv_base  -> 9 bytes
0009:trace:winsock:WS2_sendto socket 0130, wsabuf 0x32e974, nbufs 1, flags 0, to 0x1337f64, tolen 16, ovl (nil), func (nil)
0009:trace:winsock:WS2_sendto fd=39, options=20
0009:trace:winsock:WS2_sendto  -> 65 bytes
0009:trace:winsock:WS2_recv_base socket 0130, wsabuf 0x32f6e4, nbufs 1, flags 0, from 0x32f734, fromlen 16, ovl (nil), func (nil)
0009:trace:winsock:WS2_recv_base fd=39, options=20
0009:trace:winsock:WS2_recv_base  -> 9 bytes
0009:trace:winsock:WS2_sendto socket 0130, wsabuf 0x32e974, nbufs 1, flags 0, to 0x1337f64, tolen 16, ovl (nil), func (nil)
0009:trace:winsock:WS2_sendto fd=39, options=20
0009:trace:winsock:WS2_sendto  -> 65 bytes
0009:trace:winsock:WS2_recv_base socket 0130, wsabuf 0x32f6e4, nbufs 1, flags 0, from 0x32f734, fromlen 16, ovl (nil), func (nil)
0009:trace:winsock:WS2_recv_base fd=39, options=20
0009:trace:winsock:WS2_recv_base  -> 9 bytes
0009:trace:winsock:WS2_sendto socket 0130, wsabuf 0x32e974, nbufs 1, flags 0, to 0x1337f64, tolen 16, ovl (nil), func (nil)
0009:trace:winsock:WS2_sendto fd=39, options=20
0009:trace:winsock:WS2_sendto  -> 65 bytes
0009:trace:winsock:WS2_recv_base socket 0130, wsabuf 0x32f6e4, nbufs 1, flags 0, from 0x32f734, fromlen 16, ovl (nil), func (nil)
0009:trace:winsock:WS2_recv_base fd=39, options=20
0009:trace:winsock:WS2_recv_base  -> 9 bytes
0009:trace:winsock:WS2_sendto socket 0130, wsabuf 0x32e974, nbufs 1, flags 0, to 0x1337f64, tolen 16, ovl (nil), func (nil)
0009:trace:winsock:WS2_sendto fd=39, options=20
0009:trace:winsock:WS2_sendto  -> 65 bytes
0009:trace:winsock:WS2_recv_base socket 0130, wsabuf 0x32f6e4, nbufs 1, flags 0, from 0x32f734, fromlen 16, ovl (nil), func (nil)
0009:trace:winsock:WS2_recv_base fd=39, options=20
0009:trace:winsock:WS2_recv_base  -> 9 bytes
0009:trace:winsock:WS2_sendto socket 0130, wsabuf 0x32e974, nbufs 1, flags 0, to 0x1337f64, tolen 16, ovl (nil), func (nil)
0009:trace:winsock:WS2_sendto fd=39, options=20
0009:trace:winsock:WS2_sendto  -> 65 bytes
0009:trace:winsock:WS2_recv_base socket 0130, wsabuf 0x32f6e4, nbufs 1, flags 0, from 0x32f734, fromlen 16, ovl (nil), func (nil)
0009:trace:winsock:WS2_recv_base fd=39, options=20
0009:trace:winsock:WS2_recv_base  -> 9 bytes
0009:trace:winsock:WS2_sendto socket 0130, wsabuf 0x32e974, nbufs 1, flags 0, to 0x1337f64, tolen 16, ovl (nil), func (nil)
0009:trace:winsock:WS2_sendto fd=39, options=20
0009:trace:winsock:WS2_sendto  -> 65 bytes
0009:trace:winsock:WS2_recv_base socket 0130, wsabuf 0x32f6e4, nbufs 1, flags 0, from 0x32f734, fromlen 16, ovl (nil), func (nil)
0009:trace:winsock:WS2_recv_base fd=39, options=20
0009:trace:winsock:WS2_recv_base  -> 9 bytes
0009:trace:winsock:WS2_sendto socket 0130, wsabuf 0x32e974, nbufs 1, flags 0, to 0x1337f64, tolen 16, ovl (nil), func (nil)
0009:trace:winsock:WS2_sendto fd=39, options=20
0009:trace:winsock:WS2_sendto  -> 65 bytes
0009:trace:winsock:WS2_recv_base socket 0130, wsabuf 0x32f6e4, nbufs 1, flags 0, from 0x32f734, fromlen 16, ovl (nil), func (nil)
0009:trace:winsock:WS2_recv_base fd=39, options=20
0009:trace:winsock:WS2_recv_base  -> 9 bytes
0009:trace:winsock:WS2_sendto socket 0130, wsabuf 0x32e974, nbufs 1, flags 0, to 0x1337f64, tolen 16, ovl (nil), func (nil)
0009:trace:winsock:WS2_sendto fd=39, options=20
0009:trace:winsock:WS2_sendto  -> 65 bytes
0009:trace:winsock:WS2_recv_base socket 0130, wsabuf 0x32f6e4, nbufs 1, flags 0, from 0x32f734, fromlen 16, ovl (nil), func (nil)
0009:trace:winsock:WS2_recv_base fd=39, options=20
0009:trace:winsock:WS2_recv_base  -> 9 bytes
0009:trace:winsock:WS2_sendto socket 0130, wsabuf 0x32e974, nbufs 1, flags 0, to 0x1337f64, tolen 16, ovl (nil), func (nil)
0009:trace:winsock:WS2_sendto fd=39, options=20
0009:trace:winsock:WS2_sendto  -> 65 bytes
0009:trace:winsock:WS2_recv_base socket 0130, wsabuf 0x32f6e4, nbufs 1, flags 0, from 0x32f734, fromlen 16, ovl (nil), func (nil)
0009:trace:winsock:WS2_recv_base fd=39, options=20
0009:trace:winsock:WS2_recv_base  -> 9 bytes
0009:trace:winsock:WS2_sendto socket 0130, wsabuf 0x32e974, nbufs 1, flags 0, to 0x1337f64, tolen 16, ovl (nil), func (nil)
0009:trace:winsock:WS2_sendto fd=39, options=20
0009:trace:winsock:WS2_sendto  -> 65 bytes
0009:trace:winsock:WS2_recv_base socket 0130, wsabuf 0x32f6e4, nbufs 1, flags 0, from 0x32f734, fromlen 16, ovl (nil), func (nil)
0009:trace:winsock:WS2_recv_base fd=39, options=20
0009:trace:winsock:WS2_recv_base  -> 9 bytes
0009:trace:winsock:WS2_sendto socket 0130, wsabuf 0x32e974, nbufs 1, flags 0, to 0x1337f64, tolen 16, ovl (nil), func (nil)
0009:trace:winsock:WS2_sendto fd=39, options=20
0009:trace:winsock:WS2_sendto  -> 65 bytes
0009:trace:winsock:WS2_recv_base socket 0130, wsabuf 0x32f6e4, nbufs 1, flags 0, from 0x32f734, fromlen 16, ovl (nil), func (nil)
0009:trace:winsock:WS2_recv_base fd=39, options=20
0009:trace:winsock:WS2_recv_base  -> 9 bytes
0009:trace:winsock:WS2_sendto socket 0130, wsabuf 0x32e974, nbufs 1, flags 0, to 0x1337f64, tolen 16, ovl (nil), func (nil)
0009:trace:winsock:WS2_sendto fd=39, options=20
0009:trace:winsock:WS2_sendto  -> 65 bytes
0009:trace:winsock:WS2_recv_base socket 0130, wsabuf 0x32f6e4, nbufs 1, flags 0, from 0x32f734, fromlen 16, ovl (nil), func (nil)
0009:trace:winsock:WS2_recv_base fd=39, options=20
0009:trace:winsock:WS2_recv_base  -> 9 bytes
0009:trace:winsock:WS2_sendto socket 0130, wsabuf 0x32e974, nbufs 1, flags 0, to 0x1337f64, tolen 16, ovl (nil), func (nil)
0009:trace:winsock:WS2_sendto fd=39, options=20
0009:trace:winsock:WS2_sendto  -> 65 bytes
0009:trace:winsock:WS2_recv_base socket 0130, wsabuf 0x32f6e4, nbufs 1, flags 0, from 0x32f734, fromlen 16, ovl (nil), func (nil)
0009:trace:winsock:WS2_recv_base fd=39, options=20
0009:trace:winsock:WS2_recv_base  -> 9 bytes
0009:trace:winsock:WS2_sendto socket 0130, wsabuf 0x32e974, nbufs 1, flags 0, to 0x1337f64, tolen 16, ovl (nil), func (nil)
0009:trace:winsock:WS2_sendto fd=39, options=20
0009:trace:winsock:WS2_sendto  -> 65 bytes
0009:trace:winsock:WS2_recv_base socket 0130, wsabuf 0x32f6e4, nbufs 1, flags 0, from 0x32f734, fromlen 16, ovl (nil), func (nil)
0009:trace:winsock:WS2_recv_base fd=39, options=20
0009:trace:winsock:WS2_recv_base  -> 9 bytes
0009:trace:winsock:WS2_sendto socket 0130, wsabuf 0x32e974, nbufs 1, flags 0, to 0x1337f64, tolen 16, ovl (nil), func (nil)
0009:trace:winsock:WS2_sendto fd=39, options=20
0009:trace:winsock:WS2_sendto  -> 65 bytes
0009:trace:winsock:WS2_recv_base socket 0130, wsabuf 0x32f6e4, nbufs 1, flags 0, from 0x32f734, fromlen 16, ovl (nil), func (nil)
0009:trace:winsock:WS2_recv_base fd=39, options=20
0009:trace:winsock:WS2_recv_base  -> 9 bytes
0009:trace:winsock:WS2_sendto socket 0130, wsabuf 0x32e974, nbufs 1, flags 0, to 0x1337f64, tolen 16, ovl (nil), func (nil)
0009:trace:winsock:WS2_sendto fd=39, options=20
0009:trace:winsock:WS2_sendto  -> 65 bytes
0009:trace:winsock:WS2_recv_base socket 0130, wsabuf 0x32f6e4, nbufs 1, flags 0, from 0x32f734, fromlen 16, ovl (nil), func (nil)
0009:trace:winsock:WS2_recv_base fd=39, options=20
0009:trace:winsock:WS2_recv_base  -> 9 bytes
0009:trace:winsock:WS2_sendto socket 0130, wsabuf 0x32e974, nbufs 1, flags 0, to 0x1337f64, tolen 16, ovl (nil), func (nil)
0009:trace:winsock:WS2_sendto fd=39, options=20
0009:trace:winsock:WS2_sendto  -> 65 bytes
0009:trace:winsock:WS2_recv_base socket 0130, wsabuf 0x32f6e4, nbufs 1, flags 0, from 0x32f734, fromlen 16, ovl (nil), func (nil)
0009:trace:winsock:WS2_recv_base fd=39, options=20
0009:trace:winsock:WS2_recv_base  -> 9 bytes
0009:trace:winsock:WS2_sendto socket 0130, wsabuf 0x32e974, nbufs 1, flags 0, to 0x1337f64, tolen 16, ovl (nil), func (nil)
0009:trace:winsock:WS2_sendto fd=39, options=20
0009:trace:winsock:WS2_sendto  -> 65 bytes
0009:trace:winsock:WS2_recv_base socket 0130, wsabuf 0x32f6e4, nbufs 1, flags 0, from 0x32f734, fromlen 16, ovl (nil), func (nil)
0009:trace:winsock:WS2_recv_base fd=39, options=20
0009:trace:winsock:WS2_recv_base  -> 9 bytes
0009:trace:winsock:WS2_sendto socket 0130, wsabuf 0x32e974, nbufs 1, flags 0, to 0x1337f64, tolen 16, ovl (nil), func (nil)
0009:trace:winsock:WS2_sendto fd=39, options=20
0009:trace:winsock:WS2_sendto  -> 65 bytes
0009:trace:winsock:WS2_recv_base socket 0130, wsabuf 0x32f6e4, nbufs 1, flags 0, from 0x32f734, fromlen 16, ovl (nil), func (nil)
0009:trace:winsock:WS2_recv_base fd=39, options=20
0009:trace:winsock:WS2_recv_base  -> 9 bytes
0009:trace:winsock:WS2_sendto socket 0130, wsabuf 0x32e974, nbufs 1, flags 0, to 0x1337f64, tolen 16, ovl (nil), func (nil)
0009:trace:winsock:WS2_sendto fd=39, options=20
0009:trace:winsock:WS2_sendto  -> 65 bytes
0009:trace:winsock:WS2_recv_base socket 0130, wsabuf 0x32f6e4, nbufs 1, flags 0, from 0x32f734, fromlen 16, ovl (nil), func (nil)
0009:trace:winsock:WS2_recv_base fd=39, options=20
0009:trace:winsock:WS2_recv_base  -> 9 bytes
0009:trace:winsock:WS2_sendto socket 0130, wsabuf 0x32e974, nbufs 1, flags 0, to 0x1337f64, tolen 16, ovl (nil), func (nil)
0009:trace:winsock:WS2_sendto fd=39, options=20
0009:trace:winsock:WS2_sendto  -> 65 bytes
0009:fixme:msctf:LangBarMgr_GetShowFloatingStatus STUB:(01DE5828)
0009:fixme:msctf:LangBarMgr_ShowFloating STUB:(01DE5828)
0009:trace:winsock:WS2_recv_base socket 0130, wsabuf 0x32f6e4, nbufs 1, flags 0, from 0x32f734, fromlen 16, ovl (nil), func (nil)
0009:trace:winsock:WS2_recv_base fd=35, options=20
0009:trace:winsock:WS2_recv_base  -> 9 bytes
0009:trace:winsock:WS2_sendto socket 0130, wsabuf 0x32e974, nbufs 1, flags 0, to 0x1337f64, tolen 16, ovl (nil), func (nil)
0009:trace:winsock:WS2_sendto fd=35, options=20
0009:trace:winsock:WS2_sendto  -> 65 bytes
0009:trace:winsock:WS2_recv_base socket 0130, wsabuf 0x32f6e4, nbufs 1, flags 0, from 0x32f734, fromlen 16, ovl (nil), func (nil)
0009:trace:winsock:WS2_recv_base fd=35, options=20
0009:trace:winsock:WS2_recv_base  -> 9 bytes
0009:trace:winsock:WS2_sendto socket 0130, wsabuf 0x32e974, nbufs 1, flags 0, to 0x1337f64, tolen 16, ovl (nil), func (nil)
0009:trace:winsock:WS2_sendto fd=35, options=20
0009:trace:winsock:WS2_sendto  -> 65 bytes
0009:trace:winsock:WS2_recv_base socket 0130, wsabuf 0x32f6e4, nbufs 1, flags 0, from 0x32f734, fromlen 16, ovl (nil), func (nil)
0009:trace:winsock:WS2_recv_base fd=35, options=20
0009:trace:winsock:WS2_recv_base  -> 9 bytes
0009:trace:winsock:WS2_sendto socket 0130, wsabuf 0x32e974, nbufs 1, flags 0, to 0x1337f64, tolen 16, ovl (nil), func (nil)
0009:trace:winsock:WS2_sendto fd=35, options=20
0009:trace:winsock:WS2_sendto  -> 65 bytes
0009:trace:winsock:WS2_recv_base socket 0130, wsabuf 0x32f6e4, nbufs 1, flags 0, from 0x32f734, fromlen 16, ovl (nil), func (nil)
0009:trace:winsock:WS2_recv_base fd=35, options=20
0009:trace:winsock:WS2_recv_base  -> 9 bytes
0009:trace:winsock:WS2_sendto socket 0130, wsabuf 0x32e974, nbufs 1, flags 0, to 0x1337f64, tolen 16, ovl (nil), func (nil)
0009:trace:winsock:WS2_sendto fd=35, options=20
0009:trace:winsock:WS2_sendto  -> 65 bytes
0009:trace:winsock:WS2_recv_base socket 0130, wsabuf 0x32f6e4, nbufs 1, flags 0, from 0x32f734, fromlen 16, ovl (nil), func (nil)
0009:trace:winsock:WS2_recv_base fd=35, options=20
0009:trace:winsock:WS2_recv_base  -> 9 bytes
0009:trace:winsock:WS2_sendto socket 0130, wsabuf 0x32e974, nbufs 1, flags 0, to 0x1337f64, tolen 16, ovl (nil), func (nil)
0009:trace:winsock:WS2_sendto fd=35, options=20
0009:trace:winsock:WS2_sendto  -> 65 bytes
0009:trace:winsock:WS2_recv_base socket 0130, wsabuf 0x32f6e4, nbufs 1, flags 0, from 0x32f734, fromlen 16, ovl (nil), func (nil)
0009:trace:winsock:WS2_recv_base fd=35, options=20
0009:trace:winsock:WS2_recv_base  -> 9 bytes
0009:trace:winsock:WS2_sendto socket 0130, wsabuf 0x32e974, nbufs 1, flags 0, to 0x1337f64, tolen 16, ovl (nil), func (nil)
0009:trace:winsock:WS2_sendto fd=35, options=20
0009:trace:winsock:WS2_sendto  -> 65 bytes
0009:trace:winsock:WS2_recv_base socket 0130, wsabuf 0x32f6e4, nbufs 1, flags 0, from 0x32f734, fromlen 16, ovl (nil), func (nil)
0009:trace:winsock:WS2_recv_base fd=35, options=20
0009:trace:winsock:WS2_recv_base  -> 9 bytes
0009:trace:winsock:WS2_sendto socket 0130, wsabuf 0x32e974, nbufs 1, flags 0, to 0x1337f64, tolen 16, ovl (nil), func (nil)
0009:trace:winsock:WS2_sendto fd=35, options=20
0009:trace:winsock:WS2_sendto  -> 65 bytes
0009:trace:winsock:WS2_recv_base socket 0130, wsabuf 0x32f6e4, nbufs 1, flags 0, from 0x32f734, fromlen 16, ovl (nil), func (nil)
0009:trace:winsock:WS2_recv_base fd=35, options=20
0009:trace:winsock:WS2_recv_base  -> 9 bytes
0009:trace:winsock:WS2_sendto socket 0130, wsabuf 0x32e974, nbufs 1, flags 0, to 0x1337f64, tolen 16, ovl (nil), func (nil)
0009:trace:winsock:WS2_sendto fd=35, options=20
0009:trace:winsock:WS2_sendto  -> 65 bytes
0009:trace:winsock:WS2_recv_base socket 0130, wsabuf 0x32f6e4, nbufs 1, flags 0, from 0x32f734, fromlen 16, ovl (nil), func (nil)
0009:trace:winsock:WS2_recv_base fd=35, options=20
0009:trace:winsock:WS2_recv_base  -> 9 bytes
0009:trace:winsock:WS2_sendto socket 0130, wsabuf 0x32e974, nbufs 1, flags 0, to 0x1337f64, tolen 16, ovl (nil), func (nil)
0009:trace:winsock:WS2_sendto fd=35, options=20
0009:trace:winsock:WS2_sendto  -> 65 bytes
0009:trace:winsock:WS2_recv_base socket 0130, wsabuf 0x32f6e4, nbufs 1, flags 0, from 0x32f734, fromlen 16, ovl (nil), func (nil)
0009:trace:winsock:WS2_recv_base fd=35, options=20
0009:trace:winsock:WS2_recv_base  -> 9 bytes
0009:trace:winsock:WS2_sendto socket 0130, wsabuf 0x32e974, nbufs 1, flags 0, to 0x1338f64, tolen 16, ovl (nil), func (nil)
0009:trace:winsock:WS2_sendto fd=35, options=20
0009:trace:winsock:WS2_sendto  -> 65 bytes
0009:trace:winsock:WS2_recv_base socket 0130, wsabuf 0x32f6e4, nbufs 1, flags 0, from 0x32f734, fromlen 16, ovl (nil), func (nil)
0009:trace:winsock:WS2_recv_base fd=35, options=20
0009:trace:winsock:WS2_recv_base  -> 9 bytes
0009:trace:winsock:WS2_sendto socket 0130, wsabuf 0x32e974, nbufs 1, flags 0, to 0x1338f64, tolen 16, ovl (nil), func (nil)
0009:trace:winsock:WS2_sendto fd=35, options=20
0009:trace:winsock:WS2_sendto  -> 65 bytes
0009:trace:winsock:WS2_recv_base socket 0130, wsabuf 0x32f6e4, nbufs 1, flags 0, from 0x32f734, fromlen 16, ovl (nil), func (nil)
0009:trace:winsock:WS2_recv_base fd=35, options=20
0009:trace:winsock:WS2_recv_base  -> 9 bytes
0009:trace:winsock:WS2_sendto socket 0130, wsabuf 0x32e974, nbufs 1, flags 0, to 0x1338f64, tolen 16, ovl (nil), func (nil)
0009:trace:winsock:WS2_sendto fd=35, options=20
0009:trace:winsock:WS2_sendto  -> 65 bytes
0009:trace:winsock:WS2_recv_base socket 0130, wsabuf 0x32f6e4, nbufs 1, flags 0, from 0x32f734, fromlen 16, ovl (nil), func (nil)
0009:trace:winsock:WS2_recv_base fd=35, options=20
0009:trace:winsock:WS2_recv_base  -> 9 bytes
0009:trace:winsock:WS2_sendto socket 0130, wsabuf 0x32e974, nbufs 1, flags 0, to 0x1338f64, tolen 16, ovl (nil), func (nil)
0009:trace:winsock:WS2_sendto fd=35, options=20
0009:trace:winsock:WS2_sendto  -> 65 bytes
0009:trace:winsock:WS2_recv_base socket 0130, wsabuf 0x32f6e4, nbufs 1, flags 0, from 0x32f734, fromlen 16, ovl (nil), func (nil)
0009:trace:winsock:WS2_recv_base fd=35, options=20
0009:trace:winsock:WS2_recv_base  -> 9 bytes
0009:trace:winsock:WS2_sendto socket 0130, wsabuf 0x32e974, nbufs 1, flags 0, to 0x1338f64, tolen 16, ovl (nil), func (nil)
0009:trace:winsock:WS2_sendto fd=35, options=20
0009:trace:winsock:WS2_sendto  -> 65 bytes
0009:trace:winsock:WS2_recv_base socket 0130, wsabuf 0x32f6e4, nbufs 1, flags 0, from 0x32f734, fromlen 16, ovl (nil), func (nil)
0009:trace:winsock:WS2_recv_base fd=35, options=20
0009:trace:winsock:WS2_recv_base  -> 9 bytes
0009:trace:winsock:WS2_sendto socket 0130, wsabuf 0x32e974, nbufs 1, flags 0, to 0x1338f64, tolen 16, ovl (nil), func (nil)
0009:trace:winsock:WS2_sendto fd=35, options=20
0009:trace:winsock:WS2_sendto  -> 65 bytes
0009:trace:winsock:WS2_recv_base socket 0130, wsabuf 0x32f6e4, nbufs 1, flags 0, from 0x32f734, fromlen 16, ovl (nil), func (nil)
0009:trace:winsock:WS2_recv_base fd=35, options=20
0009:trace:winsock:WS2_recv_base  -> 9 bytes
0009:trace:winsock:WS2_sendto socket 0130, wsabuf 0x32e974, nbufs 1, flags 0, to 0x1338f64, tolen 16, ovl (nil), func (nil)
0009:trace:winsock:WS2_sendto fd=35, options=20
0009:trace:winsock:WS2_sendto  -> 65 bytes
0009:trace:winsock:WS2_recv_base socket 0130, wsabuf 0x32f6e4, nbufs 1, flags 0, from 0x32f734, fromlen 16, ovl (nil), func (nil)
0009:trace:winsock:WS2_recv_base fd=35, options=20
0009:trace:winsock:WS2_recv_base  -> 9 bytes
0009:trace:winsock:WS2_sendto socket 0130, wsabuf 0x32e974, nbufs 1, flags 0, to 0x1338f64, tolen 16, ovl (nil), func (nil)
0009:trace:winsock:WS2_sendto fd=35, options=20
0009:trace:winsock:WS2_sendto  -> 65 bytes
0009:trace:winsock:WS2_recv_base socket 0130, wsabuf 0x32f6e4, nbufs 1, flags 0, from 0x32f734, fromlen 16, ovl (nil), func (nil)
0009:trace:winsock:WS2_recv_base fd=35, options=20
0009:trace:winsock:WS2_recv_base  -> 9 bytes
0009:trace:winsock:WS2_sendto socket 0130, wsabuf 0x32e974, nbufs 1, flags 0, to 0x1338f64, tolen 16, ovl (nil), func (nil)
0009:trace:winsock:WS2_sendto fd=35, options=20
0009:trace:winsock:WS2_sendto  -> 65 bytes
0009:trace:winsock:WS2_recv_base socket 0130, wsabuf 0x32f6e4, nbufs 1, flags 0, from 0x32f734, fromlen 16, ovl (nil), func (nil)
0009:trace:winsock:WS2_recv_base fd=35, options=20
0009:trace:winsock:WS2_recv_base  -> 9 bytes
0009:trace:winsock:WS2_sendto socket 0130, wsabuf 0x32e974, nbufs 1, flags 0, to 0x1338f64, tolen 16, ovl (nil), func (nil)
0009:trace:winsock:WS2_sendto fd=35, options=20
0009:trace:winsock:WS2_sendto  -> 65 bytes
0009:trace:winsock:WS2_recv_base socket 0130, wsabuf 0x32f6e4, nbufs 1, flags 0, from 0x32f734, fromlen 16, ovl (nil), func (nil)
0009:trace:winsock:WS2_recv_base fd=35, options=20
0009:trace:winsock:WS2_recv_base  -> 9 bytes
0009:trace:winsock:WS2_sendto socket 0130, wsabuf 0x32e974, nbufs 1, flags 0, to 0x1338f64, tolen 16, ovl (nil), func (nil)
0009:trace:winsock:WS2_sendto fd=35, options=20
0009:trace:winsock:WS2_sendto  -> 65 bytes
0009:trace:winsock:WS2_recv_base socket 0130, wsabuf 0x32f6e4, nbufs 1, flags 0, from 0x32f734, fromlen 16, ovl (nil), func (nil)
0009:trace:winsock:WS2_recv_base fd=35, options=20
0009:trace:winsock:WS2_recv_base  -> 9 bytes
0009:trace:winsock:WS2_sendto socket 0130, wsabuf 0x32e974, nbufs 1, flags 0, to 0x1338f64, tolen 16, ovl (nil), func (nil)
0009:trace:winsock:WS2_sendto fd=35, options=20
0009:trace:winsock:WS2_sendto  -> 65 bytes
0009:trace:winsock:WS2_recv_base socket 0130, wsabuf 0x32f6e4, nbufs 1, flags 0, from 0x32f734, fromlen 16, ovl (nil), func (nil)
0009:trace:winsock:WS2_recv_base fd=35, options=20
0009:trace:winsock:WS2_recv_base  -> 9 bytes
0009:trace:winsock:WS2_sendto socket 0130, wsabuf 0x32e974, nbufs 1, flags 0, to 0x1338f64, tolen 16, ovl (nil), func (nil)
0009:trace:winsock:WS2_sendto fd=35, options=20
0009:trace:winsock:WS2_sendto  -> 65 bytes
0009:trace:winsock:WS2_recv_base socket 0130, wsabuf 0x32f6e4, nbufs 1, flags 0, from 0x32f734, fromlen 16, ovl (nil), func (nil)
0009:trace:winsock:WS2_recv_base fd=35, options=20
0009:trace:winsock:WS2_recv_base  -> 9 bytes
0009:trace:winsock:WS2_sendto socket 0130, wsabuf 0x32e974, nbufs 1, flags 0, to 0x1338f64, tolen 16, ovl (nil), func (nil)
0009:trace:winsock:WS2_sendto fd=35, options=20
0009:trace:winsock:WS2_sendto  -> 65 bytes
0009:trace:winsock:WS2_recv_base socket 0130, wsabuf 0x32f6e4, nbufs 1, flags 0, from 0x32f734, fromlen 16, ovl (nil), func (nil)
0009:trace:winsock:WS2_recv_base fd=35, options=20
0009:trace:winsock:WS2_recv_base  -> 9 bytes
0009:trace:winsock:WS2_sendto socket 0130, wsabuf 0x32e974, nbufs 1, flags 0, to 0x1338f64, tolen 16, ovl (nil), func (nil)
0009:trace:winsock:WS2_sendto fd=35, options=20
0009:trace:winsock:WS2_sendto  -> 65 bytes
0009:trace:winsock:WS2_recv_base socket 0130, wsabuf 0x32f6e4, nbufs 1, flags 0, from 0x32f734, fromlen 16, ovl (nil), func (nil)
0009:trace:winsock:WS2_recv_base fd=35, options=20
0009:trace:winsock:WS2_recv_base  -> 9 bytes
0009:trace:winsock:WS2_sendto socket 0130, wsabuf 0x32e974, nbufs 1, flags 0, to 0x1338f64, tolen 16, ovl (nil), func (nil)
0009:trace:winsock:WS2_sendto fd=35, options=20
0009:trace:winsock:WS2_sendto  -> 65 bytes
0009:trace:winsock:WS2_recv_base socket 0130, wsabuf 0x32f6e4, nbufs 1, flags 0, from 0x32f734, fromlen 16, ovl (nil), func (nil)
0009:trace:winsock:WS2_recv_base fd=35, options=20
0009:trace:winsock:WS2_recv_base  -> 9 bytes
0009:trace:winsock:WS2_sendto socket 0130, wsabuf 0x32e974, nbufs 1, flags 0, to 0x1338f64, tolen 16, ovl (nil), func (nil)
0009:trace:winsock:WS2_sendto fd=35, options=20
0009:trace:winsock:WS2_sendto  -> 65 bytes
0009:trace:winsock:WS2_recv_base socket 0130, wsabuf 0x32f6e4, nbufs 1, flags 0, from 0x32f734, fromlen 16, ovl (nil), func (nil)
0009:trace:winsock:WS2_recv_base fd=35, options=20
0009:trace:winsock:WS2_recv_base  -> 9 bytes
0009:trace:winsock:WS2_sendto socket 0130, wsabuf 0x32e974, nbufs 1, flags 0, to 0x1338f64, tolen 16, ovl (nil), func (nil)
0009:trace:winsock:WS2_sendto fd=35, options=20
0009:trace:winsock:WS2_sendto  -> 65 bytes
0009:trace:winsock:WS2_recv_base socket 0130, wsabuf 0x32f6e4, nbufs 1, flags 0, from 0x32f734, fromlen 16, ovl (nil), func (nil)
0009:trace:winsock:WS2_recv_base fd=35, options=20
0009:trace:winsock:WS2_recv_base  -> 9 bytes
0009:trace:winsock:WS2_sendto socket 0130, wsabuf 0x32e974, nbufs 1, flags 0, to 0x1338f64, tolen 16, ovl (nil), func (nil)
0009:trace:winsock:WS2_sendto fd=35, options=20
0009:trace:winsock:WS2_sendto  -> 65 bytes
0009:trace:winsock:WS2_recv_base socket 0130, wsabuf 0x32f6e4, nbufs 1, flags 0, from 0x32f734, fromlen 16, ovl (nil), func (nil)
0009:trace:winsock:WS2_recv_base fd=35, options=20
0009:trace:winsock:WS2_recv_base  -> 9 bytes
0009:trace:winsock:WS2_sendto socket 0130, wsabuf 0x32e974, nbufs 1, flags 0, to 0x1338f64, tolen 16, ovl (nil), func (nil)
0009:trace:winsock:WS2_sendto fd=35, options=20
0009:trace:winsock:WS2_sendto  -> 65 bytes
0009:trace:winsock:WS2_recv_base socket 0130, wsabuf 0x32f6e4, nbufs 1, flags 0, from 0x32f734, fromlen 16, ovl (nil), func (nil)
0009:trace:winsock:WS2_recv_base fd=35, options=20
0009:trace:winsock:WS2_recv_base  -> 9 bytes
0009:trace:winsock:WS2_sendto socket 0130, wsabuf 0x32e974, nbufs 1, flags 0, to 0x1338f64, tolen 16, ovl (nil), func (nil)
0009:trace:winsock:WS2_sendto fd=35, options=20
0009:trace:winsock:WS2_sendto  -> 65 bytes
0009:trace:winsock:WS2_recv_base socket 0130, wsabuf 0x32f6e4, nbufs 1, flags 0, from 0x32f734, fromlen 16, ovl (nil), func (nil)
0009:trace:winsock:WS2_recv_base fd=35, options=20
0009:trace:winsock:WS2_recv_base  -> 9 bytes
0009:trace:winsock:WS2_sendto socket 0130, wsabuf 0x32e974, nbufs 1, flags 0, to 0x1338f64, tolen 16, ovl (nil), func (nil)
0009:trace:winsock:WS2_sendto fd=35, options=20
0009:trace:winsock:WS2_sendto  -> 65 bytes
0009:trace:winsock:WS2_recv_base socket 0130, wsabuf 0x32f6e4, nbufs 1, flags 0, from 0x32f734, fromlen 16, ovl (nil), func (nil)
0009:trace:winsock:WS2_recv_base fd=35, options=20
0009:trace:winsock:WS2_recv_base  -> 9 bytes
0009:trace:winsock:WS2_sendto socket 0130, wsabuf 0x32e974, nbufs 1, flags 0, to 0x1338f64, tolen 16, ovl (nil), func (nil)
0009:trace:winsock:WS2_sendto fd=35, options=20
0009:trace:winsock:WS2_sendto  -> 65 bytes
0009:trace:winsock:WS2_recv_base socket 0130, wsabuf 0x32f6e4, nbufs 1, flags 0, from 0x32f734, fromlen 16, ovl (nil), func (nil)
0009:trace:winsock:WS2_recv_base fd=35, options=20
0009:trace:winsock:WS2_recv_base  -> 9 bytes
0009:trace:winsock:WS2_sendto socket 0130, wsabuf 0x32e974, nbufs 1, flags 0, to 0x1338f64, tolen 16, ovl (nil), func (nil)
0009:trace:winsock:WS2_sendto fd=35, options=20
0009:trace:winsock:WS2_sendto  -> 65 bytes
0009:trace:winsock:WS2_recv_base socket 0130, wsabuf 0x32f6e4, nbufs 1, flags 0, from 0x32f734, fromlen 16, ovl (nil), func (nil)
0009:trace:winsock:WS2_recv_base fd=35, options=20
0009:trace:winsock:WS2_recv_base  -> 9 bytes
0009:trace:winsock:WS2_sendto socket 0130, wsabuf 0x32e974, nbufs 1, flags 0, to 0x1338f64, tolen 16, ovl (nil), func (nil)
0009:trace:winsock:WS2_sendto fd=35, options=20
0009:trace:winsock:WS2_sendto  -> 65 bytes
0009:trace:winsock:WS2_recv_base socket 0130, wsabuf 0x32f6e4, nbufs 1, flags 0, from 0x32f734, fromlen 16, ovl (nil), func (nil)
0009:trace:winsock:WS2_recv_base fd=35, options=20
0009:trace:winsock:WS2_recv_base  -> 9 bytes
0009:trace:winsock:WS2_sendto socket 0130, wsabuf 0x32e974, nbufs 1, flags 0, to 0x1338f64, tolen 16, ovl (nil), func (nil)
0009:trace:winsock:WS2_sendto fd=35, options=20
0009:trace:winsock:WS2_sendto  -> 65 bytes
0009:trace:winsock:WS2_recv_base socket 0130, wsabuf 0x32f6e4, nbufs 1, flags 0, from 0x32f734, fromlen 16, ovl (nil), func (nil)
0009:trace:winsock:WS2_recv_base fd=35, options=20
0009:trace:winsock:WS2_recv_base  -> 9 bytes
0009:trace:winsock:WS2_sendto socket 0130, wsabuf 0x32e974, nbufs 1, flags 0, to 0x1337f64, tolen 16, ovl (nil), func (nil)
0009:trace:winsock:WS2_sendto fd=35, options=20
0009:trace:winsock:WS2_sendto  -> 65 bytes
0009:trace:winsock:WS2_recv_base socket 0130, wsabuf 0x32f6e4, nbufs 1, flags 0, from 0x32f734, fromlen 16, ovl (nil), func (nil)
0009:trace:winsock:WS2_recv_base fd=35, options=20
0009:trace:winsock:WS2_recv_base  -> 9 bytes
0009:trace:winsock:WS2_sendto socket 0130, wsabuf 0x32e974, nbufs 1, flags 0, to 0x1337f64, tolen 16, ovl (nil), func (nil)
0009:trace:winsock:WS2_sendto fd=35, options=20
0009:trace:winsock:WS2_sendto  -> 65 bytes
0009:trace:winsock:WS2_recv_base socket 0130, wsabuf 0x32f6e4, nbufs 1, flags 0, from 0x32f734, fromlen 16, ovl (nil), func (nil)
0009:trace:winsock:WS2_recv_base fd=35, options=20
0009:trace:winsock:WS2_recv_base  -> 9 bytes
0009:trace:winsock:WS2_sendto socket 0130, wsabuf 0x32e974, nbufs 1, flags 0, to 0x1337f64, tolen 16, ovl (nil), func (nil)
0009:trace:winsock:WS2_sendto fd=35, options=20
0009:trace:winsock:WS2_sendto  -> 65 bytes
0009:trace:winsock:WS2_recv_base socket 0130, wsabuf 0x32f6e4, nbufs 1, flags 0, from 0x32f734, fromlen 16, ovl (nil), func (nil)
0009:trace:winsock:WS2_recv_base fd=35, options=20
0009:trace:winsock:WS2_recv_base  -> 9 bytes
0009:trace:winsock:WS2_sendto socket 0130, wsabuf 0x32e974, nbufs 1, flags 0, to 0x1337f64, tolen 16, ovl (nil), func (nil)
0009:trace:winsock:WS2_sendto fd=35, options=20
0009:trace:winsock:WS2_sendto  -> 65 bytes
0009:trace:winsock:WS2_recv_base socket 0130, wsabuf 0x32f6e4, nbufs 1, flags 0, from 0x32f734, fromlen 16, ovl (nil), func (nil)
0009:trace:winsock:WS2_recv_base fd=35, options=20
0009:trace:winsock:WS2_recv_base  -> 9 bytes
0009:trace:winsock:WS2_sendto socket 0130, wsabuf 0x32e974, nbufs 1, flags 0, to 0x1337f64, tolen 16, ovl (nil), func (nil)
0009:trace:winsock:WS2_sendto fd=35, options=20
0009:trace:winsock:WS2_sendto  -> 65 bytes
0009:trace:winsock:WS2_recv_base socket 0130, wsabuf 0x32f6e4, nbufs 1, flags 0, from 0x32f734, fromlen 16, ovl (nil), func (nil)
0009:trace:winsock:WS2_recv_base fd=35, options=20
0009:trace:winsock:WS2_recv_base  -> 9 bytes
0009:trace:winsock:WS2_sendto socket 0130, wsabuf 0x32e974, nbufs 1, flags 0, to 0x1337f64, tolen 16, ovl (nil), func (nil)
0009:trace:winsock:WS2_sendto fd=35, options=20
0009:trace:winsock:WS2_sendto  -> 65 bytes
0009:trace:winsock:WS2_recv_base socket 0130, wsabuf 0x32f6e4, nbufs 1, flags 0, from 0x32f734, fromlen 16, ovl (nil), func (nil)
0009:trace:winsock:WS2_recv_base fd=35, options=20
0009:trace:winsock:WS2_recv_base  -> 9 bytes
0009:trace:winsock:WS2_sendto socket 0130, wsabuf 0x32e974, nbufs 1, flags 0, to 0x1337f64, tolen 16, ovl (nil), func (nil)
0009:trace:winsock:WS2_sendto fd=35, options=20
0009:trace:winsock:WS2_sendto  -> 65 bytes
0009:trace:winsock:WS2_recv_base socket 0130, wsabuf 0x32f6e4, nbufs 1, flags 0, from 0x32f734, fromlen 16, ovl (nil), func (nil)
0009:trace:winsock:WS2_recv_base fd=35, options=20
0009:trace:winsock:WS2_recv_base  -> 9 bytes
0009:trace:winsock:WS2_sendto socket 0130, wsabuf 0x32e974, nbufs 1, flags 0, to 0x1337f64, tolen 16, ovl (nil), func (nil)
0009:trace:winsock:WS2_sendto fd=35, options=20
0009:trace:winsock:WS2_sendto  -> 65 bytes
0009:trace:winsock:WS2_recv_base socket 0130, wsabuf 0x32f6e4, nbufs 1, flags 0, from 0x32f734, fromlen 16, ovl (nil), func (nil)
0009:trace:winsock:WS2_recv_base fd=35, options=20
0009:trace:winsock:WS2_recv_base  -> 9 bytes
0009:trace:winsock:WS2_sendto socket 0130, wsabuf 0x32e974, nbufs 1, flags 0, to 0x1337f64, tolen 16, ovl (nil), func (nil)
0009:trace:winsock:WS2_sendto fd=35, options=20
0009:trace:winsock:WS2_sendto  -> 65 bytes
0009:trace:winsock:WS2_recv_base socket 0130, wsabuf 0x32f6e4, nbufs 1, flags 0, from 0x32f734, fromlen 16, ovl (nil), func (nil)
0009:trace:winsock:WS2_recv_base fd=35, options=20
0009:trace:winsock:WS2_recv_base  -> 9 bytes
0009:trace:winsock:WS2_sendto socket 0130, wsabuf 0x32e974, nbufs 1, flags 0, to 0x1337f64, tolen 16, ovl (nil), func (nil)
0009:trace:winsock:WS2_sendto fd=35, options=20
0009:trace:winsock:WS2_sendto  -> 65 bytes
0009:trace:winsock:WS2_recv_base socket 0130, wsabuf 0x32f6e4, nbufs 1, flags 0, from 0x32f734, fromlen 16, ovl (nil), func (nil)
0009:trace:winsock:WS2_recv_base fd=35, options=20
0009:trace:winsock:WS2_recv_base  -> 9 bytes
0009:trace:winsock:WS2_sendto socket 0130, wsabuf 0x32e974, nbufs 1, flags 0, to 0x1337f64, tolen 16, ovl (nil), func (nil)
0009:trace:winsock:WS2_sendto fd=35, options=20
0009:trace:winsock:WS2_sendto  -> 65 bytes
0009:trace:winsock:WS2_recv_base socket 0130, wsabuf 0x32f6e4, nbufs 1, flags 0, from 0x32f734, fromlen 16, ovl (nil), func (nil)
0009:trace:winsock:WS2_recv_base fd=35, options=20
0009:trace:winsock:WS2_recv_base  -> 9 bytes
0009:trace:winsock:WS2_sendto socket 0130, wsabuf 0x32e974, nbufs 1, flags 0, to 0x1337f64, tolen 16, ovl (nil), func (nil)
0009:trace:winsock:WS2_sendto fd=35, options=20
0009:trace:winsock:WS2_sendto  -> 65 bytes
0009:trace:winsock:WS2_recv_base socket 0130, wsabuf 0x32f6e4, nbufs 1, flags 0, from 0x32f734, fromlen 16, ovl (nil), func (nil)
0009:trace:winsock:WS2_recv_base fd=35, options=20
0009:trace:winsock:WS2_recv_base  -> 9 bytes
0009:trace:winsock:WS2_sendto socket 0130, wsabuf 0x32e974, nbufs 1, flags 0, to 0x1337f64, tolen 16, ovl (nil), func (nil)
0009:trace:winsock:WS2_sendto fd=35, options=20
0009:trace:winsock:WS2_sendto  -> 65 bytes
0009:trace:winsock:WS2_recv_base socket 0130, wsabuf 0x32f6e4, nbufs 1, flags 0, from 0x32f734, fromlen 16, ovl (nil), func (nil)
0009:trace:winsock:WS2_recv_base fd=35, options=20
0009:trace:winsock:WS2_recv_base  -> 9 bytes
0009:trace:winsock:WS2_sendto socket 0130, wsabuf 0x32e974, nbufs 1, flags 0, to 0x1337f64, tolen 16, ovl (nil), func (nil)
0009:trace:winsock:WS2_sendto fd=35, options=20
0009:trace:winsock:WS2_sendto  -> 65 bytes
0009:trace:winsock:WS2_recv_base socket 0130, wsabuf 0x32f6e4, nbufs 1, flags 0, from 0x32f734, fromlen 16, ovl (nil), func (nil)
0009:trace:winsock:WS2_recv_base fd=35, options=20
0009:trace:winsock:WS2_recv_base  -> 9 bytes
0009:trace:winsock:WS2_sendto socket 0130, wsabuf 0x32e974, nbufs 1, flags 0, to 0x1337f64, tolen 16, ovl (nil), func (nil)
0009:trace:winsock:WS2_sendto fd=35, options=20
0009:trace:winsock:WS2_sendto  -> 65 bytes
0009:trace:winsock:WS2_recv_base socket 0130, wsabuf 0x32f6e4, nbufs 1, flags 0, from 0x32f734, fromlen 16, ovl (nil), func (nil)
0009:trace:winsock:WS2_recv_base fd=35, options=20
0009:trace:winsock:WS2_recv_base  -> 9 bytes
0009:trace:winsock:WS2_sendto socket 0130, wsabuf 0x32e974, nbufs 1, flags 0, to 0x1337f64, tolen 16, ovl (nil), func (nil)
0009:trace:winsock:WS2_sendto fd=35, options=20
0009:trace:winsock:WS2_sendto  -> 65 bytes
0009:trace:winsock:WS2_recv_base socket 0130, wsabuf 0x32f6e4, nbufs 1, flags 0, from 0x32f734, fromlen 16, ovl (nil), func (nil)
0009:trace:winsock:WS2_recv_base fd=35, options=20
0009:trace:winsock:WS2_recv_base  -> 9 bytes
0009:trace:winsock:WS2_sendto socket 0130, wsabuf 0x32e974, nbufs 1, flags 0, to 0x1337f64, tolen 16, ovl (nil), func (nil)
0009:trace:winsock:WS2_sendto fd=35, options=20
0009:trace:winsock:WS2_sendto  -> 65 bytes
0009:trace:winsock:WS2_recv_base socket 0130, wsabuf 0x32f6e4, nbufs 1, flags 0, from 0x32f734, fromlen 16, ovl (nil), func (nil)
0009:trace:winsock:WS2_recv_base fd=35, options=20
0009:trace:winsock:WS2_recv_base  -> 9 bytes
0009:trace:winsock:WS2_sendto socket 0130, wsabuf 0x32e974, nbufs 1, flags 0, to 0x1337f64, tolen 16, ovl (nil), func (nil)
0009:trace:winsock:WS2_sendto fd=35, options=20
0009:trace:winsock:WS2_sendto  -> 65 bytes
0009:trace:winsock:WS2_recv_base socket 0130, wsabuf 0x32f6e4, nbufs 1, flags 0, from 0x32f734, fromlen 16, ovl (nil), func (nil)
0009:trace:winsock:WS2_recv_base fd=35, options=20
0009:trace:winsock:WS2_recv_base  -> 9 bytes
0009:trace:winsock:WS2_sendto socket 0130, wsabuf 0x32e974, nbufs 1, flags 0, to 0x1337f64, tolen 16, ovl (nil), func (nil)
0009:trace:winsock:WS2_sendto fd=35, options=20
0009:trace:winsock:WS2_sendto  -> 65 bytes
0009:trace:winsock:WS2_recv_base socket 0130, wsabuf 0x32f6e4, nbufs 1, flags 0, from 0x32f734, fromlen 16, ovl (nil), func (nil)
0009:trace:winsock:WS2_recv_base fd=35, options=20
0009:trace:winsock:WS2_recv_base  -> 9 bytes
0009:trace:winsock:WS2_sendto socket 0130, wsabuf 0x32e974, nbufs 1, flags 0, to 0x1337f64, tolen 16, ovl (nil), func (nil)
0009:trace:winsock:WS2_sendto fd=35, options=20
0009:trace:winsock:WS2_sendto  -> 65 bytes
0009:trace:winsock:WS2_recv_base socket 0130, wsabuf 0x32f6e4, nbufs 1, flags 0, from 0x32f734, fromlen 16, ovl (nil), func (nil)
0009:trace:winsock:WS2_recv_base fd=35, options=20
0009:trace:winsock:WS2_recv_base  -> 9 bytes
0009:trace:winsock:WS2_sendto socket 0130, wsabuf 0x32e974, nbufs 1, flags 0, to 0x1337f64, tolen 16, ovl (nil), func (nil)
0009:trace:winsock:WS2_sendto fd=35, options=20
0009:trace:winsock:WS2_sendto  -> 65 bytes
0009:trace:winsock:WS2_recv_base socket 0130, wsabuf 0x32f6e4, nbufs 1, flags 0, from 0x32f734, fromlen 16, ovl (nil), func (nil)
0009:trace:winsock:WS2_recv_base fd=35, options=20
0009:trace:winsock:WS2_recv_base  -> 9 bytes
0009:trace:winsock:WS2_sendto socket 0130, wsabuf 0x32e974, nbufs 1, flags 0, to 0x1337f64, tolen 16, ovl (nil), func (nil)
0009:trace:winsock:WS2_sendto fd=35, options=20
0009:trace:winsock:WS2_sendto  -> 65 bytes
0009:trace:winsock:WS2_recv_base socket 0130, wsabuf 0x32f6e4, nbufs 1, flags 0, from 0x32f734, fromlen 16, ovl (nil), func (nil)
0009:trace:winsock:WS2_recv_base fd=35, options=20
0009:trace:winsock:WS2_recv_base  -> 9 bytes
0009:trace:winsock:WS2_sendto socket 0130, wsabuf 0x32e974, nbufs 1, flags 0, to 0x1337f64, tolen 16, ovl (nil), func (nil)
0009:trace:winsock:WS2_sendto fd=35, options=20
0009:trace:winsock:WS2_sendto  -> 65 bytes
0009:trace:winsock:WS2_recv_base socket 0130, wsabuf 0x32f6e4, nbufs 1, flags 0, from 0x32f734, fromlen 16, ovl (nil), func (nil)
0009:trace:winsock:WS2_recv_base fd=35, options=20
0009:trace:winsock:WS2_recv_base  -> 9 bytes
0009:trace:winsock:WS2_sendto socket 0130, wsabuf 0x32e974, nbufs 1, flags 0, to 0x1337f64, tolen 16, ovl (nil), func (nil)
0009:trace:winsock:WS2_sendto fd=35, options=20
0009:trace:winsock:WS2_sendto  -> 65 bytes
0009:trace:winsock:WS2_recv_base socket 0130, wsabuf 0x32f6e4, nbufs 1, flags 0, from 0x32f734, fromlen 16, ovl (nil), func (nil)
0009:trace:winsock:WS2_recv_base fd=35, options=20
0009:trace:winsock:WS2_recv_base  -> 9 bytes
0009:trace:winsock:WS2_sendto socket 0130, wsabuf 0x32e974, nbufs 1, flags 0, to 0x1337f64, tolen 16, ovl (nil), func (nil)
0009:trace:winsock:WS2_sendto fd=35, options=20
0009:trace:winsock:WS2_sendto  -> 65 bytes
0009:trace:winsock:WS2_recv_base socket 0130, wsabuf 0x32f6e4, nbufs 1, flags 0, from 0x32f734, fromlen 16, ovl (nil), func (nil)
0009:trace:winsock:WS2_recv_base fd=35, options=20
0009:trace:winsock:WS2_recv_base  -> 9 bytes
0009:trace:winsock:WS2_sendto socket 0130, wsabuf 0x32e974, nbufs 1, flags 0, to 0x1337f64, tolen 16, ovl (nil), func (nil)
0009:trace:winsock:WS2_sendto fd=35, options=20
0009:trace:winsock:WS2_sendto  -> 65 bytes
0009:trace:winsock:WS2_recv_base socket 0130, wsabuf 0x32f6e4, nbufs 1, flags 0, from 0x32f734, fromlen 16, ovl (nil), func (nil)
0009:trace:winsock:WS2_recv_base fd=35, options=20
0009:trace:winsock:WS2_recv_base  -> 9 bytes
0009:trace:winsock:WS2_sendto socket 0130, wsabuf 0x32e974, nbufs 1, flags 0, to 0x1337f64, tolen 16, ovl (nil), func (nil)
0009:trace:winsock:WS2_sendto fd=35, options=20
0009:trace:winsock:WS2_sendto  -> 65 bytes
0009:trace:winsock:WS2_recv_base socket 0130, wsabuf 0x32f6e4, nbufs 1, flags 0, from 0x32f734, fromlen 16, ovl (nil), func (nil)
0009:trace:winsock:WS2_recv_base fd=35, options=20
0009:trace:winsock:WS2_recv_base  -> 9 bytes
0009:trace:winsock:WS2_sendto socket 0130, wsabuf 0x32e974, nbufs 1, flags 0, to 0x1337f64, tolen 16, ovl (nil), func (nil)
0009:trace:winsock:WS2_sendto fd=35, options=20
0009:trace:winsock:WS2_sendto  -> 65 bytes
0009:trace:winsock:WS2_recv_base socket 0130, wsabuf 0x32f6e4, nbufs 1, flags 0, from 0x32f734, fromlen 16, ovl (nil), func (nil)
0009:trace:winsock:WS2_recv_base fd=35, options=20
0009:trace:winsock:WS2_recv_base  -> 9 bytes
0009:trace:winsock:WS2_sendto socket 0130, wsabuf 0x32e974, nbufs 1, flags 0, to 0x1337f64, tolen 16, ovl (nil), func (nil)
0009:trace:winsock:WS2_sendto fd=35, options=20
0009:trace:winsock:WS2_sendto  -> 65 bytes
0009:trace:winsock:WS2_recv_base socket 0130, wsabuf 0x32f6e4, nbufs 1, flags 0, from 0x32f734, fromlen 16, ovl (nil), func (nil)
0009:trace:winsock:WS2_recv_base fd=35, options=20
0009:trace:winsock:WS2_recv_base  -> 9 bytes
0009:trace:winsock:WS2_sendto socket 0130, wsabuf 0x32e974, nbufs 1, flags 0, to 0x1337f64, tolen 16, ovl (nil), func (nil)
0009:trace:winsock:WS2_sendto fd=35, options=20
0009:trace:winsock:WS2_sendto  -> 65 bytes
0009:trace:winsock:WS2_recv_base socket 0130, wsabuf 0x32f6e4, nbufs 1, flags 0, from 0x32f734, fromlen 16, ovl (nil), func (nil)
0009:trace:winsock:WS2_recv_base fd=35, options=20
0009:trace:winsock:WS2_recv_base  -> 9 bytes
0009:trace:winsock:WS2_sendto socket 0130, wsabuf 0x32e974, nbufs 1, flags 0, to 0x1337f64, tolen 16, ovl (nil), func (nil)
0009:trace:winsock:WS2_sendto fd=35, options=20
0009:trace:winsock:WS2_sendto  -> 65 bytes
0009:trace:winsock:WS2_recv_base socket 0130, wsabuf 0x32f6e4, nbufs 1, flags 0, from 0x32f734, fromlen 16, ovl (nil), func (nil)
0009:trace:winsock:WS2_recv_base fd=35, options=20
0009:trace:winsock:WS2_recv_base  -> 9 bytes
0009:trace:winsock:WS2_sendto socket 0130, wsabuf 0x32e974, nbufs 1, flags 0, to 0x1337f64, tolen 16, ovl (nil), func (nil)
0009:trace:winsock:WS2_sendto fd=35, options=20
0009:trace:winsock:WS2_sendto  -> 65 bytes
0009:trace:winsock:WS2_recv_base socket 0130, wsabuf 0x32f6e4, nbufs 1, flags 0, from 0x32f734, fromlen 16, ovl (nil), func (nil)
0009:trace:winsock:WS2_recv_base fd=35, options=20
0009:trace:winsock:WS2_recv_base  -> 9 bytes
0009:trace:winsock:WS2_sendto socket 0130, wsabuf 0x32e974, nbufs 1, flags 0, to 0x1337f64, tolen 16, ovl (nil), func (nil)
0009:trace:winsock:WS2_sendto fd=35, options=20
0009:trace:winsock:WS2_sendto  -> 65 bytes
0009:trace:winsock:WS2_recv_base socket 0130, wsabuf 0x32f6e4, nbufs 1, flags 0, from 0x32f734, fromlen 16, ovl (nil), func (nil)
0009:trace:winsock:WS2_recv_base fd=35, options=20
0009:trace:winsock:WS2_recv_base  -> 9 bytes
0009:trace:winsock:WS2_sendto socket 0130, wsabuf 0x32e974, nbufs 1, flags 0, to 0x1337f64, tolen 16, ovl (nil), func (nil)
0009:trace:winsock:WS2_sendto fd=35, options=20
0009:trace:winsock:WS2_sendto  -> 65 bytes
0009:trace:winsock:WS2_recv_base socket 0130, wsabuf 0x32f6e4, nbufs 1, flags 0, from 0x32f734, fromlen 16, ovl (nil), func (nil)
0009:trace:winsock:WS2_recv_base fd=35, options=20
0009:trace:winsock:WS2_recv_base  -> 9 bytes
0009:trace:winsock:WS2_sendto socket 0130, wsabuf 0x32e974, nbufs 1, flags 0, to 0x1337f64, tolen 16, ovl (nil), func (nil)
0009:trace:winsock:WS2_sendto fd=35, options=20
0009:trace:winsock:WS2_sendto  -> 65 bytes
0009:trace:winsock:WS2_recv_base socket 0130, wsabuf 0x32f6e4, nbufs 1, flags 0, from 0x32f734, fromlen 16, ovl (nil), func (nil)
0009:trace:winsock:WS2_recv_base fd=35, options=20
0009:trace:winsock:WS2_recv_base  -> 9 bytes
0009:trace:winsock:WS2_sendto socket 0130, wsabuf 0x32e974, nbufs 1, flags 0, to 0x1337f64, tolen 16, ovl (nil), func (nil)
0009:trace:winsock:WS2_sendto fd=35, options=20
0009:trace:winsock:WS2_sendto  -> 65 bytes
0009:trace:winsock:WS2_recv_base socket 0130, wsabuf 0x32f6e4, nbufs 1, flags 0, from 0x32f734, fromlen 16, ovl (nil), func (nil)
0009:trace:winsock:WS2_recv_base fd=35, options=20
0009:trace:winsock:WS2_recv_base  -> 9 bytes
0009:trace:winsock:WS2_sendto socket 0130, wsabuf 0x32e974, nbufs 1, flags 0, to 0x1337f64, tolen 16, ovl (nil), func (nil)
0009:trace:winsock:WS2_sendto fd=35, options=20
0009:trace:winsock:WS2_sendto  -> 65 bytes
0009:trace:winsock:WS2_recv_base socket 0130, wsabuf 0x32f6e4, nbufs 1, flags 0, from 0x32f734, fromlen 16, ovl (nil), func (nil)
0009:trace:winsock:WS2_recv_base fd=35, options=20
0009:trace:winsock:WS2_recv_base  -> 9 bytes
0009:trace:winsock:WS2_sendto socket 0130, wsabuf 0x32e974, nbufs 1, flags 0, to 0x1337f64, tolen 16, ovl (nil), func (nil)
0009:trace:winsock:WS2_sendto fd=35, options=20
0009:trace:winsock:WS2_sendto  -> 65 bytes
0009:trace:winsock:WS2_recv_base socket 0130, wsabuf 0x32f6e4, nbufs 1, flags 0, from 0x32f734, fromlen 16, ovl (nil), func (nil)
0009:trace:winsock:WS2_recv_base fd=35, options=20
0009:trace:winsock:WS2_recv_base  -> 9 bytes
0009:trace:winsock:WS2_sendto socket 0130, wsabuf 0x32e974, nbufs 1, flags 0, to 0x1337f64, tolen 16, ovl (nil), func (nil)
0009:trace:winsock:WS2_sendto fd=35, options=20
0009:trace:winsock:WS2_sendto  -> 65 bytes
0009:trace:winsock:WS2_recv_base socket 0130, wsabuf 0x32f6e4, nbufs 1, flags 0, from 0x32f734, fromlen 16, ovl (nil), func (nil)
0009:trace:winsock:WS2_recv_base fd=35, options=20
0009:trace:winsock:WS2_recv_base  -> 9 bytes
0009:trace:winsock:WS2_sendto socket 0130, wsabuf 0x32e974, nbufs 1, flags 0, to 0x1337f64, tolen 16, ovl (nil), func (nil)
0009:trace:winsock:WS2_sendto fd=35, options=20
0009:trace:winsock:WS2_sendto  -> 65 bytes
0009:trace:winsock:WS2_recv_base socket 0130, wsabuf 0x32f6e4, nbufs 1, flags 0, from 0x32f734, fromlen 16, ovl (nil), func (nil)
0009:trace:winsock:WS2_recv_base fd=35, options=20
0009:trace:winsock:WS2_recv_base  -> 9 bytes
0009:trace:winsock:WS2_sendto socket 0130, wsabuf 0x32e974, nbufs 1, flags 0, to 0x1337f64, tolen 16, ovl (nil), func (nil)
0009:trace:winsock:WS2_sendto fd=35, options=20
0009:trace:winsock:WS2_sendto  -> 65 bytes
0009:trace:winsock:WS2_recv_base socket 0130, wsabuf 0x32f6e4, nbufs 1, flags 0, from 0x32f734, fromlen 16, ovl (nil), func (nil)
0009:trace:winsock:WS2_recv_base fd=35, options=20
0009:trace:winsock:WS2_recv_base  -> 9 bytes
0009:trace:winsock:WS2_sendto socket 0130, wsabuf 0x32e974, nbufs 1, flags 0, to 0x1337f64, tolen 16, ovl (nil), func (nil)
0009:trace:winsock:WS2_sendto fd=35, options=20
0009:trace:winsock:WS2_sendto  -> 65 bytes
0009:trace:winsock:WS2_recv_base socket 0130, wsabuf 0x32f6e4, nbufs 1, flags 0, from 0x32f734, fromlen 16, ovl (nil), func (nil)
0009:trace:winsock:WS2_recv_base fd=35, options=20
0009:trace:winsock:WS2_recv_base  -> 9 bytes
0009:trace:winsock:WS2_sendto socket 0130, wsabuf 0x32e974, nbufs 1, flags 0, to 0x1337f64, tolen 16, ovl (nil), func (nil)
0009:trace:winsock:WS2_sendto fd=35, options=20
0009:trace:winsock:WS2_sendto  -> 65 bytes
0009:trace:winsock:WS2_recv_base socket 0130, wsabuf 0x32f6e4, nbufs 1, flags 0, from 0x32f734, fromlen 16, ovl (nil), func (nil)
0009:trace:winsock:WS2_recv_base fd=35, options=20
0009:trace:winsock:WS2_recv_base  -> 9 bytes
0009:trace:winsock:WS2_sendto socket 0130, wsabuf 0x32e974, nbufs 1, flags 0, to 0x1338f64, tolen 16, ovl (nil), func (nil)
0009:trace:winsock:WS2_sendto fd=35, options=20
0009:trace:winsock:WS2_sendto  -> 65 bytes
0009:trace:winsock:WS2_recv_base socket 0130, wsabuf 0x32f6e4, nbufs 1, flags 0, from 0x32f734, fromlen 16, ovl (nil), func (nil)
0009:trace:winsock:WS2_recv_base fd=35, options=20
0009:trace:winsock:WS2_recv_base  -> 9 bytes
0009:trace:winsock:WS2_sendto socket 0130, wsabuf 0x32e974, nbufs 1, flags 0, to 0x1338f64, tolen 16, ovl (nil), func (nil)
0009:trace:winsock:WS2_sendto fd=35, options=20
0009:trace:winsock:WS2_sendto  -> 65 bytes
0009:trace:winsock:WS2_recv_base socket 0130, wsabuf 0x32f6e4, nbufs 1, flags 0, from 0x32f734, fromlen 16, ovl (nil), func (nil)
0009:trace:winsock:WS2_recv_base fd=35, options=20
0009:trace:winsock:WS2_recv_base  -> 9 bytes
0009:trace:winsock:WS2_sendto socket 0130, wsabuf 0x32e974, nbufs 1, flags 0, to 0x1338f64, tolen 16, ovl (nil), func (nil)
0009:trace:winsock:WS2_sendto fd=35, options=20
0009:trace:winsock:WS2_sendto  -> 65 bytes
0009:trace:winsock:WS2_recv_base socket 0130, wsabuf 0x32f6e4, nbufs 1, flags 0, from 0x32f734, fromlen 16, ovl (nil), func (nil)
0009:trace:winsock:WS2_recv_base fd=35, options=20
0009:trace:winsock:WS2_recv_base  -> 9 bytes
0009:trace:winsock:WS2_sendto socket 0130, wsabuf 0x32e974, nbufs 1, flags 0, to 0x1338f64, tolen 16, ovl (nil), func (nil)
0009:trace:winsock:WS2_sendto fd=35, options=20
0009:trace:winsock:WS2_sendto  -> 65 bytes
0009:trace:winsock:WS2_recv_base socket 0130, wsabuf 0x32f6e4, nbufs 1, flags 0, from 0x32f734, fromlen 16, ovl (nil), func (nil)
0009:trace:winsock:WS2_recv_base fd=35, options=20
0009:trace:winsock:WS2_recv_base  -> 9 bytes
0009:trace:winsock:WS2_sendto socket 0130, wsabuf 0x32e974, nbufs 1, flags 0, to 0x1338f64, tolen 16, ovl (nil), func (nil)
0009:trace:winsock:WS2_sendto fd=35, options=20
0009:trace:winsock:WS2_sendto  -> 65 bytes
0009:trace:winsock:WS2_recv_base socket 0130, wsabuf 0x32f6e4, nbufs 1, flags 0, from 0x32f734, fromlen 16, ovl (nil), func (nil)
0009:trace:winsock:WS2_recv_base fd=35, options=20
0009:trace:winsock:WS2_recv_base  -> 9 bytes
0009:trace:winsock:WS2_sendto socket 0130, wsabuf 0x32e974, nbufs 1, flags 0, to 0x1338f64, tolen 16, ovl (nil), func (nil)
0009:trace:winsock:WS2_sendto fd=35, options=20
0009:trace:winsock:WS2_sendto  -> 65 bytes
0009:trace:winsock:WS2_recv_base socket 0130, wsabuf 0x32f6e4, nbufs 1, flags 0, from 0x32f734, fromlen 16, ovl (nil), func (nil)
0009:trace:winsock:WS2_recv_base fd=35, options=20
0009:trace:winsock:WS2_recv_base  -> 9 bytes
0009:trace:winsock:WS2_sendto socket 0130, wsabuf 0x32e974, nbufs 1, flags 0, to 0x1338f64, tolen 16, ovl (nil), func (nil)
0009:trace:winsock:WS2_sendto fd=35, options=20
0009:trace:winsock:WS2_sendto  -> 65 bytes
0009:trace:winsock:WS2_recv_base socket 0130, wsabuf 0x32f6e4, nbufs 1, flags 0, from 0x32f734, fromlen 16, ovl (nil), func (nil)
0009:trace:winsock:WS2_recv_base fd=35, options=20
0009:trace:winsock:WS2_recv_base  -> 9 bytes
0009:trace:winsock:WS2_sendto socket 0130, wsabuf 0x32e974, nbufs 1, flags 0, to 0x1338f64, tolen 16, ovl (nil), func (nil)
0009:trace:winsock:WS2_sendto fd=35, options=20
0009:trace:winsock:WS2_sendto  -> 65 bytes
0009:trace:winsock:WS2_recv_base socket 0130, wsabuf 0x32f6e4, nbufs 1, flags 0, from 0x32f734, fromlen 16, ovl (nil), func (nil)
0009:trace:winsock:WS2_recv_base fd=35, options=20
0009:trace:winsock:WS2_recv_base  -> 9 bytes
0009:trace:winsock:WS2_sendto socket 0130, wsabuf 0x32e974, nbufs 1, flags 0, to 0x1338f64, tolen 16, ovl (nil), func (nil)
0009:trace:winsock:WS2_sendto fd=35, options=20
0009:trace:winsock:WS2_sendto  -> 65 bytes
0009:trace:winsock:WS2_recv_base socket 0130, wsabuf 0x32f6e4, nbufs 1, flags 0, from 0x32f734, fromlen 16, ovl (nil), func (nil)
0009:trace:winsock:WS2_recv_base fd=35, options=20
0009:trace:winsock:WS2_recv_base  -> 9 bytes
0009:trace:winsock:WS2_sendto socket 0130, wsabuf 0x32e974, nbufs 1, flags 0, to 0x1338f64, tolen 16, ovl (nil), func (nil)
0009:trace:winsock:WS2_sendto fd=35, options=20
0009:trace:winsock:WS2_sendto  -> 65 bytes
0009:trace:winsock:WS2_recv_base socket 0130, wsabuf 0x32f6e4, nbufs 1, flags 0, from 0x32f734, fromlen 16, ovl (nil), func (nil)
0009:trace:winsock:WS2_recv_base fd=35, options=20
0009:trace:winsock:WS2_recv_base  -> 9 bytes
0009:trace:winsock:WS2_sendto socket 0130, wsabuf 0x32e974, nbufs 1, flags 0, to 0x1338f64, tolen 16, ovl (nil), func (nil)
0009:trace:winsock:WS2_sendto fd=35, options=20
0009:trace:winsock:WS2_sendto  -> 65 bytes
0009:trace:winsock:WS2_recv_base socket 0130, wsabuf 0x32f6e4, nbufs 1, flags 0, from 0x32f734, fromlen 16, ovl (nil), func (nil)
0009:trace:winsock:WS2_recv_base fd=35, options=20
0009:trace:winsock:WS2_recv_base  -> 9 bytes
0009:trace:winsock:WS2_sendto socket 0130, wsabuf 0x32e974, nbufs 1, flags 0, to 0x1338f64, tolen 16, ovl (nil), func (nil)
0009:trace:winsock:WS2_sendto fd=35, options=20
0009:trace:winsock:WS2_sendto  -> 65 bytes
0009:trace:winsock:WS2_recv_base socket 0130, wsabuf 0x32f6e4, nbufs 1, flags 0, from 0x32f734, fromlen 16, ovl (nil), func (nil)
0009:trace:winsock:WS2_recv_base fd=35, options=20
0009:trace:winsock:WS2_recv_base  -> 9 bytes
0009:trace:winsock:WS2_sendto socket 0130, wsabuf 0x32e974, nbufs 1, flags 0, to 0x1338f64, tolen 16, ovl (nil), func (nil)
0009:trace:winsock:WS2_sendto fd=35, options=20
0009:trace:winsock:WS2_sendto  -> 65 bytes
0009:trace:winsock:WS2_recv_base socket 0130, wsabuf 0x32f6e4, nbufs 1, flags 0, from 0x32f734, fromlen 16, ovl (nil), func (nil)
0009:trace:winsock:WS2_recv_base fd=35, options=20
0009:trace:winsock:WS2_recv_base  -> 41 bytes
0009:trace:winsock:WSASocketA af=2 type=1 protocol=6 protocol_info=(nil) group=0 flags=0x1
0009:trace:winsock:WSASocketW af=2 type=1 protocol=6 protocol_info=(nil) group=0 flags=0x1
0009:trace:winsock:WSASocketW 	created 0104
0009:trace:winsock:WS_setsockopt (socket 0104, level SOL_SOCKET, name SO_REUSEADDR, optval 0x32e900 (1), optlen 4)
0009:trace:winsock:WS_inet_ntop family 2, addr (0x1ad60a4), buffer (0x32e77e), len 16
0009:trace:winsock:WS_bind socket 0104, ptr 0x1ad60a0 { family AF_INET, address 192.168.49.3, port 2300 }, length 16
0009:trace:winsock:WS_listen socket 0104, backlog 16
0009:trace:winsock:WSAAsyncSelect 0104, hWnd 0x100a4, uMsg 00000400, event 00000008
0009:trace:winsock:WS_getsockname socket 0104, ptr 0x32e918, len 00000010
0009:trace:winsock:WS_inet_ntop family 2, addr (0x32e91c), buffer (0x32e7ce), len 16
0009:trace:winsock:WS_getsockname => { family AF_INET, address 192.168.49.3, port 2300 }
0009:trace:winsock:WSASocketA af=2 type=2 protocol=17 protocol_info=(nil) group=0 flags=0x0
0009:trace:winsock:WSASocketW af=2 type=2 protocol=17 protocol_info=(nil) group=0 flags=0x0
0009:trace:winsock:WSASocketW 	created 0138
0009:trace:winsock:WS_setsockopt (socket 0138, level SOL_SOCKET, name SO_BROADCAST, optval 0x32e8e0 (1), optlen 4)
0009:trace:winsock:WS_setsockopt (socket 0138, level SOL_SOCKET, name SO_REUSEADDR, optval 0x32e8e0 (1), optlen 4)
0009:trace:winsock:WS_inet_ntop family 2, addr (0x6ca638c), buffer (0x32e75e), len 16
0009:trace:winsock:WS_bind socket 0138, ptr 0x6ca6388 { family AF_INET, address 192.168.49.3, port 2300 }, length 16
0009:trace:winsock:interface_bind Socket 0138 bound to interface index 2
0009:trace:winsock:WS_getsockname socket 0138, ptr 0x6ca6388, len 00000010
0009:trace:winsock:WS_inet_ntop family 2, addr (0x6ca638c), buffer (0x32e7ae), len 16
0009:trace:winsock:WS_getsockname => { family AF_INET, address 192.168.49.3, port 2300 }
0009:trace:winsock:WSAAsyncSelect 0138, hWnd 0x100a6, uMsg 00000400, event 00000003
0009:trace:winsock:WS2_sendto socket 0130, wsabuf 0x32e974, nbufs 1, flags 0, to 0x64b9914, tolen 16, ovl (nil), func (nil)
0009:trace:winsock:WS2_sendto fd=43, options=20
0009:trace:winsock:WS2_sendto  -> 41 bytes
0009:trace:winsock:WS2_recv_base socket 0130, wsabuf 0x32f6e4, nbufs 1, flags 0, from 0x32f734, fromlen 16, ovl (nil), func (nil)
0009:trace:winsock:WS2_recv_base fd=43, options=20
0009:trace:winsock:WS2_recv_base  -> 9 bytes
0009:trace:winsock:WS2_sendto socket 0130, wsabuf 0x32e974, nbufs 1, flags 0, to 0x34b0084, tolen 16, ovl (nil), func (nil)
0009:trace:winsock:WS2_sendto fd=43, options=20
0009:trace:winsock:WS2_sendto  -> 65 bytes
0009:trace:winsock:WS2_sendto socket 0138, wsabuf 0x32f604, nbufs 1, flags 0, to 0x64b9914, tolen 16, ovl (nil), func (nil)
0009:trace:winsock:WS2_sendto fd=43, options=20
0009:trace:winsock:WS2_sendto  -> 40 bytes
0009:trace:winsock:WS2_sendto socket 0138, wsabuf 0x32f604, nbufs 1, flags 0, to 0x64b9914, tolen 16, ovl (nil), func (nil)
0009:trace:winsock:WS2_sendto fd=43, options=20
0009:trace:winsock:WS2_sendto  -> 40 bytes
0009:trace:winsock:WS2_sendto socket 0138, wsabuf 0x32f5e4, nbufs 1, flags 0, to 0x2bbbd94, tolen 16, ovl (nil), func (nil)
0009:trace:winsock:WS2_sendto fd=43, options=20
0009:trace:winsock:WS2_sendto  -> 10 bytes
0009:trace:winsock:WS2_sendto socket 0138, wsabuf 0x32f604, nbufs 1, flags 0, to 0x64b9914, tolen 16, ovl (nil), func (nil)
0009:trace:winsock:WS2_sendto fd=43, options=20
0009:trace:winsock:WS2_sendto  -> 40 bytes
0009:trace:winsock:WS2_recv_base socket 0130, wsabuf 0x32f6e4, nbufs 1, flags 0, from 0x32f734, fromlen 16, ovl (nil), func (nil)
0009:trace:winsock:WS2_recv_base fd=43, options=20
0009:trace:winsock:WS2_recv_base  -> 9 bytes
0009:trace:winsock:WS2_sendto socket 0130, wsabuf 0x32e974, nbufs 1, flags 0, to 0x34b00f4, tolen 16, ovl (nil), func (nil)
0009:trace:winsock:WS2_sendto fd=43, options=20
0009:trace:winsock:WS2_sendto  -> 65 bytes
0009:trace:winsock:WS2_sendto socket 0138, wsabuf 0x32f604, nbufs 1, flags 0, to 0x64b9914, tolen 16, ovl (nil), func (nil)
0009:trace:winsock:WS2_sendto fd=43, options=20
0009:trace:winsock:WS2_sendto  -> 40 bytes
0009:trace:winsock:WS2_sendto socket 0138, wsabuf 0x32f604, nbufs 1, flags 0, to 0x64b9914, tolen 16, ovl (nil), func (nil)
0009:trace:winsock:WS2_sendto fd=43, options=20
0009:trace:winsock:WS2_sendto  -> 40 bytes
0009:trace:winsock:WS2_sendto socket 0138, wsabuf 0x32f5e4, nbufs 1, flags 0, to 0x2bbad94, tolen 16, ovl (nil), func (nil)
0009:trace:winsock:WS2_sendto fd=43, options=20
0009:trace:winsock:WS2_sendto  -> 10 bytes
0009:trace:winsock:WS2_sendto socket 0138, wsabuf 0x32f604, nbufs 1, flags 0, to 0x64b9914, tolen 16, ovl (nil), func (nil)
0009:trace:winsock:WS2_sendto fd=43, options=20
0009:trace:winsock:WS2_sendto  -> 40 bytes
0009:trace:winsock:WS2_recv_base socket 0138, wsabuf 0x32f6e4, nbufs 1, flags 0, from 0x32f734, fromlen 16, ovl (nil), func (nil)
0009:trace:winsock:WS2_recv_base fd=43, options=20
0009:trace:winsock:WS2_recv_base  -> 40 bytes
0009:trace:winsock:WS2_recv_base socket 0130, wsabuf 0x32f6e4, nbufs 1, flags 0, from 0x32f734, fromlen 16, ovl (nil), func (nil)
0009:trace:winsock:WS2_recv_base fd=43, options=20
0009:trace:winsock:WS2_recv_base  -> 9 bytes
0009:trace:winsock:WS2_sendto socket 0130, wsabuf 0x32e974, nbufs 1, flags 0, to 0x34b0164, tolen 16, ovl (nil), func (nil)
0009:trace:winsock:WS2_sendto fd=43, options=20
0009:trace:winsock:WS2_sendto  -> 65 bytes
0009:trace:winsock:WS2_recv_base socket 0138, wsabuf 0x32f6e4, nbufs 1, flags 0, from 0x32f734, fromlen 16, ovl (nil), func (nil)
0009:trace:winsock:WS2_recv_base fd=43, options=20
0009:trace:winsock:WS2_recv_base  -> 40 bytes
0009:trace:winsock:WS2_sendto socket 0138, wsabuf 0x32f5a4, nbufs 1, flags 0, to 0x64b9914, tolen 16, ovl (nil), func (nil)
0009:trace:winsock:WS2_sendto fd=43, options=20
0009:trace:winsock:WS2_sendto  -> 40 bytes
0009:trace:winsock:WS2_sendto socket 0138, wsabuf 0x32f5e4, nbufs 1, flags 0, to 0x2bbad94, tolen 16, ovl (nil), func (nil)
0009:trace:winsock:WS2_sendto fd=43, options=20
0009:trace:winsock:WS2_sendto  -> 10 bytes
0009:trace:winsock:WS2_sendto socket 0138, wsabuf 0x32f674, nbufs 1, flags 0, to 0x2bbad94, tolen 16, ovl (nil), func (nil)
0009:trace:winsock:WS2_sendto fd=43, options=20
0009:trace:winsock:WS2_sendto  -> 24 bytes
0009:trace:winsock:WS2_recv_base socket 0138, wsabuf 0x32f6e4, nbufs 1, flags 0, from 0x32f734, fromlen 16, ovl (nil), func (nil)
0009:trace:winsock:WS2_recv_base fd=43, options=20
0009:trace:winsock:WS2_recv_base  -> 24 bytes
0009:trace:winsock:WS2_sendto socket 0138, wsabuf 0x32e6f4, nbufs 1, flags 0, to 0x2bbad94, tolen 16, ovl (nil), func (nil)
0009:trace:winsock:WS2_sendto fd=43, options=20
0009:trace:winsock:WS2_sendto  -> 15 bytes
0009:trace:winsock:WS2_sendto socket 0138, wsabuf 0x32e6f4, nbufs 1, flags 0, to 0x2bbad94, tolen 16, ovl (nil), func (nil)
0009:trace:winsock:WS2_sendto fd=43, options=20
0009:trace:winsock:WS2_sendto  -> 45 bytes
0009:trace:winsock:WS2_sendto socket 0138, wsabuf 0x32e6f4, nbufs 1, flags 0, to 0x2bbad94, tolen 16, ovl (nil), func (nil)
0009:trace:winsock:WS2_sendto fd=43, options=20
0009:trace:winsock:WS2_sendto  -> 51 bytes
0009:trace:winsock:WS2_sendto socket 0138, wsabuf 0x32e5b4, nbufs 1, flags 0, to 0x2bbad94, tolen 16, ovl (nil), func (nil)
0009:trace:winsock:WS2_sendto fd=43, options=20
0009:trace:winsock:WS2_sendto  -> 16 bytes
0009:trace:winsock:WS2_sendto socket 0138, wsabuf 0x32e574, nbufs 1, flags 0, to 0x2bbad94, tolen 16, ovl (nil), func (nil)
0009:trace:winsock:WS2_sendto fd=43, options=20
0009:trace:winsock:WS2_sendto  -> 19 bytes
0009:trace:winsock:WS2_sendto socket 0138, wsabuf 0x32e504, nbufs 1, flags 0, to 0x2bbad94, tolen 16, ovl (nil), func (nil)
0009:trace:winsock:WS2_sendto fd=43, options=20
0009:trace:winsock:WS2_sendto  -> 37 bytes
0009:trace:winsock:WS2_sendto socket 0138, wsabuf 0x32e574, nbufs 1, flags 0, to 0x2bbad94, tolen 16, ovl (nil), func (nil)
0009:trace:winsock:WS2_sendto fd=43, options=20
0009:trace:winsock:WS2_sendto  -> 19 bytes
0009:trace:winsock:WS2_sendto socket 0138, wsabuf 0x32e504, nbufs 1, flags 0, to 0x2bbad94, tolen 16, ovl (nil), func (nil)
0009:trace:winsock:WS2_sendto fd=43, options=20
0009:trace:winsock:WS2_sendto  -> 40 bytes
0009:trace:winsock:WS2_sendto socket 0138, wsabuf 0x32e574, nbufs 1, flags 0, to 0x2bbad94, tolen 16, ovl (nil), func (nil)
0009:trace:winsock:WS2_sendto fd=43, options=20
0009:trace:winsock:WS2_sendto  -> 19 bytes
0009:trace:winsock:WS2_sendto socket 0138, wsabuf 0x32e504, nbufs 1, flags 0, to 0x2bb78d4, tolen 16, ovl (nil), func (nil)
0009:trace:winsock:WS2_sendto fd=43, options=20
0009:trace:winsock:WS2_sendto  -> 122 bytes
0009:trace:winsock:WS2_sendto socket 0138, wsabuf 0x32e574, nbufs 1, flags 0, to 0x2bbad94, tolen 16, ovl (nil), func (nil)
0009:trace:winsock:WS2_sendto fd=43, options=20
0009:trace:winsock:WS2_sendto  -> 19 bytes
0009:trace:winsock:WS2_sendto socket 0138, wsabuf 0x32e504, nbufs 1, flags 0, to 0x6cc0214, tolen 16, ovl (nil), func (nil)
0009:trace:winsock:WS2_sendto fd=43, options=20
0009:trace:winsock:WS2_sendto  -> 139 bytes
0009:trace:winsock:WS2_sendto socket 0138, wsabuf 0x32e574, nbufs 1, flags 0, to 0x2bbad94, tolen 16, ovl (nil), func (nil)
0009:trace:winsock:WS2_sendto fd=43, options=20
0009:trace:winsock:WS2_sendto  -> 19 bytes
0009:trace:winsock:WS2_sendto socket 0138, wsabuf 0x32e504, nbufs 1, flags 0, to 0x2bbad94, tolen 16, ovl (nil), func (nil)
0009:trace:winsock:WS2_sendto fd=43, options=20
0009:trace:winsock:WS2_sendto  -> 43 bytes
0009:trace:winsock:WS2_sendto socket 0138, wsabuf 0x32e574, nbufs 1, flags 0, to 0x2bbad94, tolen 16, ovl (nil), func (nil)
0009:trace:winsock:WS2_sendto fd=43, options=20
0009:trace:winsock:WS2_sendto  -> 19 bytes
0009:trace:winsock:WS2_sendto socket 0138, wsabuf 0x32e504, nbufs 1, flags 0, to 0x2bbad94, tolen 16, ovl (nil), func (nil)
0009:trace:winsock:WS2_sendto fd=43, options=20
0009:trace:winsock:WS2_sendto  -> 43 bytes
0009:trace:winsock:WS2_sendto socket 0138, wsabuf 0x32e574, nbufs 1, flags 0, to 0x2bbad94, tolen 16, ovl (nil), func (nil)
0009:trace:winsock:WS2_sendto fd=43, options=20
0009:trace:winsock:WS2_sendto  -> 19 bytes
0009:trace:winsock:WS2_sendto socket 0138, wsabuf 0x32e504, nbufs 1, flags 0, to 0x2bbad94, tolen 16, ovl (nil), func (nil)
0009:trace:winsock:WS2_sendto fd=43, options=20
0009:trace:winsock:WS2_sendto  -> 43 bytes
0009:trace:winsock:WS2_sendto socket 0138, wsabuf 0x32e574, nbufs 1, flags 0, to 0x2bbad94, tolen 16, ovl (nil), func (nil)
0009:trace:winsock:WS2_sendto fd=43, options=20
0009:trace:winsock:WS2_sendto  -> 19 bytes
0009:trace:winsock:WS2_sendto socket 0138, wsabuf 0x32e504, nbufs 1, flags 0, to 0x2bbad94, tolen 16, ovl (nil), func (nil)
0009:trace:winsock:WS2_sendto fd=43, options=20
0009:trace:winsock:WS2_sendto  -> 43 bytes
0009:trace:winsock:WS2_sendto socket 0138, wsabuf 0x32e574, nbufs 1, flags 0, to 0x2bbad94, tolen 16, ovl (nil), func (nil)
0009:trace:winsock:WS2_sendto fd=43, options=20
0009:trace:winsock:WS2_sendto  -> 19 bytes
0009:trace:winsock:WS2_sendto socket 0138, wsabuf 0x32e504, nbufs 1, flags 0, to 0x2bbad94, tolen 16, ovl (nil), func (nil)
0009:trace:winsock:WS2_sendto fd=43, options=20
0009:trace:winsock:WS2_sendto  -> 43 bytes
0009:trace:winsock:WS2_sendto socket 0138, wsabuf 0x32e574, nbufs 1, flags 0, to 0x2bbad94, tolen 16, ovl (nil), func (nil)
0009:trace:winsock:WS2_sendto fd=43, options=20
0009:trace:winsock:WS2_sendto  -> 19 bytes
0009:trace:winsock:WS2_sendto socket 0138, wsabuf 0x32e504, nbufs 1, flags 0, to 0x2bbad94, tolen 16, ovl (nil), func (nil)
0009:trace:winsock:WS2_sendto fd=43, options=20
0009:trace:winsock:WS2_sendto  -> 43 bytes
0009:trace:winsock:WS2_sendto socket 0138, wsabuf 0x32e574, nbufs 1, flags 0, to 0x2bbad94, tolen 16, ovl (nil), func (nil)
0009:trace:winsock:WS2_sendto fd=43, options=20
0009:trace:winsock:WS2_sendto  -> 19 bytes
0009:trace:winsock:WS2_sendto socket 0138, wsabuf 0x32e504, nbufs 1, flags 0, to 0x2bbad94, tolen 16, ovl (nil), func (nil)
0009:trace:winsock:WS2_sendto fd=43, options=20
0009:trace:winsock:WS2_sendto  -> 43 bytes
0009:trace:winsock:WS2_sendto socket 0138, wsabuf 0x32e574, nbufs 1, flags 0, to 0x2bbad94, tolen 16, ovl (nil), func (nil)
0009:trace:winsock:WS2_sendto fd=43, options=20
0009:trace:winsock:WS2_sendto  -> 19 bytes
0009:trace:winsock:WS2_sendto socket 0138, wsabuf 0x32e504, nbufs 1, flags 0, to 0x2bbad94, tolen 16, ovl (nil), func (nil)
0009:trace:winsock:WS2_sendto fd=43, options=20
0009:trace:winsock:WS2_sendto  -> 43 bytes
0009:trace:winsock:WS2_sendto socket 0138, wsabuf 0x32e574, nbufs 1, flags 0, to 0x2bbad94, tolen 16, ovl (nil), func (nil)
0009:trace:winsock:WS2_sendto fd=43, options=20
0009:trace:winsock:WS2_sendto  -> 19 bytes
0009:trace:winsock:WS2_sendto socket 0138, wsabuf 0x32e504, nbufs 1, flags 0, to 0x2bbad94, tolen 16, ovl (nil), func (nil)
0009:trace:winsock:WS2_sendto fd=43, options=20
0009:trace:winsock:WS2_sendto  -> 43 bytes
0009:trace:winsock:WS2_sendto socket 0138, wsabuf 0x32e574, nbufs 1, flags 0, to 0x2bbad94, tolen 16, ovl (nil), func (nil)
0009:trace:winsock:WS2_sendto fd=43, options=20
0009:trace:winsock:WS2_sendto  -> 19 bytes
0009:trace:winsock:WS2_sendto socket 0138, wsabuf 0x32e504, nbufs 1, flags 0, to 0x2bbad94, tolen 16, ovl (nil), func (nil)
0009:trace:winsock:WS2_sendto fd=43, options=20
0009:trace:winsock:WS2_sendto  -> 43 bytes
0009:trace:winsock:WS2_sendto socket 0138, wsabuf 0x32e574, nbufs 1, flags 0, to 0x2bbad94, tolen 16, ovl (nil), func (nil)
0009:trace:winsock:WS2_sendto fd=43, options=20
0009:trace:winsock:WS2_sendto  -> 19 bytes
0009:trace:winsock:WS2_sendto socket 0138, wsabuf 0x32e504, nbufs 1, flags 0, to 0x2bbad94, tolen 16, ovl (nil), func (nil)
0009:trace:winsock:WS2_sendto fd=43, options=20
0009:trace:winsock:WS2_sendto  -> 43 bytes
0009:trace:winsock:WS2_sendto socket 0138, wsabuf 0x32e574, nbufs 1, flags 0, to 0x2bbad94, tolen 16, ovl (nil), func (nil)
0009:trace:winsock:WS2_sendto fd=43, options=20
0009:trace:winsock:WS2_sendto  -> 19 bytes
0009:trace:winsock:WS2_sendto socket 0138, wsabuf 0x32e504, nbufs 1, flags 0, to 0x2bbad94, tolen 16, ovl (nil), func (nil)
0009:trace:winsock:WS2_sendto fd=43, options=20
0009:trace:winsock:WS2_sendto  -> 43 bytes
0009:trace:winsock:WS2_sendto socket 0138, wsabuf 0x32e574, nbufs 1, flags 0, to 0x2bbad94, tolen 16, ovl (nil), func (nil)
0009:trace:winsock:WS2_sendto fd=43, options=20
0009:trace:winsock:WS2_sendto  -> 19 bytes
0009:trace:winsock:WS2_sendto socket 0138, wsabuf 0x32e504, nbufs 1, flags 0, to 0x2bbad94, tolen 16, ovl (nil), func (nil)
0009:trace:winsock:WS2_sendto fd=43, options=20
0009:trace:winsock:WS2_sendto  -> 43 bytes
0009:trace:winsock:WS2_sendto socket 0138, wsabuf 0x32e574, nbufs 1, flags 0, to 0x2bbad94, tolen 16, ovl (nil), func (nil)
0009:trace:winsock:WS2_sendto fd=43, options=20
0009:trace:winsock:WS2_sendto  -> 19 bytes
0009:trace:winsock:WS2_sendto socket 0138, wsabuf 0x32e504, nbufs 1, flags 0, to 0x2bbad94, tolen 16, ovl (nil), func (nil)
0009:trace:winsock:WS2_sendto fd=43, options=20
0009:trace:winsock:WS2_sendto  -> 43 bytes
0009:trace:winsock:WS2_sendto socket 0138, wsabuf 0x32e574, nbufs 1, flags 0, to 0x2bbad94, tolen 16, ovl (nil), func (nil)
0009:trace:winsock:WS2_sendto fd=43, options=20
0009:trace:winsock:WS2_sendto  -> 19 bytes
0009:trace:winsock:WS2_sendto socket 0138, wsabuf 0x32e504, nbufs 1, flags 0, to 0x2bbad94, tolen 16, ovl (nil), func (nil)
0009:trace:winsock:WS2_sendto fd=43, options=20
0009:trace:winsock:WS2_sendto  -> 43 bytes
0009:trace:winsock:WS2_sendto socket 0138, wsabuf 0x32e574, nbufs 1, flags 0, to 0x2bbad94, tolen 16, ovl (nil), func (nil)
0009:trace:winsock:WS2_sendto fd=43, options=20
0009:trace:winsock:WS2_sendto  -> 19 bytes
0009:trace:winsock:WS2_sendto socket 0138, wsabuf 0x32e504, nbufs 1, flags 0, to 0x2bbad94, tolen 16, ovl (nil), func (nil)
0009:trace:winsock:WS2_sendto fd=43, options=20
0009:trace:winsock:WS2_sendto  -> 43 bytes
0009:trace:winsock:WS2_sendto socket 0138, wsabuf 0x32e564, nbufs 1, flags 0, to 0x2bbad94, tolen 16, ovl (nil), func (nil)
0009:trace:winsock:WS2_sendto fd=43, options=20
0009:trace:winsock:WS2_sendto  -> 19 bytes
0009:trace:winsock:WS2_sendto socket 0138, wsabuf 0x32e4f4, nbufs 1, flags 0, to 0x2bbad94, tolen 16, ovl (nil), func (nil)
0009:trace:winsock:WS2_sendto fd=43, options=20
0009:trace:winsock:WS2_sendto  -> 25 bytes
0009:trace:winsock:WS2_sendto socket 0138, wsabuf 0x32e574, nbufs 1, flags 0, to 0x2bbad94, tolen 16, ovl (nil), func (nil)
0009:trace:winsock:WS2_sendto fd=43, options=20
0009:trace:winsock:WS2_sendto  -> 19 bytes
0009:trace:winsock:WS2_sendto socket 0138, wsabuf 0x32e504, nbufs 1, flags 0, to 0x2bbad94, tolen 16, ovl (nil), func (nil)
0009:trace:winsock:WS2_sendto fd=43, options=20
0009:trace:winsock:WS2_sendto  -> 46 bytes
0009:trace:winsock:WS2_sendto socket 0138, wsabuf 0x32e5e4, nbufs 1, flags 0, to 0x2bbad94, tolen 16, ovl (nil), func (nil)
0009:trace:winsock:WS2_sendto fd=43, options=20
0009:trace:winsock:WS2_sendto  -> 27 bytes
0009:trace:winsock:WS2_sendto socket 0138, wsabuf 0x32f9c4, nbufs 1, flags 0, to 0x2bbad94, tolen 16, ovl (nil), func (nil)
0009:trace:winsock:WS2_sendto fd=43, options=20
0009:trace:winsock:WS2_sendto  -> 12 bytes
0009:trace:winsock:WS2_recv_base socket 0138, wsabuf 0x32f6e4, nbufs 1, flags 0, from 0x32f734, fromlen 16, ovl (nil), func (nil)
0009:trace:winsock:WS2_recv_base fd=43, options=20
0009:trace:winsock:WS2_recv_base  -> 10 bytes
0009:trace:winsock:WS2_recv_base socket 0138, wsabuf 0x32f6e4, nbufs 1, flags 0, from 0x32f734, fromlen 16, ovl (nil), func (nil)
0009:trace:winsock:WS2_recv_base fd=43, options=20
0009:trace:winsock:WS2_recv_base  -> 11 bytes
0009:trace:winsock:WS2_recv_base socket 0138, wsabuf 0x32f6e4, nbufs 1, flags 0, from 0x32f734, fromlen 16, ovl (nil), func (nil)
0009:trace:winsock:WS2_recv_base fd=43, options=20
0009:trace:winsock:WS2_recv_base  -> 25 bytes
0009:trace:winsock:WS2_recv_base socket 0138, wsabuf 0x32f6e4, nbufs 1, flags 0, from 0x32f734, fromlen 16, ovl (nil), func (nil)
0009:trace:winsock:WS2_recv_base fd=43, options=20
0009:trace:winsock:WS2_recv_base  -> 25 bytes
0009:trace:winsock:WS2_recv_base socket 0138, wsabuf 0x32f6e4, nbufs 1, flags 0, from 0x32f734, fromlen 16, ovl (nil), func (nil)
0009:trace:winsock:WS2_recv_base fd=43, options=20
0009:trace:winsock:WS2_recv_base  -> 25 bytes
0009:trace:winsock:WS2_recv_base socket 0138, wsabuf 0x32f6e4, nbufs 1, flags 0, from 0x32f734, fromlen 16, ovl (nil), func (nil)
0009:trace:winsock:WS2_recv_base fd=43, options=20
0009:trace:winsock:WS2_recv_base  -> 16 bytes
0009:trace:winsock:WS2_recv_base socket 0138, wsabuf 0x32f6e4, nbufs 1, flags 0, from 0x32f734, fromlen 16, ovl (nil), func (nil)
0009:trace:winsock:WS2_recv_base fd=43, options=20
0009:trace:winsock:WS2_recv_base  -> 12 bytes
0009:trace:winsock:WS2_recv_base socket 0138, wsabuf 0x32f6e4, nbufs 1, flags 0, from 0x32f734, fromlen 16, ovl (nil), func (nil)
0009:trace:winsock:WS2_recv_base fd=43, options=20
0009:trace:winsock:WS2_recv_base  -> 24 bytes
0009:trace:winsock:WS2_recv_base socket 0138, wsabuf 0x32f6e4, nbufs 1, flags 0, from 0x32f734, fromlen 16, ovl (nil), func (nil)
0009:trace:winsock:WS2_recv_base fd=43, options=20
0009:trace:winsock:WS2_recv_base  -> 95 bytes
0009:trace:winsock:WS2_recv_base socket 0138, wsabuf 0x32f6e4, nbufs 1, flags 0, from 0x32f734, fromlen 16, ovl (nil), func (nil)
0009:trace:winsock:WS2_recv_base fd=43, options=20
0009:trace:winsock:WS2_recv_base  -> 12 bytes
0009:trace:winsock:WS2_sendto socket 0138, wsabuf 0x32ef34, nbufs 1, flags 0, to 0x2bbad94, tolen 16, ovl (nil), func (nil)
0009:trace:winsock:WS2_sendto fd=43, options=20
0009:trace:winsock:WS2_sendto  -> 12 bytes
0009:trace:winsock:WS2_sendto socket 0138, wsabuf 0x32f5e4, nbufs 1, flags 0, to 0x2bbad94, tolen 16, ovl (nil), func (nil)
0009:trace:winsock:WS2_sendto fd=43, options=20
0009:trace:winsock:WS2_sendto  -> 10 bytes
0009:trace:winsock:WS2_sendto socket 0138, wsabuf 0x32f964, nbufs 1, flags 0, to 0x2bbad94, tolen 16, ovl (nil), func (nil)
0009:trace:winsock:WS2_sendto fd=43, options=20
0009:trace:winsock:WS2_sendto  -> 16 bytes
0009:trace:winsock:WS2_recv_base socket 0130, wsabuf 0x32f6e4, nbufs 1, flags 0, from 0x32f734, fromlen 16, ovl (nil), func (nil)
0009:trace:winsock:WS2_recv_base fd=43, options=20
0009:trace:winsock:WS2_recv_base  -> 9 bytes
0009:trace:winsock:WS2_sendto socket 0130, wsabuf 0x32e974, nbufs 1, flags 0, to 0x34b0244, tolen 16, ovl (nil), func (nil)
0009:trace:winsock:WS2_sendto fd=43, options=20
0009:trace:winsock:WS2_sendto  -> 65 bytes
0009:trace:winsock:WS2_recv_base socket 0138, wsabuf 0x32f6e4, nbufs 1, flags 0, from 0x32f734, fromlen 16, ovl (nil), func (nil)
0009:trace:winsock:WS2_recv_base fd=43, options=20
0009:trace:winsock:WS2_recv_base  -> 22 bytes
0009:trace:winsock:WS2_recv_base socket 0138, wsabuf 0x32f6e4, nbufs 1, flags 0, from 0x32f734, fromlen 16, ovl (nil), func (nil)
0009:trace:winsock:WS2_recv_base fd=43, options=20
0009:trace:winsock:WS2_recv_base  -> 10 bytes
0009:trace:winsock:WS2_sendto socket 0138, wsabuf 0x32f5e4, nbufs 1, flags 0, to 0x2bbad94, tolen 16, ovl (nil), func (nil)
0009:trace:winsock:WS2_sendto fd=43, options=20
0009:trace:winsock:WS2_sendto  -> 10 bytes
0009:trace:winsock:WS2_recv_base socket 0138, wsabuf 0x32f6e4, nbufs 1, flags 0, from 0x32f734, fromlen 16, ovl (nil), func (nil)
0009:trace:winsock:WS2_recv_base fd=43, options=20
0009:trace:winsock:WS2_recv_base  -> 10 bytes
0009:trace:winsock:WS2_recv_base socket 0130, wsabuf 0x32f6e4, nbufs 1, flags 0, from 0x32f734, fromlen 16, ovl (nil), func (nil)
0009:trace:winsock:WS2_recv_base fd=43, options=20
0009:trace:winsock:WS2_recv_base  -> 9 bytes
0009:trace:winsock:WS2_sendto socket 0130, wsabuf 0x32e974, nbufs 1, flags 0, to 0x34b02b4, tolen 16, ovl (nil), func (nil)
0009:trace:winsock:WS2_sendto fd=43, options=20
0009:trace:winsock:WS2_sendto  -> 65 bytes
0009:trace:winsock:WS2_sendto socket 0138, wsabuf 0x32f5e4, nbufs 1, flags 0, to 0x2bbad94, tolen 16, ovl (nil), func (nil)
0009:trace:winsock:WS2_sendto fd=43, options=20
0009:trace:winsock:WS2_sendto  -> 10 bytes
0009:trace:winsock:WS2_recv_base socket 0138, wsabuf 0x32f6e4, nbufs 1, flags 0, from 0x32f734, fromlen 16, ovl (nil), func (nil)
0009:trace:winsock:WS2_recv_base fd=43, options=20
0009:trace:winsock:WS2_recv_base  -> 16 bytes
0009:trace:winsock:WS2_recv_base socket 0138, wsabuf 0x32f6e4, nbufs 1, flags 0, from 0x32f734, fromlen 16, ovl (nil), func (nil)
0009:trace:winsock:WS2_recv_base fd=43, options=20
0009:trace:winsock:WS2_recv_base  -> 10 bytes
0009:trace:winsock:WS2_recv_base socket 0130, wsabuf 0x32f6e4, nbufs 1, flags 0, from 0x32f734, fromlen 16, ovl (nil), func (nil)
0009:trace:winsock:WS2_recv_base fd=43, options=20
0009:trace:winsock:WS2_recv_base  -> 9 bytes
0009:trace:winsock:WS2_sendto socket 0130, wsabuf 0x32e974, nbufs 1, flags 0, to 0x34b0324, tolen 16, ovl (nil), func (nil)
0009:trace:winsock:WS2_sendto fd=43, options=20
0009:trace:winsock:WS2_sendto  -> 65 bytes
0009:trace:winsock:WS2_sendto socket 0138, wsabuf 0x32f5e4, nbufs 1, flags 0, to 0x2bbad94, tolen 16, ovl (nil), func (nil)
0009:trace:winsock:WS2_sendto fd=43, options=20
0009:trace:winsock:WS2_sendto  -> 10 bytes
0009:trace:winsock:WS2_sendto socket 0138, wsabuf 0x32f964, nbufs 1, flags 0, to 0x2bbad94, tolen 16, ovl (nil), func (nil)
0009:trace:winsock:WS2_sendto fd=43, options=20
0009:trace:winsock:WS2_sendto  -> 16 bytes
0009:trace:winsock:WS2_recv_base socket 0138, wsabuf 0x32f6e4, nbufs 1, flags 0, from 0x32f734, fromlen 16, ovl (nil), func (nil)
0009:trace:winsock:WS2_recv_base fd=43, options=20
0009:trace:winsock:WS2_recv_base  -> 22 bytes
0009:trace:winsock:WS2_recv_base socket 0138, wsabuf 0x32f6e4, nbufs 1, flags 0, from 0x32f734, fromlen 16, ovl (nil), func (nil)
0009:trace:winsock:WS2_recv_base fd=43, options=20
0009:trace:winsock:WS2_recv_base  -> 27 bytes
0009:trace:winsock:WS2_sendto socket 0138, wsabuf 0x32f9c4, nbufs 1, flags 0, to 0x2bbad94, tolen 16, ovl (nil), func (nil)
0009:trace:winsock:WS2_sendto fd=43, options=20
0009:trace:winsock:WS2_sendto  -> 12 bytes
0009:trace:winsock:WS2_recv_base socket 0138, wsabuf 0x32f6e4, nbufs 1, flags 0, from 0x32f734, fromlen 16, ovl (nil), func (nil)
0009:trace:winsock:WS2_recv_base fd=43, options=20
0009:trace:winsock:WS2_recv_base  -> 12 bytes
0009:trace:winsock:WS2_recv_base socket 0138, wsabuf 0x32f6e4, nbufs 1, flags 0, from 0x32f734, fromlen 16, ovl (nil), func (nil)
0009:trace:winsock:WS2_recv_base fd=43, options=20
0009:trace:winsock:WS2_recv_base  -> 10 bytes
0009:trace:winsock:WS2_recv_base socket 0138, wsabuf 0x32f6e4, nbufs 1, flags 0, from 0x32f734, fromlen 16, ovl (nil), func (nil)
0009:trace:winsock:WS2_recv_base fd=43, options=20
0009:trace:winsock:WS2_recv_base  -> 12 bytes
0009:trace:winsock:WS2_sendto socket 0138, wsabuf 0x32ef34, nbufs 1, flags 0, to 0x2bbad94, tolen 16, ovl (nil), func (nil)
0009:trace:winsock:WS2_sendto fd=43, options=20
0009:trace:winsock:WS2_sendto  -> 12 bytes
0009:trace:winsock:WS2_sendto socket 0138, wsabuf 0x32f5e4, nbufs 1, flags 0, to 0x2bbad94, tolen 16, ovl (nil), func (nil)
0009:trace:winsock:WS2_sendto fd=43, options=20
0009:trace:winsock:WS2_sendto  -> 10 bytes
0009:trace:winsock:WS2_recv_base socket 0130, wsabuf 0x32f6e4, nbufs 1, flags 0, from 0x32f734, fromlen 16, ovl (nil), func (nil)
0009:trace:winsock:WS2_recv_base fd=43, options=20
0009:trace:winsock:WS2_recv_base  -> 9 bytes
0009:trace:winsock:WS2_sendto socket 0130, wsabuf 0x32e974, nbufs 1, flags 0, to 0x34b0394, tolen 16, ovl (nil), func (nil)
0009:trace:winsock:WS2_sendto fd=43, options=20
0009:trace:winsock:WS2_sendto  -> 65 bytes
0009:trace:winsock:WS2_recv_base socket 0138, wsabuf 0x32f6e4, nbufs 1, flags 0, from 0x32f734, fromlen 16, ovl (nil), func (nil)
0009:trace:winsock:WS2_recv_base fd=43, options=20
0009:trace:winsock:WS2_recv_base  -> 10 bytes
0009:trace:winsock:WS2_sendto socket 0138, wsabuf 0x32f5e4, nbufs 1, flags 0, to 0x2bbad94, tolen 16, ovl (nil), func (nil)
0009:trace:winsock:WS2_sendto fd=43, options=20
0009:trace:winsock:WS2_sendto  -> 10 bytes
0009:trace:winsock:WS2_recv_base socket 0138, wsabuf 0x32f6e4, nbufs 1, flags 0, from 0x32f734, fromlen 16, ovl (nil), func (nil)
0009:trace:winsock:WS2_recv_base fd=43, options=20
0009:trace:winsock:WS2_recv_base  -> 16 bytes
0009:trace:winsock:WS2_recv_base socket 0138, wsabuf 0x32f6e4, nbufs 1, flags 0, from 0x32f734, fromlen 16, ovl (nil), func (nil)
0009:trace:winsock:WS2_recv_base fd=43, options=20
0009:trace:winsock:WS2_recv_base  -> 10 bytes
0009:trace:winsock:WS2_recv_base socket 0130, wsabuf 0x32f6e4, nbufs 1, flags 0, from 0x32f734, fromlen 16, ovl (nil), func (nil)
0009:trace:winsock:WS2_recv_base fd=43, options=20
0009:trace:winsock:WS2_recv_base  -> 9 bytes
0009:trace:winsock:WS2_sendto socket 0130, wsabuf 0x32e974, nbufs 1, flags 0, to 0x34b0404, tolen 16, ovl (nil), func (nil)
0009:trace:winsock:WS2_sendto fd=43, options=20
0009:trace:winsock:WS2_sendto  -> 65 bytes
0009:trace:winsock:WS2_sendto socket 0138, wsabuf 0x32f5e4, nbufs 1, flags 0, to 0x2bbad94, tolen 16, ovl (nil), func (nil)
0009:trace:winsock:WS2_sendto fd=43, options=20
0009:trace:winsock:WS2_sendto  -> 10 bytes
0009:trace:winsock:WS2_sendto socket 0138, wsabuf 0x32f964, nbufs 1, flags 0, to 0x2bbad94, tolen 16, ovl (nil), func (nil)
0009:trace:winsock:WS2_sendto fd=43, options=20
0009:trace:winsock:WS2_sendto  -> 16 bytes
0009:trace:winsock:WS2_recv_base socket 0138, wsabuf 0x32f6e4, nbufs 1, flags 0, from 0x32f734, fromlen 16, ovl (nil), func (nil)
0009:trace:winsock:WS2_recv_base fd=43, options=20
0009:trace:winsock:WS2_recv_base  -> 10 bytes
0009:trace:winsock:WS2_recv_base socket 0130, wsabuf 0x32f6e4, nbufs 1, flags 0, from 0x32f734, fromlen 16, ovl (nil), func (nil)
0009:trace:winsock:WS2_recv_base fd=43, options=20
0009:trace:winsock:WS2_recv_base  -> 9 bytes
0009:trace:winsock:WS2_sendto socket 0130, wsabuf 0x32e974, nbufs 1, flags 0, to 0x1337f64, tolen 16, ovl (nil), func (nil)
0009:trace:winsock:WS2_sendto fd=43, options=20
0009:trace:winsock:WS2_sendto  -> 65 bytes
0009:trace:winsock:WS2_sendto socket 0138, wsabuf 0x32f5e4, nbufs 1, flags 0, to 0x2bbad94, tolen 16, ovl (nil), func (nil)
0009:trace:winsock:WS2_sendto fd=43, options=20
0009:trace:winsock:WS2_sendto  -> 10 bytes
0009:trace:winsock:WS2_sendto socket 0138, wsabuf 0x32f9c4, nbufs 1, flags 0, to 0x2bbad94, tolen 16, ovl (nil), func (nil)
0009:trace:winsock:WS2_sendto fd=43, options=20
0009:trace:winsock:WS2_sendto  -> 12 bytes
0009:trace:winsock:WS2_recv_base socket 0138, wsabuf 0x32f6e4, nbufs 1, flags 0, from 0x32f734, fromlen 16, ovl (nil), func (nil)
0009:trace:winsock:WS2_recv_base fd=43, options=20
0009:trace:winsock:WS2_recv_base  -> 12 bytes
0009:trace:winsock:WS2_recv_base socket 0138, wsabuf 0x32f6e4, nbufs 1, flags 0, from 0x32f734, fromlen 16, ovl (nil), func (nil)
0009:trace:winsock:WS2_recv_base fd=43, options=20
0009:trace:winsock:WS2_recv_base  -> 10 bytes
0009:trace:winsock:WS2_recv_base socket 0138, wsabuf 0x32f6e4, nbufs 1, flags 0, from 0x32f734, fromlen 16, ovl (nil), func (nil)
0009:trace:winsock:WS2_recv_base fd=43, options=20
0009:trace:winsock:WS2_recv_base  -> 12 bytes
0009:trace:winsock:WS2_sendto socket 0138, wsabuf 0x32ef34, nbufs 1, flags 0, to 0x2bbad94, tolen 16, ovl (nil), func (nil)
0009:trace:winsock:WS2_sendto fd=43, options=20
0009:trace:winsock:WS2_sendto  -> 12 bytes
0009:trace:winsock:WS2_sendto socket 0138, wsabuf 0x32f5e4, nbufs 1, flags 0, to 0x2bbad94, tolen 16, ovl (nil), func (nil)
0009:trace:winsock:WS2_sendto fd=43, options=20
0009:trace:winsock:WS2_sendto  -> 10 bytes
0009:trace:winsock:WS2_recv_base socket 0130, wsabuf 0x32f6e4, nbufs 1, flags 0, from 0x32f734, fromlen 16, ovl (nil), func (nil)
0009:trace:winsock:WS2_recv_base fd=43, options=20
0009:trace:winsock:WS2_recv_base  -> 9 bytes
0009:trace:winsock:WS2_sendto socket 0130, wsabuf 0x32e974, nbufs 1, flags 0, to 0x1337f64, tolen 16, ovl (nil), func (nil)
0009:trace:winsock:WS2_sendto fd=43, options=20
0009:trace:winsock:WS2_sendto  -> 65 bytes
0009:trace:winsock:WS2_recv_base socket 0138, wsabuf 0x32f6e4, nbufs 1, flags 0, from 0x32f734, fromlen 16, ovl (nil), func (nil)
0009:trace:winsock:WS2_recv_base fd=43, options=20
0009:trace:winsock:WS2_recv_base  -> 10 bytes
0009:trace:winsock:WS2_recv_base socket 0138, wsabuf 0x32f6e4, nbufs 1, flags 0, from 0x32f734, fromlen 16, ovl (nil), func (nil)
0009:trace:winsock:WS2_recv_base fd=43, options=20
0009:trace:winsock:WS2_recv_base  -> 16 bytes
0009:trace:winsock:WS2_sendto socket 0138, wsabuf 0x32f5e4, nbufs 1, flags 0, to 0x2bbad94, tolen 16, ovl (nil), func (nil)
0009:trace:winsock:WS2_sendto fd=43, options=20
0009:trace:winsock:WS2_sendto  -> 10 bytes
0009:trace:winsock:WS2_sendto socket 0138, wsabuf 0x32f964, nbufs 1, flags 0, to 0x2bbad94, tolen 16, ovl (nil), func (nil)
0009:trace:winsock:WS2_sendto fd=43, options=20
0009:trace:winsock:WS2_sendto  -> 16 bytes
0009:trace:winsock:WS2_recv_base socket 0138, wsabuf 0x32f6e4, nbufs 1, flags 0, from 0x32f734, fromlen 16, ovl (nil), func (nil)
0009:trace:winsock:WS2_recv_base fd=43, options=20
0009:trace:winsock:WS2_recv_base  -> 10 bytes
0009:trace:winsock:WS2_recv_base socket 0130, wsabuf 0x32f6e4, nbufs 1, flags 0, from 0x32f734, fromlen 16, ovl (nil), func (nil)
0009:trace:winsock:WS2_recv_base fd=43, options=20
0009:trace:winsock:WS2_recv_base  -> 9 bytes
0009:trace:winsock:WS2_sendto socket 0130, wsabuf 0x32e974, nbufs 1, flags 0, to 0x1337f64, tolen 16, ovl (nil), func (nil)
0009:trace:winsock:WS2_sendto fd=43, options=20
0009:trace:winsock:WS2_sendto  -> 65 bytes
0009:trace:winsock:WS2_sendto socket 0138, wsabuf 0x32f5e4, nbufs 1, flags 0, to 0x2bbad94, tolen 16, ovl (nil), func (nil)
0009:trace:winsock:WS2_sendto fd=43, options=20
0009:trace:winsock:WS2_sendto  -> 10 bytes
0009:trace:winsock:WS2_recv_base socket 0138, wsabuf 0x32f6e4, nbufs 1, flags 0, from 0x32f734, fromlen 16, ovl (nil), func (nil)
0009:trace:winsock:WS2_recv_base fd=43, options=20
0009:trace:winsock:WS2_recv_base  -> 10 bytes
0009:trace:winsock:WS2_recv_base socket 0130, wsabuf 0x32f6e4, nbufs 1, flags 0, from 0x32f734, fromlen 16, ovl (nil), func (nil)
0009:trace:winsock:WS2_recv_base fd=43, options=20
0009:trace:winsock:WS2_recv_base  -> 9 bytes
0009:trace:winsock:WS2_sendto socket 0130, wsabuf 0x32e974, nbufs 1, flags 0, to 0x1337f64, tolen 16, ovl (nil), func (nil)
0009:trace:winsock:WS2_sendto fd=43, options=20
0009:trace:winsock:WS2_sendto  -> 65 bytes
0009:trace:winsock:WS2_sendto socket 0138, wsabuf 0x32f5e4, nbufs 1, flags 0, to 0x2bbad94, tolen 16, ovl (nil), func (nil)
0009:trace:winsock:WS2_sendto fd=43, options=20
0009:trace:winsock:WS2_sendto  -> 10 bytes
0009:trace:winsock:WS2_sendto socket 0138, wsabuf 0x32f9c4, nbufs 1, flags 0, to 0x2bbad94, tolen 16, ovl (nil), func (nil)
0009:trace:winsock:WS2_sendto fd=43, options=20
0009:trace:winsock:WS2_sendto  -> 12 bytes
0009:trace:winsock:WS2_recv_base socket 0138, wsabuf 0x32f6e4, nbufs 1, flags 0, from 0x32f734, fromlen 16, ovl (nil), func (nil)
0009:trace:winsock:WS2_recv_base fd=43, options=20
0009:trace:winsock:WS2_recv_base  -> 12 bytes
0009:trace:winsock:WS2_recv_base socket 0138, wsabuf 0x32f6e4, nbufs 1, flags 0, from 0x32f734, fromlen 16, ovl (nil), func (nil)
0009:trace:winsock:WS2_recv_base fd=43, options=20
0009:trace:winsock:WS2_recv_base  -> 10 bytes
0009:trace:winsock:WS2_recv_base socket 0138, wsabuf 0x32f6e4, nbufs 1, flags 0, from 0x32f734, fromlen 16, ovl (nil), func (nil)
0009:trace:winsock:WS2_recv_base fd=43, options=20
0009:trace:winsock:WS2_recv_base  -> 16 bytes
0009:trace:winsock:WS2_recv_base socket 0138, wsabuf 0x32f6e4, nbufs 1, flags 0, from 0x32f734, fromlen 16, ovl (nil), func (nil)
0009:trace:winsock:WS2_recv_base fd=43, options=20
0009:trace:winsock:WS2_recv_base  -> 12 bytes
0009:trace:winsock:WS2_sendto socket 0138, wsabuf 0x32ef34, nbufs 1, flags 0, to 0x2bbad94, tolen 16, ovl (nil), func (nil)
0009:trace:winsock:WS2_sendto fd=43, options=20
0009:trace:winsock:WS2_sendto  -> 12 bytes
0009:trace:winsock:WS2_sendto socket 0138, wsabuf 0x32f5e4, nbufs 1, flags 0, to 0x2bbad94, tolen 16, ovl (nil), func (nil)
0009:trace:winsock:WS2_sendto fd=43, options=20
0009:trace:winsock:WS2_sendto  -> 10 bytes
0009:trace:winsock:WS2_recv_base socket 0130, wsabuf 0x32f6e4, nbufs 1, flags 0, from 0x32f734, fromlen 16, ovl (nil), func (nil)
0009:trace:winsock:WS2_recv_base fd=43, options=20
0009:trace:winsock:WS2_recv_base  -> 9 bytes
0009:trace:winsock:WS2_sendto socket 0130, wsabuf 0x32e974, nbufs 1, flags 0, to 0x1337f64, tolen 16, ovl (nil), func (nil)
0009:trace:winsock:WS2_sendto fd=43, options=20
0009:trace:winsock:WS2_sendto  -> 65 bytes
0009:trace:winsock:WS2_recv_base socket 0138, wsabuf 0x32f6e4, nbufs 1, flags 0, from 0x32f734, fromlen 16, ovl (nil), func (nil)
0009:trace:winsock:WS2_recv_base fd=43, options=20
0009:trace:winsock:WS2_recv_base  -> 10 bytes
0009:trace:winsock:WS2_sendto socket 0138, wsabuf 0x32f964, nbufs 1, flags 0, to 0x2bbad94, tolen 16, ovl (nil), func (nil)
0009:trace:winsock:WS2_sendto fd=43, options=20
0009:trace:winsock:WS2_sendto  -> 16 bytes
0009:trace:winsock:WS2_sendto socket 0138, wsabuf 0x32f5e4, nbufs 1, flags 0, to 0x2bbad94, tolen 16, ovl (nil), func (nil)
0009:trace:winsock:WS2_sendto fd=43, options=20
0009:trace:winsock:WS2_sendto  -> 10 bytes
0009:trace:winsock:WS2_recv_base socket 0138, wsabuf 0x32f6e4, nbufs 1, flags 0, from 0x32f734, fromlen 16, ovl (nil), func (nil)
0009:trace:winsock:WS2_recv_base fd=43, options=20
0009:trace:winsock:WS2_recv_base  -> 10 bytes
0009:trace:winsock:WS2_recv_base socket 0130, wsabuf 0x32f6e4, nbufs 1, flags 0, from 0x32f734, fromlen 16, ovl (nil), func (nil)
0009:trace:winsock:WS2_recv_base fd=43, options=20
0009:trace:winsock:WS2_recv_base  -> 9 bytes
0009:trace:winsock:WS2_sendto socket 0130, wsabuf 0x32e974, nbufs 1, flags 0, to 0x1337f64, tolen 16, ovl (nil), func (nil)
0009:trace:winsock:WS2_sendto fd=43, options=20
0009:trace:winsock:WS2_sendto  -> 65 bytes
0009:trace:winsock:WS2_sendto socket 0138, wsabuf 0x32f5e4, nbufs 1, flags 0, to 0x2bbad94, tolen 16, ovl (nil), func (nil)
0009:trace:winsock:WS2_sendto fd=43, options=20
0009:trace:winsock:WS2_sendto  -> 10 bytes
0009:trace:winsock:WS2_recv_base socket 0138, wsabuf 0x32f6e4, nbufs 1, flags 0, from 0x32f734, fromlen 16, ovl (nil), func (nil)
0009:trace:winsock:WS2_recv_base fd=43, options=20
0009:trace:winsock:WS2_recv_base  -> 10 bytes
0009:trace:winsock:WS2_recv_base socket 0138, wsabuf 0x32f6e4, nbufs 1, flags 0, from 0x32f734, fromlen 16, ovl (nil), func (nil)
0009:trace:winsock:WS2_recv_base fd=43, options=20
0009:trace:winsock:WS2_recv_base  -> 16 bytes
0009:trace:winsock:WS2_sendto socket 0138, wsabuf 0x32f5e4, nbufs 1, flags 0, to 0x2bbad94, tolen 16, ovl (nil), func (nil)
0009:trace:winsock:WS2_sendto fd=43, options=20
0009:trace:winsock:WS2_sendto  -> 10 bytes
0009:trace:winsock:WS2_recv_base socket 0130, wsabuf 0x32f6e4, nbufs 1, flags 0, from 0x32f734, fromlen 16, ovl (nil), func (nil)
0009:trace:winsock:WS2_recv_base fd=43, options=20
0009:trace:winsock:WS2_recv_base  -> 9 bytes
0009:trace:winsock:WS2_sendto socket 0130, wsabuf 0x32e974, nbufs 1, flags 0, to 0x1337f64, tolen 16, ovl (nil), func (nil)
0009:trace:winsock:WS2_sendto fd=43, options=20
0009:trace:winsock:WS2_sendto  -> 65 bytes
0009:trace:winsock:WS2_recv_base socket 0138, wsabuf 0x32f6e4, nbufs 1, flags 0, from 0x32f734, fromlen 16, ovl (nil), func (nil)
0009:trace:winsock:WS2_recv_base fd=43, options=20
0009:trace:winsock:WS2_recv_base  -> 10 bytes
0009:trace:winsock:WS2_sendto socket 0138, wsabuf 0x32f9c4, nbufs 1, flags 0, to 0x2bbad94, tolen 16, ovl (nil), func (nil)
0009:trace:winsock:WS2_sendto fd=43, options=20
0009:trace:winsock:WS2_sendto  -> 12 bytes
0009:trace:winsock:WS2_recv_base socket 0138, wsabuf 0x32f6e4, nbufs 1, flags 0, from 0x32f734, fromlen 16, ovl (nil), func (nil)
0009:trace:winsock:WS2_recv_base fd=43, options=20
0009:trace:winsock:WS2_recv_base  -> 12 bytes
0009:trace:winsock:WS2_sendto socket 0138, wsabuf 0x32f964, nbufs 1, flags 0, to 0x2bbad94, tolen 16, ovl (nil), func (nil)
0009:trace:winsock:WS2_sendto fd=43, options=20
0009:trace:winsock:WS2_sendto  -> 16 bytes
0009:trace:winsock:WS2_recv_base socket 0138, wsabuf 0x32f6e4, nbufs 1, flags 0, from 0x32f734, fromlen 16, ovl (nil), func (nil)
0009:trace:winsock:WS2_recv_base fd=43, options=20
0009:trace:winsock:WS2_recv_base  -> 12 bytes
0009:trace:winsock:WS2_sendto socket 0138, wsabuf 0x32ef34, nbufs 1, flags 0, to 0x2bbad94, tolen 16, ovl (nil), func (nil)
0009:trace:winsock:WS2_sendto fd=43, options=20
0009:trace:winsock:WS2_sendto  -> 12 bytes
0009:trace:winsock:WS2_sendto socket 0138, wsabuf 0x32f5e4, nbufs 1, flags 0, to 0x2bbad94, tolen 16, ovl (nil), func (nil)
0009:trace:winsock:WS2_sendto fd=43, options=20
0009:trace:winsock:WS2_sendto  -> 10 bytes
0009:trace:winsock:WS2_recv_base socket 0138, wsabuf 0x32f6e4, nbufs 1, flags 0, from 0x32f734, fromlen 16, ovl (nil), func (nil)
0009:trace:winsock:WS2_recv_base fd=43, options=20
0009:trace:winsock:WS2_recv_base  -> 10 bytes
0009:trace:winsock:WS2_recv_base socket 0130, wsabuf 0x32f6e4, nbufs 1, flags 0, from 0x32f734, fromlen 16, ovl (nil), func (nil)
0009:trace:winsock:WS2_recv_base fd=43, options=20
0009:trace:winsock:WS2_recv_base  -> 9 bytes
0009:trace:winsock:WS2_sendto socket 0130, wsabuf 0x32e974, nbufs 1, flags 0, to 0x1337f64, tolen 16, ovl (nil), func (nil)
0009:trace:winsock:WS2_sendto fd=43, options=20
0009:trace:winsock:WS2_sendto  -> 65 bytes
0009:trace:winsock:WS2_sendto socket 0138, wsabuf 0x32f5e4, nbufs 1, flags 0, to 0x2bbad94, tolen 16, ovl (nil), func (nil)
0009:trace:winsock:WS2_sendto fd=43, options=20
0009:trace:winsock:WS2_sendto  -> 10 bytes
0009:trace:winsock:WS2_recv_base socket 0138, wsabuf 0x32f6e4, nbufs 1, flags 0, from 0x32f734, fromlen 16, ovl (nil), func (nil)
0009:trace:winsock:WS2_recv_base fd=43, options=20
0009:trace:winsock:WS2_recv_base  -> 10 bytes
0009:trace:winsock:WS2_recv_base socket 0138, wsabuf 0x32f6e4, nbufs 1, flags 0, from 0x32f734, fromlen 16, ovl (nil), func (nil)
0009:trace:winsock:WS2_recv_base fd=43, options=20
0009:trace:winsock:WS2_recv_base  -> 16 bytes
0009:trace:winsock:WS2_recv_base socket 0130, wsabuf 0x32f6e4, nbufs 1, flags 0, from 0x32f734, fromlen 16, ovl (nil), func (nil)
0009:trace:winsock:WS2_recv_base fd=43, options=20
0009:trace:winsock:WS2_recv_base  -> 9 bytes
0009:trace:winsock:WS2_sendto socket 0130, wsabuf 0x32e974, nbufs 1, flags 0, to 0x1337f64, tolen 16, ovl (nil), func (nil)
0009:trace:winsock:WS2_sendto fd=43, options=20
0009:trace:winsock:WS2_sendto  -> 65 bytes
0009:trace:winsock:WS2_sendto socket 0138, wsabuf 0x32f5e4, nbufs 1, flags 0, to 0x2bbad94, tolen 16, ovl (nil), func (nil)
0009:trace:winsock:WS2_sendto fd=43, options=20
0009:trace:winsock:WS2_sendto  -> 10 bytes
0009:trace:winsock:WS2_recv_base socket 0138, wsabuf 0x32f6e4, nbufs 1, flags 0, from 0x32f734, fromlen 16, ovl (nil), func (nil)
0009:trace:winsock:WS2_recv_base fd=43, options=20
0009:trace:winsock:WS2_recv_base  -> 10 bytes
0009:trace:winsock:WS2_sendto socket 0138, wsabuf 0x32f964, nbufs 1, flags 0, to 0x2bbad94, tolen 16, ovl (nil), func (nil)
0009:trace:winsock:WS2_sendto fd=43, options=20
0009:trace:winsock:WS2_sendto  -> 16 bytes
0009:trace:winsock:WS2_sendto socket 0138, wsabuf 0x32f5e4, nbufs 1, flags 0, to 0x2bbad94, tolen 16, ovl (nil), func (nil)
0009:trace:winsock:WS2_sendto fd=43, options=20
0009:trace:winsock:WS2_sendto  -> 10 bytes
0009:trace:winsock:WS2_recv_base socket 0130, wsabuf 0x32f6e4, nbufs 1, flags 0, from 0x32f734, fromlen 16, ovl (nil), func (nil)
0009:trace:winsock:WS2_recv_base fd=43, options=20
0009:trace:winsock:WS2_recv_base  -> 9 bytes
0009:trace:winsock:WS2_sendto socket 0130, wsabuf 0x32e974, nbufs 1, flags 0, to 0x1337f64, tolen 16, ovl (nil), func (nil)
0009:trace:winsock:WS2_sendto fd=43, options=20
0009:trace:winsock:WS2_sendto  -> 65 bytes
0009:trace:winsock:WS2_recv_base socket 0138, wsabuf 0x32f6e4, nbufs 1, flags 0, from 0x32f734, fromlen 16, ovl (nil), func (nil)
0009:trace:winsock:WS2_recv_base fd=43, options=20
0009:trace:winsock:WS2_recv_base  -> 10 bytes
0009:trace:winsock:WS2_sendto socket 0138, wsabuf 0x32f9c4, nbufs 1, flags 0, to 0x2bbad94, tolen 16, ovl (nil), func (nil)
0009:trace:winsock:WS2_sendto fd=43, options=20
0009:trace:winsock:WS2_sendto  -> 12 bytes
0009:trace:winsock:WS2_recv_base socket 0138, wsabuf 0x32f6e4, nbufs 1, flags 0, from 0x32f734, fromlen 16, ovl (nil), func (nil)
0009:trace:winsock:WS2_recv_base fd=43, options=20
0009:trace:winsock:WS2_recv_base  -> 12 bytes
0009:trace:winsock:WS2_recv_base socket 0138, wsabuf 0x32f6e4, nbufs 1, flags 0, from 0x32f734, fromlen 16, ovl (nil), func (nil)
0009:trace:winsock:WS2_recv_base fd=43, options=20
0009:trace:winsock:WS2_recv_base  -> 12 bytes
0009:trace:winsock:WS2_sendto socket 0138, wsabuf 0x32ef34, nbufs 1, flags 0, to 0x2bbad94, tolen 16, ovl (nil), func (nil)
0009:trace:winsock:WS2_sendto fd=43, options=20
0009:trace:winsock:WS2_sendto  -> 12 bytes
0009:trace:winsock:WS2_sendto socket 0138, wsabuf 0x32f5e4, nbufs 1, flags 0, to 0x2bbad94, tolen 16, ovl (nil), func (nil)
0009:trace:winsock:WS2_sendto fd=43, options=20
0009:trace:winsock:WS2_sendto  -> 10 bytes
0009:trace:winsock:WS2_recv_base socket 0138, wsabuf 0x32f6e4, nbufs 1, flags 0, from 0x32f734, fromlen 16, ovl (nil), func (nil)
0009:trace:winsock:WS2_recv_base fd=43, options=20
0009:trace:winsock:WS2_recv_base  -> 10 bytes
0009:trace:winsock:WS2_recv_base socket 0130, wsabuf 0x32f6e4, nbufs 1, flags 0, from 0x32f734, fromlen 16, ovl (nil), func (nil)
0009:trace:winsock:WS2_recv_base fd=43, options=20
0009:trace:winsock:WS2_recv_base  -> 9 bytes
0009:trace:winsock:WS2_sendto socket 0130, wsabuf 0x32e974, nbufs 1, flags 0, to 0x1337f64, tolen 16, ovl (nil), func (nil)
0009:trace:winsock:WS2_sendto fd=43, options=20
0009:trace:winsock:WS2_sendto  -> 65 bytes
0009:trace:winsock:WS2_recv_base socket 0138, wsabuf 0x32f6e4, nbufs 1, flags 0, from 0x32f734, fromlen 16, ovl (nil), func (nil)
0009:trace:winsock:WS2_recv_base fd=43, options=20
0009:trace:winsock:WS2_recv_base  -> 16 bytes
0009:trace:winsock:WS2_sendto socket 0138, wsabuf 0x32f5e4, nbufs 1, flags 0, to 0x2bbad94, tolen 16, ovl (nil), func (nil)
0009:trace:winsock:WS2_sendto fd=43, options=20
0009:trace:winsock:WS2_sendto  -> 10 bytes
0009:trace:winsock:WS2_recv_base socket 0138, wsabuf 0x32f6e4, nbufs 1, flags 0, from 0x32f734, fromlen 16, ovl (nil), func (nil)
0009:trace:winsock:WS2_recv_base fd=43, options=20
0009:trace:winsock:WS2_recv_base  -> 10 bytes
0009:trace:winsock:WS2_sendto socket 0138, wsabuf 0x32f964, nbufs 1, flags 0, to 0x2bbad94, tolen 16, ovl (nil), func (nil)
0009:trace:winsock:WS2_sendto fd=43, options=20
0009:trace:winsock:WS2_sendto  -> 16 bytes
0009:trace:winsock:WS2_sendto socket 0138, wsabuf 0x32f5e4, nbufs 1, flags 0, to 0x2bbad94, tolen 16, ovl (nil), func (nil)
0009:trace:winsock:WS2_sendto fd=43, options=20
0009:trace:winsock:WS2_sendto  -> 10 bytes
0009:trace:winsock:WS2_recv_base socket 0130, wsabuf 0x32f6e4, nbufs 1, flags 0, from 0x32f734, fromlen 16, ovl (nil), func (nil)
0009:trace:winsock:WS2_recv_base fd=43, options=20
0009:trace:winsock:WS2_recv_base  -> 9 bytes
0009:trace:winsock:WS2_sendto socket 0130, wsabuf 0x32e974, nbufs 1, flags 0, to 0x1337f64, tolen 16, ovl (nil), func (nil)
0009:trace:winsock:WS2_sendto fd=43, options=20
0009:trace:winsock:WS2_sendto  -> 65 bytes
0009:trace:winsock:WS2_recv_base socket 0138, wsabuf 0x32f6e4, nbufs 1, flags 0, from 0x32f734, fromlen 16, ovl (nil), func (nil)
0009:trace:winsock:WS2_recv_base fd=43, options=20
0009:trace:winsock:WS2_recv_base  -> 10 bytes
0009:trace:winsock:WS2_sendto socket 0138, wsabuf 0x32f5e4, nbufs 1, flags 0, to 0x2bbad94, tolen 16, ovl (nil), func (nil)
0009:trace:winsock:WS2_sendto fd=43, options=20
0009:trace:winsock:WS2_sendto  -> 10 bytes
0009:trace:winsock:WS2_recv_base socket 0130, wsabuf 0x32f6e4, nbufs 1, flags 0, from 0x32f734, fromlen 16, ovl (nil), func (nil)
0009:trace:winsock:WS2_recv_base fd=43, options=20
0009:trace:winsock:WS2_recv_base  -> 9 bytes
0009:trace:winsock:WS2_sendto socket 0130, wsabuf 0x32e974, nbufs 1, flags 0, to 0x1337f64, tolen 16, ovl (nil), func (nil)
0009:trace:winsock:WS2_sendto fd=43, options=20
0009:trace:winsock:WS2_sendto  -> 65 bytes
0009:trace:winsock:WS2_recv_base socket 0138, wsabuf 0x32f6e4, nbufs 1, flags 0, from 0x32f734, fromlen 16, ovl (nil), func (nil)
0009:trace:winsock:WS2_recv_base fd=43, options=20
0009:trace:winsock:WS2_recv_base  -> 10 bytes
0009:trace:winsock:WS2_sendto socket 0138, wsabuf 0x32f9c4, nbufs 1, flags 0, to 0x2bbad94, tolen 16, ovl (nil), func (nil)
0009:trace:winsock:WS2_sendto fd=43, options=20
0009:trace:winsock:WS2_sendto  -> 12 bytes
0009:trace:winsock:WS2_recv_base socket 0138, wsabuf 0x32f6e4, nbufs 1, flags 0, from 0x32f734, fromlen 16, ovl (nil), func (nil)
0009:trace:winsock:WS2_recv_base fd=43, options=20
0009:trace:winsock:WS2_recv_base  -> 12 bytes
0009:trace:winsock:WS2_recv_base socket 0138, wsabuf 0x32f6e4, nbufs 1, flags 0, from 0x32f734, fromlen 16, ovl (nil), func (nil)
0009:trace:winsock:WS2_recv_base fd=43, options=20
0009:trace:winsock:WS2_recv_base  -> 12 bytes
0009:trace:winsock:WS2_sendto socket 0138, wsabuf 0x32ef34, nbufs 1, flags 0, to 0x2bbad94, tolen 16, ovl (nil), func (nil)
0009:trace:winsock:WS2_sendto fd=43, options=20
0009:trace:winsock:WS2_sendto  -> 12 bytes
0009:trace:winsock:WS2_sendto socket 0138, wsabuf 0x32f5e4, nbufs 1, flags 0, to 0x2bbad94, tolen 16, ovl (nil), func (nil)
0009:trace:winsock:WS2_sendto fd=43, options=20
0009:trace:winsock:WS2_sendto  -> 10 bytes
0009:trace:winsock:WS2_recv_base socket 0138, wsabuf 0x32f6e4, nbufs 1, flags 0, from 0x32f734, fromlen 16, ovl (nil), func (nil)
0009:trace:winsock:WS2_recv_base fd=43, options=20
0009:trace:winsock:WS2_recv_base  -> 16 bytes
0009:trace:winsock:WS2_recv_base socket 0138, wsabuf 0x32f6e4, nbufs 1, flags 0, from 0x32f734, fromlen 16, ovl (nil), func (nil)
0009:trace:winsock:WS2_recv_base fd=43, options=20
0009:trace:winsock:WS2_recv_base  -> 10 bytes
0009:trace:winsock:WS2_recv_base socket 0130, wsabuf 0x32f6e4, nbufs 1, flags 0, from 0x32f734, fromlen 16, ovl (nil), func (nil)
0009:trace:winsock:WS2_recv_base fd=43, options=20
0009:trace:winsock:WS2_recv_base  -> 9 bytes
0009:trace:winsock:WS2_sendto socket 0130, wsabuf 0x32e974, nbufs 1, flags 0, to 0x1337f64, tolen 16, ovl (nil), func (nil)
0009:trace:winsock:WS2_sendto fd=43, options=20
0009:trace:winsock:WS2_sendto  -> 65 bytes
0009:trace:winsock:WS2_sendto socket 0138, wsabuf 0x32f5e4, nbufs 1, flags 0, to 0x2bbad94, tolen 16, ovl (nil), func (nil)
0009:trace:winsock:WS2_sendto fd=43, options=20
0009:trace:winsock:WS2_sendto  -> 10 bytes
0009:trace:winsock:WS2_sendto socket 0138, wsabuf 0x32f964, nbufs 1, flags 0, to 0x2bbad94, tolen 16, ovl (nil), func (nil)
0009:trace:winsock:WS2_sendto fd=43, options=20
0009:trace:winsock:WS2_sendto  -> 16 bytes
0009:trace:winsock:WS2_recv_base socket 0138, wsabuf 0x32f6e4, nbufs 1, flags 0, from 0x32f734, fromlen 16, ovl (nil), func (nil)
0009:trace:winsock:WS2_recv_base fd=43, options=20
0009:trace:winsock:WS2_recv_base  -> 10 bytes
0009:trace:winsock:WS2_sendto socket 0138, wsabuf 0x32f5e4, nbufs 1, flags 0, to 0x2bbad94, tolen 16, ovl (nil), func (nil)
0009:trace:winsock:WS2_sendto fd=43, options=20
0009:trace:winsock:WS2_sendto  -> 10 bytes
0009:trace:winsock:WS2_recv_base socket 0130, wsabuf 0x32f6e4, nbufs 1, flags 0, from 0x32f734, fromlen 16, ovl (nil), func (nil)
0009:trace:winsock:WS2_recv_base fd=43, options=20
0009:trace:winsock:WS2_recv_base  -> 9 bytes
0009:trace:winsock:WS2_sendto socket 0130, wsabuf 0x32e974, nbufs 1, flags 0, to 0x1337f64, tolen 16, ovl (nil), func (nil)
0009:trace:winsock:WS2_sendto fd=43, options=20
0009:trace:winsock:WS2_sendto  -> 65 bytes
0009:trace:winsock:WS2_recv_base socket 0138, wsabuf 0x32f6e4, nbufs 1, flags 0, from 0x32f734, fromlen 16, ovl (nil), func (nil)
0009:trace:winsock:WS2_recv_base fd=43, options=20
0009:trace:winsock:WS2_recv_base  -> 10 bytes
0009:trace:winsock:WS2_sendto socket 0138, wsabuf 0x32f5e4, nbufs 1, flags 0, to 0x2bbad94, tolen 16, ovl (nil), func (nil)
0009:trace:winsock:WS2_sendto fd=43, options=20
0009:trace:winsock:WS2_sendto  -> 10 bytes
0009:trace:winsock:WS2_recv_base socket 0138, wsabuf 0x32f6e4, nbufs 1, flags 0, from 0x32f734, fromlen 16, ovl (nil), func (nil)
0009:trace:winsock:WS2_recv_base fd=43, options=20
0009:trace:winsock:WS2_recv_base  -> 16 bytes
0009:trace:winsock:WS2_recv_base socket 0138, wsabuf 0x32f6e4, nbufs 1, flags 0, from 0x32f734, fromlen 16, ovl (nil), func (nil)
0009:trace:winsock:WS2_recv_base fd=43, options=20
0009:trace:winsock:WS2_recv_base  -> 10 bytes
0009:trace:winsock:WS2_recv_base socket 0130, wsabuf 0x32f6e4, nbufs 1, flags 0, from 0x32f734, fromlen 16, ovl (nil), func (nil)
0009:trace:winsock:WS2_recv_base fd=43, options=20
0009:trace:winsock:WS2_recv_base  -> 9 bytes
0009:trace:winsock:WS2_sendto socket 0130, wsabuf 0x32e974, nbufs 1, flags 0, to 0x1337f64, tolen 16, ovl (nil), func (nil)
0009:trace:winsock:WS2_sendto fd=43, options=20
0009:trace:winsock:WS2_sendto  -> 65 bytes
0009:trace:winsock:WS2_sendto socket 0138, wsabuf 0x32f9c4, nbufs 1, flags 0, to 0x2bbad94, tolen 16, ovl (nil), func (nil)
0009:trace:winsock:WS2_sendto fd=43, options=20
0009:trace:winsock:WS2_sendto  -> 12 bytes
0009:trace:winsock:WS2_recv_base socket 0138, wsabuf 0x32f6e4, nbufs 1, flags 0, from 0x32f734, fromlen 16, ovl (nil), func (nil)
0009:trace:winsock:WS2_recv_base fd=43, options=20
0009:trace:winsock:WS2_recv_base  -> 12 bytes
0009:trace:winsock:WS2_recv_base socket 0138, wsabuf 0x32f6e4, nbufs 1, flags 0, from 0x32f734, fromlen 16, ovl (nil), func (nil)
0009:trace:winsock:WS2_recv_base fd=43, options=20
0009:trace:winsock:WS2_recv_base  -> 12 bytes
0009:trace:winsock:WS2_sendto socket 0138, wsabuf 0x32ef34, nbufs 1, flags 0, to 0x2bbad94, tolen 16, ovl (nil), func (nil)
0009:trace:winsock:WS2_sendto fd=43, options=20
0009:trace:winsock:WS2_sendto  -> 12 bytes
0009:trace:winsock:WS2_sendto socket 0138, wsabuf 0x32f5e4, nbufs 1, flags 0, to 0x2bbad94, tolen 16, ovl (nil), func (nil)
0009:trace:winsock:WS2_sendto fd=43, options=20
0009:trace:winsock:WS2_sendto  -> 10 bytes
0009:trace:winsock:WS2_sendto socket 0138, wsabuf 0x32f964, nbufs 1, flags 0, to 0x2bbad94, tolen 16, ovl (nil), func (nil)
0009:trace:winsock:WS2_sendto fd=43, options=20
0009:trace:winsock:WS2_sendto  -> 16 bytes
0009:trace:winsock:WS2_recv_base socket 0138, wsabuf 0x32f6e4, nbufs 1, flags 0, from 0x32f734, fromlen 16, ovl (nil), func (nil)
0009:trace:winsock:WS2_recv_base fd=43, options=20
0009:trace:winsock:WS2_recv_base  -> 10 bytes
0009:trace:winsock:WS2_recv_base socket 0130, wsabuf 0x32f6e4, nbufs 1, flags 0, from 0x32f734, fromlen 16, ovl (nil), func (nil)
0009:trace:winsock:WS2_recv_base fd=43, options=20
0009:trace:winsock:WS2_recv_base  -> 9 bytes
0009:trace:winsock:WS2_sendto socket 0130, wsabuf 0x32e974, nbufs 1, flags 0, to 0x1337f64, tolen 16, ovl (nil), func (nil)
0009:trace:winsock:WS2_sendto fd=43, options=20
0009:trace:winsock:WS2_sendto  -> 65 bytes
0009:trace:winsock:WS2_sendto socket 0138, wsabuf 0x32f5e4, nbufs 1, flags 0, to 0x2bbad94, tolen 16, ovl (nil), func (nil)
0009:trace:winsock:WS2_sendto fd=43, options=20
0009:trace:winsock:WS2_sendto  -> 10 bytes
0009:trace:winsock:WS2_recv_base socket 0138, wsabuf 0x32f6e4, nbufs 1, flags 0, from 0x32f734, fromlen 16, ovl (nil), func (nil)
0009:trace:winsock:WS2_recv_base fd=43, options=20
0009:trace:winsock:WS2_recv_base  -> 10 bytes
0009:trace:winsock:WS2_sendto socket 0138, wsabuf 0x32f5e4, nbufs 1, flags 0, to 0x2bbad94, tolen 16, ovl (nil), func (nil)
0009:trace:winsock:WS2_sendto fd=43, options=20
0009:trace:winsock:WS2_sendto  -> 10 bytes
0009:trace:winsock:WS2_recv_base socket 0138, wsabuf 0x32f6e4, nbufs 1, flags 0, from 0x32f734, fromlen 16, ovl (nil), func (nil)
0009:trace:winsock:WS2_recv_base fd=43, options=20
0009:trace:winsock:WS2_recv_base  -> 16 bytes
0009:trace:winsock:WS2_recv_base socket 0130, wsabuf 0x32f6e4, nbufs 1, flags 0, from 0x32f734, fromlen 16, ovl (nil), func (nil)
0009:trace:winsock:WS2_recv_base fd=43, options=20
0009:trace:winsock:WS2_recv_base  -> 9 bytes
0009:trace:winsock:WS2_sendto socket 0130, wsabuf 0x32e974, nbufs 1, flags 0, to 0x1337f64, tolen 16, ovl (nil), func (nil)
0009:trace:winsock:WS2_sendto fd=43, options=20
0009:trace:winsock:WS2_sendto  -> 65 bytes
0009:trace:winsock:WS2_recv_base socket 0138, wsabuf 0x32f6e4, nbufs 1, flags 0, from 0x32f734, fromlen 16, ovl (nil), func (nil)
0009:trace:winsock:WS2_recv_base fd=43, options=20
0009:trace:winsock:WS2_recv_base  -> 10 bytes
0009:trace:winsock:WS2_sendto socket 0138, wsabuf 0x32f5e4, nbufs 1, flags 0, to 0x2bbad94, tolen 16, ovl (nil), func (nil)
0009:trace:winsock:WS2_sendto fd=43, options=20
0009:trace:winsock:WS2_sendto  -> 10 bytes
0009:trace:winsock:WS2_sendto socket 0138, wsabuf 0x32f964, nbufs 1, flags 0, to 0x2bbad94, tolen 16, ovl (nil), func (nil)
0009:trace:winsock:WS2_sendto fd=43, options=20
0009:trace:winsock:WS2_sendto  -> 16 bytes
0009:trace:winsock:WS2_recv_base socket 0138, wsabuf 0x32f6e4, nbufs 1, flags 0, from 0x32f734, fromlen 16, ovl (nil), func (nil)
0009:trace:winsock:WS2_recv_base fd=43, options=20
0009:trace:winsock:WS2_recv_base  -> 10 bytes
0009:trace:winsock:WS2_recv_base socket 0130, wsabuf 0x32f6e4, nbufs 1, flags 0, from 0x32f734, fromlen 16, ovl (nil), func (nil)
0009:trace:winsock:WS2_recv_base fd=43, options=20
0009:trace:winsock:WS2_recv_base  -> 9 bytes
0009:trace:winsock:WS2_sendto socket 0130, wsabuf 0x32e974, nbufs 1, flags 0, to 0x1337f64, tolen 16, ovl (nil), func (nil)
0009:trace:winsock:WS2_sendto fd=43, options=20
0009:trace:winsock:WS2_sendto  -> 65 bytes
0009:trace:winsock:WS2_sendto socket 0138, wsabuf 0x32f9c4, nbufs 1, flags 0, to 0x2bbad94, tolen 16, ovl (nil), func (nil)
0009:trace:winsock:WS2_sendto fd=43, options=20
0009:trace:winsock:WS2_sendto  -> 12 bytes
0009:trace:winsock:WS2_recv_base socket 0138, wsabuf 0x32f6e4, nbufs 1, flags 0, from 0x32f734, fromlen 16, ovl (nil), func (nil)
0009:trace:winsock:WS2_recv_base fd=43, options=20
0009:trace:winsock:WS2_recv_base  -> 12 bytes
0009:trace:winsock:WS2_recv_base socket 0138, wsabuf 0x32f6e4, nbufs 1, flags 0, from 0x32f734, fromlen 16, ovl (nil), func (nil)
0009:trace:winsock:WS2_recv_base fd=43, options=20
0009:trace:winsock:WS2_recv_base  -> 12 bytes
0009:trace:winsock:WS2_sendto socket 0138, wsabuf 0x32ef34, nbufs 1, flags 0, to 0x2bbad94, tolen 16, ovl (nil), func (nil)
0009:trace:winsock:WS2_sendto fd=43, options=20
0009:trace:winsock:WS2_sendto  -> 12 bytes
0009:trace:winsock:WS2_sendto socket 0138, wsabuf 0x32f5e4, nbufs 1, flags 0, to 0x2bbad94, tolen 16, ovl (nil), func (nil)
0009:trace:winsock:WS2_sendto fd=43, options=20
0009:trace:winsock:WS2_sendto  -> 10 bytes
0009:trace:winsock:WS2_recv_base socket 0138, wsabuf 0x32f6e4, nbufs 1, flags 0, from 0x32f734, fromlen 16, ovl (nil), func (nil)
0009:trace:winsock:WS2_recv_base fd=43, options=20
0009:trace:winsock:WS2_recv_base  -> 10 bytes
0009:trace:winsock:WS2_sendto socket 0138, wsabuf 0x32f5e4, nbufs 1, flags 0, to 0x2bbad94, tolen 16, ovl (nil), func (nil)
0009:trace:winsock:WS2_sendto fd=43, options=20
0009:trace:winsock:WS2_sendto  -> 10 bytes
0009:trace:winsock:WS2_recv_base socket 0130, wsabuf 0x32f6e4, nbufs 1, flags 0, from 0x32f734, fromlen 16, ovl (nil), func (nil)
0009:trace:winsock:WS2_recv_base fd=43, options=20
0009:trace:winsock:WS2_recv_base  -> 9 bytes
0009:trace:winsock:WS2_sendto socket 0130, wsabuf 0x32e974, nbufs 1, flags 0, to 0x1337f64, tolen 16, ovl (nil), func (nil)
0009:trace:winsock:WS2_sendto fd=43, options=20
0009:trace:winsock:WS2_sendto  -> 65 bytes
0009:trace:winsock:WS2_recv_base socket 0138, wsabuf 0x32f6e4, nbufs 1, flags 0, from 0x32f734, fromlen 16, ovl (nil), func (nil)
0009:trace:winsock:WS2_recv_base fd=43, options=20
0009:trace:winsock:WS2_recv_base  -> 16 bytes
0009:trace:winsock:WS2_recv_base socket 0138, wsabuf 0x32f6e4, nbufs 1, flags 0, from 0x32f734, fromlen 16, ovl (nil), func (nil)
0009:trace:winsock:WS2_recv_base fd=43, options=20
0009:trace:winsock:WS2_recv_base  -> 10 bytes
0009:trace:winsock:WS2_sendto socket 0138, wsabuf 0x32f5e4, nbufs 1, flags 0, to 0x2bbad94, tolen 16, ovl (nil), func (nil)
0009:trace:winsock:WS2_sendto fd=43, options=20
0009:trace:winsock:WS2_sendto  -> 10 bytes
0009:trace:winsock:WS2_sendto socket 0138, wsabuf 0x32f964, nbufs 1, flags 0, to 0x2bbad94, tolen 16, ovl (nil), func (nil)
0009:trace:winsock:WS2_sendto fd=43, options=20
0009:trace:winsock:WS2_sendto  -> 16 bytes
0009:trace:winsock:WS2_recv_base socket 0130, wsabuf 0x32f6e4, nbufs 1, flags 0, from 0x32f734, fromlen 16, ovl (nil), func (nil)
0009:trace:winsock:WS2_recv_base fd=43, options=20
0009:trace:winsock:WS2_recv_base  -> 9 bytes
0009:trace:winsock:WS2_sendto socket 0130, wsabuf 0x32e974, nbufs 1, flags 0, to 0x34b0474, tolen 16, ovl (nil), func (nil)
0009:trace:winsock:WS2_sendto fd=43, options=20
0009:trace:winsock:WS2_sendto  -> 65 bytes
0009:trace:winsock:WS2_recv_base socket 0138, wsabuf 0x32f6e4, nbufs 1, flags 0, from 0x32f734, fromlen 16, ovl (nil), func (nil)
0009:trace:winsock:WS2_recv_base fd=43, options=20
0009:trace:winsock:WS2_recv_base  -> 10 bytes
0009:trace:winsock:WS2_sendto socket 0138, wsabuf 0x32f5e4, nbufs 1, flags 0, to 0x2bbad94, tolen 16, ovl (nil), func (nil)
0009:trace:winsock:WS2_sendto fd=43, options=20
0009:trace:winsock:WS2_sendto  -> 10 bytes
0009:trace:winsock:WS2_recv_base socket 0138, wsabuf 0x32f6e4, nbufs 1, flags 0, from 0x32f734, fromlen 16, ovl (nil), func (nil)
0009:trace:winsock:WS2_recv_base fd=43, options=20
0009:trace:winsock:WS2_recv_base  -> 10 bytes
0009:trace:winsock:WS2_sendto socket 0138, wsabuf 0x32f9c4, nbufs 1, flags 0, to 0x2bbad94, tolen 16, ovl (nil), func (nil)
0009:trace:winsock:WS2_sendto fd=43, options=20
0009:trace:winsock:WS2_sendto  -> 12 bytes
0009:trace:winsock:WS2_recv_base socket 0138, wsabuf 0x32f6e4, nbufs 1, flags 0, from 0x32f734, fromlen 16, ovl (nil), func (nil)
0009:trace:winsock:WS2_recv_base fd=43, options=20
0009:trace:winsock:WS2_recv_base  -> 12 bytes
0009:trace:winsock:WS2_recv_base socket 0130, wsabuf 0x32f6e4, nbufs 1, flags 0, from 0x32f734, fromlen 16, ovl (nil), func (nil)
0009:trace:winsock:WS2_recv_base fd=43, options=20
0009:trace:winsock:WS2_recv_base  -> 9 bytes
0009:trace:winsock:WS2_sendto socket 0130, wsabuf 0x32e974, nbufs 1, flags 0, to 0x34b04e4, tolen 16, ovl (nil), func (nil)
0009:trace:winsock:WS2_sendto fd=43, options=20
0009:trace:winsock:WS2_sendto  -> 65 bytes
0009:trace:winsock:WS2_sendto socket 0138, wsabuf 0x32f5e4, nbufs 1, flags 0, to 0x2bbad94, tolen 16, ovl (nil), func (nil)
0009:trace:winsock:WS2_sendto fd=43, options=20
0009:trace:winsock:WS2_sendto  -> 10 bytes
0009:trace:winsock:WS2_recv_base socket 0138, wsabuf 0x32f6e4, nbufs 1, flags 0, from 0x32f734, fromlen 16, ovl (nil), func (nil)
0009:trace:winsock:WS2_recv_base fd=43, options=20
0009:trace:winsock:WS2_recv_base  -> 12 bytes
0009:trace:winsock:WS2_sendto socket 0138, wsabuf 0x32ef34, nbufs 1, flags 0, to 0x2bbad94, tolen 16, ovl (nil), func (nil)
0009:trace:winsock:WS2_sendto fd=43, options=20
0009:trace:winsock:WS2_sendto  -> 12 bytes
0009:trace:winsock:WS2_recv_base socket 0138, wsabuf 0x32f6e4, nbufs 1, flags 0, from 0x32f734, fromlen 16, ovl (nil), func (nil)
0009:trace:winsock:WS2_recv_base fd=43, options=20
0009:trace:winsock:WS2_recv_base  -> 10 bytes
0009:trace:winsock:WS2_recv_base socket 0138, wsabuf 0x32f6e4, nbufs 1, flags 0, from 0x32f734, fromlen 16, ovl (nil), func (nil)
0009:trace:winsock:WS2_recv_base fd=43, options=20
0009:trace:winsock:WS2_recv_base  -> 16 bytes
0009:trace:winsock:WS2_sendto socket 0138, wsabuf 0x32f5e4, nbufs 1, flags 0, to 0x2bbad94, tolen 16, ovl (nil), func (nil)
0009:trace:winsock:WS2_sendto fd=43, options=20
0009:trace:winsock:WS2_sendto  -> 10 bytes
0009:trace:winsock:WS2_recv_base socket 0130, wsabuf 0x32f6e4, nbufs 1, flags 0, from 0x32f734, fromlen 16, ovl (nil), func (nil)
0009:trace:winsock:WS2_recv_base fd=43, options=20
0009:trace:winsock:WS2_recv_base  -> 9 bytes
0009:trace:winsock:WS2_sendto socket 0130, wsabuf 0x32e974, nbufs 1, flags 0, to 0x34b0554, tolen 16, ovl (nil), func (nil)
0009:trace:winsock:WS2_sendto fd=43, options=20
0009:trace:winsock:WS2_sendto  -> 65 bytes
0009:trace:winsock:WS2_sendto socket 0138, wsabuf 0x32f964, nbufs 1, flags 0, to 0x2bbad94, tolen 16, ovl (nil), func (nil)
0009:trace:winsock:WS2_sendto fd=43, options=20
0009:trace:winsock:WS2_sendto  -> 16 bytes
0009:trace:winsock:WS2_recv_base socket 0138, wsabuf 0x32f6e4, nbufs 1, flags 0, from 0x32f734, fromlen 16, ovl (nil), func (nil)
0009:trace:winsock:WS2_recv_base fd=43, options=20
0009:trace:winsock:WS2_recv_base  -> 10 bytes
0009:trace:winsock:WS2_sendto socket 0138, wsabuf 0x32f5e4, nbufs 1, flags 0, to 0x2bbad94, tolen 16, ovl (nil), func (nil)
0009:trace:winsock:WS2_sendto fd=43, options=20
0009:trace:winsock:WS2_sendto  -> 10 bytes
0009:trace:winsock:WS2_recv_base socket 0138, wsabuf 0x32f6e4, nbufs 1, flags 0, from 0x32f734, fromlen 16, ovl (nil), func (nil)
0009:trace:winsock:WS2_recv_base fd=43, options=20
0009:trace:winsock:WS2_recv_base  -> 10 bytes
0009:trace:winsock:WS2_recv_base socket 0130, wsabuf 0x32f6e4, nbufs 1, flags 0, from 0x32f734, fromlen 16, ovl (nil), func (nil)
0009:trace:winsock:WS2_recv_base fd=43, options=20
0009:trace:winsock:WS2_recv_base  -> 9 bytes
0009:trace:winsock:WS2_sendto socket 0130, wsabuf 0x32e974, nbufs 1, flags 0, to 0x34b05c4, tolen 16, ovl (nil), func (nil)
0009:trace:winsock:WS2_sendto fd=43, options=20
0009:trace:winsock:WS2_sendto  -> 65 bytes
0009:trace:winsock:WS2_sendto socket 0138, wsabuf 0x32f5e4, nbufs 1, flags 0, to 0x2bbad94, tolen 16, ovl (nil), func (nil)
0009:trace:winsock:WS2_sendto fd=43, options=20
0009:trace:winsock:WS2_sendto  -> 10 bytes
0009:trace:winsock:WS2_recv_base socket 0138, wsabuf 0x32f6e4, nbufs 1, flags 0, from 0x32f734, fromlen 16, ovl (nil), func (nil)
0009:trace:winsock:WS2_recv_base fd=43, options=20
0009:trace:winsock:WS2_recv_base  -> 10 bytes
0009:trace:winsock:WS2_sendto socket 0138, wsabuf 0x32f9c4, nbufs 1, flags 0, to 0x2bbad94, tolen 16, ovl (nil), func (nil)
0009:trace:winsock:WS2_sendto fd=43, options=20
0009:trace:winsock:WS2_sendto  -> 12 bytes
0009:trace:winsock:WS2_recv_base socket 0138, wsabuf 0x32f6e4, nbufs 1, flags 0, from 0x32f734, fromlen 16, ovl (nil), func (nil)
0009:trace:winsock:WS2_recv_base fd=43, options=20
0009:trace:winsock:WS2_recv_base  -> 12 bytes
0009:trace:winsock:WS2_recv_base socket 0138, wsabuf 0x32f6e4, nbufs 1, flags 0, from 0x32f734, fromlen 16, ovl (nil), func (nil)
0009:trace:winsock:WS2_recv_base fd=43, options=20
0009:trace:winsock:WS2_recv_base  -> 16 bytes
0009:trace:winsock:WS2_recv_base socket 0130, wsabuf 0x32f6e4, nbufs 1, flags 0, from 0x32f734, fromlen 16, ovl (nil), func (nil)
0009:trace:winsock:WS2_recv_base fd=43, options=20
0009:trace:winsock:WS2_recv_base  -> 9 bytes
0009:trace:winsock:WS2_sendto socket 0130, wsabuf 0x32e974, nbufs 1, flags 0, to 0x34b0634, tolen 16, ovl (nil), func (nil)
0009:trace:winsock:WS2_sendto fd=43, options=20
0009:trace:winsock:WS2_sendto  -> 65 bytes
0009:trace:winsock:WS2_sendto socket 0138, wsabuf 0x32f5e4, nbufs 1, flags 0, to 0x2bbad94, tolen 16, ovl (nil), func (nil)
0009:trace:winsock:WS2_sendto fd=43, options=20
0009:trace:winsock:WS2_sendto  -> 10 bytes
0009:trace:winsock:WS2_recv_base socket 0138, wsabuf 0x32f6e4, nbufs 1, flags 0, from 0x32f734, fromlen 16, ovl (nil), func (nil)
0009:trace:winsock:WS2_recv_base fd=43, options=20
0009:trace:winsock:WS2_recv_base  -> 12 bytes
0009:trace:winsock:WS2_sendto socket 0138, wsabuf 0x32ef34, nbufs 1, flags 0, to 0x2bbad94, tolen 16, ovl (nil), func (nil)
0009:trace:winsock:WS2_sendto fd=43, options=20
0009:trace:winsock:WS2_sendto  -> 12 bytes
0009:trace:winsock:WS2_recv_base socket 0138, wsabuf 0x32f6e4, nbufs 1, flags 0, from 0x32f734, fromlen 16, ovl (nil), func (nil)
0009:trace:winsock:WS2_recv_base fd=43, options=20
0009:trace:winsock:WS2_recv_base  -> 10 bytes
0009:trace:winsock:WS2_sendto socket 0138, wsabuf 0x32f964, nbufs 1, flags 0, to 0x2bbad94, tolen 16, ovl (nil), func (nil)
0009:trace:winsock:WS2_sendto fd=43, options=20
0009:trace:winsock:WS2_sendto  -> 16 bytes
0009:trace:winsock:WS2_sendto socket 0138, wsabuf 0x32f5e4, nbufs 1, flags 0, to 0x2bbad94, tolen 16, ovl (nil), func (nil)
0009:trace:winsock:WS2_sendto fd=43, options=20
0009:trace:winsock:WS2_sendto  -> 10 bytes
0009:trace:winsock:WS2_recv_base socket 0130, wsabuf 0x32f6e4, nbufs 1, flags 0, from 0x32f734, fromlen 16, ovl (nil), func (nil)
0009:trace:winsock:WS2_recv_base fd=43, options=20
0009:trace:winsock:WS2_recv_base  -> 9 bytes
0009:trace:winsock:WS2_sendto socket 0130, wsabuf 0x32e974, nbufs 1, flags 0, to 0x34b06a4, tolen 16, ovl (nil), func (nil)
0009:trace:winsock:WS2_sendto fd=43, options=20
0009:trace:winsock:WS2_sendto  -> 65 bytes
0009:trace:winsock:WS2_recv_base socket 0138, wsabuf 0x32f6e4, nbufs 1, flags 0, from 0x32f734, fromlen 16, ovl (nil), func (nil)
0009:trace:winsock:WS2_recv_base fd=43, options=20
0009:trace:winsock:WS2_recv_base  -> 10 bytes
0009:trace:winsock:WS2_sendto socket 0138, wsabuf 0x32f5e4, nbufs 1, flags 0, to 0x2bbad94, tolen 16, ovl (nil), func (nil)
0009:trace:winsock:WS2_sendto fd=43, options=20
0009:trace:winsock:WS2_sendto  -> 10 bytes
0009:trace:winsock:WS2_recv_base socket 0138, wsabuf 0x32f6e4, nbufs 1, flags 0, from 0x32f734, fromlen 16, ovl (nil), func (nil)
0009:trace:winsock:WS2_recv_base fd=43, options=20
0009:trace:winsock:WS2_recv_base  -> 10 bytes
0009:trace:winsock:WS2_recv_base socket 0130, wsabuf 0x32f6e4, nbufs 1, flags 0, from 0x32f734, fromlen 16, ovl (nil), func (nil)
0009:trace:winsock:WS2_recv_base fd=43, options=20
0009:trace:winsock:WS2_recv_base  -> 9 bytes
0009:trace:winsock:WS2_sendto socket 0130, wsabuf 0x32e974, nbufs 1, flags 0, to 0x34b0714, tolen 16, ovl (nil), func (nil)
0009:trace:winsock:WS2_sendto fd=43, options=20
0009:trace:winsock:WS2_sendto  -> 65 bytes
0009:trace:winsock:WS2_recv_base socket 0138, wsabuf 0x32f6e4, nbufs 1, flags 0, from 0x32f734, fromlen 16, ovl (nil), func (nil)
0009:trace:winsock:WS2_recv_base fd=43, options=20
0009:trace:winsock:WS2_recv_base  -> 16 bytes
0009:trace:winsock:WS2_sendto socket 0138, wsabuf 0x32f5e4, nbufs 1, flags 0, to 0x2bbad94, tolen 16, ovl (nil), func (nil)
0009:trace:winsock:WS2_sendto fd=43, options=20
0009:trace:winsock:WS2_sendto  -> 10 bytes
0009:trace:winsock:WS2_recv_base socket 0138, wsabuf 0x32f6e4, nbufs 1, flags 0, from 0x32f734, fromlen 16, ovl (nil), func (nil)
0009:trace:winsock:WS2_recv_base fd=43, options=20
0009:trace:winsock:WS2_recv_base  -> 10 bytes
0009:trace:winsock:WS2_sendto socket 0138, wsabuf 0x32f964, nbufs 1, flags 0, to 0x2bbad94, tolen 16, ovl (nil), func (nil)
0009:trace:winsock:WS2_sendto fd=43, options=20
0009:trace:winsock:WS2_sendto  -> 16 bytes
0009:trace:winsock:WS2_sendto socket 0138, wsabuf 0x32f9c4, nbufs 1, flags 0, to 0x2bbad94, tolen 16, ovl (nil), func (nil)
0009:trace:winsock:WS2_sendto fd=43, options=20
0009:trace:winsock:WS2_sendto  -> 12 bytes
0009:trace:winsock:WS2_recv_base socket 0138, wsabuf 0x32f6e4, nbufs 1, flags 0, from 0x32f734, fromlen 16, ovl (nil), func (nil)
0009:trace:winsock:WS2_recv_base fd=43, options=20
0009:trace:winsock:WS2_recv_base  -> 12 bytes
0009:trace:winsock:WS2_sendto socket 0138, wsabuf 0x32f5e4, nbufs 1, flags 0, to 0x2bbad94, tolen 16, ovl (nil), func (nil)
0009:trace:winsock:WS2_sendto fd=43, options=20
0009:trace:winsock:WS2_sendto  -> 10 bytes
0009:trace:winsock:WS2_recv_base socket 0130, wsabuf 0x32f6e4, nbufs 1, flags 0, from 0x32f734, fromlen 16, ovl (nil), func (nil)
0009:trace:winsock:WS2_recv_base fd=43, options=20
0009:trace:winsock:WS2_recv_base  -> 9 bytes
0009:trace:winsock:WS2_sendto socket 0130, wsabuf 0x32e974, nbufs 1, flags 0, to 0x34b0784, tolen 16, ovl (nil), func (nil)
0009:trace:winsock:WS2_sendto fd=43, options=20
0009:trace:winsock:WS2_sendto  -> 65 bytes
0009:trace:winsock:WS2_recv_base socket 0138, wsabuf 0x32f6e4, nbufs 1, flags 0, from 0x32f734, fromlen 16, ovl (nil), func (nil)
0009:trace:winsock:WS2_recv_base fd=43, options=20
0009:trace:winsock:WS2_recv_base  -> 12 bytes
0009:trace:winsock:WS2_sendto socket 0138, wsabuf 0x32ef34, nbufs 1, flags 0, to 0x2bbad94, tolen 16, ovl (nil), func (nil)
0009:trace:winsock:WS2_sendto fd=43, options=20
0009:trace:winsock:WS2_sendto  -> 12 bytes
0009:trace:winsock:WS2_recv_base socket 0138, wsabuf 0x32f6e4, nbufs 1, flags 0, from 0x32f734, fromlen 16, ovl (nil), func (nil)
0009:trace:winsock:WS2_recv_base fd=43, options=20
0009:trace:winsock:WS2_recv_base  -> 10 bytes
0009:trace:winsock:WS2_sendto socket 0138, wsabuf 0x32f5e4, nbufs 1, flags 0, to 0x2bbad94, tolen 16, ovl (nil), func (nil)
0009:trace:winsock:WS2_sendto fd=43, options=20
0009:trace:winsock:WS2_sendto  -> 10 bytes
0009:trace:winsock:WS2_recv_base socket 0138, wsabuf 0x32f6e4, nbufs 1, flags 0, from 0x32f734, fromlen 16, ovl (nil), func (nil)
0009:trace:winsock:WS2_recv_base fd=43, options=20
0009:trace:winsock:WS2_recv_base  -> 10 bytes
0009:trace:winsock:WS2_recv_base socket 0130, wsabuf 0x32f6e4, nbufs 1, flags 0, from 0x32f734, fromlen 16, ovl (nil), func (nil)
0009:trace:winsock:WS2_recv_base fd=43, options=20
0009:trace:winsock:WS2_recv_base  -> 9 bytes
0009:trace:winsock:WS2_sendto socket 0130, wsabuf 0x32e974, nbufs 1, flags 0, to 0x34b07f4, tolen 16, ovl (nil), func (nil)
0009:trace:winsock:WS2_sendto fd=43, options=20
0009:trace:winsock:WS2_sendto  -> 65 bytes
0009:trace:winsock:WS2_recv_base socket 0138, wsabuf 0x32f6e4, nbufs 1, flags 0, from 0x32f734, fromlen 16, ovl (nil), func (nil)
0009:trace:winsock:WS2_recv_base fd=43, options=20
0009:trace:winsock:WS2_recv_base  -> 16 bytes
0009:trace:winsock:WS2_sendto socket 0138, wsabuf 0x32f5e4, nbufs 1, flags 0, to 0x2bbad94, tolen 16, ovl (nil), func (nil)
0009:trace:winsock:WS2_sendto fd=43, options=20
0009:trace:winsock:WS2_sendto  -> 10 bytes
0009:trace:winsock:WS2_recv_base socket 0138, wsabuf 0x32f6e4, nbufs 1, flags 0, from 0x32f734, fromlen 16, ovl (nil), func (nil)
0009:trace:winsock:WS2_recv_base fd=43, options=20
0009:trace:winsock:WS2_recv_base  -> 10 bytes
0009:trace:winsock:WS2_sendto socket 0138, wsabuf 0x32f964, nbufs 1, flags 0, to 0x2bbad94, tolen 16, ovl (nil), func (nil)
0009:trace:winsock:WS2_sendto fd=43, options=20
0009:trace:winsock:WS2_sendto  -> 16 bytes
0009:trace:winsock:WS2_recv_base socket 0130, wsabuf 0x32f6e4, nbufs 1, flags 0, from 0x32f734, fromlen 16, ovl (nil), func (nil)
0009:trace:winsock:WS2_recv_base fd=43, options=20
0009:trace:winsock:WS2_recv_base  -> 9 bytes
0009:trace:winsock:WS2_sendto socket 0130, wsabuf 0x32e974, nbufs 1, flags 0, to 0x34b0864, tolen 16, ovl (nil), func (nil)
0009:trace:winsock:WS2_sendto fd=43, options=20
0009:trace:winsock:WS2_sendto  -> 65 bytes
0009:trace:winsock:WS2_sendto socket 0138, wsabuf 0x32f5e4, nbufs 1, flags 0, to 0x2bbad94, tolen 16, ovl (nil), func (nil)
0009:trace:winsock:WS2_sendto fd=43, options=20
0009:trace:winsock:WS2_sendto  -> 10 bytes
0009:trace:winsock:WS2_recv_base socket 0138, wsabuf 0x32f6e4, nbufs 1, flags 0, from 0x32f734, fromlen 16, ovl (nil), func (nil)
0009:trace:winsock:WS2_recv_base fd=43, options=20
0009:trace:winsock:WS2_recv_base  -> 10 bytes
0009:trace:winsock:WS2_sendto socket 0138, wsabuf 0x32f9c4, nbufs 1, flags 0, to 0x2bbad94, tolen 16, ovl (nil), func (nil)
0009:trace:winsock:WS2_sendto fd=43, options=20
0009:trace:winsock:WS2_sendto  -> 12 bytes
0009:trace:winsock:WS2_recv_base socket 0138, wsabuf 0x32f6e4, nbufs 1, flags 0, from 0x32f734, fromlen 16, ovl (nil), func (nil)
0009:trace:winsock:WS2_recv_base fd=43, options=20
0009:trace:winsock:WS2_recv_base  -> 12 bytes
0009:trace:winsock:WS2_sendto socket 0138, wsabuf 0x32f5e4, nbufs 1, flags 0, to 0x2bbad94, tolen 16, ovl (nil), func (nil)
0009:trace:winsock:WS2_sendto fd=43, options=20
0009:trace:winsock:WS2_sendto  -> 10 bytes
0009:trace:winsock:WS2_recv_base socket 0138, wsabuf 0x32f6e4, nbufs 1, flags 0, from 0x32f734, fromlen 16, ovl (nil), func (nil)
0009:trace:winsock:WS2_recv_base fd=43, options=20
0009:trace:winsock:WS2_recv_base  -> 12 bytes
0009:trace:winsock:WS2_sendto socket 0138, wsabuf 0x32ef34, nbufs 1, flags 0, to 0x2bbad94, tolen 16, ovl (nil), func (nil)
0009:trace:winsock:WS2_sendto fd=43, options=20
0009:trace:winsock:WS2_sendto  -> 12 bytes
0009:trace:winsock:WS2_recv_base socket 0130, wsabuf 0x32f6e4, nbufs 1, flags 0, from 0x32f734, fromlen 16, ovl (nil), func (nil)
0009:trace:winsock:WS2_recv_base fd=43, options=20
0009:trace:winsock:WS2_recv_base  -> 9 bytes
0009:trace:winsock:WS2_sendto socket 0130, wsabuf 0x32e974, nbufs 1, flags 0, to 0x36e9324, tolen 16, ovl (nil), func (nil)
0009:trace:winsock:WS2_sendto fd=43, options=20
0009:trace:winsock:WS2_sendto  -> 65 bytes
0009:trace:winsock:WS2_recv_base socket 0138, wsabuf 0x32f6e4, nbufs 1, flags 0, from 0x32f734, fromlen 16, ovl (nil), func (nil)
0009:trace:winsock:WS2_recv_base fd=43, options=20
0009:trace:winsock:WS2_recv_base  -> 10 bytes
0009:trace:winsock:WS2_recv_base socket 0138, wsabuf 0x32f6e4, nbufs 1, flags 0, from 0x32f734, fromlen 16, ovl (nil), func (nil)
0009:trace:winsock:WS2_recv_base fd=43, options=20
0009:trace:winsock:WS2_recv_base  -> 16 bytes
0009:trace:winsock:WS2_sendto socket 0138, wsabuf 0x32f5e4, nbufs 1, flags 0, to 0x2bbad94, tolen 16, ovl (nil), func (nil)
0009:trace:winsock:WS2_sendto fd=43, options=20
0009:trace:winsock:WS2_sendto  -> 10 bytes
0009:trace:winsock:WS2_recv_base socket 0138, wsabuf 0x32f6e4, nbufs 1, flags 0, from 0x32f734, fromlen 16, ovl (nil), func (nil)
0009:trace:winsock:WS2_recv_base fd=43, options=20
0009:trace:winsock:WS2_recv_base  -> 10 bytes
0009:trace:winsock:WS2_recv_base socket 0130, wsabuf 0x32f6e4, nbufs 1, flags 0, from 0x32f734, fromlen 16, ovl (nil), func (nil)
0009:trace:winsock:WS2_recv_base fd=43, options=20
0009:trace:winsock:WS2_recv_base  -> 9 bytes
0009:trace:winsock:WS2_sendto socket 0130, wsabuf 0x32e974, nbufs 1, flags 0, to 0x36e9394, tolen 16, ovl (nil), func (nil)
0009:trace:winsock:WS2_sendto fd=43, options=20
0009:trace:winsock:WS2_sendto  -> 65 bytes
0009:trace:winsock:WS2_sendto socket 0138, wsabuf 0x32f964, nbufs 1, flags 0, to 0x2bbad94, tolen 16, ovl (nil), func (nil)
0009:trace:winsock:WS2_sendto fd=43, options=20
0009:trace:winsock:WS2_sendto  -> 16 bytes
0009:trace:winsock:WS2_sendto socket 0138, wsabuf 0x32f5e4, nbufs 1, flags 0, to 0x2bbad94, tolen 16, ovl (nil), func (nil)
0009:trace:winsock:WS2_sendto fd=43, options=20
0009:trace:winsock:WS2_sendto  -> 10 bytes
0009:trace:winsock:WS2_recv_base socket 0138, wsabuf 0x32f6e4, nbufs 1, flags 0, from 0x32f734, fromlen 16, ovl (nil), func (nil)
0009:trace:winsock:WS2_recv_base fd=43, options=20
0009:trace:winsock:WS2_recv_base  -> 10 bytes
0009:trace:winsock:WS2_sendto socket 0138, wsabuf 0x32f5e4, nbufs 1, flags 0, to 0x2bbad94, tolen 16, ovl (nil), func (nil)
0009:trace:winsock:WS2_sendto fd=43, options=20
0009:trace:winsock:WS2_sendto  -> 10 bytes
0009:trace:winsock:WS2_recv_base socket 0130, wsabuf 0x32f6e4, nbufs 1, flags 0, from 0x32f734, fromlen 16, ovl (nil), func (nil)
0009:trace:winsock:WS2_recv_base fd=43, options=20
0009:trace:winsock:WS2_recv_base  -> 9 bytes
0009:trace:winsock:WS2_sendto socket 0130, wsabuf 0x32e974, nbufs 1, flags 0, to 0x36e9404, tolen 16, ovl (nil), func (nil)
0009:trace:winsock:WS2_sendto fd=43, options=20
0009:trace:winsock:WS2_sendto  -> 65 bytes
0009:trace:winsock:WS2_recv_base socket 0138, wsabuf 0x32f6e4, nbufs 1, flags 0, from 0x32f734, fromlen 16, ovl (nil), func (nil)
0009:trace:winsock:WS2_recv_base fd=43, options=20
0009:trace:winsock:WS2_recv_base  -> 10 bytes
0009:trace:winsock:WS2_sendto socket 0138, wsabuf 0x32f9c4, nbufs 1, flags 0, to 0x2bbad94, tolen 16, ovl (nil), func (nil)
0009:trace:winsock:WS2_sendto fd=43, options=20
0009:trace:winsock:WS2_sendto  -> 12 bytes
0009:trace:winsock:WS2_recv_base socket 0138, wsabuf 0x32f6e4, nbufs 1, flags 0, from 0x32f734, fromlen 16, ovl (nil), func (nil)
0009:trace:winsock:WS2_recv_base fd=43, options=20
0009:trace:winsock:WS2_recv_base  -> 12 bytes
0009:trace:winsock:WS2_sendto socket 0138, wsabuf 0x32f5e4, nbufs 1, flags 0, to 0x2bbad94, tolen 16, ovl (nil), func (nil)
0009:trace:winsock:WS2_sendto fd=43, options=20
0009:trace:winsock:WS2_sendto  -> 10 bytes
0009:trace:winsock:WS2_recv_base socket 0138, wsabuf 0x32f6e4, nbufs 1, flags 0, from 0x32f734, fromlen 16, ovl (nil), func (nil)
0009:trace:winsock:WS2_recv_base fd=43, options=20
0009:trace:winsock:WS2_recv_base  -> 16 bytes
0009:trace:winsock:WS2_recv_base socket 0138, wsabuf 0x32f6e4, nbufs 1, flags 0, from 0x32f734, fromlen 16, ovl (nil), func (nil)
0009:trace:winsock:WS2_recv_base fd=43, options=20
0009:trace:winsock:WS2_recv_base  -> 12 bytes
0009:trace:winsock:WS2_sendto socket 0138, wsabuf 0x32ef34, nbufs 1, flags 0, to 0x2bbad94, tolen 16, ovl (nil), func (nil)
0009:trace:winsock:WS2_sendto fd=43, options=20
0009:trace:winsock:WS2_sendto  -> 12 bytes
0009:trace:winsock:WS2_recv_base socket 0138, wsabuf 0x32f6e4, nbufs 1, flags 0, from 0x32f734, fromlen 16, ovl (nil), func (nil)
0009:trace:winsock:WS2_recv_base fd=43, options=20
0009:trace:winsock:WS2_recv_base  -> 10 bytes
0009:trace:winsock:WS2_recv_base socket 0130, wsabuf 0x32f6e4, nbufs 1, flags 0, from 0x32f734, fromlen 16, ovl (nil), func (nil)
0009:trace:winsock:WS2_recv_base fd=43, options=20
0009:trace:winsock:WS2_recv_base  -> 9 bytes
0009:trace:winsock:WS2_sendto socket 0130, wsabuf 0x32e974, nbufs 1, flags 0, to 0x1337f64, tolen 16, ovl (nil), func (nil)
0009:trace:winsock:WS2_sendto fd=43, options=20
0009:trace:winsock:WS2_sendto  -> 65 bytes
0009:trace:winsock:WS2_sendto socket 0138, wsabuf 0x32f964, nbufs 1, flags 0, to 0x2bbad94, tolen 16, ovl (nil), func (nil)
0009:trace:winsock:WS2_sendto fd=43, options=20
0009:trace:winsock:WS2_sendto  -> 16 bytes
0009:trace:winsock:WS2_sendto socket 0138, wsabuf 0x32f5e4, nbufs 1, flags 0, to 0x2bbad94, tolen 16, ovl (nil), func (nil)
0009:trace:winsock:WS2_sendto fd=43, options=20
0009:trace:winsock:WS2_sendto  -> 10 bytes
0009:trace:winsock:WS2_recv_base socket 0138, wsabuf 0x32f6e4, nbufs 1, flags 0, from 0x32f734, fromlen 16, ovl (nil), func (nil)
0009:trace:winsock:WS2_recv_base fd=43, options=20
0009:trace:winsock:WS2_recv_base  -> 10 bytes
0009:trace:winsock:WS2_recv_base socket 0130, wsabuf 0x32f6e4, nbufs 1, flags 0, from 0x32f734, fromlen 16, ovl (nil), func (nil)
0009:trace:winsock:WS2_recv_base fd=43, options=20
0009:trace:winsock:WS2_recv_base  -> 9 bytes
0009:trace:winsock:WS2_sendto socket 0130, wsabuf 0x32e974, nbufs 1, flags 0, to 0x1337f64, tolen 16, ovl (nil), func (nil)
0009:trace:winsock:WS2_sendto fd=43, options=20
0009:trace:winsock:WS2_sendto  -> 65 bytes
0009:trace:winsock:WS2_sendto socket 0138, wsabuf 0x32f5e4, nbufs 1, flags 0, to 0x2bbad94, tolen 16, ovl (nil), func (nil)
0009:trace:winsock:WS2_sendto fd=43, options=20
0009:trace:winsock:WS2_sendto  -> 10 bytes
0009:fixme:msctf:LangBarMgr_GetShowFloatingStatus STUB:(01DE5828)
0009:fixme:msctf:LangBarMgr_ShowFloating STUB:(01DE5828)
0009:trace:winsock:WS2_recv_base socket 0138, wsabuf 0x32f6e4, nbufs 1, flags 0, from 0x32f734, fromlen 16, ovl (nil), func (nil)
0009:trace:winsock:WS2_recv_base fd=39, options=20
0009:trace:winsock:WS2_recv_base  -> 10 bytes
0009:trace:winsock:WS2_sendto socket 0138, wsabuf 0x32f5e4, nbufs 1, flags 0, to 0x2bbad94, tolen 16, ovl (nil), func (nil)
0009:trace:winsock:WS2_sendto fd=39, options=20
0009:trace:winsock:WS2_sendto  -> 10 bytes
0009:trace:winsock:WS2_recv_base socket 0138, wsabuf 0x32f6e4, nbufs 1, flags 0, from 0x32f734, fromlen 16, ovl (nil), func (nil)
0009:trace:winsock:WS2_recv_base fd=39, options=20
0009:trace:winsock:WS2_recv_base  -> 16 bytes
0009:trace:winsock:WS2_recv_base socket 0130, wsabuf 0x32f6e4, nbufs 1, flags 0, from 0x32f734, fromlen 16, ovl (nil), func (nil)
0009:trace:winsock:WS2_recv_base fd=39, options=20
0009:trace:winsock:WS2_recv_base  -> 9 bytes
0009:trace:winsock:WS2_sendto socket 0130, wsabuf 0x32e974, nbufs 1, flags 0, to 0x1338ef4, tolen 16, ovl (nil), func (nil)
0009:trace:winsock:WS2_sendto fd=39, options=20
0009:trace:winsock:WS2_sendto  -> 65 bytes
0009:trace:winsock:WS2_recv_base socket 0138, wsabuf 0x32f6e4, nbufs 1, flags 0, from 0x32f734, fromlen 16, ovl (nil), func (nil)
0009:trace:winsock:WS2_recv_base fd=39, options=20
0009:trace:winsock:WS2_recv_base  -> 10 bytes
0009:trace:winsock:WS2_sendto socket 0138, wsabuf 0x32f9c4, nbufs 1, flags 0, to 0x2bbad94, tolen 16, ovl (nil), func (nil)
0009:trace:winsock:WS2_sendto fd=39, options=20
0009:trace:winsock:WS2_sendto  -> 12 bytes
0009:trace:winsock:WS2_recv_base socket 0138, wsabuf 0x32f6e4, nbufs 1, flags 0, from 0x32f734, fromlen 16, ovl (nil), func (nil)
0009:trace:winsock:WS2_recv_base fd=39, options=20
0009:trace:winsock:WS2_recv_base  -> 12 bytes
0009:trace:winsock:WS2_sendto socket 0138, wsabuf 0x32f5e4, nbufs 1, flags 0, to 0x2bbad94, tolen 16, ovl (nil), func (nil)
0009:trace:winsock:WS2_sendto fd=39, options=20
0009:trace:winsock:WS2_sendto  -> 10 bytes
0009:trace:winsock:WS2_sendto socket 0138, wsabuf 0x32f964, nbufs 1, flags 0, to 0x2bbad94, tolen 16, ovl (nil), func (nil)
0009:trace:winsock:WS2_sendto fd=39, options=20
0009:trace:winsock:WS2_sendto  -> 16 bytes
0009:trace:winsock:WS2_recv_base socket 0138, wsabuf 0x32f6e4, nbufs 1, flags 0, from 0x32f734, fromlen 16, ovl (nil), func (nil)
0009:trace:winsock:WS2_recv_base fd=39, options=20
0009:trace:winsock:WS2_recv_base  -> 12 bytes
0009:trace:winsock:WS2_sendto socket 0138, wsabuf 0x32ef34, nbufs 1, flags 0, to 0x2bbad94, tolen 16, ovl (nil), func (nil)
0009:trace:winsock:WS2_sendto fd=39, options=20
0009:trace:winsock:WS2_sendto  -> 12 bytes
0009:trace:winsock:WS2_recv_base socket 0138, wsabuf 0x32f6e4, nbufs 1, flags 0, from 0x32f734, fromlen 16, ovl (nil), func (nil)
0009:trace:winsock:WS2_recv_base fd=39, options=20
0009:trace:winsock:WS2_recv_base  -> 10 bytes
0009:trace:winsock:WS2_recv_base socket 0130, wsabuf 0x32f6e4, nbufs 1, flags 0, from 0x32f734, fromlen 16, ovl (nil), func (nil)
0009:trace:winsock:WS2_recv_base fd=39, options=20
0009:trace:winsock:WS2_recv_base  -> 9 bytes
0009:trace:winsock:WS2_sendto socket 0130, wsabuf 0x32e974, nbufs 1, flags 0, to 0x1338ef4, tolen 16, ovl (nil), func (nil)
0009:trace:winsock:WS2_sendto fd=39, options=20
0009:trace:winsock:WS2_sendto  -> 65 bytes
0009:trace:winsock:WS2_sendto socket 0138, wsabuf 0x32f5e4, nbufs 1, flags 0, to 0x2bbad94, tolen 16, ovl (nil), func (nil)
0009:trace:winsock:WS2_sendto fd=39, options=20
0009:trace:winsock:WS2_sendto  -> 10 bytes
0009:trace:winsock:WS2_recv_base socket 0138, wsabuf 0x32f6e4, nbufs 1, flags 0, from 0x32f734, fromlen 16, ovl (nil), func (nil)
0009:trace:winsock:WS2_recv_base fd=39, options=20
0009:trace:winsock:WS2_recv_base  -> 10 bytes
0009:trace:winsock:WS2_sendto socket 0138, wsabuf 0x32f5e4, nbufs 1, flags 0, to 0x2bbad94, tolen 16, ovl (nil), func (nil)
0009:trace:winsock:WS2_sendto fd=39, options=20
0009:trace:winsock:WS2_sendto  -> 10 bytes
0009:trace:winsock:WS2_recv_base socket 0130, wsabuf 0x32f6e4, nbufs 1, flags 0, from 0x32f734, fromlen 16, ovl (nil), func (nil)
0009:trace:winsock:WS2_recv_base fd=39, options=20
0009:trace:winsock:WS2_recv_base  -> 9 bytes
0009:trace:winsock:WS2_sendto socket 0130, wsabuf 0x32e974, nbufs 1, flags 0, to 0x1338ef4, tolen 16, ovl (nil), func (nil)
0009:trace:winsock:WS2_sendto fd=39, options=20
0009:trace:winsock:WS2_sendto  -> 65 bytes
0009:trace:winsock:WS2_recv_base socket 0138, wsabuf 0x32f6e4, nbufs 1, flags 0, from 0x32f734, fromlen 16, ovl (nil), func (nil)
0009:trace:winsock:WS2_recv_base fd=39, options=20
0009:trace:winsock:WS2_recv_base  -> 16 bytes
0009:trace:winsock:WS2_recv_base socket 0138, wsabuf 0x32f6e4, nbufs 1, flags 0, from 0x32f734, fromlen 16, ovl (nil), func (nil)
0009:trace:winsock:WS2_recv_base fd=39, options=20
0009:trace:winsock:WS2_recv_base  -> 10 bytes
0009:trace:winsock:WS2_sendto socket 0138, wsabuf 0x32f5e4, nbufs 1, flags 0, to 0x2bbad94, tolen 16, ovl (nil), func (nil)
0009:trace:winsock:WS2_sendto fd=39, options=20
0009:trace:winsock:WS2_sendto  -> 10 bytes
0009:trace:winsock:WS2_sendto socket 0138, wsabuf 0x32f964, nbufs 1, flags 0, to 0x2bbad94, tolen 16, ovl (nil), func (nil)
0009:trace:winsock:WS2_sendto fd=39, options=20
0009:trace:winsock:WS2_sendto  -> 16 bytes
0009:trace:winsock:WS2_recv_base socket 0130, wsabuf 0x32f6e4, nbufs 1, flags 0, from 0x32f734, fromlen 16, ovl (nil), func (nil)
0009:trace:winsock:WS2_recv_base fd=39, options=20
0009:trace:winsock:WS2_recv_base  -> 9 bytes
0009:trace:winsock:WS2_sendto socket 0130, wsabuf 0x32e974, nbufs 1, flags 0, to 0x1338ef4, tolen 16, ovl (nil), func (nil)
0009:trace:winsock:WS2_sendto fd=39, options=20
0009:trace:winsock:WS2_sendto  -> 65 bytes
0009:trace:winsock:WS2_recv_base socket 0138, wsabuf 0x32f6e4, nbufs 1, flags 0, from 0x32f734, fromlen 16, ovl (nil), func (nil)
0009:trace:winsock:WS2_recv_base fd=39, options=20
0009:trace:winsock:WS2_recv_base  -> 10 bytes
0009:trace:winsock:WS2_sendto socket 0138, wsabuf 0x32f9c4, nbufs 1, flags 0, to 0x2bbad94, tolen 16, ovl (nil), func (nil)
0009:trace:winsock:WS2_sendto fd=39, options=20
0009:trace:winsock:WS2_sendto  -> 12 bytes
0009:trace:winsock:WS2_recv_base socket 0138, wsabuf 0x32f6e4, nbufs 1, flags 0, from 0x32f734, fromlen 16, ovl (nil), func (nil)
0009:trace:winsock:WS2_recv_base fd=39, options=20
0009:trace:winsock:WS2_recv_base  -> 12 bytes
0009:trace:winsock:WS2_sendto socket 0138, wsabuf 0x32f5e4, nbufs 1, flags 0, to 0x2bbad94, tolen 16, ovl (nil), func (nil)
0009:trace:winsock:WS2_sendto fd=39, options=20
0009:trace:winsock:WS2_sendto  -> 10 bytes
0009:trace:winsock:WS2_recv_base socket 0138, wsabuf 0x32f6e4, nbufs 1, flags 0, from 0x32f734, fromlen 16, ovl (nil), func (nil)
0009:trace:winsock:WS2_recv_base fd=39, options=20
0009:trace:winsock:WS2_recv_base  -> 12 bytes
0009:trace:winsock:WS2_sendto socket 0138, wsabuf 0x32ef34, nbufs 1, flags 0, to 0x2bbad94, tolen 16, ovl (nil), func (nil)
0009:trace:winsock:WS2_sendto fd=39, options=20
0009:trace:winsock:WS2_sendto  -> 12 bytes
0009:trace:winsock:WS2_recv_base socket 0138, wsabuf 0x32f6e4, nbufs 1, flags 0, from 0x32f734, fromlen 16, ovl (nil), func (nil)
0009:trace:winsock:WS2_recv_base fd=39, options=20
0009:trace:winsock:WS2_recv_base  -> 10 bytes
0009:trace:winsock:WS2_recv_base socket 0130, wsabuf 0x32f6e4, nbufs 1, flags 0, from 0x32f734, fromlen 16, ovl (nil), func (nil)
0009:trace:winsock:WS2_recv_base fd=39, options=20
0009:trace:winsock:WS2_recv_base  -> 9 bytes
0009:trace:winsock:WS2_sendto socket 0130, wsabuf 0x32e974, nbufs 1, flags 0, to 0x1338ef4, tolen 16, ovl (nil), func (nil)
0009:trace:winsock:WS2_sendto fd=39, options=20
0009:trace:winsock:WS2_sendto  -> 65 bytes
0009:trace:winsock:WS2_sendto socket 0138, wsabuf 0x32f5e4, nbufs 1, flags 0, to 0x2bbad94, tolen 16, ovl (nil), func (nil)
0009:trace:winsock:WS2_sendto fd=39, options=20
0009:trace:winsock:WS2_sendto  -> 10 bytes
0009:trace:winsock:WS2_recv_base socket 0138, wsabuf 0x32f6e4, nbufs 1, flags 0, from 0x32f734, fromlen 16, ovl (nil), func (nil)
0009:trace:winsock:WS2_recv_base fd=39, options=20
0009:trace:winsock:WS2_recv_base  -> 10 bytes
0009:trace:winsock:WS2_sendto socket 0138, wsabuf 0x32f904, nbufs 1, flags 0, to 0x2bbad94, tolen 16, ovl (nil), func (nil)
0009:trace:winsock:WS2_sendto fd=39, options=20
0009:trace:winsock:WS2_sendto  -> 25 bytes
0009:trace:winsock:WS2_sendto socket 0138, wsabuf 0x32f904, nbufs 1, flags 0, to 0x2bbad94, tolen 16, ovl (nil), func (nil)
0009:trace:winsock:WS2_sendto fd=39, options=20
0009:trace:winsock:WS2_sendto  -> 25 bytes
0009:trace:winsock:WS2_sendto socket 0138, wsabuf 0x32f914, nbufs 1, flags 0, to 0x2bbad94, tolen 16, ovl (nil), func (nil)
0009:trace:winsock:WS2_sendto fd=39, options=20
0009:trace:winsock:WS2_sendto  -> 25 bytes
0009:trace:winsock:WS2_sendto socket 0138, wsabuf 0x32f914, nbufs 1, flags 0, to 0x2bbad94, tolen 16, ovl (nil), func (nil)
0009:trace:winsock:WS2_sendto fd=39, options=20
0009:trace:winsock:WS2_sendto  -> 25 bytes
0009:trace:winsock:WS2_sendto socket 0138, wsabuf 0x32f914, nbufs 1, flags 0, to 0x2bbad94, tolen 16, ovl (nil), func (nil)
0009:trace:winsock:WS2_sendto fd=39, options=20
0009:trace:winsock:WS2_sendto  -> 25 bytes
0009:trace:winsock:WS2_sendto socket 0138, wsabuf 0x32f914, nbufs 1, flags 0, to 0x2bbad94, tolen 16, ovl (nil), func (nil)
0009:trace:winsock:WS2_sendto fd=39, options=20
0009:trace:winsock:WS2_sendto  -> 25 bytes
0009:trace:winsock:WS2_sendto socket 0138, wsabuf 0x32f914, nbufs 1, flags 0, to 0x2bbad94, tolen 16, ovl (nil), func (nil)
0009:trace:winsock:WS2_sendto fd=39, options=20
0009:trace:winsock:WS2_sendto  -> 25 bytes
0009:trace:winsock:WS2_sendto socket 0138, wsabuf 0x32f914, nbufs 1, flags 0, to 0x2bbad94, tolen 16, ovl (nil), func (nil)
0009:trace:winsock:WS2_sendto fd=39, options=20
0009:trace:winsock:WS2_sendto  -> 25 bytes
0009:trace:winsock:WS2_sendto socket 0138, wsabuf 0x32f914, nbufs 1, flags 0, to 0x2bbad94, tolen 16, ovl (nil), func (nil)
0009:trace:winsock:WS2_sendto fd=39, options=20
0009:trace:winsock:WS2_sendto  -> 25 bytes
0009:trace:winsock:WS2_sendto socket 0138, wsabuf 0x32f914, nbufs 1, flags 0, to 0x2bbad94, tolen 16, ovl (nil), func (nil)
0009:trace:winsock:WS2_sendto fd=39, options=20
0009:trace:winsock:WS2_sendto  -> 25 bytes
0009:trace:winsock:WS2_sendto socket 0138, wsabuf 0x32f914, nbufs 1, flags 0, to 0x2bbad94, tolen 16, ovl (nil), func (nil)
0009:trace:winsock:WS2_sendto fd=39, options=20
0009:trace:winsock:WS2_sendto  -> 25 bytes
0009:trace:winsock:WS2_sendto socket 0138, wsabuf 0x32f914, nbufs 1, flags 0, to 0x2bbad94, tolen 16, ovl (nil), func (nil)
0009:trace:winsock:WS2_sendto fd=39, options=20
0009:trace:winsock:WS2_sendto  -> 25 bytes
0009:trace:winsock:WS2_sendto socket 0138, wsabuf 0x32f914, nbufs 1, flags 0, to 0x2bbad94, tolen 16, ovl (nil), func (nil)
0009:trace:winsock:WS2_sendto fd=39, options=20
0009:trace:winsock:WS2_sendto  -> 25 bytes
0009:trace:winsock:WS2_sendto socket 0138, wsabuf 0x32f914, nbufs 1, flags 0, to 0x2bbad94, tolen 16, ovl (nil), func (nil)
0009:trace:winsock:WS2_sendto fd=39, options=20
0009:trace:winsock:WS2_sendto  -> 25 bytes
0009:trace:winsock:WS2_sendto socket 0138, wsabuf 0x32f914, nbufs 1, flags 0, to 0x2bbad94, tolen 16, ovl (nil), func (nil)
0009:trace:winsock:WS2_sendto fd=39, options=20
0009:trace:winsock:WS2_sendto  -> 25 bytes
0009:trace:winsock:WS2_sendto socket 0138, wsabuf 0x32f914, nbufs 1, flags 0, to 0x2bbad94, tolen 16, ovl (nil), func (nil)
0009:trace:winsock:WS2_sendto fd=39, options=20
0009:trace:winsock:WS2_sendto  -> 25 bytes
0009:trace:winsock:WS2_sendto socket 0138, wsabuf 0x32f914, nbufs 1, flags 0, to 0x2bbad94, tolen 16, ovl (nil), func (nil)
0009:trace:winsock:WS2_sendto fd=39, options=20
0009:trace:winsock:WS2_sendto  -> 25 bytes
0009:trace:winsock:WS2_sendto socket 0138, wsabuf 0x32f914, nbufs 1, flags 0, to 0x2bbad94, tolen 16, ovl (nil), func (nil)
0009:trace:winsock:WS2_sendto fd=39, options=20
0009:trace:winsock:WS2_sendto  -> 25 bytes
0009:trace:winsock:WS2_sendto socket 0138, wsabuf 0x32f914, nbufs 1, flags 0, to 0x2bbad94, tolen 16, ovl (nil), func (nil)
0009:trace:winsock:WS2_sendto fd=39, options=20
0009:trace:winsock:WS2_sendto  -> 25 bytes
0009:trace:winsock:WS2_sendto socket 0138, wsabuf 0x32f914, nbufs 1, flags 0, to 0x2bbad94, tolen 16, ovl (nil), func (nil)
0009:trace:winsock:WS2_sendto fd=39, options=20
0009:trace:winsock:WS2_sendto  -> 25 bytes
0009:trace:winsock:WS2_recv_base socket 0138, wsabuf 0x32f6e4, nbufs 1, flags 0, from 0x32f734, fromlen 16, ovl (nil), func (nil)
0009:trace:winsock:WS2_recv_base fd=39, options=20
0009:trace:winsock:WS2_recv_base  -> 16 bytes
0009:trace:winsock:WS2_sendto socket 0138, wsabuf 0x32f964, nbufs 1, flags 0, to 0x2bbad94, tolen 16, ovl (nil), func (nil)
0009:trace:winsock:WS2_sendto fd=39, options=20
0009:trace:winsock:WS2_sendto  -> 22 bytes
0009:trace:winsock:WS2_sendto socket 0138, wsabuf 0x32f964, nbufs 1, flags 0, to 0x2bbad94, tolen 16, ovl (nil), func (nil)
0009:trace:winsock:WS2_sendto fd=39, options=20
0009:trace:winsock:WS2_sendto  -> 22 bytes
0009:trace:winsock:WS2_sendto socket 0138, wsabuf 0x32f964, nbufs 1, flags 0, to 0x2bbad94, tolen 16, ovl (nil), func (nil)
0009:trace:winsock:WS2_sendto fd=39, options=20
0009:trace:winsock:WS2_sendto  -> 22 bytes
0009:trace:winsock:WS2_sendto socket 0138, wsabuf 0x32f964, nbufs 1, flags 0, to 0x2bbad94, tolen 16, ovl (nil), func (nil)
0009:trace:winsock:WS2_sendto fd=39, options=20
0009:trace:winsock:WS2_sendto  -> 22 bytes
0009:trace:winsock:WS2_sendto socket 0138, wsabuf 0x32f964, nbufs 1, flags 0, to 0x2bbad94, tolen 16, ovl (nil), func (nil)
0009:trace:winsock:WS2_sendto fd=39, options=20
0009:trace:winsock:WS2_sendto  -> 22 bytes
0009:trace:winsock:WS2_sendto socket 0138, wsabuf 0x32f964, nbufs 1, flags 0, to 0x2bbad94, tolen 16, ovl (nil), func (nil)
0009:trace:winsock:WS2_sendto fd=39, options=20
0009:trace:winsock:WS2_sendto  -> 22 bytes
0009:trace:winsock:WS2_sendto socket 0138, wsabuf 0x32f964, nbufs 1, flags 0, to 0x2bbad94, tolen 16, ovl (nil), func (nil)
0009:trace:winsock:WS2_sendto fd=39, options=20
0009:trace:winsock:WS2_sendto  -> 22 bytes
0009:trace:winsock:WS2_sendto socket 0138, wsabuf 0x32f964, nbufs 1, flags 0, to 0x2bbad94, tolen 16, ovl (nil), func (nil)
0009:trace:winsock:WS2_sendto fd=39, options=20
0009:trace:winsock:WS2_sendto  -> 22 bytes
0009:trace:winsock:WS2_sendto socket 0138, wsabuf 0x32f964, nbufs 1, flags 0, to 0x2bbad94, tolen 16, ovl (nil), func (nil)
0009:trace:winsock:WS2_sendto fd=39, options=20
0009:trace:winsock:WS2_sendto  -> 22 bytes
0009:trace:winsock:WS2_sendto socket 0138, wsabuf 0x32f964, nbufs 1, flags 0, to 0x2bbad94, tolen 16, ovl (nil), func (nil)
0009:trace:winsock:WS2_sendto fd=39, options=20
0009:trace:winsock:WS2_sendto  -> 22 bytes
0009:trace:winsock:WS2_sendto socket 0138, wsabuf 0x32f964, nbufs 1, flags 0, to 0x2bbad94, tolen 16, ovl (nil), func (nil)
0009:trace:winsock:WS2_sendto fd=39, options=20
0009:trace:winsock:WS2_sendto  -> 31 bytes
0009:trace:winsock:WS2_sendto socket 0138, wsabuf 0x32f964, nbufs 1, flags 0, to 0x2bbad94, tolen 16, ovl (nil), func (nil)
0009:trace:winsock:WS2_sendto fd=39, options=20
0009:trace:winsock:WS2_sendto  -> 31 bytes
0009:trace:winsock:WS2_sendto socket 0138, wsabuf 0x32f964, nbufs 1, flags 0, to 0x2bbad94, tolen 16, ovl (nil), func (nil)
0009:trace:winsock:WS2_sendto fd=39, options=20
0009:trace:winsock:WS2_sendto  -> 31 bytes
0009:trace:winsock:WS2_sendto socket 0138, wsabuf 0x32f964, nbufs 1, flags 0, to 0x2bbad94, tolen 16, ovl (nil), func (nil)
0009:trace:winsock:WS2_sendto fd=39, options=20
0009:trace:winsock:WS2_sendto  -> 31 bytes
0009:trace:winsock:WS2_sendto socket 0138, wsabuf 0x32f964, nbufs 1, flags 0, to 0x2bbad94, tolen 16, ovl (nil), func (nil)
0009:trace:winsock:WS2_sendto fd=39, options=20
0009:trace:winsock:WS2_sendto  -> 31 bytes
0009:trace:winsock:WS2_sendto socket 0138, wsabuf 0x32f964, nbufs 1, flags 0, to 0x2bbad94, tolen 16, ovl (nil), func (nil)
0009:trace:winsock:WS2_sendto fd=39, options=20
0009:trace:winsock:WS2_sendto  -> 31 bytes
0009:trace:winsock:WS2_sendto socket 0138, wsabuf 0x32f964, nbufs 1, flags 0, to 0x2bbad94, tolen 16, ovl (nil), func (nil)
0009:trace:winsock:WS2_sendto fd=39, options=20
0009:trace:winsock:WS2_sendto  -> 31 bytes
0009:trace:winsock:WS2_sendto socket 0138, wsabuf 0x32f964, nbufs 1, flags 0, to 0x2bbad94, tolen 16, ovl (nil), func (nil)
0009:trace:winsock:WS2_sendto fd=39, options=20
0009:trace:winsock:WS2_sendto  -> 31 bytes
0009:trace:winsock:WS2_sendto socket 0138, wsabuf 0x32f964, nbufs 1, flags 0, to 0x2bbad94, tolen 16, ovl (nil), func (nil)
0009:trace:winsock:WS2_sendto fd=39, options=20
0009:trace:winsock:WS2_sendto  -> 31 bytes
0009:trace:winsock:WS2_sendto socket 0138, wsabuf 0x32f964, nbufs 1, flags 0, to 0x2bbad94, tolen 16, ovl (nil), func (nil)
0009:trace:winsock:WS2_sendto fd=39, options=20
0009:trace:winsock:WS2_sendto  -> 31 bytes
0009:trace:winsock:WS2_sendto socket 0138, wsabuf 0x32f964, nbufs 1, flags 0, to 0x2bbad94, tolen 16, ovl (nil), func (nil)
0009:trace:winsock:WS2_sendto fd=39, options=20
0009:trace:winsock:WS2_sendto  -> 33 bytes
0009:trace:winsock:WS2_sendto socket 0138, wsabuf 0x32f5e4, nbufs 1, flags 0, to 0x2bbad94, tolen 16, ovl (nil), func (nil)
0009:trace:winsock:WS2_sendto fd=39, options=20
0009:trace:winsock:WS2_sendto  -> 10 bytes
0009:trace:winsock:WS2_recv_base socket 0130, wsabuf 0x32f6e4, nbufs 1, flags 0, from 0x32f734, fromlen 16, ovl (nil), func (nil)
0009:trace:winsock:WS2_recv_base fd=39, options=20
0009:trace:winsock:WS2_recv_base  -> 9 bytes
0009:trace:winsock:WS2_sendto socket 0130, wsabuf 0x32e974, nbufs 1, flags 0, to 0x1338ef4, tolen 16, ovl (nil), func (nil)
0009:trace:winsock:WS2_sendto fd=39, options=20
0009:trace:winsock:WS2_sendto  -> 65 bytes
0009:trace:winsock:WS2_sendto socket 0138, wsabuf 0x32f964, nbufs 1, flags 0, to 0x2bbad94, tolen 16, ovl (nil), func (nil)
0009:trace:winsock:WS2_sendto fd=39, options=20
0009:trace:winsock:WS2_sendto  -> 16 bytes
0009:trace:winsock:WS2_recv_base socket 0138, wsabuf 0x32f6e4, nbufs 1, flags 0, from 0x32f734, fromlen 16, ovl (nil), func (nil)
0009:trace:winsock:WS2_recv_base fd=39, options=20
0009:trace:winsock:WS2_recv_base  -> 10 bytes
0009:trace:winsock:WS2_sendto socket 0138, wsabuf 0x32f5e4, nbufs 1, flags 0, to 0x2bbad94, tolen 16, ovl (nil), func (nil)
0009:trace:winsock:WS2_sendto fd=39, options=20
0009:trace:winsock:WS2_sendto  -> 10 bytes
0009:trace:winsock:WS2_recv_base socket 0130, wsabuf 0x32f6e4, nbufs 1, flags 0, from 0x32f734, fromlen 16, ovl (nil), func (nil)
0009:trace:winsock:WS2_recv_base fd=39, options=20
0009:trace:winsock:WS2_recv_base  -> 9 bytes
0009:trace:winsock:WS2_sendto socket 0130, wsabuf 0x32e974, nbufs 1, flags 0, to 0x1338ef4, tolen 16, ovl (nil), func (nil)
0009:trace:winsock:WS2_sendto fd=39, options=20
0009:trace:winsock:WS2_sendto  -> 65 bytes
0009:trace:winsock:WS2_recv_base socket 0138, wsabuf 0x32f6e4, nbufs 1, flags 0, from 0x32f734, fromlen 16, ovl (nil), func (nil)
0009:trace:winsock:WS2_recv_base fd=39, options=20
0009:trace:winsock:WS2_recv_base  -> 10 bytes
0009:trace:winsock:WS2_sendto socket 0138, wsabuf 0x32f9c4, nbufs 1, flags 0, to 0x2bbad94, tolen 16, ovl (nil), func (nil)
0009:trace:winsock:WS2_sendto fd=39, options=20
0009:trace:winsock:WS2_sendto  -> 12 bytes
0009:trace:winsock:WS2_recv_base socket 0138, wsabuf 0x32f6e4, nbufs 1, flags 0, from 0x32f734, fromlen 16, ovl (nil), func (nil)
0009:trace:winsock:WS2_recv_base fd=39, options=20
0009:trace:winsock:WS2_recv_base  -> 12 bytes
0009:trace:winsock:WS2_sendto socket 0138, wsabuf 0x32f5e4, nbufs 1, flags 0, to 0x2bbad94, tolen 16, ovl (nil), func (nil)
0009:trace:winsock:WS2_sendto fd=39, options=20
0009:trace:winsock:WS2_sendto  -> 10 bytes
0009:trace:winsock:WS2_recv_base socket 0138, wsabuf 0x32f6e4, nbufs 1, flags 0, from 0x32f734, fromlen 16, ovl (nil), func (nil)
0009:trace:winsock:WS2_recv_base fd=39, options=20
0009:trace:winsock:WS2_recv_base  -> 12 bytes
0009:trace:winsock:WS2_sendto socket 0138, wsabuf 0x32ef34, nbufs 1, flags 0, to 0x2bbad94, tolen 16, ovl (nil), func (nil)
0009:trace:winsock:WS2_sendto fd=39, options=20
0009:trace:winsock:WS2_sendto  -> 12 bytes
0009:trace:winsock:WS2_recv_base socket 0138, wsabuf 0x32f6e4, nbufs 1, flags 0, from 0x32f734, fromlen 16, ovl (nil), func (nil)
0009:trace:winsock:WS2_recv_base fd=39, options=20
0009:trace:winsock:WS2_recv_base  -> 10 bytes
0009:trace:winsock:WS2_recv_base socket 0138, wsabuf 0x32f6e4, nbufs 1, flags 0, from 0x32f734, fromlen 16, ovl (nil), func (nil)
0009:trace:winsock:WS2_recv_base fd=39, options=20
0009:trace:winsock:WS2_recv_base  -> 16 bytes
0009:trace:winsock:WS2_recv_base socket 0130, wsabuf 0x32f6e4, nbufs 1, flags 0, from 0x32f734, fromlen 16, ovl (nil), func (nil)
0009:trace:winsock:WS2_recv_base fd=39, options=20
0009:trace:winsock:WS2_recv_base  -> 9 bytes
0009:trace:winsock:WS2_sendto socket 0130, wsabuf 0x32e974, nbufs 1, flags 0, to 0x1338ef4, tolen 16, ovl (nil), func (nil)
0009:trace:winsock:WS2_sendto fd=39, options=20
0009:trace:winsock:WS2_sendto  -> 65 bytes
0009:trace:winsock:WS2_sendto socket 0138, wsabuf 0x32f5e4, nbufs 1, flags 0, to 0x2bbad94, tolen 16, ovl (nil), func (nil)
0009:trace:winsock:WS2_sendto fd=39, options=20
0009:trace:winsock:WS2_sendto  -> 10 bytes
0009:trace:winsock:WS2_sendto socket 0138, wsabuf 0x32f964, nbufs 1, flags 0, to 0x2bbad94, tolen 16, ovl (nil), func (nil)
0009:trace:winsock:WS2_sendto fd=39, options=20
0009:trace:winsock:WS2_sendto  -> 16 bytes
0009:trace:winsock:WS2_recv_base socket 0138, wsabuf 0x32f6e4, nbufs 1, flags 0, from 0x32f734, fromlen 16, ovl (nil), func (nil)
0009:trace:winsock:WS2_recv_base fd=39, options=20
0009:trace:winsock:WS2_recv_base  -> 10 bytes
0009:trace:winsock:WS2_sendto socket 0138, wsabuf 0x32f5e4, nbufs 1, flags 0, to 0x2bbad94, tolen 16, ovl (nil), func (nil)
0009:trace:winsock:WS2_sendto fd=39, options=20
0009:trace:winsock:WS2_sendto  -> 10 bytes
0009:trace:winsock:WS2_recv_base socket 0130, wsabuf 0x32f6e4, nbufs 1, flags 0, from 0x32f734, fromlen 16, ovl (nil), func (nil)
0009:trace:winsock:WS2_recv_base fd=39, options=20
0009:trace:winsock:WS2_recv_base  -> 9 bytes
0009:trace:winsock:WS2_sendto socket 0130, wsabuf 0x32e974, nbufs 1, flags 0, to 0x1338ef4, tolen 16, ovl (nil), func (nil)
0009:trace:winsock:WS2_sendto fd=39, options=20
0009:trace:winsock:WS2_sendto  -> 65 bytes
0009:trace:winsock:WS2_recv_base socket 0138, wsabuf 0x32f6e4, nbufs 1, flags 0, from 0x32f734, fromlen 16, ovl (nil), func (nil)
0009:trace:winsock:WS2_recv_base fd=39, options=20
0009:trace:winsock:WS2_recv_base  -> 10 bytes
0009:trace:winsock:WS2_sendto socket 0138, wsabuf 0x32f5e4, nbufs 1, flags 0, to 0x2bbad94, tolen 16, ovl (nil), func (nil)
0009:trace:winsock:WS2_sendto fd=39, options=20
0009:trace:winsock:WS2_sendto  -> 10 bytes
0009:trace:winsock:WS2_recv_base socket 0138, wsabuf 0x32f6e4, nbufs 1, flags 0, from 0x32f734, fromlen 16, ovl (nil), func (nil)
0009:trace:winsock:WS2_recv_base fd=39, options=20
0009:trace:winsock:WS2_recv_base  -> 10 bytes
0009:trace:winsock:WS2_recv_base socket 0130, wsabuf 0x32f6e4, nbufs 1, flags 0, from 0x32f734, fromlen 16, ovl (nil), func (nil)
0009:trace:winsock:WS2_recv_base fd=39, options=20
0009:trace:winsock:WS2_recv_base  -> 9 bytes
0009:trace:winsock:WS2_sendto socket 0130, wsabuf 0x32e974, nbufs 1, flags 0, to 0x1338ef4, tolen 16, ovl (nil), func (nil)
0009:trace:winsock:WS2_sendto fd=39, options=20
0009:trace:winsock:WS2_sendto  -> 65 bytes
0009:trace:winsock:WS2_recv_base socket 0138, wsabuf 0x32f6e4, nbufs 1, flags 0, from 0x32f734, fromlen 16, ovl (nil), func (nil)
0009:trace:winsock:WS2_recv_base fd=39, options=20
0009:trace:winsock:WS2_recv_base  -> 16 bytes
0009:trace:winsock:WS2_sendto socket 0138, wsabuf 0x32f9c4, nbufs 1, flags 0, to 0x2bbad94, tolen 16, ovl (nil), func (nil)
0009:trace:winsock:WS2_sendto fd=39, options=20
0009:trace:winsock:WS2_sendto  -> 12 bytes
0009:trace:winsock:WS2_recv_base socket 0138, wsabuf 0x32f6e4, nbufs 1, flags 0, from 0x32f734, fromlen 16, ovl (nil), func (nil)
0009:trace:winsock:WS2_recv_base fd=39, options=20
0009:trace:winsock:WS2_recv_base  -> 12 bytes
0009:trace:winsock:WS2_sendto socket 0138, wsabuf 0x32f5e4, nbufs 1, flags 0, to 0x2bbad94, tolen 16, ovl (nil), func (nil)
0009:trace:winsock:WS2_sendto fd=39, options=20
0009:trace:winsock:WS2_sendto  -> 10 bytes
0009:trace:winsock:WSASocketA af=2 type=2 protocol=17 protocol_info=(nil) group=0 flags=0x0
0009:trace:winsock:WSASocketW af=2 type=2 protocol=17 protocol_info=(nil) group=0 flags=0x0
0009:trace:winsock:WSASocketW 	created 0134
0009:trace:winsock:WSAIoctl 0134, SIO_ROUTING_INTERFACE_QUERY, 0x32f890, 16, 0x64e9c00, 1024, 0x32f888, (nil), (nil)
0009:trace:winsock:WSAIoctl -> WS_SIO_ROUTING_INTERFACE_QUERY request
0009:trace:winsock:WS_closesocket (socket 0134) -> 0
0009:trace:winsock:WS2_sendto socket 0138, wsabuf 0x32f964, nbufs 1, flags 0, to 0x2bbad94, tolen 16, ovl (nil), func (nil)
0009:trace:winsock:WS2_sendto fd=39, options=20
0009:trace:winsock:WS2_sendto  -> 16 bytes
0009:trace:winsock:WS2_recv_base socket 0138, wsabuf 0x32f6e4, nbufs 1, flags 0, from 0x32f734, fromlen 16, ovl (nil), func (nil)
0009:trace:winsock:WS2_recv_base fd=39, options=20
0009:trace:winsock:WS2_recv_base  -> 12 bytes
0009:trace:winsock:WS2_sendto socket 0138, wsabuf 0x32ef34, nbufs 1, flags 0, to 0x2bbad94, tolen 16, ovl (nil), func (nil)
0009:trace:winsock:WS2_sendto fd=39, options=20
0009:trace:winsock:WS2_sendto  -> 12 bytes
0009:trace:winsock:WS2_recv_base socket 0138, wsabuf 0x32f6e4, nbufs 1, flags 0, from 0x32f734, fromlen 16, ovl (nil), func (nil)
0009:trace:winsock:WS2_recv_base fd=39, options=20
0009:trace:winsock:WS2_recv_base  -> 10 bytes
0009:trace:winsock:WS2_recv_base socket 0130, wsabuf 0x32f6e4, nbufs 1, flags 0, from 0x32f734, fromlen 16, ovl (nil), func (nil)
0009:trace:winsock:WS2_recv_base fd=39, options=20
0009:trace:winsock:WS2_recv_base  -> 9 bytes
0009:trace:winsock:WS2_sendto socket 0130, wsabuf 0x32e974, nbufs 1, flags 0, to 0x1338ef4, tolen 16, ovl (nil), func (nil)
0009:trace:winsock:WS2_sendto fd=39, options=20
0009:trace:winsock:WS2_sendto  -> 65 bytes
0009:trace:winsock:WS2_sendto socket 0138, wsabuf 0x32f5e4, nbufs 1, flags 0, to 0x2bbad94, tolen 16, ovl (nil), func (nil)
0009:trace:winsock:WS2_sendto fd=39, options=20
0009:trace:winsock:WS2_sendto  -> 10 bytes
0009:trace:winsock:WS2_recv_base socket 0138, wsabuf 0x32f6e4, nbufs 1, flags 0, from 0x32f734, fromlen 16, ovl (nil), func (nil)
0009:trace:winsock:WS2_recv_base fd=39, options=20
0009:trace:winsock:WS2_recv_base  -> 10 bytes
0009:trace:winsock:WS2_sendto socket 0138, wsabuf 0x32f5e4, nbufs 1, flags 0, to 0x2bbad94, tolen 16, ovl (nil), func (nil)
0009:trace:winsock:WS2_sendto fd=39, options=20
0009:trace:winsock:WS2_sendto  -> 10 bytes
0009:trace:winsock:WS2_recv_base socket 0130, wsabuf 0x32f6e4, nbufs 1, flags 0, from 0x32f734, fromlen 16, ovl (nil), func (nil)
0009:trace:winsock:WS2_recv_base fd=39, options=20
0009:trace:winsock:WS2_recv_base  -> 9 bytes
0009:trace:winsock:WS2_sendto socket 0130, wsabuf 0x32e974, nbufs 1, flags 0, to 0x1338ef4, tolen 16, ovl (nil), func (nil)
0009:trace:winsock:WS2_sendto fd=39, options=20
0009:trace:winsock:WS2_sendto  -> 65 bytes
0009:trace:winsock:WS2_recv_base socket 0138, wsabuf 0x32f6e4, nbufs 1, flags 0, from 0x32f734, fromlen 16, ovl (nil), func (nil)
0009:trace:winsock:WS2_recv_base fd=39, options=20
0009:trace:winsock:WS2_recv_base  -> 10 bytes
0009:trace:winsock:WS2_recv_base socket 0138, wsabuf 0x32f6e4, nbufs 1, flags 0, from 0x32f734, fromlen 16, ovl (nil), func (nil)
0009:trace:winsock:WS2_recv_base fd=39, options=20
0009:trace:winsock:WS2_recv_base  -> 16 bytes
0009:trace:winsock:WS2_sendto socket 0138, wsabuf 0x32f5e4, nbufs 1, flags 0, to 0x2bbad94, tolen 16, ovl (nil), func (nil)
0009:trace:winsock:WS2_sendto fd=39, options=20
0009:trace:winsock:WS2_sendto  -> 10 bytes
0009:trace:winsock:WS2_sendto socket 0138, wsabuf 0x32f964, nbufs 1, flags 0, to 0x2bbad94, tolen 16, ovl (nil), func (nil)
0009:trace:winsock:WS2_sendto fd=39, options=20
0009:trace:winsock:WS2_sendto  -> 16 bytes
0009:trace:winsock:WS2_recv_base socket 0138, wsabuf 0x32f6e4, nbufs 1, flags 0, from 0x32f734, fromlen 16, ovl (nil), func (nil)
0009:trace:winsock:WS2_recv_base fd=39, options=20
0009:trace:winsock:WS2_recv_base  -> 10 bytes
0009:trace:winsock:WS2_recv_base socket 0130, wsabuf 0x32f6e4, nbufs 1, flags 0, from 0x32f734, fromlen 16, ovl (nil), func (nil)
0009:trace:winsock:WS2_recv_base fd=39, options=20
0009:trace:winsock:WS2_recv_base  -> 9 bytes
0009:trace:winsock:WS2_sendto socket 0130, wsabuf 0x32e974, nbufs 1, flags 0, to 0x1338ef4, tolen 16, ovl (nil), func (nil)
0009:trace:winsock:WS2_sendto fd=39, options=20
0009:trace:winsock:WS2_sendto  -> 65 bytes
0009:trace:winsock:WS2_sendto socket 0138, wsabuf 0x32f5e4, nbufs 1, flags 0, to 0x2bbad94, tolen 16, ovl (nil), func (nil)
0009:trace:winsock:WS2_sendto fd=39, options=20
0009:trace:winsock:WS2_sendto  -> 10 bytes
0009:trace:winsock:WS2_sendto socket 0138, wsabuf 0x32f9c4, nbufs 1, flags 0, to 0x2bbad94, tolen 16, ovl (nil), func (nil)
0009:trace:winsock:WS2_sendto fd=39, options=20
0009:trace:winsock:WS2_sendto  -> 12 bytes
0009:trace:winsock:WS2_recv_base socket 0138, wsabuf 0x32f6e4, nbufs 1, flags 0, from 0x32f734, fromlen 16, ovl (nil), func (nil)
0009:trace:winsock:WS2_recv_base fd=39, options=20
0009:trace:winsock:WS2_recv_base  -> 12 bytes
0009:trace:winsock:WS2_recv_base socket 0138, wsabuf 0x32f6e4, nbufs 1, flags 0, from 0x32f734, fromlen 16, ovl (nil), func (nil)
0009:trace:winsock:WS2_recv_base fd=39, options=20
0009:trace:winsock:WS2_recv_base  -> 10 bytes
0009:trace:winsock:WS2_recv_base socket 0138, wsabuf 0x32f6e4, nbufs 1, flags 0, from 0x32f734, fromlen 16, ovl (nil), func (nil)
0009:trace:winsock:WS2_recv_base fd=39, options=20
0009:trace:winsock:WS2_recv_base  -> 12 bytes
0009:trace:winsock:WS2_sendto socket 0138, wsabuf 0x32ef34, nbufs 1, flags 0, to 0x2bbad94, tolen 16, ovl (nil), func (nil)
0009:trace:winsock:WS2_sendto fd=39, options=20
0009:trace:winsock:WS2_sendto  -> 12 bytes
0009:trace:winsock:WS2_sendto socket 0138, wsabuf 0x32f5e4, nbufs 1, flags 0, to 0x2bbad94, tolen 16, ovl (nil), func (nil)
0009:trace:winsock:WS2_sendto fd=39, options=20
0009:trace:winsock:WS2_sendto  -> 10 bytes
0009:trace:winsock:WS2_recv_base socket 0130, wsabuf 0x32f6e4, nbufs 1, flags 0, from 0x32f734, fromlen 16, ovl (nil), func (nil)
0009:trace:winsock:WS2_recv_base fd=39, options=20
0009:trace:winsock:WS2_recv_base  -> 9 bytes
0009:trace:winsock:WS2_sendto socket 0130, wsabuf 0x32e974, nbufs 1, flags 0, to 0x1338ef4, tolen 16, ovl (nil), func (nil)
0009:trace:winsock:WS2_sendto fd=39, options=20
0009:trace:winsock:WS2_sendto  -> 65 bytes
0009:trace:winsock:WS2_recv_base socket 0138, wsabuf 0x32f6e4, nbufs 1, flags 0, from 0x32f734, fromlen 16, ovl (nil), func (nil)
0009:trace:winsock:WS2_recv_base fd=39, options=20
0009:trace:winsock:WS2_recv_base  -> 10 bytes
0009:trace:winsock:WS2_recv_base socket 0138, wsabuf 0x32f6e4, nbufs 1, flags 0, from 0x32f734, fromlen 16, ovl (nil), func (nil)
0009:trace:winsock:WS2_recv_base fd=39, options=20
0009:trace:winsock:WS2_recv_base  -> 16 bytes
0009:trace:winsock:WS2_sendto socket 0138, wsabuf 0x32f5e4, nbufs 1, flags 0, to 0x2bbad94, tolen 16, ovl (nil), func (nil)
0009:trace:winsock:WS2_sendto fd=39, options=20
0009:trace:winsock:WS2_sendto  -> 10 bytes
0009:trace:winsock:WS2_recv_base socket 0130, wsabuf 0x32f6e4, nbufs 1, flags 0, from 0x32f734, fromlen 16, ovl (nil), func (nil)
0009:trace:winsock:WS2_recv_base fd=39, options=20
0009:trace:winsock:WS2_recv_base  -> 9 bytes
0009:trace:winsock:WS2_sendto socket 0130, wsabuf 0x32e974, nbufs 1, flags 0, to 0x1338ef4, tolen 16, ovl (nil), func (nil)
0009:trace:winsock:WS2_sendto fd=39, options=20
0009:trace:winsock:WS2_sendto  -> 65 bytes
0009:trace:winsock:WS2_recv_base socket 0138, wsabuf 0x32f6e4, nbufs 1, flags 0, from 0x32f734, fromlen 16, ovl (nil), func (nil)
0009:trace:winsock:WS2_recv_base fd=39, options=20
0009:trace:winsock:WS2_recv_base  -> 10 bytes
0009:trace:winsock:WS2_sendto socket 0138, wsabuf 0x32f964, nbufs 1, flags 0, to 0x2bbad94, tolen 16, ovl (nil), func (nil)
0009:trace:winsock:WS2_sendto fd=39, options=20
0009:trace:winsock:WS2_sendto  -> 16 bytes
0009:trace:winsock:WS2_sendto socket 0138, wsabuf 0x32f5e4, nbufs 1, flags 0, to 0x2bbad94, tolen 16, ovl (nil), func (nil)
0009:trace:winsock:WS2_sendto fd=39, options=20
0009:trace:winsock:WS2_sendto  -> 10 bytes
0009:trace:winsock:WS2_recv_base socket 0138, wsabuf 0x32f6e4, nbufs 1, flags 0, from 0x32f734, fromlen 16, ovl (nil), func (nil)
0009:trace:winsock:WS2_recv_base fd=39, options=20
0009:trace:winsock:WS2_recv_base  -> 10 bytes
0009:trace:winsock:WS2_recv_base socket 0130, wsabuf 0x32f6e4, nbufs 1, flags 0, from 0x32f734, fromlen 16, ovl (nil), func (nil)
0009:trace:winsock:WS2_recv_base fd=39, options=20
0009:trace:winsock:WS2_recv_base  -> 9 bytes
0009:trace:winsock:WS2_sendto socket 0130, wsabuf 0x32e974, nbufs 1, flags 0, to 0x1338ef4, tolen 16, ovl (nil), func (nil)
0009:trace:winsock:WS2_sendto fd=39, options=20
0009:trace:winsock:WS2_sendto  -> 65 bytes
0009:trace:winsock:WS2_sendto socket 0138, wsabuf 0x32f5e4, nbufs 1, flags 0, to 0x2bbad94, tolen 16, ovl (nil), func (nil)
0009:trace:winsock:WS2_sendto fd=39, options=20
0009:trace:winsock:WS2_sendto  -> 10 bytes
0009:trace:winsock:WS2_sendto socket 0138, wsabuf 0x32f9c4, nbufs 1, flags 0, to 0x2bbad94, tolen 16, ovl (nil), func (nil)
0009:trace:winsock:WS2_sendto fd=39, options=20
0009:trace:winsock:WS2_sendto  -> 12 bytes
0009:trace:winsock:WS2_recv_base socket 0138, wsabuf 0x32f6e4, nbufs 1, flags 0, from 0x32f734, fromlen 16, ovl (nil), func (nil)
0009:trace:winsock:WS2_recv_base fd=39, options=20
0009:trace:winsock:WS2_recv_base  -> 12 bytes
0009:trace:winsock:WS2_recv_base socket 0138, wsabuf 0x32f6e4, nbufs 1, flags 0, from 0x32f734, fromlen 16, ovl (nil), func (nil)
0009:trace:winsock:WS2_recv_base fd=39, options=20
0009:trace:winsock:WS2_recv_base  -> 10 bytes
0009:trace:winsock:WS2_recv_base socket 0138, wsabuf 0x32f6e4, nbufs 1, flags 0, from 0x32f734, fromlen 16, ovl (nil), func (nil)
0009:trace:winsock:WS2_recv_base fd=39, options=20
0009:trace:winsock:WS2_recv_base  -> 12 bytes
0009:trace:winsock:WS2_sendto socket 0138, wsabuf 0x32ef34, nbufs 1, flags 0, to 0x2bbad94, tolen 16, ovl (nil), func (nil)
0009:trace:winsock:WS2_sendto fd=39, options=20
0009:trace:winsock:WS2_sendto  -> 12 bytes
0009:trace:winsock:WS2_sendto socket 0138, wsabuf 0x32f5e4, nbufs 1, flags 0, to 0x2bbad94, tolen 16, ovl (nil), func (nil)
0009:trace:winsock:WS2_sendto fd=39, options=20
0009:trace:winsock:WS2_sendto  -> 10 bytes
0009:trace:winsock:WS2_recv_base socket 0138, wsabuf 0x32f6e4, nbufs 1, flags 0, from 0x32f734, fromlen 16, ovl (nil), func (nil)
0009:trace:winsock:WS2_recv_base fd=39, options=20
0009:trace:winsock:WS2_recv_base  -> 16 bytes
0009:trace:winsock:WS2_recv_base socket 0130, wsabuf 0x32f6e4, nbufs 1, flags 0, from 0x32f734, fromlen 16, ovl (nil), func (nil)
0009:trace:winsock:WS2_recv_base fd=39, options=20
0009:trace:winsock:WS2_recv_base  -> 9 bytes
0009:trace:winsock:WS2_sendto socket 0130, wsabuf 0x32e974, nbufs 1, flags 0, to 0x1338ef4, tolen 16, ovl (nil), func (nil)
0009:trace:winsock:WS2_sendto fd=39, options=20
0009:trace:winsock:WS2_sendto  -> 65 bytes
0009:trace:winsock:WS2_recv_base socket 0138, wsabuf 0x32f6e4, nbufs 1, flags 0, from 0x32f734, fromlen 16, ovl (nil), func (nil)
0009:trace:winsock:WS2_recv_base fd=39, options=20
0009:trace:winsock:WS2_recv_base  -> 10 bytes
0009:trace:winsock:WS2_sendto socket 0138, wsabuf 0x32f964, nbufs 1, flags 0, to 0x2bbad94, tolen 16, ovl (nil), func (nil)
0009:trace:winsock:WS2_sendto fd=39, options=20
0009:trace:winsock:WS2_sendto  -> 16 bytes
0009:trace:winsock:WS2_sendto socket 0138, wsabuf 0x32f5e4, nbufs 1, flags 0, to 0x2bbad94, tolen 16, ovl (nil), func (nil)
0009:trace:winsock:WS2_sendto fd=39, options=20
0009:trace:winsock:WS2_sendto  -> 10 bytes
0009:trace:winsock:WS2_recv_base socket 0138, wsabuf 0x32f6e4, nbufs 1, flags 0, from 0x32f734, fromlen 16, ovl (nil), func (nil)
0009:trace:winsock:WS2_recv_base fd=39, options=20
0009:trace:winsock:WS2_recv_base  -> 10 bytes
0009:trace:winsock:WS2_recv_base socket 0130, wsabuf 0x32f6e4, nbufs 1, flags 0, from 0x32f734, fromlen 16, ovl (nil), func (nil)
0009:trace:winsock:WS2_recv_base fd=39, options=20
0009:trace:winsock:WS2_recv_base  -> 9 bytes
0009:trace:winsock:WS2_sendto socket 0130, wsabuf 0x32e974, nbufs 1, flags 0, to 0x1338ef4, tolen 16, ovl (nil), func (nil)
0009:trace:winsock:WS2_sendto fd=39, options=20
0009:trace:winsock:WS2_sendto  -> 65 bytes
0009:trace:winsock:WS2_recv_base socket 0130, wsabuf 0x32f6e4, nbufs 1, flags 0, from 0x32f734, fromlen 16, ovl (nil), func (nil)
0009:trace:winsock:WS2_recv_base fd=39, options=20
0009:trace:winsock:WS2_recv_base  -> 9 bytes
0009:trace:winsock:WS2_sendto socket 0130, wsabuf 0x32e974, nbufs 1, flags 0, to 0x1338ef4, tolen 16, ovl (nil), func (nil)
0009:trace:winsock:WS2_sendto fd=39, options=20
0009:trace:winsock:WS2_sendto  -> 65 bytes
0009:trace:winsock:WS2_sendto socket 0138, wsabuf 0x32f5e4, nbufs 1, flags 0, to 0x2bbad94, tolen 16, ovl (nil), func (nil)
0009:trace:winsock:WS2_sendto fd=39, options=20
0009:trace:winsock:WS2_sendto  -> 10 bytes
0009:trace:winsock:WS2_recv_base socket 0138, wsabuf 0x32f6e4, nbufs 1, flags 0, from 0x32f734, fromlen 16, ovl (nil), func (nil)
0009:trace:winsock:WS2_recv_base fd=39, options=20
0009:trace:winsock:WS2_recv_base  -> 10 bytes
0009:trace:winsock:WS2_recv_base socket 0130, wsabuf 0x32f6e4, nbufs 1, flags 0, from 0x32f734, fromlen 16, ovl (nil), func (nil)
0009:trace:winsock:WS2_recv_base fd=39, options=20
0009:trace:winsock:WS2_recv_base  -> 9 bytes
0009:trace:winsock:WS2_sendto socket 0130, wsabuf 0x32e974, nbufs 1, flags 0, to 0x1338ef4, tolen 16, ovl (nil), func (nil)
0009:trace:winsock:WS2_sendto fd=39, options=20
0009:trace:winsock:WS2_sendto  -> 65 bytes
0009:trace:winsock:WS2_sendto socket 0138, wsabuf 0x32f5e4, nbufs 1, flags 0, to 0x2bbad94, tolen 16, ovl (nil), func (nil)
0009:trace:winsock:WS2_sendto fd=39, options=20
0009:trace:winsock:WS2_sendto  -> 10 bytes
0009:trace:winsock:WS2_sendto socket 0138, wsabuf 0x32f9c4, nbufs 1, flags 0, to 0x2bbad94, tolen 16, ovl (nil), func (nil)
0009:trace:winsock:WS2_sendto fd=39, options=20
0009:trace:winsock:WS2_sendto  -> 12 bytes
0009:trace:winsock:WS2_recv_base socket 0130, wsabuf 0x32f6e4, nbufs 1, flags 0, from 0x32f734, fromlen 16, ovl (nil), func (nil)
0009:trace:winsock:WS2_recv_base fd=39, options=20
0009:trace:winsock:WS2_recv_base  -> 9 bytes
0009:trace:winsock:WS2_sendto socket 0130, wsabuf 0x32e974, nbufs 1, flags 0, to 0x1338ef4, tolen 16, ovl (nil), func (nil)
0009:trace:winsock:WS2_sendto fd=39, options=20
0009:trace:winsock:WS2_sendto  -> 65 bytes
0009:trace:winsock:WS2_recv_base socket 0138, wsabuf 0x32f6e4, nbufs 1, flags 0, from 0x32f734, fromlen 16, ovl (nil), func (nil)
0009:trace:winsock:WS2_recv_base fd=39, options=20
0009:trace:winsock:WS2_recv_base  -> 12 bytes
0009:trace:winsock:WS2_recv_base socket 0138, wsabuf 0x32f6e4, nbufs 1, flags 0, from 0x32f734, fromlen 16, ovl (nil), func (nil)
0009:trace:winsock:WS2_recv_base fd=39, options=20
0009:trace:winsock:WS2_recv_base  -> 16 bytes
0009:trace:winsock:WS2_recv_base socket 0138, wsabuf 0x32f6e4, nbufs 1, flags 0, from 0x32f734, fromlen 16, ovl (nil), func (nil)
0009:trace:winsock:WS2_recv_base fd=39, options=20
0009:trace:winsock:WS2_recv_base  -> 10 bytes
0009:trace:winsock:WS2_recv_base socket 0138, wsabuf 0x32f6e4, nbufs 1, flags 0, from 0x32f734, fromlen 16, ovl (nil), func (nil)
0009:trace:winsock:WS2_recv_base fd=39, options=20
0009:trace:winsock:WS2_recv_base  -> 12 bytes
0009:trace:winsock:WS2_sendto socket 0138, wsabuf 0x32ef34, nbufs 1, flags 0, to 0x2bbad94, tolen 16, ovl (nil), func (nil)
0009:trace:winsock:WS2_sendto fd=39, options=20
0009:trace:winsock:WS2_sendto  -> 12 bytes
0009:trace:winsock:WS2_sendto socket 0138, wsabuf 0x32f964, nbufs 1, flags 0, to 0x2bbad94, tolen 16, ovl (nil), func (nil)
0009:trace:winsock:WS2_sendto fd=39, options=20
0009:trace:winsock:WS2_sendto  -> 16 bytes
0009:trace:winsock:WS2_sendto socket 0138, wsabuf 0x32f5e4, nbufs 1, flags 0, to 0x2bbad94, tolen 16, ovl (nil), func (nil)
0009:trace:winsock:WS2_sendto fd=39, options=20
0009:trace:winsock:WS2_sendto  -> 10 bytes
0009:trace:winsock:WS2_recv_base socket 0130, wsabuf 0x32f6e4, nbufs 1, flags 0, from 0x32f734, fromlen 16, ovl (nil), func (nil)
0009:trace:winsock:WS2_recv_base fd=39, options=20
0009:trace:winsock:WS2_recv_base  -> 9 bytes
0009:trace:winsock:WS2_sendto socket 0130, wsabuf 0x32e974, nbufs 1, flags 0, to 0x1338ef4, tolen 16, ovl (nil), func (nil)
0009:trace:winsock:WS2_sendto fd=39, options=20
0009:trace:winsock:WS2_sendto  -> 65 bytes
0009:trace:winsock:WS2_recv_base socket 0138, wsabuf 0x32f6e4, nbufs 1, flags 0, from 0x32f734, fromlen 16, ovl (nil), func (nil)
0009:trace:winsock:WS2_recv_base fd=39, options=20
0009:trace:winsock:WS2_recv_base  -> 10 bytes
0009:trace:winsock:WS2_recv_base socket 0130, wsabuf 0x32f6e4, nbufs 1, flags 0, from 0x32f734, fromlen 16, ovl (nil), func (nil)
0009:trace:winsock:WS2_recv_base fd=39, options=20
0009:trace:winsock:WS2_recv_base  -> 9 bytes
0009:trace:winsock:WS2_sendto socket 0130, wsabuf 0x32e974, nbufs 1, flags 0, to 0x1338ef4, tolen 16, ovl (nil), func (nil)
0009:trace:winsock:WS2_sendto fd=39, options=20
0009:trace:winsock:WS2_sendto  -> 65 bytes
0009:trace:winsock:WS2_sendto socket 0138, wsabuf 0x32f5e4, nbufs 1, flags 0, to 0x2bbad94, tolen 16, ovl (nil), func (nil)
0009:trace:winsock:WS2_sendto fd=39, options=20
0009:trace:winsock:WS2_sendto  -> 10 bytes
0009:trace:winsock:WS2_recv_base socket 0138, wsabuf 0x32f6e4, nbufs 1, flags 0, from 0x32f734, fromlen 16, ovl (nil), func (nil)
0009:trace:winsock:WS2_recv_base fd=39, options=20
0009:trace:winsock:WS2_recv_base  -> 10 bytes
0009:trace:winsock:WS2_recv_base socket 0130, wsabuf 0x32f6e4, nbufs 1, flags 0, from 0x32f734, fromlen 16, ovl (nil), func (nil)
0009:trace:winsock:WS2_recv_base fd=39, options=20
0009:trace:winsock:WS2_recv_base  -> 9 bytes
0009:trace:winsock:WS2_sendto socket 0130, wsabuf 0x32e974, nbufs 1, flags 0, to 0x1338ef4, tolen 16, ovl (nil), func (nil)
0009:trace:winsock:WS2_sendto fd=39, options=20
0009:trace:winsock:WS2_sendto  -> 65 bytes
0009:trace:winsock:WS2_recv_base socket 0130, wsabuf 0x32f6e4, nbufs 1, flags 0, from 0x32f734, fromlen 16, ovl (nil), func (nil)
0009:trace:winsock:WS2_recv_base fd=39, options=20
0009:trace:winsock:WS2_recv_base  -> 41 bytes
0009:trace:winsock:WS2_sendto socket 0130, wsabuf 0x32e974, nbufs 1, flags 0, to 0x64b99d4, tolen 16, ovl (nil), func (nil)
0009:trace:winsock:WS2_sendto fd=39, options=20
0009:trace:winsock:WS2_sendto  -> 41 bytes
0009:trace:winsock:WS2_recv_base socket 0130, wsabuf 0x32f6e4, nbufs 1, flags 0, from 0x32f734, fromlen 16, ovl (nil), func (nil)
0009:trace:winsock:WS2_recv_base fd=39, options=20
0009:trace:winsock:WS2_recv_base  -> 9 bytes
0009:trace:winsock:WS2_sendto socket 0130, wsabuf 0x32e974, nbufs 1, flags 0, to 0x36e94e4, tolen 16, ovl (nil), func (nil)
0009:trace:winsock:WS2_sendto fd=39, options=20
0009:trace:winsock:WS2_sendto  -> 65 bytes
0009:trace:winsock:WS2_sendto socket 0138, wsabuf 0x32f5e4, nbufs 1, flags 0, to 0x2bbad94, tolen 16, ovl (nil), func (nil)
0009:trace:winsock:WS2_sendto fd=39, options=20
0009:trace:winsock:WS2_sendto  -> 10 bytes
0009:trace:winsock:WS2_recv_base socket 0138, wsabuf 0x32f6e4, nbufs 1, flags 0, from 0x32f734, fromlen 16, ovl (nil), func (nil)
0009:trace:winsock:WS2_recv_base fd=39, options=20
0009:trace:winsock:WS2_recv_base  -> 16 bytes
0009:trace:winsock:WS2_sendto socket 0138, wsabuf 0x32f604, nbufs 1, flags 0, to 0x64b99d4, tolen 16, ovl (nil), func (nil)
0009:trace:winsock:WS2_sendto fd=39, options=20
0009:trace:winsock:WS2_sendto  -> 40 bytes
0009:trace:winsock:WS2_recv_base socket 0138, wsabuf 0x32f6e4, nbufs 1, flags 0, from 0x32f734, fromlen 16, ovl (nil), func (nil)
0009:trace:winsock:WS2_recv_base fd=39, options=20
0009:trace:winsock:WS2_recv_base  -> 10 bytes
0009:trace:winsock:WS2_sendto socket 0138, wsabuf 0x32f604, nbufs 1, flags 0, to 0x64b99d4, tolen 16, ovl (nil), func (nil)
0009:trace:winsock:WS2_sendto fd=39, options=20
0009:trace:winsock:WS2_sendto  -> 40 bytes
0009:trace:winsock:WS2_sendto socket 0138, wsabuf 0x32f5e4, nbufs 1, flags 0, to 0x2bbad94, tolen 16, ovl (nil), func (nil)
0009:trace:winsock:WS2_sendto fd=39, options=20
0009:trace:winsock:WS2_sendto  -> 10 bytes
0009:trace:winsock:WS2_sendto socket 0138, wsabuf 0x32f5e4, nbufs 1, flags 0, to 0x2bbad94, tolen 16, ovl (nil), func (nil)
0009:trace:winsock:WS2_sendto fd=39, options=20
0009:trace:winsock:WS2_sendto  -> 10 bytes
0009:trace:winsock:WS2_sendto socket 0138, wsabuf 0x32f964, nbufs 1, flags 0, to 0x2bbad94, tolen 16, ovl (nil), func (nil)
0009:trace:winsock:WS2_sendto fd=39, options=20
0009:trace:winsock:WS2_sendto  -> 16 bytes
0009:trace:winsock:WS2_sendto socket 0138, wsabuf 0x32f604, nbufs 1, flags 0, to 0x64b99d4, tolen 16, ovl (nil), func (nil)
0009:trace:winsock:WS2_sendto fd=39, options=20
0009:trace:winsock:WS2_sendto  -> 40 bytes
0009:trace:winsock:WS2_sendto socket 0138, wsabuf 0x32f9c4, nbufs 1, flags 0, to 0x2bbad94, tolen 16, ovl (nil), func (nil)
0009:trace:winsock:WS2_sendto fd=39, options=20
0009:trace:winsock:WS2_sendto  -> 12 bytes
0009:trace:winsock:WS2_recv_base socket 0138, wsabuf 0x32f6e4, nbufs 1, flags 0, from 0x32f734, fromlen 16, ovl (nil), func (nil)
0009:trace:winsock:WS2_recv_base fd=39, options=20
0009:trace:winsock:WS2_recv_base  -> 12 bytes
0009:trace:winsock:WS2_recv_base socket 0138, wsabuf 0x32f6e4, nbufs 1, flags 0, from 0x32f734, fromlen 16, ovl (nil), func (nil)
0009:trace:winsock:WS2_recv_base fd=39, options=20
0009:trace:winsock:WS2_recv_base  -> 10 bytes
0009:trace:winsock:WS2_recv_base socket 0138, wsabuf 0x32f6e4, nbufs 1, flags 0, from 0x32f734, fromlen 16, ovl (nil), func (nil)
0009:trace:winsock:WS2_recv_base fd=39, options=20
0009:trace:winsock:WS2_recv_base  -> 12 bytes
0009:trace:winsock:WS2_sendto socket 0138, wsabuf 0x32ef34, nbufs 1, flags 0, to 0x2bbad94, tolen 16, ovl (nil), func (nil)
0009:trace:winsock:WS2_sendto fd=39, options=20
0009:trace:winsock:WS2_sendto  -> 12 bytes
0009:trace:winsock:WS2_sendto socket 0138, wsabuf 0x32f604, nbufs 1, flags 0, to 0x64b99d4, tolen 16, ovl (nil), func (nil)
0009:trace:winsock:WS2_sendto fd=39, options=20
0009:trace:winsock:WS2_sendto  -> 40 bytes
0009:trace:winsock:WS2_sendto socket 0138, wsabuf 0x32f604, nbufs 1, flags 0, to 0x64b99d4, tolen 16, ovl (nil), func (nil)
0009:trace:winsock:WS2_sendto fd=39, options=20
0009:trace:winsock:WS2_sendto  -> 40 bytes
0009:trace:winsock:WS2_sendto socket 0138, wsabuf 0x32f5e4, nbufs 1, flags 0, to 0x2bbad94, tolen 16, ovl (nil), func (nil)
0009:trace:winsock:WS2_sendto fd=39, options=20
0009:trace:winsock:WS2_sendto  -> 10 bytes
0009:trace:winsock:WS2_sendto socket 0138, wsabuf 0x32f5e4, nbufs 1, flags 0, to 0x2bbad94, tolen 16, ovl (nil), func (nil)
0009:trace:winsock:WS2_sendto fd=39, options=20
0009:trace:winsock:WS2_sendto  -> 10 bytes
0009:trace:winsock:WS2_sendto socket 0138, wsabuf 0x32f604, nbufs 1, flags 0, to 0x64b99d4, tolen 16, ovl (nil), func (nil)
0009:trace:winsock:WS2_sendto fd=39, options=20
0009:trace:winsock:WS2_sendto  -> 40 bytes
0009:trace:winsock:WS2_recv_base socket 0138, wsabuf 0x32f6e4, nbufs 1, flags 0, from 0x32f734, fromlen 16, ovl (nil), func (nil)
0009:trace:winsock:WS2_recv_base fd=39, options=20
0009:trace:winsock:WS2_recv_base  -> 10 bytes
0009:trace:winsock:WS2_sendto socket 0138, wsabuf 0x32f604, nbufs 1, flags 0, to 0x64b99d4, tolen 16, ovl (nil), func (nil)
0009:trace:winsock:WS2_sendto fd=39, options=20
0009:trace:winsock:WS2_sendto  -> 40 bytes
0009:trace:winsock:WS2_recv_base socket 0138, wsabuf 0x32f6e4, nbufs 1, flags 0, from 0x32f734, fromlen 16, ovl (nil), func (nil)
0009:trace:winsock:WS2_recv_base fd=39, options=20
0009:trace:winsock:WS2_recv_base  -> 40 bytes
0009:trace:winsock:WS2_sendto socket 0138, wsabuf 0x32f5e4, nbufs 1, flags 0, to 0x2bbad94, tolen 16, ovl (nil), func (nil)
0009:trace:winsock:WS2_sendto fd=39, options=20
0009:trace:winsock:WS2_sendto  -> 10 bytes
0009:trace:winsock:WS2_sendto socket 0138, wsabuf 0x32f674, nbufs 1, flags 0, to 0x2bbad94, tolen 16, ovl (nil), func (nil)
0009:trace:winsock:WS2_sendto fd=39, options=20
0009:trace:winsock:WS2_sendto  -> 24 bytes
0009:trace:winsock:WS2_sendto socket 0138, wsabuf 0x32f5e4, nbufs 1, flags 0, to 0x2bbad94, tolen 16, ovl (nil), func (nil)
0009:trace:winsock:WS2_sendto fd=39, options=20
0009:trace:winsock:WS2_sendto  -> 10 bytes
0009:trace:winsock:WS2_recv_base socket 0138, wsabuf 0x32f6e4, nbufs 1, flags 0, from 0x32f734, fromlen 16, ovl (nil), func (nil)
0009:trace:winsock:WS2_recv_base fd=39, options=20
0009:trace:winsock:WS2_recv_base  -> 40 bytes
0009:trace:winsock:WS2_sendto socket 0138, wsabuf 0x32f5a4, nbufs 1, flags 0, to 0x64b99d4, tolen 16, ovl (nil), func (nil)
0009:trace:winsock:WS2_sendto fd=39, options=20
0009:trace:winsock:WS2_sendto  -> 40 bytes
0009:trace:winsock:WS2_recv_base socket 0138, wsabuf 0x32f6e4, nbufs 1, flags 0, from 0x32f734, fromlen 16, ovl (nil), func (nil)
0009:trace:winsock:WS2_recv_base fd=39, options=20
0009:trace:winsock:WS2_recv_base  -> 16 bytes
0009:trace:winsock:WS2_recv_base socket 0138, wsabuf 0x32f6e4, nbufs 1, flags 0, from 0x32f734, fromlen 16, ovl (nil), func (nil)
0009:trace:winsock:WS2_recv_base fd=39, options=20
0009:trace:winsock:WS2_recv_base  -> 10 bytes
0009:trace:winsock:WS2_recv_base socket 0138, wsabuf 0x32f6e4, nbufs 1, flags 0, from 0x32f734, fromlen 16, ovl (nil), func (nil)
0009:trace:winsock:WS2_recv_base fd=39, options=20
0009:trace:winsock:WS2_recv_base  -> 10 bytes
0009:trace:winsock:WS2_sendto socket 0138, wsabuf 0x32f5e4, nbufs 1, flags 0, to 0x2bbad94, tolen 16, ovl (nil), func (nil)
0009:trace:winsock:WS2_sendto fd=39, options=20
0009:trace:winsock:WS2_sendto  -> 10 bytes
0009:trace:winsock:WS2_sendto socket 0138, wsabuf 0x32f674, nbufs 1, flags 0, to 0x2bbad94, tolen 16, ovl (nil), func (nil)
0009:trace:winsock:WS2_sendto fd=39, options=20
0009:trace:winsock:WS2_sendto  -> 24 bytes
0009:trace:winsock:WS2_sendto socket 0138, wsabuf 0x32f5e4, nbufs 1, flags 0, to 0x2bbad94, tolen 16, ovl (nil), func (nil)
0009:trace:winsock:WS2_sendto fd=39, options=20
0009:trace:winsock:WS2_sendto  -> 10 bytes
0009:trace:winsock:WS2_sendto socket 0138, wsabuf 0x32f964, nbufs 1, flags 0, to 0x2bbad94, tolen 16, ovl (nil), func (nil)
0009:trace:winsock:WS2_sendto fd=39, options=20
0009:trace:winsock:WS2_sendto  -> 16 bytes
0009:trace:winsock:WS2_recv_base socket 0138, wsabuf 0x32f6e4, nbufs 1, flags 0, from 0x32f734, fromlen 16, ovl (nil), func (nil)
0009:trace:winsock:WS2_recv_base fd=39, options=20
0009:trace:winsock:WS2_recv_base  -> 10 bytes
0009:trace:winsock:WS2_recv_base socket 0138, wsabuf 0x32f6e4, nbufs 1, flags 0, from 0x32f734, fromlen 16, ovl (nil), func (nil)
0009:trace:winsock:WS2_recv_base fd=39, options=20
0009:trace:winsock:WS2_recv_base  -> 22 bytes
0009:trace:winsock:WS2_sendto socket 0138, wsabuf 0x32f5e4, nbufs 1, flags 0, to 0x2bbad94, tolen 16, ovl (nil), func (nil)
0009:trace:winsock:WS2_sendto fd=39, options=20
0009:trace:winsock:WS2_sendto  -> 24 bytes
0009:trace:winsock:WS2_recv_base socket 0138, wsabuf 0x32f6e4, nbufs 1, flags 0, from 0x32f734, fromlen 16, ovl (nil), func (nil)
0009:trace:winsock:WS2_recv_base fd=39, options=20
0009:trace:winsock:WS2_recv_base  -> 24 bytes
0009:trace:winsock:WS2_sendto socket 0138, wsabuf 0x32e6f4, nbufs 1, flags 0, to 0x2bbad94, tolen 16, ovl (nil), func (nil)
0009:trace:winsock:WS2_sendto fd=39, options=20
0009:trace:winsock:WS2_sendto  -> 15 bytes
0009:trace:winsock:WS2_sendto socket 0138, wsabuf 0x32e6f4, nbufs 1, flags 0, to 0x2bbad94, tolen 16, ovl (nil), func (nil)
0009:trace:winsock:WS2_sendto fd=39, options=20
0009:trace:winsock:WS2_sendto  -> 45 bytes
0009:trace:winsock:WS2_sendto socket 0138, wsabuf 0x32e6f4, nbufs 1, flags 0, to 0x2bb71d4, tolen 16, ovl (nil), func (nil)
0009:trace:winsock:WS2_sendto fd=39, options=20
0009:trace:winsock:WS2_sendto  -> 87 bytes
0009:trace:winsock:WS2_sendto socket 0138, wsabuf 0x32e6f4, nbufs 1, flags 0, to 0x2bbad94, tolen 16, ovl (nil), func (nil)
0009:trace:winsock:WS2_sendto fd=39, options=20
0009:trace:winsock:WS2_sendto  -> 51 bytes
0009:trace:winsock:WS2_sendto socket 0138, wsabuf 0x32e5b4, nbufs 1, flags 0, to 0x2bbad94, tolen 16, ovl (nil), func (nil)
0009:trace:winsock:WS2_sendto fd=39, options=20
0009:trace:winsock:WS2_sendto  -> 16 bytes
0009:trace:winsock:WS2_sendto socket 0138, wsabuf 0x32e574, nbufs 1, flags 0, to 0x2bbad94, tolen 16, ovl (nil), func (nil)
0009:trace:winsock:WS2_sendto fd=39, options=20
0009:trace:winsock:WS2_sendto  -> 19 bytes
0009:trace:winsock:WS2_sendto socket 0138, wsabuf 0x32e504, nbufs 1, flags 0, to 0x2bbad94, tolen 16, ovl (nil), func (nil)
0009:trace:winsock:WS2_sendto fd=39, options=20
0009:trace:winsock:WS2_sendto  -> 37 bytes
0009:trace:winsock:WS2_sendto socket 0138, wsabuf 0x32e574, nbufs 1, flags 0, to 0x2bbad94, tolen 16, ovl (nil), func (nil)
0009:trace:winsock:WS2_sendto fd=39, options=20
0009:trace:winsock:WS2_sendto  -> 19 bytes
0009:trace:winsock:WS2_sendto socket 0138, wsabuf 0x32e504, nbufs 1, flags 0, to 0x2bbad94, tolen 16, ovl (nil), func (nil)
0009:trace:winsock:WS2_sendto fd=39, options=20
0009:trace:winsock:WS2_sendto  -> 40 bytes
0009:trace:winsock:WS2_sendto socket 0138, wsabuf 0x32e574, nbufs 1, flags 0, to 0x2bbad94, tolen 16, ovl (nil), func (nil)
0009:trace:winsock:WS2_sendto fd=39, options=20
0009:trace:winsock:WS2_sendto  -> 19 bytes
0009:trace:winsock:WS2_sendto socket 0138, wsabuf 0x32e504, nbufs 1, flags 0, to 0x2bb71d4, tolen 16, ovl (nil), func (nil)
0009:trace:winsock:WS2_sendto fd=39, options=20
0009:trace:winsock:WS2_sendto  -> 122 bytes
0009:trace:winsock:WS2_sendto socket 0138, wsabuf 0x32e574, nbufs 1, flags 0, to 0x2bbad94, tolen 16, ovl (nil), func (nil)
0009:trace:winsock:WS2_sendto fd=39, options=20
0009:trace:winsock:WS2_sendto  -> 19 bytes
0009:trace:winsock:WS2_sendto socket 0138, wsabuf 0x32e504, nbufs 1, flags 0, to 0x6cc0214, tolen 16, ovl (nil), func (nil)
0009:trace:winsock:WS2_sendto fd=39, options=20
0009:trace:winsock:WS2_sendto  -> 139 bytes
0009:trace:winsock:WS2_sendto socket 0138, wsabuf 0x32e574, nbufs 1, flags 0, to 0x2bbad94, tolen 16, ovl (nil), func (nil)
0009:trace:winsock:WS2_sendto fd=39, options=20
0009:trace:winsock:WS2_sendto  -> 19 bytes
0009:trace:winsock:WS2_sendto socket 0138, wsabuf 0x32e504, nbufs 1, flags 0, to 0x2bbad94, tolen 16, ovl (nil), func (nil)
0009:trace:winsock:WS2_sendto fd=39, options=20
0009:trace:winsock:WS2_sendto  -> 43 bytes
0009:trace:winsock:WS2_sendto socket 0138, wsabuf 0x32e574, nbufs 1, flags 0, to 0x2bbad94, tolen 16, ovl (nil), func (nil)
0009:trace:winsock:WS2_sendto fd=39, options=20
0009:trace:winsock:WS2_sendto  -> 19 bytes
0009:trace:winsock:WS2_sendto socket 0138, wsabuf 0x32e504, nbufs 1, flags 0, to 0x2bbad94, tolen 16, ovl (nil), func (nil)
0009:trace:winsock:WS2_sendto fd=39, options=20
0009:trace:winsock:WS2_sendto  -> 43 bytes
0009:trace:winsock:WS2_sendto socket 0138, wsabuf 0x32e574, nbufs 1, flags 0, to 0x2bbad94, tolen 16, ovl (nil), func (nil)
0009:trace:winsock:WS2_sendto fd=39, options=20
0009:trace:winsock:WS2_sendto  -> 19 bytes
0009:trace:winsock:WS2_sendto socket 0138, wsabuf 0x32e504, nbufs 1, flags 0, to 0x2bbad94, tolen 16, ovl (nil), func (nil)
0009:trace:winsock:WS2_sendto fd=39, options=20
0009:trace:winsock:WS2_sendto  -> 43 bytes
0009:trace:winsock:WS2_sendto socket 0138, wsabuf 0x32e574, nbufs 1, flags 0, to 0x2bbad94, tolen 16, ovl (nil), func (nil)
0009:trace:winsock:WS2_sendto fd=39, options=20
0009:trace:winsock:WS2_sendto  -> 19 bytes
0009:trace:winsock:WS2_sendto socket 0138, wsabuf 0x32e504, nbufs 1, flags 0, to 0x2bbad94, tolen 16, ovl (nil), func (nil)
0009:trace:winsock:WS2_sendto fd=39, options=20
0009:trace:winsock:WS2_sendto  -> 43 bytes
0009:trace:winsock:WS2_sendto socket 0138, wsabuf 0x32e574, nbufs 1, flags 0, to 0x2bbad94, tolen 16, ovl (nil), func (nil)
0009:trace:winsock:WS2_sendto fd=39, options=20
0009:trace:winsock:WS2_sendto  -> 19 bytes
0009:trace:winsock:WS2_sendto socket 0138, wsabuf 0x32e504, nbufs 1, flags 0, to 0x2bbad94, tolen 16, ovl (nil), func (nil)
0009:trace:winsock:WS2_sendto fd=39, options=20
0009:trace:winsock:WS2_sendto  -> 43 bytes
0009:trace:winsock:WS2_sendto socket 0138, wsabuf 0x32e574, nbufs 1, flags 0, to 0x2bbad94, tolen 16, ovl (nil), func (nil)
0009:trace:winsock:WS2_sendto fd=39, options=20
0009:trace:winsock:WS2_sendto  -> 19 bytes
0009:trace:winsock:WS2_sendto socket 0138, wsabuf 0x32e504, nbufs 1, flags 0, to 0x2bbad94, tolen 16, ovl (nil), func (nil)
0009:trace:winsock:WS2_sendto fd=39, options=20
0009:trace:winsock:WS2_sendto  -> 43 bytes
0009:trace:winsock:WS2_sendto socket 0138, wsabuf 0x32e574, nbufs 1, flags 0, to 0x2bbad94, tolen 16, ovl (nil), func (nil)
0009:trace:winsock:WS2_sendto fd=39, options=20
0009:trace:winsock:WS2_sendto  -> 19 bytes
0009:trace:winsock:WS2_sendto socket 0138, wsabuf 0x32e504, nbufs 1, flags 0, to 0x2bbad94, tolen 16, ovl (nil), func (nil)
0009:trace:winsock:WS2_sendto fd=39, options=20
0009:trace:winsock:WS2_sendto  -> 43 bytes
0009:trace:winsock:WS2_sendto socket 0138, wsabuf 0x32e574, nbufs 1, flags 0, to 0x2bbad94, tolen 16, ovl (nil), func (nil)
0009:trace:winsock:WS2_sendto fd=39, options=20
0009:trace:winsock:WS2_sendto  -> 19 bytes
0009:trace:winsock:WS2_sendto socket 0138, wsabuf 0x32e504, nbufs 1, flags 0, to 0x2bbad94, tolen 16, ovl (nil), func (nil)
0009:trace:winsock:WS2_sendto fd=39, options=20
0009:trace:winsock:WS2_sendto  -> 43 bytes
0009:trace:winsock:WS2_sendto socket 0138, wsabuf 0x32e574, nbufs 1, flags 0, to 0x2bbad94, tolen 16, ovl (nil), func (nil)
0009:trace:winsock:WS2_sendto fd=39, options=20
0009:trace:winsock:WS2_sendto  -> 19 bytes
0009:trace:winsock:WS2_sendto socket 0138, wsabuf 0x32e504, nbufs 1, flags 0, to 0x2bbad94, tolen 16, ovl (nil), func (nil)
0009:trace:winsock:WS2_sendto fd=39, options=20
0009:trace:winsock:WS2_sendto  -> 43 bytes
0009:trace:winsock:WS2_sendto socket 0138, wsabuf 0x32e574, nbufs 1, flags 0, to 0x2bbad94, tolen 16, ovl (nil), func (nil)
0009:trace:winsock:WS2_sendto fd=39, options=20
0009:trace:winsock:WS2_sendto  -> 19 bytes
0009:trace:winsock:WS2_sendto socket 0138, wsabuf 0x32e504, nbufs 1, flags 0, to 0x2bbad94, tolen 16, ovl (nil), func (nil)
0009:trace:winsock:WS2_sendto fd=39, options=20
0009:trace:winsock:WS2_sendto  -> 43 bytes
0009:trace:winsock:WS2_sendto socket 0138, wsabuf 0x32e574, nbufs 1, flags 0, to 0x2bbad94, tolen 16, ovl (nil), func (nil)
0009:trace:winsock:WS2_sendto fd=39, options=20
0009:trace:winsock:WS2_sendto  -> 19 bytes
0009:trace:winsock:WS2_sendto socket 0138, wsabuf 0x32e504, nbufs 1, flags 0, to 0x2bbad94, tolen 16, ovl (nil), func (nil)
0009:trace:winsock:WS2_sendto fd=39, options=20
0009:trace:winsock:WS2_sendto  -> 43 bytes
0009:trace:winsock:WS2_sendto socket 0138, wsabuf 0x32e574, nbufs 1, flags 0, to 0x2bbad94, tolen 16, ovl (nil), func (nil)
0009:trace:winsock:WS2_sendto fd=39, options=20
0009:trace:winsock:WS2_sendto  -> 19 bytes
0009:trace:winsock:WS2_sendto socket 0138, wsabuf 0x32e504, nbufs 1, flags 0, to 0x2bbad94, tolen 16, ovl (nil), func (nil)
0009:trace:winsock:WS2_sendto fd=39, options=20
0009:trace:winsock:WS2_sendto  -> 43 bytes
0009:trace:winsock:WS2_sendto socket 0138, wsabuf 0x32e574, nbufs 1, flags 0, to 0x2bbad94, tolen 16, ovl (nil), func (nil)
0009:trace:winsock:WS2_sendto fd=39, options=20
0009:trace:winsock:WS2_sendto  -> 19 bytes
0009:trace:winsock:WS2_sendto socket 0138, wsabuf 0x32e504, nbufs 1, flags 0, to 0x2bbad94, tolen 16, ovl (nil), func (nil)
0009:trace:winsock:WS2_sendto fd=39, options=20
0009:trace:winsock:WS2_sendto  -> 43 bytes
0009:trace:winsock:WS2_sendto socket 0138, wsabuf 0x32e574, nbufs 1, flags 0, to 0x2bbad94, tolen 16, ovl (nil), func (nil)
0009:trace:winsock:WS2_sendto fd=39, options=20
0009:trace:winsock:WS2_sendto  -> 19 bytes
0009:trace:winsock:WS2_sendto socket 0138, wsabuf 0x32e504, nbufs 1, flags 0, to 0x2bbad94, tolen 16, ovl (nil), func (nil)
0009:trace:winsock:WS2_sendto fd=39, options=20
0009:trace:winsock:WS2_sendto  -> 43 bytes
0009:trace:winsock:WS2_sendto socket 0138, wsabuf 0x32e574, nbufs 1, flags 0, to 0x2bbad94, tolen 16, ovl (nil), func (nil)
0009:trace:winsock:WS2_sendto fd=39, options=20
0009:trace:winsock:WS2_sendto  -> 19 bytes
0009:trace:winsock:WS2_sendto socket 0138, wsabuf 0x32e504, nbufs 1, flags 0, to 0x2bbad94, tolen 16, ovl (nil), func (nil)
0009:trace:winsock:WS2_sendto fd=39, options=20
0009:trace:winsock:WS2_sendto  -> 43 bytes
0009:trace:winsock:WS2_sendto socket 0138, wsabuf 0x32e574, nbufs 1, flags 0, to 0x2bbad94, tolen 16, ovl (nil), func (nil)
0009:trace:winsock:WS2_sendto fd=39, options=20
0009:trace:winsock:WS2_sendto  -> 19 bytes
0009:trace:winsock:WS2_sendto socket 0138, wsabuf 0x32e504, nbufs 1, flags 0, to 0x2bbad94, tolen 16, ovl (nil), func (nil)
0009:trace:winsock:WS2_sendto fd=39, options=20
0009:trace:winsock:WS2_sendto  -> 43 bytes
0009:trace:winsock:WS2_sendto socket 0138, wsabuf 0x32e564, nbufs 1, flags 0, to 0x2bbad94, tolen 16, ovl (nil), func (nil)
0009:trace:winsock:WS2_sendto fd=39, options=20
0009:trace:winsock:WS2_sendto  -> 19 bytes
0009:trace:winsock:WS2_sendto socket 0138, wsabuf 0x32e4f4, nbufs 1, flags 0, to 0x2bbad94, tolen 16, ovl (nil), func (nil)
0009:trace:winsock:WS2_sendto fd=39, options=20
0009:trace:winsock:WS2_sendto  -> 25 bytes
0009:trace:winsock:WS2_sendto socket 0138, wsabuf 0x32e574, nbufs 1, flags 0, to 0x2bbad94, tolen 16, ovl (nil), func (nil)
0009:trace:winsock:WS2_sendto fd=39, options=20
0009:trace:winsock:WS2_sendto  -> 19 bytes
0009:trace:winsock:WS2_sendto socket 0138, wsabuf 0x32e504, nbufs 1, flags 0, to 0x2bbad94, tolen 16, ovl (nil), func (nil)
0009:trace:winsock:WS2_sendto fd=39, options=20
0009:trace:winsock:WS2_sendto  -> 46 bytes
0009:trace:winsock:WS2_sendto socket 0138, wsabuf 0x32e5e4, nbufs 1, flags 0, to 0x2bbad94, tolen 16, ovl (nil), func (nil)
0009:trace:winsock:WS2_sendto fd=39, options=20
0009:trace:winsock:WS2_sendto  -> 31 bytes
0009:trace:winsock:WS2_sendto socket 0138, wsabuf 0x32e5e4, nbufs 1, flags 0, to 0x2bbad94, tolen 16, ovl (nil), func (nil)
0009:trace:winsock:WS2_sendto fd=39, options=20
0009:trace:winsock:WS2_sendto  -> 31 bytes
0009:trace:winsock:WS2_recv_base socket 0138, wsabuf 0x32f6e4, nbufs 1, flags 0, from 0x32f734, fromlen 16, ovl (nil), func (nil)
0009:trace:winsock:WS2_recv_base fd=39, options=20
0009:trace:winsock:WS2_recv_base  -> 24 bytes
0009:trace:winsock:WS2_sendto socket 0138, wsabuf 0x32f5e4, nbufs 1, flags 0, to 0x2bbad94, tolen 16, ovl (nil), func (nil)
0009:trace:winsock:WS2_sendto fd=39, options=20
0009:trace:winsock:WS2_sendto  -> 10 bytes
0009:trace:winsock:WS2_sendto socket 0138, wsabuf 0x32f5e4, nbufs 1, flags 0, to 0x2bbad94, tolen 16, ovl (nil), func (nil)
0009:trace:winsock:WS2_sendto fd=39, options=20
0009:trace:winsock:WS2_sendto  -> 10 bytes
0009:trace:winsock:WS2_sendto socket 0138, wsabuf 0x32f9c4, nbufs 1, flags 0, to 0x2bbad94, tolen 16, ovl (nil), func (nil)
0009:trace:winsock:WS2_sendto fd=39, options=20
0009:trace:winsock:WS2_sendto  -> 12 bytes
0009:trace:winsock:WS2_sendto socket 0138, wsabuf 0x32f9c4, nbufs 1, flags 0, to 0x2bbad94, tolen 16, ovl (nil), func (nil)
0009:trace:winsock:WS2_sendto fd=39, options=20
0009:trace:winsock:WS2_sendto  -> 12 bytes
0009:trace:winsock:WS2_recv_base socket 0138, wsabuf 0x32f6e4, nbufs 1, flags 0, from 0x32f734, fromlen 16, ovl (nil), func (nil)
0009:trace:winsock:WS2_recv_base fd=39, options=20
0009:trace:winsock:WS2_recv_base  -> 12 bytes
0009:trace:winsock:WS2_recv_base socket 0138, wsabuf 0x32f6e4, nbufs 1, flags 0, from 0x32f734, fromlen 16, ovl (nil), func (nil)
0009:trace:winsock:WS2_recv_base fd=39, options=20
0009:trace:winsock:WS2_recv_base  -> 12 bytes
0009:trace:winsock:WS2_recv_base socket 0138, wsabuf 0x32f6e4, nbufs 1, flags 0, from 0x32f734, fromlen 16, ovl (nil), func (nil)
0009:trace:winsock:WS2_recv_base fd=39, options=20
0009:trace:winsock:WS2_recv_base  -> 12 bytes
0009:trace:winsock:WS2_sendto socket 0138, wsabuf 0x32ef34, nbufs 1, flags 0, to 0x2bbad94, tolen 16, ovl (nil), func (nil)
0009:trace:winsock:WS2_sendto fd=39, options=20
0009:trace:winsock:WS2_sendto  -> 12 bytes
0009:trace:winsock:WS2_recv_base socket 0138, wsabuf 0x32f6e4, nbufs 1, flags 0, from 0x32f734, fromlen 16, ovl (nil), func (nil)
0009:trace:winsock:WS2_recv_base fd=39, options=20
0009:trace:winsock:WS2_recv_base  -> 10 bytes
0009:trace:winsock:WS2_recv_base socket 0138, wsabuf 0x32f6e4, nbufs 1, flags 0, from 0x32f734, fromlen 16, ovl (nil), func (nil)
0009:trace:winsock:WS2_recv_base fd=39, options=20
0009:trace:winsock:WS2_recv_base  -> 12 bytes
0009:trace:winsock:WS2_sendto socket 0138, wsabuf 0x32ef34, nbufs 1, flags 0, to 0x2bbad94, tolen 16, ovl (nil), func (nil)
0009:trace:winsock:WS2_sendto fd=39, options=20
0009:trace:winsock:WS2_sendto  -> 12 bytes
0009:trace:winsock:WS2_recv_base socket 0138, wsabuf 0x32f6e4, nbufs 1, flags 0, from 0x32f734, fromlen 16, ovl (nil), func (nil)
0009:trace:winsock:WS2_recv_base fd=39, options=20
0009:trace:winsock:WS2_recv_base  -> 10 bytes
0009:trace:winsock:WS2_sendto socket 0138, wsabuf 0x32f5e4, nbufs 1, flags 0, to 0x2bbad94, tolen 16, ovl (nil), func (nil)
0009:trace:winsock:WS2_sendto fd=39, options=20
0009:trace:winsock:WS2_sendto  -> 10 bytes
0009:trace:winsock:WS2_sendto socket 0138, wsabuf 0x32f5e4, nbufs 1, flags 0, to 0x2bbad94, tolen 16, ovl (nil), func (nil)
0009:trace:winsock:WS2_sendto fd=39, options=20
0009:trace:winsock:WS2_sendto  -> 10 bytes
0009:trace:winsock:WS2_recv_base socket 0138, wsabuf 0x32f6e4, nbufs 1, flags 0, from 0x32f734, fromlen 16, ovl (nil), func (nil)
0009:trace:winsock:WS2_recv_base fd=39, options=20
0009:trace:winsock:WS2_recv_base  -> 11 bytes
0009:trace:winsock:WS2_recv_base socket 0138, wsabuf 0x32f6e4, nbufs 1, flags 0, from 0x32f734, fromlen 16, ovl (nil), func (nil)
0009:trace:winsock:WS2_recv_base fd=39, options=20
0009:trace:winsock:WS2_recv_base  -> 25 bytes
0009:trace:winsock:WS2_recv_base socket 0138, wsabuf 0x32f6e4, nbufs 1, flags 0, from 0x32f734, fromlen 16, ovl (nil), func (nil)
0009:trace:winsock:WS2_recv_base fd=39, options=20
0009:trace:winsock:WS2_recv_base  -> 25 bytes
0009:trace:winsock:WS2_recv_base socket 0138, wsabuf 0x32f6e4, nbufs 1, flags 0, from 0x32f734, fromlen 16, ovl (nil), func (nil)
0009:trace:winsock:WS2_recv_base fd=39, options=20
0009:trace:winsock:WS2_recv_base  -> 25 bytes
0009:trace:winsock:WS2_recv_base socket 0138, wsabuf 0x32f6e4, nbufs 1, flags 0, from 0x32f734, fromlen 16, ovl (nil), func (nil)
0009:trace:winsock:WS2_recv_base fd=39, options=20
0009:trace:winsock:WS2_recv_base  -> 24 bytes
0009:trace:winsock:WS2_recv_base socket 0138, wsabuf 0x32f6e4, nbufs 1, flags 0, from 0x32f734, fromlen 16, ovl (nil), func (nil)
0009:trace:winsock:WS2_recv_base fd=39, options=20
0009:trace:winsock:WS2_recv_base  -> 95 bytes
0009:trace:winsock:WS2_recv_base socket 0138, wsabuf 0x32f6e4, nbufs 1, flags 0, from 0x32f734, fromlen 16, ovl (nil), func (nil)
0009:trace:winsock:WS2_recv_base fd=39, options=20
0009:trace:winsock:WS2_recv_base  -> 16 bytes
0009:trace:winsock:WS2_recv_base socket 0138, wsabuf 0x32f6e4, nbufs 1, flags 0, from 0x32f734, fromlen 16, ovl (nil), func (nil)
0009:trace:winsock:WS2_recv_base fd=39, options=20
0009:trace:winsock:WS2_recv_base  -> 22 bytes
0009:trace:winsock:WS2_recv_base socket 0138, wsabuf 0x32f6e4, nbufs 1, flags 0, from 0x32f734, fromlen 16, ovl (nil), func (nil)
0009:trace:winsock:WS2_recv_base fd=39, options=20
0009:trace:winsock:WS2_recv_base  -> 10 bytes
0009:trace:winsock:WS2_recv_base socket 0138, wsabuf 0x32f6e4, nbufs 1, flags 0, from 0x32f734, fromlen 16, ovl (nil), func (nil)
0009:trace:winsock:WS2_recv_base fd=39, options=20
0009:trace:winsock:WS2_recv_base  -> 16 bytes
0009:trace:winsock:WS2_recv_base socket 0138, wsabuf 0x32f6e4, nbufs 1, flags 0, from 0x32f734, fromlen 16, ovl (nil), func (nil)
0009:trace:winsock:WS2_recv_base fd=39, options=20
0009:trace:winsock:WS2_recv_base  -> 10 bytes
0009:trace:winsock:WS2_sendto socket 0138, wsabuf 0x32f5e4, nbufs 1, flags 0, to 0x2bbad94, tolen 16, ovl (nil), func (nil)
0009:trace:winsock:WS2_sendto fd=39, options=20
0009:trace:winsock:WS2_sendto  -> 10 bytes
0009:trace:winsock:WS2_sendto socket 0138, wsabuf 0x32f5e4, nbufs 1, flags 0, to 0x2bbad94, tolen 16, ovl (nil), func (nil)
0009:trace:winsock:WS2_sendto fd=39, options=20
0009:trace:winsock:WS2_sendto  -> 10 bytes
0009:trace:winsock:WS2_sendto socket 0138, wsabuf 0x32f964, nbufs 1, flags 0, to 0x2bbad94, tolen 16, ovl (nil), func (nil)
0009:trace:winsock:WS2_sendto fd=39, options=20
0009:trace:winsock:WS2_sendto  -> 16 bytes
0009:trace:winsock:WS2_sendto socket 0138, wsabuf 0x32f964, nbufs 1, flags 0, to 0x2bbad94, tolen 16, ovl (nil), func (nil)
0009:trace:winsock:WS2_sendto fd=39, options=20
0009:trace:winsock:WS2_sendto  -> 16 bytes
0009:trace:winsock:WS2_recv_base socket 0138, wsabuf 0x32f6e4, nbufs 1, flags 0, from 0x32f734, fromlen 16, ovl (nil), func (nil)
0009:trace:winsock:WS2_recv_base fd=39, options=20
0009:trace:winsock:WS2_recv_base  -> 10 bytes
0009:trace:winsock:WS2_recv_base socket 0138, wsabuf 0x32f6e4, nbufs 1, flags 0, from 0x32f734, fromlen 16, ovl (nil), func (nil)
0009:trace:winsock:WS2_recv_base fd=39, options=20
0009:trace:winsock:WS2_recv_base  -> 22 bytes
0009:trace:winsock:WS2_recv_base socket 0138, wsabuf 0x32f6e4, nbufs 1, flags 0, from 0x32f734, fromlen 16, ovl (nil), func (nil)
0009:trace:winsock:WS2_recv_base fd=39, options=20
0009:trace:winsock:WS2_recv_base  -> 28 bytes
0009:trace:winsock:WS2_recv_base socket 0138, wsabuf 0x32f6e4, nbufs 1, flags 0, from 0x32f734, fromlen 16, ovl (nil), func (nil)
0009:trace:winsock:WS2_recv_base fd=39, options=20
0009:trace:winsock:WS2_recv_base  -> 10 bytes
0009:trace:winsock:WS2_sendto socket 0138, wsabuf 0x32f5e4, nbufs 1, flags 0, to 0x2bbad94, tolen 16, ovl (nil), func (nil)
0009:trace:winsock:WS2_sendto fd=39, options=20
0009:trace:winsock:WS2_sendto  -> 10 bytes
0009:trace:winsock:WS2_sendto socket 0138, wsabuf 0x32f5e4, nbufs 1, flags 0, to 0x2bbad94, tolen 16, ovl (nil), func (nil)
0009:trace:winsock:WS2_sendto fd=39, options=20
0009:trace:winsock:WS2_sendto  -> 10 bytes
0009:trace:winsock:WS2_recv_base socket 0138, wsabuf 0x32f6e4, nbufs 1, flags 0, from 0x32f734, fromlen 16, ovl (nil), func (nil)
0009:trace:winsock:WS2_recv_base fd=39, options=20
0009:trace:winsock:WS2_recv_base  -> 10 bytes
0009:trace:winsock:WS2_recv_base socket 0138, wsabuf 0x32f6e4, nbufs 1, flags 0, from 0x32f734, fromlen 16, ovl (nil), func (nil)
0009:trace:winsock:WS2_recv_base fd=39, options=20
0009:trace:winsock:WS2_recv_base  -> 10 bytes
0009:trace:winsock:WS2_sendto socket 0138, wsabuf 0x32f5e4, nbufs 1, flags 0, to 0x2bbad94, tolen 16, ovl (nil), func (nil)
0009:trace:winsock:WS2_sendto fd=39, options=20
0009:trace:winsock:WS2_sendto  -> 10 bytes
0009:trace:winsock:WS2_sendto socket 0138, wsabuf 0x32f5e4, nbufs 1, flags 0, to 0x2bbad94, tolen 16, ovl (nil), func (nil)
0009:trace:winsock:WS2_sendto fd=39, options=20
0009:trace:winsock:WS2_sendto  -> 10 bytes
0009:trace:winsock:WS2_sendto socket 0138, wsabuf 0x32f9c4, nbufs 1, flags 0, to 0x2bbad94, tolen 16, ovl (nil), func (nil)
0009:trace:winsock:WS2_sendto fd=39, options=20
0009:trace:winsock:WS2_sendto  -> 12 bytes
0009:trace:winsock:WS2_recv_base socket 0138, wsabuf 0x32f6e4, nbufs 1, flags 0, from 0x32f734, fromlen 16, ovl (nil), func (nil)
0009:trace:winsock:WS2_recv_base fd=39, options=20
0009:trace:winsock:WS2_recv_base  -> 12 bytes
0009:trace:winsock:WS2_sendto socket 0138, wsabuf 0x32f9c4, nbufs 1, flags 0, to 0x2bbad94, tolen 16, ovl (nil), func (nil)
0009:trace:winsock:WS2_sendto fd=39, options=20
0009:trace:winsock:WS2_sendto  -> 12 bytes
0009:trace:winsock:WS2_recv_base socket 0138, wsabuf 0x32f6e4, nbufs 1, flags 0, from 0x32f734, fromlen 16, ovl (nil), func (nil)
0009:trace:winsock:WS2_recv_base fd=39, options=20
0009:trace:winsock:WS2_recv_base  -> 12 bytes
0009:trace:winsock:WS2_recv_base socket 0138, wsabuf 0x32f6e4, nbufs 1, flags 0, from 0x32f734, fromlen 16, ovl (nil), func (nil)
0009:trace:winsock:WS2_recv_base fd=39, options=20
0009:trace:winsock:WS2_recv_base  -> 16 bytes
0009:trace:winsock:WS2_recv_base socket 0138, wsabuf 0x32f6e4, nbufs 1, flags 0, from 0x32f734, fromlen 16, ovl (nil), func (nil)
0009:trace:winsock:WS2_recv_base fd=39, options=20
0009:trace:winsock:WS2_recv_base  -> 12 bytes
0009:trace:winsock:WS2_sendto socket 0138, wsabuf 0x32ef34, nbufs 1, flags 0, to 0x2bbad94, tolen 16, ovl (nil), func (nil)
0009:trace:winsock:WS2_sendto fd=39, options=20
0009:trace:winsock:WS2_sendto  -> 12 bytes
0009:trace:winsock:WS2_recv_base socket 0138, wsabuf 0x32f6e4, nbufs 1, flags 0, from 0x32f734, fromlen 16, ovl (nil), func (nil)
0009:trace:winsock:WS2_recv_base fd=39, options=20
0009:trace:winsock:WS2_recv_base  -> 10 bytes
0009:trace:winsock:WS2_recv_base socket 0138, wsabuf 0x32f6e4, nbufs 1, flags 0, from 0x32f734, fromlen 16, ovl (nil), func (nil)
0009:trace:winsock:WS2_recv_base fd=39, options=20
0009:trace:winsock:WS2_recv_base  -> 16 bytes
0009:trace:winsock:WS2_recv_base socket 0138, wsabuf 0x32f6e4, nbufs 1, flags 0, from 0x32f734, fromlen 16, ovl (nil), func (nil)
0009:trace:winsock:WS2_recv_base fd=39, options=20
0009:trace:winsock:WS2_recv_base  -> 12 bytes
0009:trace:winsock:WS2_sendto socket 0138, wsabuf 0x32ef34, nbufs 1, flags 0, to 0x2bbad94, tolen 16, ovl (nil), func (nil)
0009:trace:winsock:WS2_sendto fd=39, options=20
0009:trace:winsock:WS2_sendto  -> 12 bytes
0009:trace:winsock:WS2_recv_base socket 0138, wsabuf 0x32f6e4, nbufs 1, flags 0, from 0x32f734, fromlen 16, ovl (nil), func (nil)
0009:trace:winsock:WS2_recv_base fd=39, options=20
0009:trace:winsock:WS2_recv_base  -> 10 bytes
0009:trace:winsock:WS2_sendto socket 0138, wsabuf 0x32f5e4, nbufs 1, flags 0, to 0x2bbad94, tolen 16, ovl (nil), func (nil)
0009:trace:winsock:WS2_sendto fd=39, options=20
0009:trace:winsock:WS2_sendto  -> 10 bytes
0009:trace:winsock:WS2_sendto socket 0138, wsabuf 0x32f5e4, nbufs 1, flags 0, to 0x2bbad94, tolen 16, ovl (nil), func (nil)
0009:trace:winsock:WS2_sendto fd=39, options=20
0009:trace:winsock:WS2_sendto  -> 10 bytes
0009:trace:winsock:WS2_sendto socket 0138, wsabuf 0x32f964, nbufs 1, flags 0, to 0x2bbad94, tolen 16, ovl (nil), func (nil)
0009:trace:winsock:WS2_sendto fd=39, options=20
0009:trace:winsock:WS2_sendto  -> 16 bytes
0009:trace:winsock:WS2_sendto socket 0138, wsabuf 0x32f964, nbufs 1, flags 0, to 0x2bbad94, tolen 16, ovl (nil), func (nil)
0009:trace:winsock:WS2_sendto fd=39, options=20
0009:trace:winsock:WS2_sendto  -> 16 bytes
0009:trace:winsock:WS2_recv_base socket 0138, wsabuf 0x32f6e4, nbufs 1, flags 0, from 0x32f734, fromlen 16, ovl (nil), func (nil)
0009:trace:winsock:WS2_recv_base fd=39, options=20
0009:trace:winsock:WS2_recv_base  -> 10 bytes
0009:trace:winsock:WS2_recv_base socket 0138, wsabuf 0x32f6e4, nbufs 1, flags 0, from 0x32f734, fromlen 16, ovl (nil), func (nil)
0009:trace:winsock:WS2_recv_base fd=39, options=20
0009:trace:winsock:WS2_recv_base  -> 10 bytes
0009:trace:winsock:WS2_sendto socket 0138, wsabuf 0x32f5e4, nbufs 1, flags 0, to 0x2bbad94, tolen 16, ovl (nil), func (nil)
0009:trace:winsock:WS2_sendto fd=39, options=20
0009:trace:winsock:WS2_sendto  -> 10 bytes
0009:trace:winsock:WS2_sendto socket 0138, wsabuf 0x32f5e4, nbufs 1, flags 0, to 0x2bbad94, tolen 16, ovl (nil), func (nil)
0009:trace:winsock:WS2_sendto fd=39, options=20
0009:trace:winsock:WS2_sendto  -> 10 bytes
0009:trace:winsock:WS2_recv_base socket 0138, wsabuf 0x32f6e4, nbufs 1, flags 0, from 0x32f734, fromlen 16, ovl (nil), func (nil)
0009:trace:winsock:WS2_recv_base fd=39, options=20
0009:trace:winsock:WS2_recv_base  -> 10 bytes
0009:trace:winsock:WS2_recv_base socket 0138, wsabuf 0x32f6e4, nbufs 1, flags 0, from 0x32f734, fromlen 16, ovl (nil), func (nil)
0009:trace:winsock:WS2_recv_base fd=39, options=20
0009:trace:winsock:WS2_recv_base  -> 10 bytes
0009:trace:winsock:WS2_sendto socket 0138, wsabuf 0x32f5e4, nbufs 1, flags 0, to 0x2bbad94, tolen 16, ovl (nil), func (nil)
0009:trace:winsock:WS2_sendto fd=39, options=20
0009:trace:winsock:WS2_sendto  -> 10 bytes
0009:trace:winsock:WS2_sendto socket 0138, wsabuf 0x32f5e4, nbufs 1, flags 0, to 0x2bbad94, tolen 16, ovl (nil), func (nil)
0009:trace:winsock:WS2_sendto fd=39, options=20
0009:trace:winsock:WS2_sendto  -> 10 bytes
0009:trace:winsock:WS2_recv_base socket 0138, wsabuf 0x32f6e4, nbufs 1, flags 0, from 0x32f734, fromlen 16, ovl (nil), func (nil)
0009:trace:winsock:WS2_recv_base fd=39, options=20
0009:trace:winsock:WS2_recv_base  -> 10 bytes
0009:trace:winsock:WS2_recv_base socket 0138, wsabuf 0x32f6e4, nbufs 1, flags 0, from 0x32f734, fromlen 16, ovl (nil), func (nil)
0009:trace:winsock:WS2_recv_base fd=39, options=20
0009:trace:winsock:WS2_recv_base  -> 16 bytes
0009:trace:winsock:WS2_recv_base socket 0138, wsabuf 0x32f6e4, nbufs 1, flags 0, from 0x32f734, fromlen 16, ovl (nil), func (nil)
0009:trace:winsock:WS2_recv_base fd=39, options=20
0009:trace:winsock:WS2_recv_base  -> 16 bytes
0009:trace:winsock:WS2_recv_base socket 0138, wsabuf 0x32f6e4, nbufs 1, flags 0, from 0x32f734, fromlen 16, ovl (nil), func (nil)
0009:trace:winsock:WS2_recv_base fd=39, options=20
0009:trace:winsock:WS2_recv_base  -> 10 bytes
0009:trace:winsock:WS2_sendto socket 0138, wsabuf 0x32f5e4, nbufs 1, flags 0, to 0x2bbad94, tolen 16, ovl (nil), func (nil)
0009:trace:winsock:WS2_sendto fd=39, options=20
0009:trace:winsock:WS2_sendto  -> 10 bytes
0009:trace:winsock:WS2_sendto socket 0138, wsabuf 0x32f5e4, nbufs 1, flags 0, to 0x2bbad94, tolen 16, ovl (nil), func (nil)
0009:trace:winsock:WS2_sendto fd=39, options=20
0009:trace:winsock:WS2_sendto  -> 10 bytes
0009:trace:winsock:WS2_sendto socket 0138, wsabuf 0x32f9c4, nbufs 1, flags 0, to 0x2bbad94, tolen 16, ovl (nil), func (nil)
0009:trace:winsock:WS2_sendto fd=39, options=20
0009:trace:winsock:WS2_sendto  -> 12 bytes
0009:trace:winsock:WS2_recv_base socket 0138, wsabuf 0x32f6e4, nbufs 1, flags 0, from 0x32f734, fromlen 16, ovl (nil), func (nil)
0009:trace:winsock:WS2_recv_base fd=39, options=20
0009:trace:winsock:WS2_recv_base  -> 12 bytes
0009:trace:winsock:WS2_sendto socket 0138, wsabuf 0x32f9c4, nbufs 1, flags 0, to 0x2bbad94, tolen 16, ovl (nil), func (nil)
0009:trace:winsock:WS2_sendto fd=39, options=20
0009:trace:winsock:WS2_sendto  -> 12 bytes
0009:trace:winsock:WS2_recv_base socket 0138, wsabuf 0x32f6e4, nbufs 1, flags 0, from 0x32f734, fromlen 16, ovl (nil), func (nil)
0009:trace:winsock:WS2_recv_base fd=39, options=20
0009:trace:winsock:WS2_recv_base  -> 12 bytes
0009:trace:winsock:WS2_recv_base socket 0138, wsabuf 0x32f6e4, nbufs 1, flags 0, from 0x32f734, fromlen 16, ovl (nil), func (nil)
0009:trace:winsock:WS2_recv_base fd=39, options=20
0009:trace:winsock:WS2_recv_base  -> 12 bytes
0009:trace:winsock:WS2_sendto socket 0138, wsabuf 0x32ef34, nbufs 1, flags 0, to 0x2bbad94, tolen 16, ovl (nil), func (nil)
0009:trace:winsock:WS2_sendto fd=39, options=20
0009:trace:winsock:WS2_sendto  -> 12 bytes
0009:trace:winsock:WS2_sendto socket 0138, wsabuf 0x32f964, nbufs 1, flags 0, to 0x2bbad94, tolen 16, ovl (nil), func (nil)
0009:trace:winsock:WS2_sendto fd=39, options=20
0009:trace:winsock:WS2_sendto  -> 16 bytes
0009:trace:winsock:WS2_sendto socket 0138, wsabuf 0x32f964, nbufs 1, flags 0, to 0x2bbad94, tolen 16, ovl (nil), func (nil)
0009:trace:winsock:WS2_sendto fd=39, options=20
0009:trace:winsock:WS2_sendto  -> 16 bytes
0009:trace:winsock:WS2_recv_base socket 0138, wsabuf 0x32f6e4, nbufs 1, flags 0, from 0x32f734, fromlen 16, ovl (nil), func (nil)
0009:trace:winsock:WS2_recv_base fd=39, options=20
0009:trace:winsock:WS2_recv_base  -> 10 bytes
0009:trace:winsock:WS2_recv_base socket 0138, wsabuf 0x32f6e4, nbufs 1, flags 0, from 0x32f734, fromlen 16, ovl (nil), func (nil)
0009:trace:winsock:WS2_recv_base fd=39, options=20
0009:trace:winsock:WS2_recv_base  -> 12 bytes
0009:trace:winsock:WS2_sendto socket 0138, wsabuf 0x32ef34, nbufs 1, flags 0, to 0x2bbad94, tolen 16, ovl (nil), func (nil)
0009:trace:winsock:WS2_sendto fd=39, options=20
0009:trace:winsock:WS2_sendto  -> 12 bytes
0009:trace:winsock:WS2_recv_base socket 0138, wsabuf 0x32f6e4, nbufs 1, flags 0, from 0x32f734, fromlen 16, ovl (nil), func (nil)
0009:trace:winsock:WS2_recv_base fd=39, options=20
0009:trace:winsock:WS2_recv_base  -> 10 bytes
0009:trace:winsock:WS2_sendto socket 0138, wsabuf 0x32f5e4, nbufs 1, flags 0, to 0x2bbad94, tolen 16, ovl (nil), func (nil)
0009:trace:winsock:WS2_sendto fd=39, options=20
0009:trace:winsock:WS2_sendto  -> 10 bytes
0009:trace:winsock:WS2_sendto socket 0138, wsabuf 0x32f5e4, nbufs 1, flags 0, to 0x2bbad94, tolen 16, ovl (nil), func (nil)
0009:trace:winsock:WS2_sendto fd=39, options=20
0009:trace:winsock:WS2_sendto  -> 10 bytes
0009:trace:winsock:WS2_recv_base socket 0138, wsabuf 0x32f6e4, nbufs 1, flags 0, from 0x32f734, fromlen 16, ovl (nil), func (nil)
0009:trace:winsock:WS2_recv_base fd=39, options=20
0009:trace:winsock:WS2_recv_base  -> 10 bytes
0009:trace:winsock:WS2_recv_base socket 0138, wsabuf 0x32f6e4, nbufs 1, flags 0, from 0x32f734, fromlen 16, ovl (nil), func (nil)
0009:trace:winsock:WS2_recv_base fd=39, options=20
0009:trace:winsock:WS2_recv_base  -> 10 bytes
0009:trace:winsock:WS2_sendto socket 0138, wsabuf 0x32f5e4, nbufs 1, flags 0, to 0x2bbad94, tolen 16, ovl (nil), func (nil)
0009:trace:winsock:WS2_sendto fd=39, options=20
0009:trace:winsock:WS2_sendto  -> 10 bytes
0009:trace:winsock:WS2_sendto socket 0138, wsabuf 0x32f5e4, nbufs 1, flags 0, to 0x2bbad94, tolen 16, ovl (nil), func (nil)
0009:trace:winsock:WS2_sendto fd=39, options=20
0009:trace:winsock:WS2_sendto  -> 10 bytes
0009:trace:winsock:WS2_recv_base socket 0138, wsabuf 0x32f6e4, nbufs 1, flags 0, from 0x32f734, fromlen 16, ovl (nil), func (nil)
0009:trace:winsock:WS2_recv_base fd=39, options=20
0009:trace:winsock:WS2_recv_base  -> 10 bytes
0009:trace:winsock:WS2_recv_base socket 0138, wsabuf 0x32f6e4, nbufs 1, flags 0, from 0x32f734, fromlen 16, ovl (nil), func (nil)
0009:trace:winsock:WS2_recv_base fd=39, options=20
0009:trace:winsock:WS2_recv_base  -> 16 bytes
0009:trace:winsock:WS2_recv_base socket 0138, wsabuf 0x32f6e4, nbufs 1, flags 0, from 0x32f734, fromlen 16, ovl (nil), func (nil)
0009:trace:winsock:WS2_recv_base fd=39, options=20
0009:trace:winsock:WS2_recv_base  -> 16 bytes
0009:trace:winsock:WS2_sendto socket 0138, wsabuf 0x32f5e4, nbufs 1, flags 0, to 0x2bbad94, tolen 16, ovl (nil), func (nil)
0009:trace:winsock:WS2_sendto fd=39, options=20
0009:trace:winsock:WS2_sendto  -> 10 bytes
0009:trace:winsock:WS2_sendto socket 0138, wsabuf 0x32f5e4, nbufs 1, flags 0, to 0x2bbad94, tolen 16, ovl (nil), func (nil)
0009:trace:winsock:WS2_sendto fd=39, options=20
0009:trace:winsock:WS2_sendto  -> 10 bytes
0009:trace:winsock:WS2_recv_base socket 0138, wsabuf 0x32f6e4, nbufs 1, flags 0, from 0x32f734, fromlen 16, ovl (nil), func (nil)
0009:trace:winsock:WS2_recv_base fd=39, options=20
0009:trace:winsock:WS2_recv_base  -> 10 bytes
0009:trace:winsock:WS2_recv_base socket 0138, wsabuf 0x32f6e4, nbufs 1, flags 0, from 0x32f734, fromlen 16, ovl (nil), func (nil)
0009:trace:winsock:WS2_recv_base fd=39, options=20
0009:trace:winsock:WS2_recv_base  -> 10 bytes
0009:trace:winsock:WS2_sendto socket 0138, wsabuf 0x32f964, nbufs 1, flags 0, to 0x2bbad94, tolen 16, ovl (nil), func (nil)
0009:trace:winsock:WS2_sendto fd=39, options=20
0009:trace:winsock:WS2_sendto  -> 16 bytes
0009:trace:winsock:WS2_sendto socket 0138, wsabuf 0x32f964, nbufs 1, flags 0, to 0x2bbad94, tolen 16, ovl (nil), func (nil)
0009:trace:winsock:WS2_sendto fd=39, options=20
0009:trace:winsock:WS2_sendto  -> 16 bytes
0009:fixme:msctf:LangBarMgr_GetShowFloatingStatus STUB:(01DE5828)
0009:fixme:msctf:LangBarMgr_ShowFloating STUB:(01DE5828)
0009:trace:winsock:WS2_recv_base socket 0138, wsabuf 0x32f6e4, nbufs 1, flags 0, from 0x32f734, fromlen 16, ovl (nil), func (nil)
0009:trace:winsock:WS2_recv_base fd=43, options=20
0009:trace:winsock:WS2_recv_base  -> 10 bytes
0009:trace:winsock:WS2_sendto socket 0138, wsabuf 0x32f5e4, nbufs 1, flags 0, to 0x2bbad94, tolen 16, ovl (nil), func (nil)
0009:trace:winsock:WS2_sendto fd=43, options=20
0009:trace:winsock:WS2_sendto  -> 10 bytes
0009:trace:winsock:WS2_sendto socket 0138, wsabuf 0x32f5e4, nbufs 1, flags 0, to 0x2bbad94, tolen 16, ovl (nil), func (nil)
0009:trace:winsock:WS2_sendto fd=43, options=20
0009:trace:winsock:WS2_sendto  -> 10 bytes
0009:trace:winsock:WS2_sendto socket 0138, wsabuf 0x32f9c4, nbufs 1, flags 0, to 0x2bbad94, tolen 16, ovl (nil), func (nil)
0009:trace:winsock:WS2_sendto fd=43, options=20
0009:trace:winsock:WS2_sendto  -> 12 bytes
0009:trace:winsock:WS2_recv_base socket 0138, wsabuf 0x32f6e4, nbufs 1, flags 0, from 0x32f734, fromlen 16, ovl (nil), func (nil)
0009:trace:winsock:WS2_recv_base fd=43, options=20
0009:trace:winsock:WS2_recv_base  -> 12 bytes
0009:trace:winsock:WS2_sendto socket 0138, wsabuf 0x32f9c4, nbufs 1, flags 0, to 0x2bbad94, tolen 16, ovl (nil), func (nil)
0009:trace:winsock:WS2_sendto fd=43, options=20
0009:trace:winsock:WS2_sendto  -> 12 bytes
0009:trace:winsock:WS2_recv_base socket 0138, wsabuf 0x32f6e4, nbufs 1, flags 0, from 0x32f734, fromlen 16, ovl (nil), func (nil)
0009:trace:winsock:WS2_recv_base fd=43, options=20
0009:trace:winsock:WS2_recv_base  -> 12 bytes
0009:trace:winsock:WS2_recv_base socket 0138, wsabuf 0x32f6e4, nbufs 1, flags 0, from 0x32f734, fromlen 16, ovl (nil), func (nil)
0009:trace:winsock:WS2_recv_base fd=43, options=20
0009:trace:winsock:WS2_recv_base  -> 10 bytes
0009:trace:winsock:WS2_recv_base socket 0138, wsabuf 0x32f6e4, nbufs 1, flags 0, from 0x32f734, fromlen 16, ovl (nil), func (nil)
0009:trace:winsock:WS2_recv_base fd=43, options=20
0009:trace:winsock:WS2_recv_base  -> 12 bytes
0009:trace:winsock:WS2_sendto socket 0138, wsabuf 0x32ef34, nbufs 1, flags 0, to 0x2bbad94, tolen 16, ovl (nil), func (nil)
0009:trace:winsock:WS2_sendto fd=43, options=20
0009:trace:winsock:WS2_sendto  -> 12 bytes
0009:trace:winsock:WS2_recv_base socket 0138, wsabuf 0x32f6e4, nbufs 1, flags 0, from 0x32f734, fromlen 16, ovl (nil), func (nil)
0009:trace:winsock:WS2_recv_base fd=43, options=20
0009:trace:winsock:WS2_recv_base  -> 12 bytes
0009:trace:winsock:WS2_sendto socket 0138, wsabuf 0x32ef34, nbufs 1, flags 0, to 0x2bbad94, tolen 16, ovl (nil), func (nil)
0009:trace:winsock:WS2_sendto fd=43, options=20
0009:trace:winsock:WS2_sendto  -> 12 bytes
0009:trace:winsock:WS2_recv_base socket 0138, wsabuf 0x32f6e4, nbufs 1, flags 0, from 0x32f734, fromlen 16, ovl (nil), func (nil)
0009:trace:winsock:WS2_recv_base fd=43, options=20
0009:trace:winsock:WS2_recv_base  -> 10 bytes
0009:trace:winsock:WS2_sendto socket 0138, wsabuf 0x32f5e4, nbufs 1, flags 0, to 0x2bbad94, tolen 16, ovl (nil), func (nil)
0009:trace:winsock:WS2_sendto fd=43, options=20
0009:trace:winsock:WS2_sendto  -> 10 bytes
0009:trace:winsock:WS2_sendto socket 0138, wsabuf 0x32f5e4, nbufs 1, flags 0, to 0x2bbad94, tolen 16, ovl (nil), func (nil)
0009:trace:winsock:WS2_sendto fd=43, options=20
0009:trace:winsock:WS2_sendto  -> 10 bytes
0009:trace:winsock:WS2_recv_base socket 0138, wsabuf 0x32f6e4, nbufs 1, flags 0, from 0x32f734, fromlen 16, ovl (nil), func (nil)
0009:trace:winsock:WS2_recv_base fd=43, options=20
0009:trace:winsock:WS2_recv_base  -> 10 bytes
0009:trace:winsock:WS2_recv_base socket 0138, wsabuf 0x32f6e4, nbufs 1, flags 0, from 0x32f734, fromlen 16, ovl (nil), func (nil)
0009:trace:winsock:WS2_recv_base fd=43, options=20
0009:trace:winsock:WS2_recv_base  -> 16 bytes
0009:trace:winsock:WS2_recv_base socket 0138, wsabuf 0x32f6e4, nbufs 1, flags 0, from 0x32f734, fromlen 16, ovl (nil), func (nil)
0009:trace:winsock:WS2_recv_base fd=43, options=20
0009:trace:winsock:WS2_recv_base  -> 10 bytes
0009:trace:winsock:WS2_recv_base socket 0138, wsabuf 0x32f6e4, nbufs 1, flags 0, from 0x32f734, fromlen 16, ovl (nil), func (nil)
0009:trace:winsock:WS2_recv_base fd=43, options=20
0009:trace:winsock:WS2_recv_base  -> 16 bytes
0009:trace:winsock:WS2_sendto socket 0138, wsabuf 0x32f5e4, nbufs 1, flags 0, to 0x2bbad94, tolen 16, ovl (nil), func (nil)
0009:trace:winsock:WS2_sendto fd=43, options=20
0009:trace:winsock:WS2_sendto  -> 10 bytes
0009:trace:winsock:WS2_sendto socket 0138, wsabuf 0x32f5e4, nbufs 1, flags 0, to 0x2bbad94, tolen 16, ovl (nil), func (nil)
0009:trace:winsock:WS2_sendto fd=43, options=20
0009:trace:winsock:WS2_sendto  -> 10 bytes
0009:trace:winsock:WS2_recv_base socket 0138, wsabuf 0x32f6e4, nbufs 1, flags 0, from 0x32f734, fromlen 16, ovl (nil), func (nil)
0009:trace:winsock:WS2_recv_base fd=43, options=20
0009:trace:winsock:WS2_recv_base  -> 10 bytes
0009:trace:winsock:WS2_sendto socket 0138, wsabuf 0x32f964, nbufs 1, flags 0, to 0x2bbad94, tolen 16, ovl (nil), func (nil)
0009:trace:winsock:WS2_sendto fd=43, options=20
0009:trace:winsock:WS2_sendto  -> 16 bytes
0009:trace:winsock:WS2_sendto socket 0138, wsabuf 0x32f964, nbufs 1, flags 0, to 0x2bbad94, tolen 16, ovl (nil), func (nil)
0009:trace:winsock:WS2_sendto fd=43, options=20
0009:trace:winsock:WS2_sendto  -> 16 bytes
0009:trace:winsock:WS2_recv_base socket 0138, wsabuf 0x32f6e4, nbufs 1, flags 0, from 0x32f734, fromlen 16, ovl (nil), func (nil)
0009:trace:winsock:WS2_recv_base fd=43, options=20
0009:trace:winsock:WS2_recv_base  -> 10 bytes
0009:trace:winsock:WS2_sendto socket 0138, wsabuf 0x32f5e4, nbufs 1, flags 0, to 0x2bbad94, tolen 16, ovl (nil), func (nil)
0009:trace:winsock:WS2_sendto fd=43, options=20
0009:trace:winsock:WS2_sendto  -> 10 bytes
0009:trace:winsock:WS2_sendto socket 0138, wsabuf 0x32f5e4, nbufs 1, flags 0, to 0x2bbad94, tolen 16, ovl (nil), func (nil)
0009:trace:winsock:WS2_sendto fd=43, options=20
0009:trace:winsock:WS2_sendto  -> 10 bytes
0009:trace:winsock:WS2_recv_base socket 0138, wsabuf 0x32f6e4, nbufs 1, flags 0, from 0x32f734, fromlen 16, ovl (nil), func (nil)
0009:trace:winsock:WS2_recv_base fd=43, options=20
0009:trace:winsock:WS2_recv_base  -> 10 bytes
0009:trace:winsock:WS2_recv_base socket 0138, wsabuf 0x32f6e4, nbufs 1, flags 0, from 0x32f734, fromlen 16, ovl (nil), func (nil)
0009:trace:winsock:WS2_recv_base fd=43, options=20
0009:trace:winsock:WS2_recv_base  -> 10 bytes
0009:trace:winsock:WS2_sendto socket 0138, wsabuf 0x32f5e4, nbufs 1, flags 0, to 0x2bbad94, tolen 16, ovl (nil), func (nil)
0009:trace:winsock:WS2_sendto fd=43, options=20
0009:trace:winsock:WS2_sendto  -> 10 bytes
0009:trace:winsock:WS2_sendto socket 0138, wsabuf 0x32f5e4, nbufs 1, flags 0, to 0x2bbad94, tolen 16, ovl (nil), func (nil)
0009:trace:winsock:WS2_sendto fd=43, options=20
0009:trace:winsock:WS2_sendto  -> 10 bytes
0009:trace:winsock:WS2_sendto socket 0138, wsabuf 0x32f9c4, nbufs 1, flags 0, to 0x2bbad94, tolen 16, ovl (nil), func (nil)
0009:trace:winsock:WS2_sendto fd=43, options=20
0009:trace:winsock:WS2_sendto  -> 12 bytes
0009:trace:winsock:WS2_recv_base socket 0138, wsabuf 0x32f6e4, nbufs 1, flags 0, from 0x32f734, fromlen 16, ovl (nil), func (nil)
0009:trace:winsock:WS2_recv_base fd=43, options=20
0009:trace:winsock:WS2_recv_base  -> 12 bytes
0009:trace:winsock:WS2_sendto socket 0138, wsabuf 0x32f9c4, nbufs 1, flags 0, to 0x2bbad94, tolen 16, ovl (nil), func (nil)
0009:trace:winsock:WS2_sendto fd=43, options=20
0009:trace:winsock:WS2_sendto  -> 12 bytes
0009:trace:winsock:WS2_recv_base socket 0138, wsabuf 0x32f6e4, nbufs 1, flags 0, from 0x32f734, fromlen 16, ovl (nil), func (nil)
0009:trace:winsock:WS2_recv_base fd=43, options=20
0009:trace:winsock:WS2_recv_base  -> 12 bytes
0009:trace:winsock:WS2_recv_base socket 0138, wsabuf 0x32f6e4, nbufs 1, flags 0, from 0x32f734, fromlen 16, ovl (nil), func (nil)
0009:trace:winsock:WS2_recv_base fd=43, options=20
0009:trace:winsock:WS2_recv_base  -> 10 bytes
0009:trace:winsock:WS2_recv_base socket 0138, wsabuf 0x32f6e4, nbufs 1, flags 0, from 0x32f734, fromlen 16, ovl (nil), func (nil)
0009:trace:winsock:WS2_recv_base fd=43, options=20
0009:trace:winsock:WS2_recv_base  -> 12 bytes
0009:trace:winsock:WS2_sendto socket 0138, wsabuf 0x32ef34, nbufs 1, flags 0, to 0x2bbad94, tolen 16, ovl (nil), func (nil)
0009:trace:winsock:WS2_sendto fd=43, options=20
0009:trace:winsock:WS2_sendto  -> 12 bytes
0009:trace:winsock:WS2_recv_base socket 0138, wsabuf 0x32f6e4, nbufs 1, flags 0, from 0x32f734, fromlen 16, ovl (nil), func (nil)
0009:trace:winsock:WS2_recv_base fd=43, options=20
0009:trace:winsock:WS2_recv_base  -> 12 bytes
0009:trace:winsock:WS2_sendto socket 0138, wsabuf 0x32ef34, nbufs 1, flags 0, to 0x2bbad94, tolen 16, ovl (nil), func (nil)
0009:trace:winsock:WS2_sendto fd=43, options=20
0009:trace:winsock:WS2_sendto  -> 12 bytes
0009:trace:winsock:WS2_recv_base socket 0138, wsabuf 0x32f6e4, nbufs 1, flags 0, from 0x32f734, fromlen 16, ovl (nil), func (nil)
0009:trace:winsock:WS2_recv_base fd=43, options=20
0009:trace:winsock:WS2_recv_base  -> 10 bytes
0009:trace:winsock:WS2_recv_base socket 0138, wsabuf 0x32f6e4, nbufs 1, flags 0, from 0x32f734, fromlen 16, ovl (nil), func (nil)
0009:trace:winsock:WS2_recv_base fd=43, options=20
0009:trace:winsock:WS2_recv_base  -> 16 bytes
0009:trace:winsock:WS2_sendto socket 0138, wsabuf 0x32f5e4, nbufs 1, flags 0, to 0x2bbad94, tolen 16, ovl (nil), func (nil)
0009:trace:winsock:WS2_sendto fd=43, options=20
0009:trace:winsock:WS2_sendto  -> 10 bytes
0009:trace:winsock:WS2_sendto socket 0138, wsabuf 0x32f5e4, nbufs 1, flags 0, to 0x2bbad94, tolen 16, ovl (nil), func (nil)
0009:trace:winsock:WS2_sendto fd=43, options=20
0009:trace:winsock:WS2_sendto  -> 10 bytes
0009:trace:winsock:WS2_recv_base socket 0138, wsabuf 0x32f6e4, nbufs 1, flags 0, from 0x32f734, fromlen 16, ovl (nil), func (nil)
0009:trace:winsock:WS2_recv_base fd=43, options=20
0009:trace:winsock:WS2_recv_base  -> 16 bytes
0009:trace:winsock:WS2_sendto socket 0138, wsabuf 0x32f964, nbufs 1, flags 0, to 0x2bbad94, tolen 16, ovl (nil), func (nil)
0009:trace:winsock:WS2_sendto fd=43, options=20
0009:trace:winsock:WS2_sendto  -> 22 bytes
0009:trace:winsock:WS2_sendto socket 0138, wsabuf 0x32f964, nbufs 1, flags 0, to 0x2bbad94, tolen 16, ovl (nil), func (nil)
0009:trace:winsock:WS2_sendto fd=43, options=20
0009:trace:winsock:WS2_sendto  -> 22 bytes
0009:trace:winsock:WS2_recv_base socket 0138, wsabuf 0x32f6e4, nbufs 1, flags 0, from 0x32f734, fromlen 16, ovl (nil), func (nil)
0009:trace:winsock:WS2_recv_base fd=43, options=20
0009:trace:winsock:WS2_recv_base  -> 10 bytes
0009:trace:winsock:WS2_sendto socket 0138, wsabuf 0x32f964, nbufs 1, flags 0, to 0x2bbad94, tolen 16, ovl (nil), func (nil)
0009:trace:winsock:WS2_sendto fd=43, options=20
0009:trace:winsock:WS2_sendto  -> 16 bytes
0009:trace:winsock:WS2_sendto socket 0138, wsabuf 0x32f964, nbufs 1, flags 0, to 0x2bbad94, tolen 16, ovl (nil), func (nil)
0009:trace:winsock:WS2_sendto fd=43, options=20
0009:trace:winsock:WS2_sendto  -> 16 bytes
0009:trace:winsock:WS2_recv_base socket 0138, wsabuf 0x32f6e4, nbufs 1, flags 0, from 0x32f734, fromlen 16, ovl (nil), func (nil)
0009:trace:winsock:WS2_recv_base fd=43, options=20
0009:trace:winsock:WS2_recv_base  -> 10 bytes
0009:trace:winsock:WS2_sendto socket 0138, wsabuf 0x32f5e4, nbufs 1, flags 0, to 0x2bbad94, tolen 16, ovl (nil), func (nil)
0009:trace:winsock:WS2_sendto fd=43, options=20
0009:trace:winsock:WS2_sendto  -> 10 bytes
0009:trace:winsock:WS2_sendto socket 0138, wsabuf 0x32f5e4, nbufs 1, flags 0, to 0x2bbad94, tolen 16, ovl (nil), func (nil)
0009:trace:winsock:WS2_sendto fd=43, options=20
0009:trace:winsock:WS2_sendto  -> 10 bytes
0009:trace:winsock:WS2_recv_base socket 0138, wsabuf 0x32f6e4, nbufs 1, flags 0, from 0x32f734, fromlen 16, ovl (nil), func (nil)
0009:trace:winsock:WS2_recv_base fd=43, options=20
0009:trace:winsock:WS2_recv_base  -> 10 bytes
0009:trace:winsock:WS2_recv_base socket 0138, wsabuf 0x32f6e4, nbufs 1, flags 0, from 0x32f734, fromlen 16, ovl (nil), func (nil)
0009:trace:winsock:WS2_recv_base fd=43, options=20
0009:trace:winsock:WS2_recv_base  -> 10 bytes
0009:trace:winsock:WS2_sendto socket 0138, wsabuf 0x32f5e4, nbufs 1, flags 0, to 0x2bbad94, tolen 16, ovl (nil), func (nil)
0009:trace:winsock:WS2_sendto fd=43, options=20
0009:trace:winsock:WS2_sendto  -> 10 bytes
0009:trace:winsock:WS2_sendto socket 0138, wsabuf 0x32f5e4, nbufs 1, flags 0, to 0x2bbad94, tolen 16, ovl (nil), func (nil)
0009:trace:winsock:WS2_sendto fd=43, options=20
0009:trace:winsock:WS2_sendto  -> 10 bytes
0009:trace:winsock:WS2_recv_base socket 0138, wsabuf 0x32f6e4, nbufs 1, flags 0, from 0x32f734, fromlen 16, ovl (nil), func (nil)
0009:trace:winsock:WS2_recv_base fd=43, options=20
0009:trace:winsock:WS2_recv_base  -> 10 bytes
0009:trace:winsock:WS2_recv_base socket 0138, wsabuf 0x32f6e4, nbufs 1, flags 0, from 0x32f734, fromlen 16, ovl (nil), func (nil)
0009:trace:winsock:WS2_recv_base fd=43, options=20
0009:trace:winsock:WS2_recv_base  -> 10 bytes
0009:trace:winsock:WS2_sendto socket 0138, wsabuf 0x32f5e4, nbufs 1, flags 0, to 0x2bbad94, tolen 16, ovl (nil), func (nil)
0009:trace:winsock:WS2_sendto fd=43, options=20
0009:trace:winsock:WS2_sendto  -> 10 bytes
0009:trace:winsock:WS2_sendto socket 0138, wsabuf 0x32f5e4, nbufs 1, flags 0, to 0x2bbad94, tolen 16, ovl (nil), func (nil)
0009:trace:winsock:WS2_sendto fd=43, options=20
0009:trace:winsock:WS2_sendto  -> 10 bytes
0009:trace:winsock:WS2_recv_base socket 0138, wsabuf 0x32f6e4, nbufs 1, flags 0, from 0x32f734, fromlen 16, ovl (nil), func (nil)
0009:trace:winsock:WS2_recv_base fd=43, options=20
0009:trace:winsock:WS2_recv_base  -> 16 bytes
0009:trace:winsock:WS2_recv_base socket 0138, wsabuf 0x32f6e4, nbufs 1, flags 0, from 0x32f734, fromlen 16, ovl (nil), func (nil)
0009:trace:winsock:WS2_recv_base fd=43, options=20
0009:trace:winsock:WS2_recv_base  -> 16 bytes
0009:trace:winsock:WS2_sendto socket 0138, wsabuf 0x32f9c4, nbufs 1, flags 0, to 0x2bbad94, tolen 16, ovl (nil), func (nil)
0009:trace:winsock:WS2_sendto fd=43, options=20
0009:trace:winsock:WS2_sendto  -> 12 bytes
0009:trace:winsock:WS2_recv_base socket 0138, wsabuf 0x32f6e4, nbufs 1, flags 0, from 0x32f734, fromlen 16, ovl (nil), func (nil)
0009:trace:winsock:WS2_recv_base fd=43, options=20
0009:trace:winsock:WS2_recv_base  -> 12 bytes
0009:trace:winsock:WS2_sendto socket 0138, wsabuf 0x32f9c4, nbufs 1, flags 0, to 0x2bbad94, tolen 16, ovl (nil), func (nil)
0009:trace:winsock:WS2_sendto fd=43, options=20
0009:trace:winsock:WS2_sendto  -> 12 bytes
0009:trace:winsock:WS2_recv_base socket 0138, wsabuf 0x32f6e4, nbufs 1, flags 0, from 0x32f734, fromlen 16, ovl (nil), func (nil)
0009:trace:winsock:WS2_recv_base fd=43, options=20
0009:trace:winsock:WS2_recv_base  -> 12 bytes
0009:trace:winsock:WS2_recv_base socket 0138, wsabuf 0x32f6e4, nbufs 1, flags 0, from 0x32f734, fromlen 16, ovl (nil), func (nil)
0009:trace:winsock:WS2_recv_base fd=43, options=20
0009:trace:winsock:WS2_recv_base  -> 10 bytes
0009:trace:winsock:WS2_recv_base socket 0138, wsabuf 0x32f6e4, nbufs 1, flags 0, from 0x32f734, fromlen 16, ovl (nil), func (nil)
0009:trace:winsock:WS2_recv_base fd=43, options=20
0009:trace:winsock:WS2_recv_base  -> 12 bytes
0009:trace:winsock:WS2_sendto socket 0138, wsabuf 0x32ef34, nbufs 1, flags 0, to 0x2bbad94, tolen 16, ovl (nil), func (nil)
0009:trace:winsock:WS2_sendto fd=43, options=20
0009:trace:winsock:WS2_sendto  -> 12 bytes
0009:trace:winsock:WS2_recv_base socket 0138, wsabuf 0x32f6e4, nbufs 1, flags 0, from 0x32f734, fromlen 16, ovl (nil), func (nil)
0009:trace:winsock:WS2_recv_base fd=43, options=20
0009:trace:winsock:WS2_recv_base  -> 12 bytes
0009:trace:winsock:WS2_sendto socket 0138, wsabuf 0x32ef34, nbufs 1, flags 0, to 0x2bbad94, tolen 16, ovl (nil), func (nil)
0009:trace:winsock:WS2_sendto fd=43, options=20
0009:trace:winsock:WS2_sendto  -> 12 bytes
0009:trace:winsock:WS2_recv_base socket 0138, wsabuf 0x32f6e4, nbufs 1, flags 0, from 0x32f734, fromlen 16, ovl (nil), func (nil)
0009:trace:winsock:WS2_recv_base fd=43, options=20
0009:trace:winsock:WS2_recv_base  -> 10 bytes
0009:trace:winsock:WS2_sendto socket 0138, wsabuf 0x32f5e4, nbufs 1, flags 0, to 0x2bbad94, tolen 16, ovl (nil), func (nil)
0009:trace:winsock:WS2_sendto fd=43, options=20
0009:trace:winsock:WS2_sendto  -> 10 bytes
0009:trace:winsock:WS2_sendto socket 0138, wsabuf 0x32f964, nbufs 1, flags 0, to 0x2bbad94, tolen 16, ovl (nil), func (nil)
0009:trace:winsock:WS2_sendto fd=43, options=20
0009:trace:winsock:WS2_sendto  -> 16 bytes
0009:trace:winsock:WS2_sendto socket 0138, wsabuf 0x32f964, nbufs 1, flags 0, to 0x2bbad94, tolen 16, ovl (nil), func (nil)
0009:trace:winsock:WS2_sendto fd=43, options=20
0009:trace:winsock:WS2_sendto  -> 16 bytes
0009:trace:winsock:WS2_sendto socket 0138, wsabuf 0x32f5e4, nbufs 1, flags 0, to 0x2bbad94, tolen 16, ovl (nil), func (nil)
0009:trace:winsock:WS2_sendto fd=43, options=20
0009:trace:winsock:WS2_sendto  -> 10 bytes
0009:trace:winsock:WS2_recv_base socket 0138, wsabuf 0x32f6e4, nbufs 1, flags 0, from 0x32f734, fromlen 16, ovl (nil), func (nil)
0009:trace:winsock:WS2_recv_base fd=43, options=20
0009:trace:winsock:WS2_recv_base  -> 10 bytes
0009:trace:winsock:WS2_recv_base socket 0138, wsabuf 0x32f6e4, nbufs 1, flags 0, from 0x32f734, fromlen 16, ovl (nil), func (nil)
0009:trace:winsock:WS2_recv_base fd=43, options=20
0009:trace:winsock:WS2_recv_base  -> 10 bytes
0009:trace:winsock:WS2_sendto socket 0138, wsabuf 0x32f5e4, nbufs 1, flags 0, to 0x2bbad94, tolen 16, ovl (nil), func (nil)
0009:trace:winsock:WS2_sendto fd=43, options=20
0009:trace:winsock:WS2_sendto  -> 10 bytes
0009:trace:winsock:WS2_sendto socket 0138, wsabuf 0x32f5e4, nbufs 1, flags 0, to 0x2bbad94, tolen 16, ovl (nil), func (nil)
0009:trace:winsock:WS2_sendto fd=43, options=20
0009:trace:winsock:WS2_sendto  -> 10 bytes
0009:trace:winsock:WS2_recv_base socket 0138, wsabuf 0x32f6e4, nbufs 1, flags 0, from 0x32f734, fromlen 16, ovl (nil), func (nil)
0009:trace:winsock:WS2_recv_base fd=43, options=20
0009:trace:winsock:WS2_recv_base  -> 10 bytes
0009:trace:winsock:WS2_recv_base socket 0138, wsabuf 0x32f6e4, nbufs 1, flags 0, from 0x32f734, fromlen 16, ovl (nil), func (nil)
0009:trace:winsock:WS2_recv_base fd=43, options=20
0009:trace:winsock:WS2_recv_base  -> 10 bytes
0009:trace:winsock:WS2_sendto socket 0138, wsabuf 0x32f5e4, nbufs 1, flags 0, to 0x2bbad94, tolen 16, ovl (nil), func (nil)
0009:trace:winsock:WS2_sendto fd=43, options=20
0009:trace:winsock:WS2_sendto  -> 10 bytes
0009:trace:winsock:WS2_sendto socket 0138, wsabuf 0x32f5e4, nbufs 1, flags 0, to 0x2bbad94, tolen 16, ovl (nil), func (nil)
0009:trace:winsock:WS2_sendto fd=43, options=20
0009:trace:winsock:WS2_sendto  -> 10 bytes
0009:trace:winsock:WS2_recv_base socket 0138, wsabuf 0x32f6e4, nbufs 1, flags 0, from 0x32f734, fromlen 16, ovl (nil), func (nil)
0009:trace:winsock:WS2_recv_base fd=43, options=20
0009:trace:winsock:WS2_recv_base  -> 16 bytes
0009:trace:winsock:WS2_recv_base socket 0138, wsabuf 0x32f6e4, nbufs 1, flags 0, from 0x32f734, fromlen 16, ovl (nil), func (nil)
0009:trace:winsock:WS2_recv_base fd=43, options=20
0009:trace:winsock:WS2_recv_base  -> 16 bytes
0009:trace:winsock:WS2_recv_base socket 0138, wsabuf 0x32f6e4, nbufs 1, flags 0, from 0x32f734, fromlen 16, ovl (nil), func (nil)
0009:trace:winsock:WS2_recv_base fd=43, options=20
0009:trace:winsock:WS2_recv_base  -> 10 bytes
0009:trace:winsock:WS2_recv_base socket 0138, wsabuf 0x32f6e4, nbufs 1, flags 0, from 0x32f734, fromlen 16, ovl (nil), func (nil)
0009:trace:winsock:WS2_recv_base fd=43, options=20
0009:trace:winsock:WS2_recv_base  -> 10 bytes
0009:trace:winsock:WS2_sendto socket 0138, wsabuf 0x32f5e4, nbufs 1, flags 0, to 0x2bbad94, tolen 16, ovl (nil), func (nil)
0009:trace:winsock:WS2_sendto fd=43, options=20
0009:trace:winsock:WS2_sendto  -> 10 bytes
0009:trace:winsock:WS2_sendto socket 0138, wsabuf 0x32f5e4, nbufs 1, flags 0, to 0x2bbad94, tolen 16, ovl (nil), func (nil)
0009:trace:winsock:WS2_sendto fd=43, options=20
0009:trace:winsock:WS2_sendto  -> 10 bytes
0009:trace:winsock:WS2_sendto socket 0138, wsabuf 0x32f964, nbufs 1, flags 0, to 0x2bbad94, tolen 16, ovl (nil), func (nil)
0009:trace:winsock:WS2_sendto fd=43, options=20
0009:trace:winsock:WS2_sendto  -> 16 bytes
0009:trace:winsock:WS2_sendto socket 0138, wsabuf 0x32f964, nbufs 1, flags 0, to 0x2bbad94, tolen 16, ovl (nil), func (nil)
0009:trace:winsock:WS2_sendto fd=43, options=20
0009:trace:winsock:WS2_sendto  -> 16 bytes
0009:trace:winsock:WS2_sendto socket 0138, wsabuf 0x32f9c4, nbufs 1, flags 0, to 0x2bbad94, tolen 16, ovl (nil), func (nil)
0009:trace:winsock:WS2_sendto fd=43, options=20
0009:trace:winsock:WS2_sendto  -> 12 bytes
0009:trace:winsock:WS2_recv_base socket 0138, wsabuf 0x32f6e4, nbufs 1, flags 0, from 0x32f734, fromlen 16, ovl (nil), func (nil)
0009:trace:winsock:WS2_recv_base fd=43, options=20
0009:trace:winsock:WS2_recv_base  -> 12 bytes
0009:trace:winsock:WS2_sendto socket 0138, wsabuf 0x32f9c4, nbufs 1, flags 0, to 0x2bbad94, tolen 16, ovl (nil), func (nil)
0009:trace:winsock:WS2_sendto fd=43, options=20
0009:trace:winsock:WS2_sendto  -> 12 bytes
0009:trace:winsock:WS2_recv_base socket 0138, wsabuf 0x32f6e4, nbufs 1, flags 0, from 0x32f734, fromlen 16, ovl (nil), func (nil)
0009:trace:winsock:WS2_recv_base fd=43, options=20
0009:trace:winsock:WS2_recv_base  -> 10 bytes
0009:trace:winsock:WS2_recv_base socket 0138, wsabuf 0x32f6e4, nbufs 1, flags 0, from 0x32f734, fromlen 16, ovl (nil), func (nil)
0009:trace:winsock:WS2_recv_base fd=43, options=20
0009:trace:winsock:WS2_recv_base  -> 12 bytes
0009:trace:winsock:WS2_recv_base socket 0138, wsabuf 0x32f6e4, nbufs 1, flags 0, from 0x32f734, fromlen 16, ovl (nil), func (nil)
0009:trace:winsock:WS2_recv_base fd=43, options=20
0009:trace:winsock:WS2_recv_base  -> 12 bytes
0009:trace:winsock:WS2_sendto socket 0138, wsabuf 0x32ef34, nbufs 1, flags 0, to 0x2bbad94, tolen 16, ovl (nil), func (nil)
0009:trace:winsock:WS2_sendto fd=43, options=20
0009:trace:winsock:WS2_sendto  -> 12 bytes
0009:trace:winsock:WS2_recv_base socket 0138, wsabuf 0x32f6e4, nbufs 1, flags 0, from 0x32f734, fromlen 16, ovl (nil), func (nil)
0009:trace:winsock:WS2_recv_base fd=43, options=20
0009:trace:winsock:WS2_recv_base  -> 12 bytes
0009:trace:winsock:WS2_sendto socket 0138, wsabuf 0x32ef34, nbufs 1, flags 0, to 0x2bbad94, tolen 16, ovl (nil), func (nil)
0009:trace:winsock:WS2_sendto fd=43, options=20
0009:trace:winsock:WS2_sendto  -> 12 bytes
0009:trace:winsock:WS2_recv_base socket 0138, wsabuf 0x32f6e4, nbufs 1, flags 0, from 0x32f734, fromlen 16, ovl (nil), func (nil)
0009:trace:winsock:WS2_recv_base fd=43, options=20
0009:trace:winsock:WS2_recv_base  -> 10 bytes
0009:trace:winsock:WS2_sendto socket 0138, wsabuf 0x32f5e4, nbufs 1, flags 0, to 0x2bbad94, tolen 16, ovl (nil), func (nil)
0009:trace:winsock:WS2_sendto fd=43, options=20
0009:trace:winsock:WS2_sendto  -> 10 bytes
0009:trace:winsock:WS2_sendto socket 0138, wsabuf 0x32f5e4, nbufs 1, flags 0, to 0x2bbad94, tolen 16, ovl (nil), func (nil)
0009:trace:winsock:WS2_sendto fd=43, options=20
0009:trace:winsock:WS2_sendto  -> 10 bytes
0009:trace:winsock:WS2_recv_base socket 0138, wsabuf 0x32f6e4, nbufs 1, flags 0, from 0x32f734, fromlen 16, ovl (nil), func (nil)
0009:trace:winsock:WS2_recv_base fd=43, options=20
0009:trace:winsock:WS2_recv_base  -> 10 bytes
0009:trace:winsock:WS2_recv_base socket 0138, wsabuf 0x32f6e4, nbufs 1, flags 0, from 0x32f734, fromlen 16, ovl (nil), func (nil)
0009:trace:winsock:WS2_recv_base fd=43, options=20
0009:trace:winsock:WS2_recv_base  -> 10 bytes
0009:trace:winsock:WS2_sendto socket 0138, wsabuf 0x32f5e4, nbufs 1, flags 0, to 0x2bbad94, tolen 16, ovl (nil), func (nil)
0009:trace:winsock:WS2_sendto fd=43, options=20
0009:trace:winsock:WS2_sendto  -> 10 bytes
0009:trace:winsock:WS2_sendto socket 0138, wsabuf 0x32f5e4, nbufs 1, flags 0, to 0x2bbad94, tolen 16, ovl (nil), func (nil)
0009:trace:winsock:WS2_sendto fd=43, options=20
0009:trace:winsock:WS2_sendto  -> 10 bytes
0009:trace:winsock:WS2_recv_base socket 0138, wsabuf 0x32f6e4, nbufs 1, flags 0, from 0x32f734, fromlen 16, ovl (nil), func (nil)
0009:trace:winsock:WS2_recv_base fd=43, options=20
0009:trace:winsock:WS2_recv_base  -> 16 bytes
0009:trace:winsock:WS2_recv_base socket 0138, wsabuf 0x32f6e4, nbufs 1, flags 0, from 0x32f734, fromlen 16, ovl (nil), func (nil)
0009:trace:winsock:WS2_recv_base fd=43, options=20
0009:trace:winsock:WS2_recv_base  -> 16 bytes
0009:trace:winsock:WS2_recv_base socket 0138, wsabuf 0x32f6e4, nbufs 1, flags 0, from 0x32f734, fromlen 16, ovl (nil), func (nil)
0009:trace:winsock:WS2_recv_base fd=43, options=20
0009:trace:winsock:WS2_recv_base  -> 10 bytes
0009:trace:winsock:WS2_recv_base socket 0138, wsabuf 0x32f6e4, nbufs 1, flags 0, from 0x32f734, fromlen 16, ovl (nil), func (nil)
0009:trace:winsock:WS2_recv_base fd=43, options=20
0009:trace:winsock:WS2_recv_base  -> 10 bytes
0009:trace:winsock:WS2_sendto socket 0138, wsabuf 0x32f5e4, nbufs 1, flags 0, to 0x2bbad94, tolen 16, ovl (nil), func (nil)
0009:trace:winsock:WS2_sendto fd=43, options=20
0009:trace:winsock:WS2_sendto  -> 10 bytes
0009:trace:winsock:WS2_sendto socket 0138, wsabuf 0x32f5e4, nbufs 1, flags 0, to 0x2bbad94, tolen 16, ovl (nil), func (nil)
0009:trace:winsock:WS2_sendto fd=43, options=20
0009:trace:winsock:WS2_sendto  -> 10 bytes
0009:trace:winsock:WS2_sendto socket 0138, wsabuf 0x32f964, nbufs 1, flags 0, to 0x2bbad94, tolen 16, ovl (nil), func (nil)
0009:trace:winsock:WS2_sendto fd=43, options=20
0009:trace:winsock:WS2_sendto  -> 16 bytes
0009:trace:winsock:WS2_sendto socket 0138, wsabuf 0x32f964, nbufs 1, flags 0, to 0x2bbad94, tolen 16, ovl (nil), func (nil)
0009:trace:winsock:WS2_sendto fd=43, options=20
0009:trace:winsock:WS2_sendto  -> 16 bytes
0009:trace:winsock:WS2_recv_base socket 0138, wsabuf 0x32f6e4, nbufs 1, flags 0, from 0x32f734, fromlen 16, ovl (nil), func (nil)
0009:trace:winsock:WS2_recv_base fd=43, options=20
0009:trace:winsock:WS2_recv_base  -> 10 bytes
0009:trace:winsock:WS2_recv_base socket 0138, wsabuf 0x32f6e4, nbufs 1, flags 0, from 0x32f734, fromlen 16, ovl (nil), func (nil)
0009:trace:winsock:WS2_recv_base fd=43, options=20
0009:trace:winsock:WS2_recv_base  -> 10 bytes
0009:trace:winsock:WS2_sendto socket 0138, wsabuf 0x32f5e4, nbufs 1, flags 0, to 0x2bbad94, tolen 16, ovl (nil), func (nil)
0009:trace:winsock:WS2_sendto fd=43, options=20
0009:trace:winsock:WS2_sendto  -> 10 bytes
0009:trace:winsock:WS2_sendto socket 0138, wsabuf 0x32f5e4, nbufs 1, flags 0, to 0x2bbad94, tolen 16, ovl (nil), func (nil)
0009:trace:winsock:WS2_sendto fd=43, options=20
0009:trace:winsock:WS2_sendto  -> 10 bytes
0009:trace:winsock:WS2_sendto socket 0138, wsabuf 0x32f9c4, nbufs 1, flags 0, to 0x2bbad94, tolen 16, ovl (nil), func (nil)
0009:trace:winsock:WS2_sendto fd=43, options=20
0009:trace:winsock:WS2_sendto  -> 12 bytes
0009:trace:winsock:WS2_recv_base socket 0138, wsabuf 0x32f6e4, nbufs 1, flags 0, from 0x32f734, fromlen 16, ovl (nil), func (nil)
0009:trace:winsock:WS2_recv_base fd=43, options=20
0009:trace:winsock:WS2_recv_base  -> 12 bytes
0009:trace:winsock:WS2_recv_base socket 0138, wsabuf 0x32f6e4, nbufs 1, flags 0, from 0x32f734, fromlen 16, ovl (nil), func (nil)
0009:trace:winsock:WS2_recv_base fd=43, options=20
0009:trace:winsock:WS2_recv_base  -> 10 bytes
0009:trace:winsock:WS2_sendto socket 0138, wsabuf 0x32f9c4, nbufs 1, flags 0, to 0x2bbad94, tolen 16, ovl (nil), func (nil)
0009:trace:winsock:WS2_sendto fd=43, options=20
0009:trace:winsock:WS2_sendto  -> 12 bytes
0009:trace:winsock:WS2_recv_base socket 0138, wsabuf 0x32f6e4, nbufs 1, flags 0, from 0x32f734, fromlen 16, ovl (nil), func (nil)
0009:trace:winsock:WS2_recv_base fd=43, options=20
0009:trace:winsock:WS2_recv_base  -> 12 bytes
0009:trace:winsock:WS2_recv_base socket 0138, wsabuf 0x32f6e4, nbufs 1, flags 0, from 0x32f734, fromlen 16, ovl (nil), func (nil)
0009:trace:winsock:WS2_recv_base fd=43, options=20
0009:trace:winsock:WS2_recv_base  -> 12 bytes
0009:trace:winsock:WS2_sendto socket 0138, wsabuf 0x32ef34, nbufs 1, flags 0, to 0x2bbad94, tolen 16, ovl (nil), func (nil)
0009:trace:winsock:WS2_sendto fd=43, options=20
0009:trace:winsock:WS2_sendto  -> 12 bytes
0009:trace:winsock:WS2_recv_base socket 0138, wsabuf 0x32f6e4, nbufs 1, flags 0, from 0x32f734, fromlen 16, ovl (nil), func (nil)
0009:trace:winsock:WS2_recv_base fd=43, options=20
0009:trace:winsock:WS2_recv_base  -> 10 bytes
0009:trace:winsock:WS2_recv_base socket 0138, wsabuf 0x32f6e4, nbufs 1, flags 0, from 0x32f734, fromlen 16, ovl (nil), func (nil)
0009:trace:winsock:WS2_recv_base fd=43, options=20
0009:trace:winsock:WS2_recv_base  -> 12 bytes
0009:trace:winsock:WS2_sendto socket 0138, wsabuf 0x32ef34, nbufs 1, flags 0, to 0x2bbad94, tolen 16, ovl (nil), func (nil)
0009:trace:winsock:WS2_sendto fd=43, options=20
0009:trace:winsock:WS2_sendto  -> 12 bytes
0009:trace:winsock:WS2_sendto socket 0138, wsabuf 0x32f5e4, nbufs 1, flags 0, to 0x2bbad94, tolen 16, ovl (nil), func (nil)
0009:trace:winsock:WS2_sendto fd=43, options=20
0009:trace:winsock:WS2_sendto  -> 10 bytes
0009:trace:winsock:WS2_sendto socket 0138, wsabuf 0x32f5e4, nbufs 1, flags 0, to 0x2bbad94, tolen 16, ovl (nil), func (nil)
0009:trace:winsock:WS2_sendto fd=43, options=20
0009:trace:winsock:WS2_sendto  -> 10 bytes
0009:trace:winsock:WS2_recv_base socket 0138, wsabuf 0x32f6e4, nbufs 1, flags 0, from 0x32f734, fromlen 16, ovl (nil), func (nil)
0009:trace:winsock:WS2_recv_base fd=43, options=20
0009:trace:winsock:WS2_recv_base  -> 16 bytes
0009:trace:winsock:WS2_recv_base socket 0138, wsabuf 0x32f6e4, nbufs 1, flags 0, from 0x32f734, fromlen 16, ovl (nil), func (nil)
0009:trace:winsock:WS2_recv_base fd=43, options=20
0009:trace:winsock:WS2_recv_base  -> 10 bytes
0009:trace:winsock:WS2_recv_base socket 0138, wsabuf 0x32f6e4, nbufs 1, flags 0, from 0x32f734, fromlen 16, ovl (nil), func (nil)
0009:trace:winsock:WS2_recv_base fd=43, options=20
0009:trace:winsock:WS2_recv_base  -> 16 bytes
0009:trace:winsock:WS2_recv_base socket 0138, wsabuf 0x32f6e4, nbufs 1, flags 0, from 0x32f734, fromlen 16, ovl (nil), func (nil)
0009:trace:winsock:WS2_recv_base fd=43, options=20
0009:trace:winsock:WS2_recv_base  -> 10 bytes
0009:trace:winsock:WS2_sendto socket 0138, wsabuf 0x32f5e4, nbufs 1, flags 0, to 0x2bbad94, tolen 16, ovl (nil), func (nil)
0009:trace:winsock:WS2_sendto fd=43, options=20
0009:trace:winsock:WS2_sendto  -> 10 bytes
0009:trace:winsock:WS2_sendto socket 0138, wsabuf 0x32f5e4, nbufs 1, flags 0, to 0x2bbad94, tolen 16, ovl (nil), func (nil)
0009:trace:winsock:WS2_sendto fd=43, options=20
0009:trace:winsock:WS2_sendto  -> 10 bytes
0009:trace:winsock:WS2_sendto socket 0138, wsabuf 0x32f964, nbufs 1, flags 0, to 0x2bbad94, tolen 16, ovl (nil), func (nil)
0009:trace:winsock:WS2_sendto fd=43, options=20
0009:trace:winsock:WS2_sendto  -> 16 bytes
0009:trace:winsock:WS2_sendto socket 0138, wsabuf 0x32f964, nbufs 1, flags 0, to 0x2bbad94, tolen 16, ovl (nil), func (nil)
0009:trace:winsock:WS2_sendto fd=43, options=20
0009:trace:winsock:WS2_sendto  -> 16 bytes
0009:trace:winsock:WS2_recv_base socket 0138, wsabuf 0x32f6e4, nbufs 1, flags 0, from 0x32f734, fromlen 16, ovl (nil), func (nil)
0009:trace:winsock:WS2_recv_base fd=43, options=20
0009:trace:winsock:WS2_recv_base  -> 10 bytes
0009:trace:winsock:WS2_recv_base socket 0138, wsabuf 0x32f6e4, nbufs 1, flags 0, from 0x32f734, fromlen 16, ovl (nil), func (nil)
0009:trace:winsock:WS2_recv_base fd=43, options=20
0009:trace:winsock:WS2_recv_base  -> 10 bytes
0009:trace:winsock:WS2_sendto socket 0138, wsabuf 0x32f5e4, nbufs 1, flags 0, to 0x2bbad94, tolen 16, ovl (nil), func (nil)
0009:trace:winsock:WS2_sendto fd=43, options=20
0009:trace:winsock:WS2_sendto  -> 10 bytes
0009:trace:winsock:WS2_sendto socket 0138, wsabuf 0x32f5e4, nbufs 1, flags 0, to 0x2bbad94, tolen 16, ovl (nil), func (nil)
0009:trace:winsock:WS2_sendto fd=43, options=20
0009:trace:winsock:WS2_sendto  -> 10 bytes
0009:trace:winsock:WS2_recv_base socket 0138, wsabuf 0x32f6e4, nbufs 1, flags 0, from 0x32f734, fromlen 16, ovl (nil), func (nil)
0009:trace:winsock:WS2_recv_base fd=43, options=20
0009:trace:winsock:WS2_recv_base  -> 10 bytes
0009:trace:winsock:WS2_recv_base socket 0138, wsabuf 0x32f6e4, nbufs 1, flags 0, from 0x32f734, fromlen 16, ovl (nil), func (nil)
0009:trace:winsock:WS2_recv_base fd=43, options=20
0009:trace:winsock:WS2_recv_base  -> 10 bytes
0009:trace:winsock:WS2_sendto socket 0138, wsabuf 0x32f5e4, nbufs 1, flags 0, to 0x2bbad94, tolen 16, ovl (nil), func (nil)
0009:trace:winsock:WS2_sendto fd=43, options=20
0009:trace:winsock:WS2_sendto  -> 10 bytes
0009:trace:winsock:WS2_sendto socket 0138, wsabuf 0x32f5e4, nbufs 1, flags 0, to 0x2bbad94, tolen 16, ovl (nil), func (nil)
0009:trace:winsock:WS2_sendto fd=43, options=20
0009:trace:winsock:WS2_sendto  -> 10 bytes
0009:trace:winsock:WS2_sendto socket 0138, wsabuf 0x32f9c4, nbufs 1, flags 0, to 0x2bbad94, tolen 16, ovl (nil), func (nil)
0009:trace:winsock:WS2_sendto fd=43, options=20
0009:trace:winsock:WS2_sendto  -> 12 bytes
0009:trace:winsock:WS2_recv_base socket 0138, wsabuf 0x32f6e4, nbufs 1, flags 0, from 0x32f734, fromlen 16, ovl (nil), func (nil)
0009:trace:winsock:WS2_recv_base fd=43, options=20
0009:trace:winsock:WS2_recv_base  -> 12 bytes
0009:trace:winsock:WS2_recv_base socket 0138, wsabuf 0x32f6e4, nbufs 1, flags 0, from 0x32f734, fromlen 16, ovl (nil), func (nil)
0009:trace:winsock:WS2_recv_base fd=43, options=20
0009:trace:winsock:WS2_recv_base  -> 10 bytes
0009:trace:winsock:WS2_sendto socket 0138, wsabuf 0x32f9c4, nbufs 1, flags 0, to 0x2bbad94, tolen 16, ovl (nil), func (nil)
0009:trace:winsock:WS2_sendto fd=43, options=20
0009:trace:winsock:WS2_sendto  -> 12 bytes
0009:trace:winsock:WS2_recv_base socket 0138, wsabuf 0x32f6e4, nbufs 1, flags 0, from 0x32f734, fromlen 16, ovl (nil), func (nil)
0009:trace:winsock:WS2_recv_base fd=43, options=20
0009:trace:winsock:WS2_recv_base  -> 16 bytes
0009:trace:winsock:WS2_recv_base socket 0138, wsabuf 0x32f6e4, nbufs 1, flags 0, from 0x32f734, fromlen 16, ovl (nil), func (nil)
0009:trace:winsock:WS2_recv_base fd=43, options=20
0009:trace:winsock:WS2_recv_base  -> 12 bytes
0009:trace:winsock:WS2_recv_base socket 0138, wsabuf 0x32f6e4, nbufs 1, flags 0, from 0x32f734, fromlen 16, ovl (nil), func (nil)
0009:trace:winsock:WS2_recv_base fd=43, options=20
0009:trace:winsock:WS2_recv_base  -> 12 bytes
0009:trace:winsock:WS2_sendto socket 0138, wsabuf 0x32ef34, nbufs 1, flags 0, to 0x2bbad94, tolen 16, ovl (nil), func (nil)
0009:trace:winsock:WS2_sendto fd=43, options=20
0009:trace:winsock:WS2_sendto  -> 12 bytes
0009:trace:winsock:WS2_recv_base socket 0138, wsabuf 0x32f6e4, nbufs 1, flags 0, from 0x32f734, fromlen 16, ovl (nil), func (nil)
0009:trace:winsock:WS2_recv_base fd=43, options=20
0009:trace:winsock:WS2_recv_base  -> 16 bytes
0009:trace:winsock:WS2_recv_base socket 0138, wsabuf 0x32f6e4, nbufs 1, flags 0, from 0x32f734, fromlen 16, ovl (nil), func (nil)
0009:trace:winsock:WS2_recv_base fd=43, options=20
0009:trace:winsock:WS2_recv_base  -> 10 bytes
0009:trace:winsock:WS2_recv_base socket 0138, wsabuf 0x32f6e4, nbufs 1, flags 0, from 0x32f734, fromlen 16, ovl (nil), func (nil)
0009:trace:winsock:WS2_recv_base fd=43, options=20
0009:trace:winsock:WS2_recv_base  -> 12 bytes
0009:trace:winsock:WS2_sendto socket 0138, wsabuf 0x32ef34, nbufs 1, flags 0, to 0x2bbad94, tolen 16, ovl (nil), func (nil)
0009:trace:winsock:WS2_sendto fd=43, options=20
0009:trace:winsock:WS2_sendto  -> 12 bytes
0009:trace:winsock:WS2_sendto socket 0138, wsabuf 0x32f5e4, nbufs 1, flags 0, to 0x2bbad94, tolen 16, ovl (nil), func (nil)
0009:trace:winsock:WS2_sendto fd=43, options=20
0009:trace:winsock:WS2_sendto  -> 10 bytes
0009:trace:winsock:WS2_sendto socket 0138, wsabuf 0x32f5e4, nbufs 1, flags 0, to 0x2bbad94, tolen 16, ovl (nil), func (nil)
0009:trace:winsock:WS2_sendto fd=43, options=20
0009:trace:winsock:WS2_sendto  -> 10 bytes
0009:trace:winsock:WS2_recv_base socket 0138, wsabuf 0x32f6e4, nbufs 1, flags 0, from 0x32f734, fromlen 16, ovl (nil), func (nil)
0009:trace:winsock:WS2_recv_base fd=43, options=20
0009:trace:winsock:WS2_recv_base  -> 10 bytes
0009:trace:winsock:WS2_sendto socket 0138, wsabuf 0x32f964, nbufs 1, flags 0, to 0x2bbad94, tolen 16, ovl (nil), func (nil)
0009:trace:winsock:WS2_sendto fd=43, options=20
0009:trace:winsock:WS2_sendto  -> 16 bytes
0009:trace:winsock:WS2_sendto socket 0138, wsabuf 0x32f964, nbufs 1, flags 0, to 0x2bbad94, tolen 16, ovl (nil), func (nil)
0009:trace:winsock:WS2_sendto fd=43, options=20
0009:trace:winsock:WS2_sendto  -> 16 bytes
0009:trace:winsock:WS2_recv_base socket 0138, wsabuf 0x32f6e4, nbufs 1, flags 0, from 0x32f734, fromlen 16, ovl (nil), func (nil)
0009:trace:winsock:WS2_recv_base fd=43, options=20
0009:trace:winsock:WS2_recv_base  -> 10 bytes
0009:trace:winsock:WS2_sendto socket 0138, wsabuf 0x32f5e4, nbufs 1, flags 0, to 0x2bbad94, tolen 16, ovl (nil), func (nil)
0009:trace:winsock:WS2_sendto fd=43, options=20
0009:trace:winsock:WS2_sendto  -> 10 bytes
0009:trace:winsock:WS2_sendto socket 0138, wsabuf 0x32f5e4, nbufs 1, flags 0, to 0x2bbad94, tolen 16, ovl (nil), func (nil)
0009:trace:winsock:WS2_sendto fd=43, options=20
0009:trace:winsock:WS2_sendto  -> 10 bytes
0009:trace:winsock:WS2_recv_base socket 0138, wsabuf 0x32f6e4, nbufs 1, flags 0, from 0x32f734, fromlen 16, ovl (nil), func (nil)
0009:trace:winsock:WS2_recv_base fd=43, options=20
0009:trace:winsock:WS2_recv_base  -> 10 bytes
0009:trace:winsock:WS2_recv_base socket 0138, wsabuf 0x32f6e4, nbufs 1, flags 0, from 0x32f734, fromlen 16, ovl (nil), func (nil)
0009:trace:winsock:WS2_recv_base fd=43, options=20
0009:trace:winsock:WS2_recv_base  -> 10 bytes
0009:trace:winsock:WS2_sendto socket 0138, wsabuf 0x32f5e4, nbufs 1, flags 0, to 0x2bbad94, tolen 16, ovl (nil), func (nil)
0009:trace:winsock:WS2_sendto fd=43, options=20
0009:trace:winsock:WS2_sendto  -> 10 bytes
0009:trace:winsock:WS2_sendto socket 0138, wsabuf 0x32f5e4, nbufs 1, flags 0, to 0x2bbad94, tolen 16, ovl (nil), func (nil)
0009:trace:winsock:WS2_sendto fd=43, options=20
0009:trace:winsock:WS2_sendto  -> 10 bytes
0009:trace:winsock:WS2_recv_base socket 0138, wsabuf 0x32f6e4, nbufs 1, flags 0, from 0x32f734, fromlen 16, ovl (nil), func (nil)
0009:trace:winsock:WS2_recv_base fd=43, options=20
0009:trace:winsock:WS2_recv_base  -> 10 bytes
0009:trace:winsock:WS2_recv_base socket 0138, wsabuf 0x32f6e4, nbufs 1, flags 0, from 0x32f734, fromlen 16, ovl (nil), func (nil)
0009:trace:winsock:WS2_recv_base fd=43, options=20
0009:trace:winsock:WS2_recv_base  -> 16 bytes
0009:trace:winsock:WS2_recv_base socket 0138, wsabuf 0x32f6e4, nbufs 1, flags 0, from 0x32f734, fromlen 16, ovl (nil), func (nil)
0009:trace:winsock:WS2_recv_base fd=43, options=20
0009:trace:winsock:WS2_recv_base  -> 10 bytes
0009:trace:winsock:WS2_recv_base socket 0138, wsabuf 0x32f6e4, nbufs 1, flags 0, from 0x32f734, fromlen 16, ovl (nil), func (nil)
0009:trace:winsock:WS2_recv_base fd=43, options=20
0009:trace:winsock:WS2_recv_base  -> 16 bytes
0009:trace:winsock:WS2_sendto socket 0138, wsabuf 0x32f5e4, nbufs 1, flags 0, to 0x2bbad94, tolen 16, ovl (nil), func (nil)
0009:trace:winsock:WS2_sendto fd=43, options=20
0009:trace:winsock:WS2_sendto  -> 10 bytes
0009:trace:winsock:WS2_sendto socket 0138, wsabuf 0x32f5e4, nbufs 1, flags 0, to 0x2bbad94, tolen 16, ovl (nil), func (nil)
0009:trace:winsock:WS2_sendto fd=43, options=20
0009:trace:winsock:WS2_sendto  -> 10 bytes
0009:trace:winsock:WS2_sendto socket 0138, wsabuf 0x32f9c4, nbufs 1, flags 0, to 0x2bbad94, tolen 16, ovl (nil), func (nil)
0009:trace:winsock:WS2_sendto fd=43, options=20
0009:trace:winsock:WS2_sendto  -> 12 bytes
0009:trace:winsock:WS2_recv_base socket 0138, wsabuf 0x32f6e4, nbufs 1, flags 0, from 0x32f734, fromlen 16, ovl (nil), func (nil)
0009:trace:winsock:WS2_recv_base fd=43, options=20
0009:trace:winsock:WS2_recv_base  -> 12 bytes
0009:trace:winsock:WS2_recv_base socket 0138, wsabuf 0x32f6e4, nbufs 1, flags 0, from 0x32f734, fromlen 16, ovl (nil), func (nil)
0009:trace:winsock:WS2_recv_base fd=43, options=20
0009:trace:winsock:WS2_recv_base  -> 10 bytes
0009:trace:winsock:WS2_sendto socket 0138, wsabuf 0x32f9c4, nbufs 1, flags 0, to 0x2bbad94, tolen 16, ovl (nil), func (nil)
0009:trace:winsock:WS2_sendto fd=43, options=20
0009:trace:winsock:WS2_sendto  -> 12 bytes
0009:trace:winsock:WS2_recv_base socket 0138, wsabuf 0x32f6e4, nbufs 1, flags 0, from 0x32f734, fromlen 16, ovl (nil), func (nil)
0009:trace:winsock:WS2_recv_base fd=43, options=20
0009:trace:winsock:WS2_recv_base  -> 12 bytes
0009:trace:winsock:WS2_recv_base socket 0138, wsabuf 0x32f6e4, nbufs 1, flags 0, from 0x32f734, fromlen 16, ovl (nil), func (nil)
0009:trace:winsock:WS2_recv_base fd=43, options=20
0009:trace:winsock:WS2_recv_base  -> 12 bytes
0009:trace:winsock:WS2_sendto socket 0138, wsabuf 0x32ef34, nbufs 1, flags 0, to 0x2bbad94, tolen 16, ovl (nil), func (nil)
0009:trace:winsock:WS2_sendto fd=43, options=20
0009:trace:winsock:WS2_sendto  -> 12 bytes
0009:trace:winsock:WS2_sendto socket 0138, wsabuf 0x32f964, nbufs 1, flags 0, to 0x2bbad94, tolen 16, ovl (nil), func (nil)
0009:trace:winsock:WS2_sendto fd=43, options=20
0009:trace:winsock:WS2_sendto  -> 16 bytes
0009:trace:winsock:WS2_sendto socket 0138, wsabuf 0x32f964, nbufs 1, flags 0, to 0x2bbad94, tolen 16, ovl (nil), func (nil)
0009:trace:winsock:WS2_sendto fd=43, options=20
0009:trace:winsock:WS2_sendto  -> 16 bytes
0009:trace:winsock:WS2_recv_base socket 0138, wsabuf 0x32f6e4, nbufs 1, flags 0, from 0x32f734, fromlen 16, ovl (nil), func (nil)
0009:trace:winsock:WS2_recv_base fd=43, options=20
0009:trace:winsock:WS2_recv_base  -> 10 bytes
0009:trace:winsock:WS2_sendto socket 0138, wsabuf 0x32f5e4, nbufs 1, flags 0, to 0x2bbad94, tolen 16, ovl (nil), func (nil)
0009:trace:winsock:WS2_sendto fd=43, options=20
0009:trace:winsock:WS2_sendto  -> 10 bytes
0009:trace:winsock:WS2_recv_base socket 0138, wsabuf 0x32f6e4, nbufs 1, flags 0, from 0x32f734, fromlen 16, ovl (nil), func (nil)
0009:trace:winsock:WS2_recv_base fd=43, options=20
0009:trace:winsock:WS2_recv_base  -> 12 bytes
0009:trace:winsock:WS2_sendto socket 0138, wsabuf 0x32ef34, nbufs 1, flags 0, to 0x2bbad94, tolen 16, ovl (nil), func (nil)
0009:trace:winsock:WS2_sendto fd=43, options=20
0009:trace:winsock:WS2_sendto  -> 12 bytes
0009:trace:winsock:WS2_sendto socket 0138, wsabuf 0x32f5e4, nbufs 1, flags 0, to 0x2bbad94, tolen 16, ovl (nil), func (nil)
0009:trace:winsock:WS2_sendto fd=43, options=20
0009:trace:winsock:WS2_sendto  -> 10 bytes
0009:trace:winsock:WS2_recv_base socket 0138, wsabuf 0x32f6e4, nbufs 1, flags 0, from 0x32f734, fromlen 16, ovl (nil), func (nil)
0009:trace:winsock:WS2_recv_base fd=43, options=20
0009:trace:winsock:WS2_recv_base  -> 10 bytes
0009:trace:winsock:WS2_recv_base socket 0138, wsabuf 0x32f6e4, nbufs 1, flags 0, from 0x32f734, fromlen 16, ovl (nil), func (nil)
0009:trace:winsock:WS2_recv_base fd=43, options=20
0009:trace:winsock:WS2_recv_base  -> 10 bytes
0009:trace:winsock:WS2_sendto socket 0138, wsabuf 0x32f5e4, nbufs 1, flags 0, to 0x2bbad94, tolen 16, ovl (nil), func (nil)
0009:trace:winsock:WS2_sendto fd=43, options=20
0009:trace:winsock:WS2_sendto  -> 10 bytes
0009:trace:winsock:WS2_sendto socket 0138, wsabuf 0x32f5e4, nbufs 1, flags 0, to 0x2bbad94, tolen 16, ovl (nil), func (nil)
0009:trace:winsock:WS2_sendto fd=43, options=20
0009:trace:winsock:WS2_sendto  -> 10 bytes
0009:trace:winsock:WS2_recv_base socket 0138, wsabuf 0x32f6e4, nbufs 1, flags 0, from 0x32f734, fromlen 16, ovl (nil), func (nil)
0009:trace:winsock:WS2_recv_base fd=43, options=20
0009:trace:winsock:WS2_recv_base  -> 10 bytes
0009:trace:winsock:WS2_recv_base socket 0138, wsabuf 0x32f6e4, nbufs 1, flags 0, from 0x32f734, fromlen 16, ovl (nil), func (nil)
0009:trace:winsock:WS2_recv_base fd=43, options=20
0009:trace:winsock:WS2_recv_base  -> 10 bytes
0009:trace:winsock:WS2_recv_base socket 0138, wsabuf 0x32f6e4, nbufs 1, flags 0, from 0x32f734, fromlen 16, ovl (nil), func (nil)
0009:trace:winsock:WS2_recv_base fd=43, options=20
0009:trace:winsock:WS2_recv_base  -> 16 bytes
0009:trace:winsock:WS2_recv_base socket 0138, wsabuf 0x32f6e4, nbufs 1, flags 0, from 0x32f734, fromlen 16, ovl (nil), func (nil)
0009:trace:winsock:WS2_recv_base fd=43, options=20
0009:trace:winsock:WS2_recv_base  -> 16 bytes
0009:trace:winsock:WS2_sendto socket 0138, wsabuf 0x32f5e4, nbufs 1, flags 0, to 0x2bbad94, tolen 16, ovl (nil), func (nil)
0009:trace:winsock:WS2_sendto fd=43, options=20
0009:trace:winsock:WS2_sendto  -> 10 bytes
0009:trace:winsock:WS2_sendto socket 0138, wsabuf 0x32f5e4, nbufs 1, flags 0, to 0x2bbad94, tolen 16, ovl (nil), func (nil)
0009:trace:winsock:WS2_sendto fd=43, options=20
0009:trace:winsock:WS2_sendto  -> 10 bytes
0009:trace:winsock:WS2_recv_base socket 0138, wsabuf 0x32f6e4, nbufs 1, flags 0, from 0x32f734, fromlen 16, ovl (nil), func (nil)
0009:trace:winsock:WS2_recv_base fd=43, options=20
0009:trace:winsock:WS2_recv_base  -> 10 bytes
0009:trace:winsock:WS2_recv_base socket 0138, wsabuf 0x32f6e4, nbufs 1, flags 0, from 0x32f734, fromlen 16, ovl (nil), func (nil)
0009:trace:winsock:WS2_recv_base fd=43, options=20
0009:trace:winsock:WS2_recv_base  -> 10 bytes
0009:trace:winsock:WS2_sendto socket 0138, wsabuf 0x32f964, nbufs 1, flags 0, to 0x2bbad94, tolen 16, ovl (nil), func (nil)
0009:trace:winsock:WS2_sendto fd=43, options=20
0009:trace:winsock:WS2_sendto  -> 16 bytes
0009:trace:winsock:WS2_sendto socket 0138, wsabuf 0x32f964, nbufs 1, flags 0, to 0x2bbad94, tolen 16, ovl (nil), func (nil)
0009:trace:winsock:WS2_sendto fd=43, options=20
0009:trace:winsock:WS2_sendto  -> 16 bytes
0009:trace:winsock:WS2_sendto socket 0138, wsabuf 0x32f5e4, nbufs 1, flags 0, to 0x2bbad94, tolen 16, ovl (nil), func (nil)
0009:trace:winsock:WS2_sendto fd=43, options=20
0009:trace:winsock:WS2_sendto  -> 10 bytes
0009:trace:winsock:WS2_sendto socket 0138, wsabuf 0x32f5e4, nbufs 1, flags 0, to 0x2bbad94, tolen 16, ovl (nil), func (nil)
0009:trace:winsock:WS2_sendto fd=43, options=20
0009:trace:winsock:WS2_sendto  -> 10 bytes
0009:trace:winsock:WS2_sendto socket 0138, wsabuf 0x32f9c4, nbufs 1, flags 0, to 0x2bbad94, tolen 16, ovl (nil), func (nil)
0009:trace:winsock:WS2_sendto fd=43, options=20
0009:trace:winsock:WS2_sendto  -> 12 bytes
0009:trace:winsock:WS2_recv_base socket 0138, wsabuf 0x32f6e4, nbufs 1, flags 0, from 0x32f734, fromlen 16, ovl (nil), func (nil)
0009:trace:winsock:WS2_recv_base fd=43, options=20
0009:trace:winsock:WS2_recv_base  -> 10 bytes
0009:trace:winsock:WS2_recv_base socket 0138, wsabuf 0x32f6e4, nbufs 1, flags 0, from 0x32f734, fromlen 16, ovl (nil), func (nil)
0009:trace:winsock:WS2_recv_base fd=43, options=20
0009:trace:winsock:WS2_recv_base  -> 12 bytes
0009:trace:winsock:WS2_sendto socket 0138, wsabuf 0x32f9c4, nbufs 1, flags 0, to 0x2bbad94, tolen 16, ovl (nil), func (nil)
0009:trace:winsock:WS2_sendto fd=43, options=20
0009:trace:winsock:WS2_sendto  -> 12 bytes
0009:trace:winsock:WS2_recv_base socket 0138, wsabuf 0x32f6e4, nbufs 1, flags 0, from 0x32f734, fromlen 16, ovl (nil), func (nil)
0009:trace:winsock:WS2_recv_base fd=43, options=20
0009:trace:winsock:WS2_recv_base  -> 12 bytes
0009:trace:winsock:WS2_recv_base socket 0138, wsabuf 0x32f6e4, nbufs 1, flags 0, from 0x32f734, fromlen 16, ovl (nil), func (nil)
0009:trace:winsock:WS2_recv_base fd=43, options=20
0009:trace:winsock:WS2_recv_base  -> 12 bytes
0009:trace:winsock:WS2_sendto socket 0138, wsabuf 0x32ef34, nbufs 1, flags 0, to 0x2bbad94, tolen 16, ovl (nil), func (nil)
0009:trace:winsock:WS2_sendto fd=43, options=20
0009:trace:winsock:WS2_sendto  -> 12 bytes
0009:trace:winsock:WS2_recv_base socket 0138, wsabuf 0x32f6e4, nbufs 1, flags 0, from 0x32f734, fromlen 16, ovl (nil), func (nil)
0009:trace:winsock:WS2_recv_base fd=43, options=20
0009:trace:winsock:WS2_recv_base  -> 10 bytes
0009:trace:winsock:WS2_sendto socket 0138, wsabuf 0x32f5e4, nbufs 1, flags 0, to 0x2bbad94, tolen 16, ovl (nil), func (nil)
0009:trace:winsock:WS2_sendto fd=43, options=20
0009:trace:winsock:WS2_sendto  -> 10 bytes
0009:trace:winsock:WS2_sendto socket 0138, wsabuf 0x32f5e4, nbufs 1, flags 0, to 0x2bbad94, tolen 16, ovl (nil), func (nil)
0009:trace:winsock:WS2_sendto fd=43, options=20
0009:trace:winsock:WS2_sendto  -> 10 bytes
0009:trace:winsock:WS2_recv_base socket 0138, wsabuf 0x32f6e4, nbufs 1, flags 0, from 0x32f734, fromlen 16, ovl (nil), func (nil)
0009:trace:winsock:WS2_recv_base fd=43, options=20
0009:trace:winsock:WS2_recv_base  -> 12 bytes
0009:trace:winsock:WS2_sendto socket 0138, wsabuf 0x32ef34, nbufs 1, flags 0, to 0x2bbad94, tolen 16, ovl (nil), func (nil)
0009:trace:winsock:WS2_sendto fd=43, options=20
0009:trace:winsock:WS2_sendto  -> 12 bytes
0009:trace:winsock:WS2_recv_base socket 0138, wsabuf 0x32f6e4, nbufs 1, flags 0, from 0x32f734, fromlen 16, ovl (nil), func (nil)
0009:trace:winsock:WS2_recv_base fd=43, options=20
0009:trace:winsock:WS2_recv_base  -> 10 bytes
0009:trace:winsock:WS2_recv_base socket 0138, wsabuf 0x32f6e4, nbufs 1, flags 0, from 0x32f734, fromlen 16, ovl (nil), func (nil)
0009:trace:winsock:WS2_recv_base fd=43, options=20
0009:trace:winsock:WS2_recv_base  -> 10 bytes
0009:trace:winsock:WS2_sendto socket 0138, wsabuf 0x32f5e4, nbufs 1, flags 0, to 0x2bbad94, tolen 16, ovl (nil), func (nil)
0009:trace:winsock:WS2_sendto fd=43, options=20
0009:trace:winsock:WS2_sendto  -> 10 bytes
0009:trace:winsock:WS2_sendto socket 0138, wsabuf 0x32f5e4, nbufs 1, flags 0, to 0x2bbad94, tolen 16, ovl (nil), func (nil)
0009:trace:winsock:WS2_sendto fd=43, options=20
0009:trace:winsock:WS2_sendto  -> 10 bytes
0009:trace:winsock:WS2_recv_base socket 0138, wsabuf 0x32f6e4, nbufs 1, flags 0, from 0x32f734, fromlen 16, ovl (nil), func (nil)
0009:trace:winsock:WS2_recv_base fd=43, options=20
0009:trace:winsock:WS2_recv_base  -> 16 bytes
0009:trace:winsock:WS2_recv_base socket 0138, wsabuf 0x32f6e4, nbufs 1, flags 0, from 0x32f734, fromlen 16, ovl (nil), func (nil)
0009:trace:winsock:WS2_recv_base fd=43, options=20
0009:trace:winsock:WS2_recv_base  -> 16 bytes
0009:trace:winsock:WS2_recv_base socket 0138, wsabuf 0x32f6e4, nbufs 1, flags 0, from 0x32f734, fromlen 16, ovl (nil), func (nil)
0009:trace:winsock:WS2_recv_base fd=43, options=20
0009:trace:winsock:WS2_recv_base  -> 10 bytes
0009:trace:winsock:WS2_recv_base socket 0138, wsabuf 0x32f6e4, nbufs 1, flags 0, from 0x32f734, fromlen 16, ovl (nil), func (nil)
0009:trace:winsock:WS2_recv_base fd=43, options=20
0009:trace:winsock:WS2_recv_base  -> 10 bytes
0009:trace:winsock:WS2_sendto socket 0138, wsabuf 0x32f964, nbufs 1, flags 0, to 0x2bbad94, tolen 16, ovl (nil), func (nil)
0009:trace:winsock:WS2_sendto fd=43, options=20
0009:trace:winsock:WS2_sendto  -> 16 bytes
0009:trace:winsock:WS2_sendto socket 0138, wsabuf 0x32f964, nbufs 1, flags 0, to 0x2bbad94, tolen 16, ovl (nil), func (nil)
0009:trace:winsock:WS2_sendto fd=43, options=20
0009:trace:winsock:WS2_sendto  -> 16 bytes
0009:trace:winsock:WS2_sendto socket 0138, wsabuf 0x32f5e4, nbufs 1, flags 0, to 0x2bbad94, tolen 16, ovl (nil), func (nil)
0009:trace:winsock:WS2_sendto fd=43, options=20
0009:trace:winsock:WS2_sendto  -> 10 bytes
0009:trace:winsock:WS2_sendto socket 0138, wsabuf 0x32f5e4, nbufs 1, flags 0, to 0x2bbad94, tolen 16, ovl (nil), func (nil)
0009:trace:winsock:WS2_sendto fd=43, options=20
0009:trace:winsock:WS2_sendto  -> 10 bytes
0009:trace:winsock:WS2_recv_base socket 0138, wsabuf 0x32f6e4, nbufs 1, flags 0, from 0x32f734, fromlen 16, ovl (nil), func (nil)
0009:trace:winsock:WS2_recv_base fd=43, options=20
0009:trace:winsock:WS2_recv_base  -> 10 bytes
0009:trace:winsock:WS2_recv_base socket 0138, wsabuf 0x32f6e4, nbufs 1, flags 0, from 0x32f734, fromlen 16, ovl (nil), func (nil)
0009:trace:winsock:WS2_recv_base fd=43, options=20
0009:trace:winsock:WS2_recv_base  -> 10 bytes
0009:trace:winsock:WS2_sendto socket 0138, wsabuf 0x32f5e4, nbufs 1, flags 0, to 0x2bbad94, tolen 16, ovl (nil), func (nil)
0009:trace:winsock:WS2_sendto fd=43, options=20
0009:trace:winsock:WS2_sendto  -> 10 bytes
0009:trace:winsock:WS2_sendto socket 0138, wsabuf 0x32f5e4, nbufs 1, flags 0, to 0x2bbad94, tolen 16, ovl (nil), func (nil)
0009:trace:winsock:WS2_sendto fd=43, options=20
0009:trace:winsock:WS2_sendto  -> 10 bytes
0009:trace:winsock:WS2_sendto socket 0138, wsabuf 0x32f9c4, nbufs 1, flags 0, to 0x2bbad94, tolen 16, ovl (nil), func (nil)
0009:trace:winsock:WS2_sendto fd=43, options=20
0009:trace:winsock:WS2_sendto  -> 12 bytes
0009:trace:winsock:WS2_recv_base socket 0138, wsabuf 0x32f6e4, nbufs 1, flags 0, from 0x32f734, fromlen 16, ovl (nil), func (nil)
0009:trace:winsock:WS2_recv_base fd=43, options=20
0009:trace:winsock:WS2_recv_base  -> 10 bytes
0009:trace:winsock:WS2_recv_base socket 0138, wsabuf 0x32f6e4, nbufs 1, flags 0, from 0x32f734, fromlen 16, ovl (nil), func (nil)
0009:trace:winsock:WS2_recv_base fd=43, options=20
0009:trace:winsock:WS2_recv_base  -> 12 bytes
0009:trace:winsock:WS2_sendto socket 0138, wsabuf 0x32f9c4, nbufs 1, flags 0, to 0x2bbad94, tolen 16, ovl (nil), func (nil)
0009:trace:winsock:WS2_sendto fd=43, options=20
0009:trace:winsock:WS2_sendto  -> 12 bytes
0009:trace:winsock:WS2_recv_base socket 0138, wsabuf 0x32f6e4, nbufs 1, flags 0, from 0x32f734, fromlen 16, ovl (nil), func (nil)
0009:trace:winsock:WS2_recv_base fd=43, options=20
0009:trace:winsock:WS2_recv_base  -> 12 bytes
0009:trace:winsock:WS2_recv_base socket 0138, wsabuf 0x32f6e4, nbufs 1, flags 0, from 0x32f734, fromlen 16, ovl (nil), func (nil)
0009:trace:winsock:WS2_recv_base fd=43, options=20
0009:trace:winsock:WS2_recv_base  -> 12 bytes
0009:trace:winsock:WS2_sendto socket 0138, wsabuf 0x32ef34, nbufs 1, flags 0, to 0x2bbad94, tolen 16, ovl (nil), func (nil)
0009:trace:winsock:WS2_sendto fd=43, options=20
0009:trace:winsock:WS2_sendto  -> 12 bytes
0009:trace:winsock:WS2_recv_base socket 0138, wsabuf 0x32f6e4, nbufs 1, flags 0, from 0x32f734, fromlen 16, ovl (nil), func (nil)
0009:trace:winsock:WS2_recv_base fd=43, options=20
0009:trace:winsock:WS2_recv_base  -> 10 bytes
0009:trace:winsock:WS2_sendto socket 0138, wsabuf 0x32f5e4, nbufs 1, flags 0, to 0x2bbad94, tolen 16, ovl (nil), func (nil)
0009:trace:winsock:WS2_sendto fd=43, options=20
0009:trace:winsock:WS2_sendto  -> 10 bytes
0009:trace:winsock:WS2_sendto socket 0138, wsabuf 0x32f5e4, nbufs 1, flags 0, to 0x2bbad94, tolen 16, ovl (nil), func (nil)
0009:trace:winsock:WS2_sendto fd=43, options=20
0009:trace:winsock:WS2_sendto  -> 10 bytes
0009:trace:winsock:WS2_recv_base socket 0138, wsabuf 0x32f6e4, nbufs 1, flags 0, from 0x32f734, fromlen 16, ovl (nil), func (nil)
0009:trace:winsock:WS2_recv_base fd=43, options=20
0009:trace:winsock:WS2_recv_base  -> 12 bytes
0009:trace:winsock:WS2_sendto socket 0138, wsabuf 0x32ef34, nbufs 1, flags 0, to 0x2bbad94, tolen 16, ovl (nil), func (nil)
0009:trace:winsock:WS2_sendto fd=43, options=20
0009:trace:winsock:WS2_sendto  -> 12 bytes
0009:trace:winsock:WS2_recv_base socket 0138, wsabuf 0x32f6e4, nbufs 1, flags 0, from 0x32f734, fromlen 16, ovl (nil), func (nil)
0009:trace:winsock:WS2_recv_base fd=43, options=20
0009:trace:winsock:WS2_recv_base  -> 16 bytes
0009:trace:winsock:WS2_recv_base socket 0138, wsabuf 0x32f6e4, nbufs 1, flags 0, from 0x32f734, fromlen 16, ovl (nil), func (nil)
0009:trace:winsock:WS2_recv_base fd=43, options=20
0009:trace:winsock:WS2_recv_base  -> 16 bytes
0009:trace:winsock:WS2_recv_base socket 0138, wsabuf 0x32f6e4, nbufs 1, flags 0, from 0x32f734, fromlen 16, ovl (nil), func (nil)
0009:trace:winsock:WS2_recv_base fd=43, options=20
0009:trace:winsock:WS2_recv_base  -> 10 bytes
0009:trace:winsock:WS2_recv_base socket 0138, wsabuf 0x32f6e4, nbufs 1, flags 0, from 0x32f734, fromlen 16, ovl (nil), func (nil)
0009:trace:winsock:WS2_recv_base fd=43, options=20
0009:trace:winsock:WS2_recv_base  -> 10 bytes
0009:trace:winsock:WS2_sendto socket 0138, wsabuf 0x32f5e4, nbufs 1, flags 0, to 0x2bbad94, tolen 16, ovl (nil), func (nil)
0009:trace:winsock:WS2_sendto fd=43, options=20
0009:trace:winsock:WS2_sendto  -> 10 bytes
0009:trace:winsock:WS2_sendto socket 0138, wsabuf 0x32f5e4, nbufs 1, flags 0, to 0x2bbad94, tolen 16, ovl (nil), func (nil)
0009:trace:winsock:WS2_sendto fd=43, options=20
0009:trace:winsock:WS2_sendto  -> 10 bytes
0009:trace:winsock:WS2_sendto socket 0138, wsabuf 0x32f964, nbufs 1, flags 0, to 0x2bbad94, tolen 16, ovl (nil), func (nil)
0009:trace:winsock:WS2_sendto fd=43, options=20
0009:trace:winsock:WS2_sendto  -> 16 bytes
0009:trace:winsock:WS2_sendto socket 0138, wsabuf 0x32f964, nbufs 1, flags 0, to 0x2bbad94, tolen 16, ovl (nil), func (nil)
0009:trace:winsock:WS2_sendto fd=43, options=20
0009:trace:winsock:WS2_sendto  -> 16 bytes
0009:trace:winsock:WS2_recv_base socket 0138, wsabuf 0x32f6e4, nbufs 1, flags 0, from 0x32f734, fromlen 16, ovl (nil), func (nil)
0009:trace:winsock:WS2_recv_base fd=43, options=20
0009:trace:winsock:WS2_recv_base  -> 10 bytes
0009:trace:winsock:WS2_recv_base socket 0138, wsabuf 0x32f6e4, nbufs 1, flags 0, from 0x32f734, fromlen 16, ovl (nil), func (nil)
0009:trace:winsock:WS2_recv_base fd=43, options=20
0009:trace:winsock:WS2_recv_base  -> 10 bytes
0009:trace:winsock:WS2_sendto socket 0138, wsabuf 0x32f5e4, nbufs 1, flags 0, to 0x2bbad94, tolen 16, ovl (nil), func (nil)
0009:trace:winsock:WS2_sendto fd=43, options=20
0009:trace:winsock:WS2_sendto  -> 10 bytes
0009:trace:winsock:WS2_sendto socket 0138, wsabuf 0x32f5e4, nbufs 1, flags 0, to 0x2bbad94, tolen 16, ovl (nil), func (nil)
0009:trace:winsock:WS2_sendto fd=43, options=20
0009:trace:winsock:WS2_sendto  -> 10 bytes
0009:trace:winsock:WS2_recv_base socket 0138, wsabuf 0x32f6e4, nbufs 1, flags 0, from 0x32f734, fromlen 16, ovl (nil), func (nil)
0009:trace:winsock:WS2_recv_base fd=43, options=20
0009:trace:winsock:WS2_recv_base  -> 10 bytes
0009:trace:winsock:WS2_recv_base socket 0138, wsabuf 0x32f6e4, nbufs 1, flags 0, from 0x32f734, fromlen 16, ovl (nil), func (nil)
0009:trace:winsock:WS2_recv_base fd=43, options=20
0009:trace:winsock:WS2_recv_base  -> 10 bytes
0009:trace:winsock:WS2_sendto socket 0138, wsabuf 0x32f5e4, nbufs 1, flags 0, to 0x2bbad94, tolen 16, ovl (nil), func (nil)
0009:trace:winsock:WS2_sendto fd=43, options=20
0009:trace:winsock:WS2_sendto  -> 10 bytes
0009:trace:winsock:WS2_sendto socket 0138, wsabuf 0x32f5e4, nbufs 1, flags 0, to 0x2bbad94, tolen 16, ovl (nil), func (nil)
0009:trace:winsock:WS2_sendto fd=43, options=20
0009:trace:winsock:WS2_sendto  -> 10 bytes
0009:trace:winsock:WS2_recv_base socket 0138, wsabuf 0x32f6e4, nbufs 1, flags 0, from 0x32f734, fromlen 16, ovl (nil), func (nil)
0009:trace:winsock:WS2_recv_base fd=43, options=20
0009:trace:winsock:WS2_recv_base  -> 16 bytes
0009:trace:winsock:WS2_recv_base socket 0138, wsabuf 0x32f6e4, nbufs 1, flags 0, from 0x32f734, fromlen 16, ovl (nil), func (nil)
0009:trace:winsock:WS2_recv_base fd=43, options=20
0009:trace:winsock:WS2_recv_base  -> 16 bytes
0009:trace:winsock:WS2_recv_base socket 0138, wsabuf 0x32f6e4, nbufs 1, flags 0, from 0x32f734, fromlen 16, ovl (nil), func (nil)
0009:trace:winsock:WS2_recv_base fd=43, options=20
0009:trace:winsock:WS2_recv_base  -> 10 bytes
0009:trace:winsock:WS2_sendto socket 0138, wsabuf 0x32f9c4, nbufs 1, flags 0, to 0x2bbad94, tolen 16, ovl (nil), func (nil)
0009:trace:winsock:WS2_sendto fd=43, options=20
0009:trace:winsock:WS2_sendto  -> 12 bytes
0009:trace:winsock:WS2_recv_base socket 0138, wsabuf 0x32f6e4, nbufs 1, flags 0, from 0x32f734, fromlen 16, ovl (nil), func (nil)
0009:trace:winsock:WS2_recv_base fd=43, options=20
0009:trace:winsock:WS2_recv_base  -> 12 bytes
0009:trace:winsock:WS2_sendto socket 0138, wsabuf 0x32f9c4, nbufs 1, flags 0, to 0x2bbad94, tolen 16, ovl (nil), func (nil)
0009:trace:winsock:WS2_sendto fd=43, options=20
0009:trace:winsock:WS2_sendto  -> 12 bytes
0009:trace:winsock:WS2_recv_base socket 0138, wsabuf 0x32f6e4, nbufs 1, flags 0, from 0x32f734, fromlen 16, ovl (nil), func (nil)
0009:trace:winsock:WS2_recv_base fd=43, options=20
0009:trace:winsock:WS2_recv_base  -> 12 bytes
0009:trace:winsock:WS2_recv_base socket 0138, wsabuf 0x32f6e4, nbufs 1, flags 0, from 0x32f734, fromlen 16, ovl (nil), func (nil)
0009:trace:winsock:WS2_recv_base fd=43, options=20
0009:trace:winsock:WS2_recv_base  -> 12 bytes
0009:trace:winsock:WS2_sendto socket 0138, wsabuf 0x32ef34, nbufs 1, flags 0, to 0x2bbad94, tolen 16, ovl (nil), func (nil)
0009:trace:winsock:WS2_sendto fd=43, options=20
0009:trace:winsock:WS2_sendto  -> 12 bytes
0009:trace:winsock:WS2_recv_base socket 0138, wsabuf 0x32f6e4, nbufs 1, flags 0, from 0x32f734, fromlen 16, ovl (nil), func (nil)
0009:trace:winsock:WS2_recv_base fd=43, options=20
0009:trace:winsock:WS2_recv_base  -> 10 bytes
0009:trace:winsock:WS2_sendto socket 0138, wsabuf 0x32f5e4, nbufs 1, flags 0, to 0x2bbad94, tolen 16, ovl (nil), func (nil)
0009:trace:winsock:WS2_sendto fd=43, options=20
0009:trace:winsock:WS2_sendto  -> 10 bytes
0009:trace:winsock:WS2_sendto socket 0138, wsabuf 0x32f5e4, nbufs 1, flags 0, to 0x2bbad94, tolen 16, ovl (nil), func (nil)
0009:trace:winsock:WS2_sendto fd=43, options=20
0009:trace:winsock:WS2_sendto  -> 10 bytes
0009:trace:winsock:WS2_sendto socket 0138, wsabuf 0x32f964, nbufs 1, flags 0, to 0x2bbad94, tolen 16, ovl (nil), func (nil)
0009:trace:winsock:WS2_sendto fd=43, options=20
0009:trace:winsock:WS2_sendto  -> 16 bytes
0009:trace:winsock:WS2_sendto socket 0138, wsabuf 0x32f964, nbufs 1, flags 0, to 0x2bbad94, tolen 16, ovl (nil), func (nil)
0009:trace:winsock:WS2_sendto fd=43, options=20
0009:trace:winsock:WS2_sendto  -> 16 bytes
0009:trace:winsock:WS2_recv_base socket 0138, wsabuf 0x32f6e4, nbufs 1, flags 0, from 0x32f734, fromlen 16, ovl (nil), func (nil)
0009:trace:winsock:WS2_recv_base fd=43, options=20
0009:trace:winsock:WS2_recv_base  -> 12 bytes
0009:trace:winsock:WS2_sendto socket 0138, wsabuf 0x32ef34, nbufs 1, flags 0, to 0x2bbad94, tolen 16, ovl (nil), func (nil)
0009:trace:winsock:WS2_sendto fd=43, options=20
0009:trace:winsock:WS2_sendto  -> 12 bytes
0009:trace:winsock:WS2_recv_base socket 0138, wsabuf 0x32f6e4, nbufs 1, flags 0, from 0x32f734, fromlen 16, ovl (nil), func (nil)
0009:trace:winsock:WS2_recv_base fd=43, options=20
0009:trace:winsock:WS2_recv_base  -> 10 bytes
0009:trace:winsock:WS2_recv_base socket 0138, wsabuf 0x32f6e4, nbufs 1, flags 0, from 0x32f734, fromlen 16, ovl (nil), func (nil)
0009:trace:winsock:WS2_recv_base fd=43, options=20
0009:trace:winsock:WS2_recv_base  -> 10 bytes
0009:trace:winsock:WS2_sendto socket 0138, wsabuf 0x32f5e4, nbufs 1, flags 0, to 0x2bbad94, tolen 16, ovl (nil), func (nil)
0009:trace:winsock:WS2_sendto fd=43, options=20
0009:trace:winsock:WS2_sendto  -> 10 bytes
0009:trace:winsock:WS2_sendto socket 0138, wsabuf 0x32f5e4, nbufs 1, flags 0, to 0x2bbad94, tolen 16, ovl (nil), func (nil)
0009:trace:winsock:WS2_sendto fd=43, options=20
0009:trace:winsock:WS2_sendto  -> 10 bytes
0009:trace:winsock:WS2_recv_base socket 0138, wsabuf 0x32f6e4, nbufs 1, flags 0, from 0x32f734, fromlen 16, ovl (nil), func (nil)
0009:trace:winsock:WS2_recv_base fd=43, options=20
0009:trace:winsock:WS2_recv_base  -> 10 bytes
0009:trace:winsock:WS2_recv_base socket 0138, wsabuf 0x32f6e4, nbufs 1, flags 0, from 0x32f734, fromlen 16, ovl (nil), func (nil)
0009:trace:winsock:WS2_recv_base fd=43, options=20
0009:trace:winsock:WS2_recv_base  -> 10 bytes
0009:trace:winsock:WS2_sendto socket 0138, wsabuf 0x32f5e4, nbufs 1, flags 0, to 0x2bbad94, tolen 16, ovl (nil), func (nil)
0009:trace:winsock:WS2_sendto fd=43, options=20
0009:trace:winsock:WS2_sendto  -> 10 bytes
0009:trace:winsock:WS2_sendto socket 0138, wsabuf 0x32f5e4, nbufs 1, flags 0, to 0x2bbad94, tolen 16, ovl (nil), func (nil)
0009:trace:winsock:WS2_sendto fd=43, options=20
0009:trace:winsock:WS2_sendto  -> 10 bytes
0009:trace:winsock:WS2_recv_base socket 0138, wsabuf 0x32f6e4, nbufs 1, flags 0, from 0x32f734, fromlen 16, ovl (nil), func (nil)
0009:trace:winsock:WS2_recv_base fd=43, options=20
0009:trace:winsock:WS2_recv_base  -> 16 bytes
0009:trace:winsock:WS2_recv_base socket 0138, wsabuf 0x32f6e4, nbufs 1, flags 0, from 0x32f734, fromlen 16, ovl (nil), func (nil)
0009:trace:winsock:WS2_recv_base fd=43, options=20
0009:trace:winsock:WS2_recv_base  -> 10 bytes
0009:trace:winsock:WS2_recv_base socket 0138, wsabuf 0x32f6e4, nbufs 1, flags 0, from 0x32f734, fromlen 16, ovl (nil), func (nil)
0009:trace:winsock:WS2_recv_base fd=43, options=20
0009:trace:winsock:WS2_recv_base  -> 16 bytes
0009:trace:winsock:WS2_recv_base socket 0138, wsabuf 0x32f6e4, nbufs 1, flags 0, from 0x32f734, fromlen 16, ovl (nil), func (nil)
0009:trace:winsock:WS2_recv_base fd=43, options=20
0009:trace:winsock:WS2_recv_base  -> 10 bytes
0009:trace:winsock:WS2_sendto socket 0138, wsabuf 0x32f5e4, nbufs 1, flags 0, to 0x2bbad94, tolen 16, ovl (nil), func (nil)
0009:trace:winsock:WS2_sendto fd=43, options=20
0009:trace:winsock:WS2_sendto  -> 10 bytes
0009:trace:winsock:WS2_sendto socket 0138, wsabuf 0x32f5e4, nbufs 1, flags 0, to 0x2bbad94, tolen 16, ovl (nil), func (nil)
0009:trace:winsock:WS2_sendto fd=43, options=20
0009:trace:winsock:WS2_sendto  -> 10 bytes
0009:trace:winsock:WS2_sendto socket 0138, wsabuf 0x32f964, nbufs 1, flags 0, to 0x2bbad94, tolen 16, ovl (nil), func (nil)
0009:trace:winsock:WS2_sendto fd=43, options=20
0009:trace:winsock:WS2_sendto  -> 16 bytes
0009:trace:winsock:WS2_sendto socket 0138, wsabuf 0x32f964, nbufs 1, flags 0, to 0x2bbad94, tolen 16, ovl (nil), func (nil)
0009:trace:winsock:WS2_sendto fd=43, options=20
0009:trace:winsock:WS2_sendto  -> 16 bytes
0009:trace:winsock:WS2_recv_base socket 0138, wsabuf 0x32f6e4, nbufs 1, flags 0, from 0x32f734, fromlen 16, ovl (nil), func (nil)
0009:trace:winsock:WS2_recv_base fd=43, options=20
0009:trace:winsock:WS2_recv_base  -> 10 bytes
0009:trace:winsock:WS2_sendto socket 0138, wsabuf 0x32f9c4, nbufs 1, flags 0, to 0x2bbad94, tolen 16, ovl (nil), func (nil)
0009:trace:winsock:WS2_sendto fd=43, options=20
0009:trace:winsock:WS2_sendto  -> 12 bytes
0009:trace:winsock:WS2_recv_base socket 0138, wsabuf 0x32f6e4, nbufs 1, flags 0, from 0x32f734, fromlen 16, ovl (nil), func (nil)
0009:trace:winsock:WS2_recv_base fd=43, options=20
0009:trace:winsock:WS2_recv_base  -> 12 bytes
0009:trace:winsock:WS2_sendto socket 0138, wsabuf 0x32f9c4, nbufs 1, flags 0, to 0x2bbad94, tolen 16, ovl (nil), func (nil)
0009:trace:winsock:WS2_sendto fd=43, options=20
0009:trace:winsock:WS2_sendto  -> 12 bytes
0009:trace:winsock:WS2_recv_base socket 0138, wsabuf 0x32f6e4, nbufs 1, flags 0, from 0x32f734, fromlen 16, ovl (nil), func (nil)
0009:trace:winsock:WS2_recv_base fd=43, options=20
0009:trace:winsock:WS2_recv_base  -> 12 bytes
0009:trace:winsock:WS2_recv_base socket 0138, wsabuf 0x32f6e4, nbufs 1, flags 0, from 0x32f734, fromlen 16, ovl (nil), func (nil)
0009:trace:winsock:WS2_recv_base fd=43, options=20
0009:trace:winsock:WS2_recv_base  -> 12 bytes
0009:trace:winsock:WS2_sendto socket 0138, wsabuf 0x32ef34, nbufs 1, flags 0, to 0x2bbad94, tolen 16, ovl (nil), func (nil)
0009:trace:winsock:WS2_sendto fd=43, options=20
0009:trace:winsock:WS2_sendto  -> 12 bytes
0009:trace:winsock:WS2_recv_base socket 0138, wsabuf 0x32f6e4, nbufs 1, flags 0, from 0x32f734, fromlen 16, ovl (nil), func (nil)
0009:trace:winsock:WS2_recv_base fd=43, options=20
0009:trace:winsock:WS2_recv_base  -> 10 bytes
0009:trace:winsock:WS2_sendto socket 0138, wsabuf 0x32f5e4, nbufs 1, flags 0, to 0x2bbad94, tolen 16, ovl (nil), func (nil)
0009:trace:winsock:WS2_sendto fd=43, options=20
0009:trace:winsock:WS2_sendto  -> 10 bytes
0009:trace:winsock:WS2_sendto socket 0138, wsabuf 0x32f5e4, nbufs 1, flags 0, to 0x2bbad94, tolen 16, ovl (nil), func (nil)
0009:trace:winsock:WS2_sendto fd=43, options=20
0009:trace:winsock:WS2_sendto  -> 10 bytes
0009:trace:winsock:WS2_recv_base socket 0138, wsabuf 0x32f6e4, nbufs 1, flags 0, from 0x32f734, fromlen 16, ovl (nil), func (nil)
0009:trace:winsock:WS2_recv_base fd=43, options=20
0009:trace:winsock:WS2_recv_base  -> 12 bytes
0009:trace:winsock:WS2_sendto socket 0138, wsabuf 0x32ef34, nbufs 1, flags 0, to 0x2bbad94, tolen 16, ovl (nil), func (nil)
0009:trace:winsock:WS2_sendto fd=43, options=20
0009:trace:winsock:WS2_sendto  -> 12 bytes
0009:trace:winsock:WS2_recv_base socket 0138, wsabuf 0x32f6e4, nbufs 1, flags 0, from 0x32f734, fromlen 16, ovl (nil), func (nil)
0009:trace:winsock:WS2_recv_base fd=43, options=20
0009:trace:winsock:WS2_recv_base  -> 10 bytes
0009:trace:winsock:WS2_recv_base socket 0138, wsabuf 0x32f6e4, nbufs 1, flags 0, from 0x32f734, fromlen 16, ovl (nil), func (nil)
0009:trace:winsock:WS2_recv_base fd=43, options=20
0009:trace:winsock:WS2_recv_base  -> 10 bytes
0009:trace:winsock:WS2_sendto socket 0138, wsabuf 0x32f5e4, nbufs 1, flags 0, to 0x2bbad94, tolen 16, ovl (nil), func (nil)
0009:trace:winsock:WS2_sendto fd=43, options=20
0009:trace:winsock:WS2_sendto  -> 10 bytes
0009:trace:winsock:WS2_sendto socket 0138, wsabuf 0x32f5e4, nbufs 1, flags 0, to 0x2bbad94, tolen 16, ovl (nil), func (nil)
0009:trace:winsock:WS2_sendto fd=43, options=20
0009:trace:winsock:WS2_sendto  -> 10 bytes
0009:trace:winsock:WS2_recv_base socket 0138, wsabuf 0x32f6e4, nbufs 1, flags 0, from 0x32f734, fromlen 16, ovl (nil), func (nil)
0009:trace:winsock:WS2_recv_base fd=43, options=20
0009:trace:winsock:WS2_recv_base  -> 16 bytes
0009:trace:winsock:WS2_recv_base socket 0138, wsabuf 0x32f6e4, nbufs 1, flags 0, from 0x32f734, fromlen 16, ovl (nil), func (nil)
0009:trace:winsock:WS2_recv_base fd=43, options=20
0009:trace:winsock:WS2_recv_base  -> 10 bytes
0009:trace:winsock:WS2_recv_base socket 0138, wsabuf 0x32f6e4, nbufs 1, flags 0, from 0x32f734, fromlen 16, ovl (nil), func (nil)
0009:trace:winsock:WS2_recv_base fd=43, options=20
0009:trace:winsock:WS2_recv_base  -> 16 bytes
0009:trace:winsock:WS2_recv_base socket 0138, wsabuf 0x32f6e4, nbufs 1, flags 0, from 0x32f734, fromlen 16, ovl (nil), func (nil)
0009:trace:winsock:WS2_recv_base fd=43, options=20
0009:trace:winsock:WS2_recv_base  -> 10 bytes
0009:trace:winsock:WS2_sendto socket 0138, wsabuf 0x32f5e4, nbufs 1, flags 0, to 0x2bbad94, tolen 16, ovl (nil), func (nil)
0009:trace:winsock:WS2_sendto fd=43, options=20
0009:trace:winsock:WS2_sendto  -> 10 bytes
0009:trace:winsock:WS2_sendto socket 0138, wsabuf 0x32f5e4, nbufs 1, flags 0, to 0x2bbad94, tolen 16, ovl (nil), func (nil)
0009:trace:winsock:WS2_sendto fd=43, options=20
0009:trace:winsock:WS2_sendto  -> 10 bytes
0009:trace:winsock:WS2_sendto socket 0138, wsabuf 0x32f964, nbufs 1, flags 0, to 0x2bbad94, tolen 16, ovl (nil), func (nil)
0009:trace:winsock:WS2_sendto fd=43, options=20
0009:trace:winsock:WS2_sendto  -> 16 bytes
0009:trace:winsock:WS2_sendto socket 0138, wsabuf 0x32f964, nbufs 1, flags 0, to 0x2bbad94, tolen 16, ovl (nil), func (nil)
0009:trace:winsock:WS2_sendto fd=43, options=20
0009:trace:winsock:WS2_sendto  -> 16 bytes
0009:trace:winsock:WS2_recv_base socket 0138, wsabuf 0x32f6e4, nbufs 1, flags 0, from 0x32f734, fromlen 16, ovl (nil), func (nil)
0009:trace:winsock:WS2_recv_base fd=43, options=20
0009:trace:winsock:WS2_recv_base  -> 10 bytes
0009:trace:winsock:WS2_recv_base socket 0138, wsabuf 0x32f6e4, nbufs 1, flags 0, from 0x32f734, fromlen 16, ovl (nil), func (nil)
0009:trace:winsock:WS2_recv_base fd=43, options=20
0009:trace:winsock:WS2_recv_base  -> 10 bytes
0009:trace:winsock:WS2_sendto socket 0138, wsabuf 0x32f5e4, nbufs 1, flags 0, to 0x2bbad94, tolen 16, ovl (nil), func (nil)
0009:trace:winsock:WS2_sendto fd=43, options=20
0009:trace:winsock:WS2_sendto  -> 10 bytes
0009:trace:winsock:WS2_sendto socket 0138, wsabuf 0x32f5e4, nbufs 1, flags 0, to 0x2bbad94, tolen 16, ovl (nil), func (nil)
0009:trace:winsock:WS2_sendto fd=43, options=20
0009:trace:winsock:WS2_sendto  -> 10 bytes
0009:trace:winsock:WS2_recv_base socket 0138, wsabuf 0x32f6e4, nbufs 1, flags 0, from 0x32f734, fromlen 16, ovl (nil), func (nil)
0009:trace:winsock:WS2_recv_base fd=43, options=20
0009:trace:winsock:WS2_recv_base  -> 10 bytes
0009:trace:winsock:WS2_sendto socket 0138, wsabuf 0x32f9c4, nbufs 1, flags 0, to 0x2bbad94, tolen 16, ovl (nil), func (nil)
0009:trace:winsock:WS2_sendto fd=43, options=20
0009:trace:winsock:WS2_sendto  -> 12 bytes
0009:trace:winsock:WS2_recv_base socket 0138, wsabuf 0x32f6e4, nbufs 1, flags 0, from 0x32f734, fromlen 16, ovl (nil), func (nil)
0009:trace:winsock:WS2_recv_base fd=43, options=20
0009:trace:winsock:WS2_recv_base  -> 12 bytes
0009:trace:winsock:WS2_sendto socket 0138, wsabuf 0x32f9c4, nbufs 1, flags 0, to 0x2bbad94, tolen 16, ovl (nil), func (nil)
0009:trace:winsock:WS2_sendto fd=43, options=20
0009:trace:winsock:WS2_sendto  -> 12 bytes
0009:trace:winsock:WS2_recv_base socket 0138, wsabuf 0x32f6e4, nbufs 1, flags 0, from 0x32f734, fromlen 16, ovl (nil), func (nil)
0009:trace:winsock:WS2_recv_base fd=43, options=20
0009:trace:winsock:WS2_recv_base  -> 12 bytes
0009:trace:winsock:WS2_recv_base socket 0138, wsabuf 0x32f6e4, nbufs 1, flags 0, from 0x32f734, fromlen 16, ovl (nil), func (nil)
0009:trace:winsock:WS2_recv_base fd=43, options=20
0009:trace:winsock:WS2_recv_base  -> 12 bytes
0009:trace:winsock:WS2_sendto socket 0138, wsabuf 0x32ef34, nbufs 1, flags 0, to 0x2bbad94, tolen 16, ovl (nil), func (nil)
0009:trace:winsock:WS2_sendto fd=43, options=20
0009:trace:winsock:WS2_sendto  -> 12 bytes
0009:trace:winsock:WS2_recv_base socket 0138, wsabuf 0x32f6e4, nbufs 1, flags 0, from 0x32f734, fromlen 16, ovl (nil), func (nil)
0009:trace:winsock:WS2_recv_base fd=43, options=20
0009:trace:winsock:WS2_recv_base  -> 10 bytes
0009:trace:winsock:WS2_sendto socket 0138, wsabuf 0x32f5e4, nbufs 1, flags 0, to 0x2bbad94, tolen 16, ovl (nil), func (nil)
0009:trace:winsock:WS2_sendto fd=43, options=20
0009:trace:winsock:WS2_sendto  -> 10 bytes
0009:trace:winsock:WS2_sendto socket 0138, wsabuf 0x32f5e4, nbufs 1, flags 0, to 0x2bbad94, tolen 16, ovl (nil), func (nil)
0009:trace:winsock:WS2_sendto fd=43, options=20
0009:trace:winsock:WS2_sendto  -> 10 bytes
0009:trace:winsock:WS2_recv_base socket 0138, wsabuf 0x32f6e4, nbufs 1, flags 0, from 0x32f734, fromlen 16, ovl (nil), func (nil)
0009:trace:winsock:WS2_recv_base fd=43, options=20
0009:trace:winsock:WS2_recv_base  -> 12 bytes
0009:trace:winsock:WS2_sendto socket 0138, wsabuf 0x32ef34, nbufs 1, flags 0, to 0x2bbad94, tolen 16, ovl (nil), func (nil)
0009:trace:winsock:WS2_sendto fd=43, options=20
0009:trace:winsock:WS2_sendto  -> 12 bytes
0009:trace:winsock:WS2_recv_base socket 0138, wsabuf 0x32f6e4, nbufs 1, flags 0, from 0x32f734, fromlen 16, ovl (nil), func (nil)
0009:trace:winsock:WS2_recv_base fd=43, options=20
0009:trace:winsock:WS2_recv_base  -> 10 bytes
0009:trace:winsock:WS2_recv_base socket 0138, wsabuf 0x32f6e4, nbufs 1, flags 0, from 0x32f734, fromlen 16, ovl (nil), func (nil)
0009:trace:winsock:WS2_recv_base fd=43, options=20
0009:trace:winsock:WS2_recv_base  -> 16 bytes
0009:trace:winsock:WS2_recv_base socket 0138, wsabuf 0x32f6e4, nbufs 1, flags 0, from 0x32f734, fromlen 16, ovl (nil), func (nil)
0009:trace:winsock:WS2_recv_base fd=43, options=20
0009:trace:winsock:WS2_recv_base  -> 16 bytes
0009:trace:winsock:WS2_recv_base socket 0138, wsabuf 0x32f6e4, nbufs 1, flags 0, from 0x32f734, fromlen 16, ovl (nil), func (nil)
0009:trace:winsock:WS2_recv_base fd=43, options=20
0009:trace:winsock:WS2_recv_base  -> 10 bytes
0009:trace:winsock:WS2_sendto socket 0138, wsabuf 0x32f5e4, nbufs 1, flags 0, to 0x2bbad94, tolen 16, ovl (nil), func (nil)
0009:trace:winsock:WS2_sendto fd=43, options=20
0009:trace:winsock:WS2_sendto  -> 10 bytes
0009:trace:winsock:WS2_sendto socket 0138, wsabuf 0x32f5e4, nbufs 1, flags 0, to 0x2bbad94, tolen 16, ovl (nil), func (nil)
0009:trace:winsock:WS2_sendto fd=43, options=20
0009:trace:winsock:WS2_sendto  -> 10 bytes
0009:trace:winsock:WS2_sendto socket 0138, wsabuf 0x32f964, nbufs 1, flags 0, to 0x2bbad94, tolen 16, ovl (nil), func (nil)
0009:trace:winsock:WS2_sendto fd=43, options=20
0009:trace:winsock:WS2_sendto  -> 16 bytes
0009:trace:winsock:WS2_sendto socket 0138, wsabuf 0x32f964, nbufs 1, flags 0, to 0x2bbad94, tolen 16, ovl (nil), func (nil)
0009:trace:winsock:WS2_sendto fd=43, options=20
0009:trace:winsock:WS2_sendto  -> 16 bytes
0009:trace:winsock:WS2_recv_base socket 0138, wsabuf 0x32f6e4, nbufs 1, flags 0, from 0x32f734, fromlen 16, ovl (nil), func (nil)
0009:trace:winsock:WS2_recv_base fd=43, options=20
0009:trace:winsock:WS2_recv_base  -> 10 bytes
0009:trace:winsock:WS2_recv_base socket 0138, wsabuf 0x32f6e4, nbufs 1, flags 0, from 0x32f734, fromlen 16, ovl (nil), func (nil)
0009:trace:winsock:WS2_recv_base fd=43, options=20
0009:trace:winsock:WS2_recv_base  -> 10 bytes
0009:trace:winsock:WS2_sendto socket 0138, wsabuf 0x32f5e4, nbufs 1, flags 0, to 0x2bbad94, tolen 16, ovl (nil), func (nil)
0009:trace:winsock:WS2_sendto fd=43, options=20
0009:trace:winsock:WS2_sendto  -> 10 bytes
0009:trace:winsock:WS2_sendto socket 0138, wsabuf 0x32f5e4, nbufs 1, flags 0, to 0x2bbad94, tolen 16, ovl (nil), func (nil)
0009:trace:winsock:WS2_sendto fd=43, options=20
0009:trace:winsock:WS2_sendto  -> 10 bytes
0009:trace:winsock:WS2_recv_base socket 0138, wsabuf 0x32f6e4, nbufs 1, flags 0, from 0x32f734, fromlen 16, ovl (nil), func (nil)
0009:trace:winsock:WS2_recv_base fd=43, options=20
0009:trace:winsock:WS2_recv_base  -> 10 bytes
0009:trace:winsock:WS2_recv_base socket 0138, wsabuf 0x32f6e4, nbufs 1, flags 0, from 0x32f734, fromlen 16, ovl (nil), func (nil)
0009:trace:winsock:WS2_recv_base fd=43, options=20
0009:trace:winsock:WS2_recv_base  -> 10 bytes
0009:trace:winsock:WS2_sendto socket 0138, wsabuf 0x32f5e4, nbufs 1, flags 0, to 0x2bbad94, tolen 16, ovl (nil), func (nil)
0009:trace:winsock:WS2_sendto fd=43, options=20
0009:trace:winsock:WS2_sendto  -> 10 bytes
0009:trace:winsock:WS2_sendto socket 0138, wsabuf 0x32f5e4, nbufs 1, flags 0, to 0x2bbad94, tolen 16, ovl (nil), func (nil)
0009:trace:winsock:WS2_sendto fd=43, options=20
0009:trace:winsock:WS2_sendto  -> 10 bytes
0009:trace:winsock:WS2_recv_base socket 0138, wsabuf 0x32f6e4, nbufs 1, flags 0, from 0x32f734, fromlen 16, ovl (nil), func (nil)
0009:trace:winsock:WS2_recv_base fd=43, options=20
0009:trace:winsock:WS2_recv_base  -> 10 bytes
0009:trace:winsock:WS2_sendto socket 0138, wsabuf 0x32f9c4, nbufs 1, flags 0, to 0x2bbad94, tolen 16, ovl (nil), func (nil)
0009:trace:winsock:WS2_sendto fd=43, options=20
0009:trace:winsock:WS2_sendto  -> 12 bytes
0009:trace:winsock:WS2_recv_base socket 0138, wsabuf 0x32f6e4, nbufs 1, flags 0, from 0x32f734, fromlen 16, ovl (nil), func (nil)
0009:trace:winsock:WS2_recv_base fd=43, options=20
0009:trace:winsock:WS2_recv_base  -> 12 bytes
0009:trace:winsock:WS2_recv_base socket 0138, wsabuf 0x32f6e4, nbufs 1, flags 0, from 0x32f734, fromlen 16, ovl (nil), func (nil)
0009:trace:winsock:WS2_recv_base fd=43, options=20
0009:trace:winsock:WS2_recv_base  -> 16 bytes
0009:trace:winsock:WS2_sendto socket 0138, wsabuf 0x32f9c4, nbufs 1, flags 0, to 0x2bbad94, tolen 16, ovl (nil), func (nil)
0009:trace:winsock:WS2_sendto fd=43, options=20
0009:trace:winsock:WS2_sendto  -> 12 bytes
0009:trace:winsock:WS2_recv_base socket 0138, wsabuf 0x32f6e4, nbufs 1, flags 0, from 0x32f734, fromlen 16, ovl (nil), func (nil)
0009:trace:winsock:WS2_recv_base fd=43, options=20
0009:trace:winsock:WS2_recv_base  -> 12 bytes
0009:trace:winsock:WS2_recv_base socket 0138, wsabuf 0x32f6e4, nbufs 1, flags 0, from 0x32f734, fromlen 16, ovl (nil), func (nil)
0009:trace:winsock:WS2_recv_base fd=43, options=20
0009:trace:winsock:WS2_recv_base  -> 12 bytes
0009:trace:winsock:WS2_sendto socket 0138, wsabuf 0x32ef34, nbufs 1, flags 0, to 0x2bbad94, tolen 16, ovl (nil), func (nil)
0009:trace:winsock:WS2_sendto fd=43, options=20
0009:trace:winsock:WS2_sendto  -> 12 bytes
0009:trace:winsock:WS2_recv_base socket 0138, wsabuf 0x32f6e4, nbufs 1, flags 0, from 0x32f734, fromlen 16, ovl (nil), func (nil)
0009:trace:winsock:WS2_recv_base fd=43, options=20
0009:trace:winsock:WS2_recv_base  -> 10 bytes
0009:trace:winsock:WS2_recv_base socket 0138, wsabuf 0x32f6e4, nbufs 1, flags 0, from 0x32f734, fromlen 16, ovl (nil), func (nil)
0009:trace:winsock:WS2_recv_base fd=43, options=20
0009:trace:winsock:WS2_recv_base  -> 16 bytes
0009:trace:winsock:WS2_sendto socket 0138, wsabuf 0x32f5e4, nbufs 1, flags 0, to 0x2bbad94, tolen 16, ovl (nil), func (nil)
0009:trace:winsock:WS2_sendto fd=43, options=20
0009:trace:winsock:WS2_sendto  -> 10 bytes
0009:trace:winsock:WS2_sendto socket 0138, wsabuf 0x32f5e4, nbufs 1, flags 0, to 0x2bbad94, tolen 16, ovl (nil), func (nil)
0009:trace:winsock:WS2_sendto fd=43, options=20
0009:trace:winsock:WS2_sendto  -> 10 bytes
0009:trace:winsock:WS2_recv_base socket 0138, wsabuf 0x32f6e4, nbufs 1, flags 0, from 0x32f734, fromlen 16, ovl (nil), func (nil)
0009:trace:winsock:WS2_recv_base fd=43, options=20
0009:trace:winsock:WS2_recv_base  -> 12 bytes
0009:trace:winsock:WS2_sendto socket 0138, wsabuf 0x32ef34, nbufs 1, flags 0, to 0x2bbad94, tolen 16, ovl (nil), func (nil)
0009:trace:winsock:WS2_sendto fd=43, options=20
0009:trace:winsock:WS2_sendto  -> 12 bytes
0009:trace:winsock:WS2_recv_base socket 0138, wsabuf 0x32f6e4, nbufs 1, flags 0, from 0x32f734, fromlen 16, ovl (nil), func (nil)
0009:trace:winsock:WS2_recv_base fd=43, options=20
0009:trace:winsock:WS2_recv_base  -> 10 bytes
0009:trace:winsock:WS2_sendto socket 0138, wsabuf 0x32f964, nbufs 1, flags 0, to 0x2bbad94, tolen 16, ovl (nil), func (nil)
0009:trace:winsock:WS2_sendto fd=43, options=20
0009:trace:winsock:WS2_sendto  -> 16 bytes
0009:trace:winsock:WS2_sendto socket 0138, wsabuf 0x32f964, nbufs 1, flags 0, to 0x2bbad94, tolen 16, ovl (nil), func (nil)
0009:trace:winsock:WS2_sendto fd=43, options=20
0009:trace:winsock:WS2_sendto  -> 16 bytes
0009:trace:winsock:WS2_recv_base socket 0138, wsabuf 0x32f6e4, nbufs 1, flags 0, from 0x32f734, fromlen 16, ovl (nil), func (nil)
0009:trace:winsock:WS2_recv_base fd=43, options=20
0009:trace:winsock:WS2_recv_base  -> 10 bytes
0009:trace:winsock:WS2_sendto socket 0138, wsabuf 0x32f5e4, nbufs 1, flags 0, to 0x2bbad94, tolen 16, ovl (nil), func (nil)
0009:trace:winsock:WS2_sendto fd=43, options=20
0009:trace:winsock:WS2_sendto  -> 10 bytes
0009:trace:winsock:WS2_sendto socket 0138, wsabuf 0x32f5e4, nbufs 1, flags 0, to 0x2bbad94, tolen 16, ovl (nil), func (nil)
0009:trace:winsock:WS2_sendto fd=43, options=20
0009:trace:winsock:WS2_sendto  -> 10 bytes
0009:trace:winsock:WS2_recv_base socket 0138, wsabuf 0x32f6e4, nbufs 1, flags 0, from 0x32f734, fromlen 16, ovl (nil), func (nil)
0009:trace:winsock:WS2_recv_base fd=43, options=20
0009:trace:winsock:WS2_recv_base  -> 10 bytes
0009:trace:winsock:WS2_recv_base socket 0138, wsabuf 0x32f6e4, nbufs 1, flags 0, from 0x32f734, fromlen 16, ovl (nil), func (nil)
0009:trace:winsock:WS2_recv_base fd=43, options=20
0009:trace:winsock:WS2_recv_base  -> 10 bytes
0009:trace:winsock:WS2_sendto socket 0138, wsabuf 0x32f5e4, nbufs 1, flags 0, to 0x2bbad94, tolen 16, ovl (nil), func (nil)
0009:trace:winsock:WS2_sendto fd=43, options=20
0009:trace:winsock:WS2_sendto  -> 10 bytes
0009:trace:winsock:WS2_sendto socket 0138, wsabuf 0x32f5e4, nbufs 1, flags 0, to 0x2bbad94, tolen 16, ovl (nil), func (nil)
0009:trace:winsock:WS2_sendto fd=43, options=20
0009:trace:winsock:WS2_sendto  -> 10 bytes
0009:trace:winsock:WS2_recv_base socket 0138, wsabuf 0x32f6e4, nbufs 1, flags 0, from 0x32f734, fromlen 16, ovl (nil), func (nil)
0009:trace:winsock:WS2_recv_base fd=43, options=20
0009:trace:winsock:WS2_recv_base  -> 10 bytes
0009:trace:winsock:WS2_recv_base socket 0138, wsabuf 0x32f6e4, nbufs 1, flags 0, from 0x32f734, fromlen 16, ovl (nil), func (nil)
0009:trace:winsock:WS2_recv_base fd=43, options=20
0009:trace:winsock:WS2_recv_base  -> 10 bytes
0009:trace:winsock:WS2_recv_base socket 0138, wsabuf 0x32f6e4, nbufs 1, flags 0, from 0x32f734, fromlen 16, ovl (nil), func (nil)
0009:trace:winsock:WS2_recv_base fd=43, options=20
0009:trace:winsock:WS2_recv_base  -> 16 bytes
0009:trace:winsock:WS2_sendto socket 0138, wsabuf 0x32f5e4, nbufs 1, flags 0, to 0x2bbad94, tolen 16, ovl (nil), func (nil)
0009:trace:winsock:WS2_sendto fd=43, options=20
0009:trace:winsock:WS2_sendto  -> 10 bytes
0009:trace:winsock:WS2_sendto socket 0138, wsabuf 0x32f5e4, nbufs 1, flags 0, to 0x2bbad94, tolen 16, ovl (nil), func (nil)
0009:trace:winsock:WS2_sendto fd=43, options=20
0009:trace:winsock:WS2_sendto  -> 10 bytes
0009:trace:winsock:WS2_recv_base socket 0138, wsabuf 0x32f6e4, nbufs 1, flags 0, from 0x32f734, fromlen 16, ovl (nil), func (nil)
0009:trace:winsock:WS2_recv_base fd=43, options=20
0009:trace:winsock:WS2_recv_base  -> 16 bytes
0009:trace:winsock:WS2_recv_base socket 0138, wsabuf 0x32f6e4, nbufs 1, flags 0, from 0x32f734, fromlen 16, ovl (nil), func (nil)
0009:trace:winsock:WS2_recv_base fd=43, options=20
0009:trace:winsock:WS2_recv_base  -> 10 bytes
0009:trace:winsock:WS2_sendto socket 0138, wsabuf 0x32f964, nbufs 1, flags 0, to 0x2bbad94, tolen 16, ovl (nil), func (nil)
0009:trace:winsock:WS2_sendto fd=43, options=20
0009:trace:winsock:WS2_sendto  -> 16 bytes
0009:trace:winsock:WS2_sendto socket 0138, wsabuf 0x32f964, nbufs 1, flags 0, to 0x2bbad94, tolen 16, ovl (nil), func (nil)
0009:trace:winsock:WS2_sendto fd=43, options=20
0009:trace:winsock:WS2_sendto  -> 16 bytes
0009:trace:winsock:WS2_sendto socket 0138, wsabuf 0x32f9c4, nbufs 1, flags 0, to 0x2bbad94, tolen 16, ovl (nil), func (nil)
0009:trace:winsock:WS2_sendto fd=43, options=20
0009:trace:winsock:WS2_sendto  -> 12 bytes
0009:trace:winsock:WS2_recv_base socket 0138, wsabuf 0x32f6e4, nbufs 1, flags 0, from 0x32f734, fromlen 16, ovl (nil), func (nil)
0009:trace:winsock:WS2_recv_base fd=43, options=20
0009:trace:winsock:WS2_recv_base  -> 12 bytes
0009:trace:winsock:WS2_sendto socket 0138, wsabuf 0x32f9c4, nbufs 1, flags 0, to 0x2bbad94, tolen 16, ovl (nil), func (nil)
0009:trace:winsock:WS2_sendto fd=43, options=20
0009:trace:winsock:WS2_sendto  -> 12 bytes
0009:trace:winsock:WS2_recv_base socket 0138, wsabuf 0x32f6e4, nbufs 1, flags 0, from 0x32f734, fromlen 16, ovl (nil), func (nil)
0009:trace:winsock:WS2_recv_base fd=43, options=20
0009:trace:winsock:WS2_recv_base  -> 12 bytes
0009:trace:winsock:WS2_sendto socket 0138, wsabuf 0x32ef34, nbufs 1, flags 0, to 0x2bbad94, tolen 16, ovl (nil), func (nil)
0009:trace:winsock:WS2_sendto fd=43, options=20
0009:trace:winsock:WS2_sendto  -> 12 bytes
0009:trace:winsock:WS2_recv_base socket 0138, wsabuf 0x32f6e4, nbufs 1, flags 0, from 0x32f734, fromlen 16, ovl (nil), func (nil)
0009:trace:winsock:WS2_recv_base fd=43, options=20
0009:trace:winsock:WS2_recv_base  -> 12 bytes
0009:trace:winsock:WS2_recv_base socket 0138, wsabuf 0x32f6e4, nbufs 1, flags 0, from 0x32f734, fromlen 16, ovl (nil), func (nil)
0009:trace:winsock:WS2_recv_base fd=43, options=20
0009:trace:winsock:WS2_recv_base  -> 10 bytes
0009:trace:winsock:WS2_sendto socket 0138, wsabuf 0x32f5e4, nbufs 1, flags 0, to 0x2bbad94, tolen 16, ovl (nil), func (nil)
0009:trace:winsock:WS2_sendto fd=43, options=20
0009:trace:winsock:WS2_sendto  -> 10 bytes
0009:trace:winsock:WS2_sendto socket 0138, wsabuf 0x32f5e4, nbufs 1, flags 0, to 0x2bbad94, tolen 16, ovl (nil), func (nil)
0009:trace:winsock:WS2_sendto fd=43, options=20
0009:trace:winsock:WS2_sendto  -> 10 bytes
0009:trace:winsock:WS2_recv_base socket 0138, wsabuf 0x32f6e4, nbufs 1, flags 0, from 0x32f734, fromlen 16, ovl (nil), func (nil)
0009:trace:winsock:WS2_recv_base fd=43, options=20
0009:trace:winsock:WS2_recv_base  -> 12 bytes
0009:trace:winsock:WS2_sendto socket 0138, wsabuf 0x32ef34, nbufs 1, flags 0, to 0x2bbad94, tolen 16, ovl (nil), func (nil)
0009:trace:winsock:WS2_sendto fd=43, options=20
0009:trace:winsock:WS2_sendto  -> 12 bytes
0009:trace:winsock:WS2_recv_base socket 0138, wsabuf 0x32f6e4, nbufs 1, flags 0, from 0x32f734, fromlen 16, ovl (nil), func (nil)
0009:trace:winsock:WS2_recv_base fd=43, options=20
0009:trace:winsock:WS2_recv_base  -> 10 bytes
0009:trace:winsock:WS2_recv_base socket 0138, wsabuf 0x32f6e4, nbufs 1, flags 0, from 0x32f734, fromlen 16, ovl (nil), func (nil)
0009:trace:winsock:WS2_recv_base fd=43, options=20
0009:trace:winsock:WS2_recv_base  -> 10 bytes
0009:trace:winsock:WS2_sendto socket 0138, wsabuf 0x32f5e4, nbufs 1, flags 0, to 0x2bbad94, tolen 16, ovl (nil), func (nil)
0009:trace:winsock:WS2_sendto fd=43, options=20
0009:trace:winsock:WS2_sendto  -> 10 bytes
0009:trace:winsock:WS2_sendto socket 0138, wsabuf 0x32f5e4, nbufs 1, flags 0, to 0x2bbad94, tolen 16, ovl (nil), func (nil)
0009:trace:winsock:WS2_sendto fd=43, options=20
0009:trace:winsock:WS2_sendto  -> 10 bytes
0009:trace:winsock:WS2_recv_base socket 0138, wsabuf 0x32f6e4, nbufs 1, flags 0, from 0x32f734, fromlen 16, ovl (nil), func (nil)
0009:trace:winsock:WS2_recv_base fd=43, options=20
0009:trace:winsock:WS2_recv_base  -> 10 bytes
0009:trace:winsock:WS2_recv_base socket 0138, wsabuf 0x32f6e4, nbufs 1, flags 0, from 0x32f734, fromlen 16, ovl (nil), func (nil)
0009:trace:winsock:WS2_recv_base fd=43, options=20
0009:trace:winsock:WS2_recv_base  -> 10 bytes
0009:trace:winsock:WS2_sendto socket 0138, wsabuf 0x32f5e4, nbufs 1, flags 0, to 0x2bbad94, tolen 16, ovl (nil), func (nil)
0009:trace:winsock:WS2_sendto fd=43, options=20
0009:trace:winsock:WS2_sendto  -> 10 bytes
0009:trace:winsock:WS2_recv_base socket 0138, wsabuf 0x32f6e4, nbufs 1, flags 0, from 0x32f734, fromlen 16, ovl (nil), func (nil)
0009:trace:winsock:WS2_recv_base fd=43, options=20
0009:trace:winsock:WS2_recv_base  -> 16 bytes
0009:trace:winsock:WS2_sendto socket 0138, wsabuf 0x32f5e4, nbufs 1, flags 0, to 0x2bbad94, tolen 16, ovl (nil), func (nil)
0009:trace:winsock:WS2_sendto fd=43, options=20
0009:trace:winsock:WS2_sendto  -> 10 bytes
0009:trace:winsock:WS2_recv_base socket 0138, wsabuf 0x32f6e4, nbufs 1, flags 0, from 0x32f734, fromlen 16, ovl (nil), func (nil)
0009:trace:winsock:WS2_recv_base fd=43, options=20
0009:trace:winsock:WS2_recv_base  -> 16 bytes
0009:trace:winsock:WS2_recv_base socket 0138, wsabuf 0x32f6e4, nbufs 1, flags 0, from 0x32f734, fromlen 16, ovl (nil), func (nil)
0009:trace:winsock:WS2_recv_base fd=43, options=20
0009:trace:winsock:WS2_recv_base  -> 10 bytes
0009:trace:winsock:WS2_sendto socket 0138, wsabuf 0x32f964, nbufs 1, flags 0, to 0x2bbad94, tolen 16, ovl (nil), func (nil)
0009:trace:winsock:WS2_sendto fd=43, options=20
0009:trace:winsock:WS2_sendto  -> 16 bytes
0009:trace:winsock:WS2_sendto socket 0138, wsabuf 0x32f964, nbufs 1, flags 0, to 0x2bbad94, tolen 16, ovl (nil), func (nil)
0009:trace:winsock:WS2_sendto fd=43, options=20
0009:trace:winsock:WS2_sendto  -> 16 bytes
0009:trace:winsock:WS2_recv_base socket 0138, wsabuf 0x32f6e4, nbufs 1, flags 0, from 0x32f734, fromlen 16, ovl (nil), func (nil)
0009:trace:winsock:WS2_recv_base fd=43, options=20
0009:trace:winsock:WS2_recv_base  -> 10 bytes
0009:trace:winsock:WS2_sendto socket 0138, wsabuf 0x32f5e4, nbufs 1, flags 0, to 0x2bbad94, tolen 16, ovl (nil), func (nil)
0009:trace:winsock:WS2_sendto fd=43, options=20
0009:trace:winsock:WS2_sendto  -> 10 bytes
0009:trace:winsock:WS2_sendto socket 0138, wsabuf 0x32f5e4, nbufs 1, flags 0, to 0x2bbad94, tolen 16, ovl (nil), func (nil)
0009:trace:winsock:WS2_sendto fd=43, options=20
0009:trace:winsock:WS2_sendto  -> 10 bytes
0009:trace:winsock:WS2_recv_base socket 0138, wsabuf 0x32f6e4, nbufs 1, flags 0, from 0x32f734, fromlen 16, ovl (nil), func (nil)
0009:trace:winsock:WS2_recv_base fd=43, options=20
0009:trace:winsock:WS2_recv_base  -> 10 bytes
0009:trace:winsock:WS2_sendto socket 0138, wsabuf 0x32f9c4, nbufs 1, flags 0, to 0x2bbad94, tolen 16, ovl (nil), func (nil)
0009:trace:winsock:WS2_sendto fd=43, options=20
0009:trace:winsock:WS2_sendto  -> 12 bytes
0009:trace:winsock:WS2_recv_base socket 0138, wsabuf 0x32f6e4, nbufs 1, flags 0, from 0x32f734, fromlen 16, ovl (nil), func (nil)
0009:trace:winsock:WS2_recv_base fd=43, options=20
0009:trace:winsock:WS2_recv_base  -> 12 bytes
0009:trace:winsock:WS2_recv_base socket 0138, wsabuf 0x32f6e4, nbufs 1, flags 0, from 0x32f734, fromlen 16, ovl (nil), func (nil)
0009:trace:winsock:WS2_recv_base fd=43, options=20
0009:trace:winsock:WS2_recv_base  -> 10 bytes
0009:trace:winsock:WS2_recv_base socket 0138, wsabuf 0x32f6e4, nbufs 1, flags 0, from 0x32f734, fromlen 16, ovl (nil), func (nil)
0009:trace:winsock:WS2_recv_base fd=43, options=20
0009:trace:winsock:WS2_recv_base  -> 12 bytes
0009:trace:winsock:WS2_sendto socket 0138, wsabuf 0x32ef34, nbufs 1, flags 0, to 0x2bbad94, tolen 16, ovl (nil), func (nil)
0009:trace:winsock:WS2_sendto fd=43, options=20
0009:trace:winsock:WS2_sendto  -> 12 bytes
0009:trace:winsock:WS2_sendto socket 0138, wsabuf 0x32f9c4, nbufs 1, flags 0, to 0x2bbad94, tolen 16, ovl (nil), func (nil)
0009:trace:winsock:WS2_sendto fd=43, options=20
0009:trace:winsock:WS2_sendto  -> 12 bytes
0009:trace:winsock:WS2_recv_base socket 0138, wsabuf 0x32f6e4, nbufs 1, flags 0, from 0x32f734, fromlen 16, ovl (nil), func (nil)
0009:trace:winsock:WS2_recv_base fd=43, options=20
0009:trace:winsock:WS2_recv_base  -> 12 bytes
0009:trace:winsock:WS2_sendto socket 0138, wsabuf 0x32f5e4, nbufs 1, flags 0, to 0x2bbad94, tolen 16, ovl (nil), func (nil)
0009:trace:winsock:WS2_sendto fd=43, options=20
0009:trace:winsock:WS2_sendto  -> 10 bytes
0009:trace:winsock:WS2_sendto socket 0138, wsabuf 0x32f5e4, nbufs 1, flags 0, to 0x2bbad94, tolen 16, ovl (nil), func (nil)
0009:trace:winsock:WS2_sendto fd=43, options=20
0009:trace:winsock:WS2_sendto  -> 10 bytes
0009:trace:winsock:WS2_recv_base socket 0138, wsabuf 0x32f6e4, nbufs 1, flags 0, from 0x32f734, fromlen 16, ovl (nil), func (nil)
0009:trace:winsock:WS2_recv_base fd=43, options=20
0009:trace:winsock:WS2_recv_base  -> 12 bytes
0009:trace:winsock:WS2_sendto socket 0138, wsabuf 0x32ef34, nbufs 1, flags 0, to 0x2bbad94, tolen 16, ovl (nil), func (nil)
0009:trace:winsock:WS2_sendto fd=43, options=20
0009:trace:winsock:WS2_sendto  -> 12 bytes
0009:trace:winsock:WS2_recv_base socket 0138, wsabuf 0x32f6e4, nbufs 1, flags 0, from 0x32f734, fromlen 16, ovl (nil), func (nil)
0009:trace:winsock:WS2_recv_base fd=43, options=20
0009:trace:winsock:WS2_recv_base  -> 10 bytes
0009:trace:winsock:WS2_recv_base socket 0138, wsabuf 0x32f6e4, nbufs 1, flags 0, from 0x32f734, fromlen 16, ovl (nil), func (nil)
0009:trace:winsock:WS2_recv_base fd=43, options=20
0009:trace:winsock:WS2_recv_base  -> 10 bytes
0009:trace:winsock:WS2_sendto socket 0138, wsabuf 0x32f5e4, nbufs 1, flags 0, to 0x2bbad94, tolen 16, ovl (nil), func (nil)
0009:trace:winsock:WS2_sendto fd=43, options=20
0009:trace:winsock:WS2_sendto  -> 10 bytes
0009:trace:winsock:WS2_sendto socket 0138, wsabuf 0x32f5e4, nbufs 1, flags 0, to 0x2bbad94, tolen 16, ovl (nil), func (nil)
0009:trace:winsock:WS2_sendto fd=43, options=20
0009:trace:winsock:WS2_sendto  -> 10 bytes
0009:trace:winsock:WS2_recv_base socket 0138, wsabuf 0x32f6e4, nbufs 1, flags 0, from 0x32f734, fromlen 16, ovl (nil), func (nil)
0009:trace:winsock:WS2_recv_base fd=43, options=20
0009:trace:winsock:WS2_recv_base  -> 16 bytes
0009:trace:winsock:WS2_recv_base socket 0138, wsabuf 0x32f6e4, nbufs 1, flags 0, from 0x32f734, fromlen 16, ovl (nil), func (nil)
0009:trace:winsock:WS2_recv_base fd=43, options=20
0009:trace:winsock:WS2_recv_base  -> 16 bytes
0009:trace:winsock:WS2_recv_base socket 0138, wsabuf 0x32f6e4, nbufs 1, flags 0, from 0x32f734, fromlen 16, ovl (nil), func (nil)
0009:trace:winsock:WS2_recv_base fd=43, options=20
0009:trace:winsock:WS2_recv_base  -> 10 bytes
0009:trace:winsock:WS2_sendto socket 0138, wsabuf 0x32f964, nbufs 1, flags 0, to 0x2bbad94, tolen 16, ovl (nil), func (nil)
0009:trace:winsock:WS2_sendto fd=43, options=20
0009:trace:winsock:WS2_sendto  -> 16 bytes
0009:trace:winsock:WS2_sendto socket 0138, wsabuf 0x32f964, nbufs 1, flags 0, to 0x2bbad94, tolen 16, ovl (nil), func (nil)
0009:trace:winsock:WS2_sendto fd=43, options=20
0009:trace:winsock:WS2_sendto  -> 16 bytes
0009:trace:winsock:WS2_recv_base socket 0138, wsabuf 0x32f6e4, nbufs 1, flags 0, from 0x32f734, fromlen 16, ovl (nil), func (nil)
0009:trace:winsock:WS2_recv_base fd=43, options=20
0009:trace:winsock:WS2_recv_base  -> 10 bytes
0009:trace:winsock:WS2_sendto socket 0138, wsabuf 0x32f5e4, nbufs 1, flags 0, to 0x2bbad94, tolen 16, ovl (nil), func (nil)
0009:trace:winsock:WS2_sendto fd=43, options=20
0009:trace:winsock:WS2_sendto  -> 10 bytes
0009:trace:winsock:WS2_sendto socket 0138, wsabuf 0x32f5e4, nbufs 1, flags 0, to 0x2bbad94, tolen 16, ovl (nil), func (nil)
0009:trace:winsock:WS2_sendto fd=43, options=20
0009:trace:winsock:WS2_sendto  -> 10 bytes
0009:trace:winsock:WS2_recv_base socket 0138, wsabuf 0x32f6e4, nbufs 1, flags 0, from 0x32f734, fromlen 16, ovl (nil), func (nil)
0009:trace:winsock:WS2_recv_base fd=43, options=20
0009:trace:winsock:WS2_recv_base  -> 10 bytes
0009:trace:winsock:WS2_recv_base socket 0138, wsabuf 0x32f6e4, nbufs 1, flags 0, from 0x32f734, fromlen 16, ovl (nil), func (nil)
0009:trace:winsock:WS2_recv_base fd=43, options=20
0009:trace:winsock:WS2_recv_base  -> 10 bytes
0009:trace:winsock:WS2_sendto socket 0138, wsabuf 0x32f5e4, nbufs 1, flags 0, to 0x2bbad94, tolen 16, ovl (nil), func (nil)
0009:trace:winsock:WS2_sendto fd=43, options=20
0009:trace:winsock:WS2_sendto  -> 10 bytes
0009:trace:winsock:WS2_sendto socket 0138, wsabuf 0x32f5e4, nbufs 1, flags 0, to 0x2bbad94, tolen 16, ovl (nil), func (nil)
0009:trace:winsock:WS2_sendto fd=43, options=20
0009:trace:winsock:WS2_sendto  -> 10 bytes
0009:trace:winsock:WS2_recv_base socket 0138, wsabuf 0x32f6e4, nbufs 1, flags 0, from 0x32f734, fromlen 16, ovl (nil), func (nil)
0009:trace:winsock:WS2_recv_base fd=43, options=20
0009:trace:winsock:WS2_recv_base  -> 10 bytes
0009:trace:winsock:WS2_sendto socket 0138, wsabuf 0x32f9c4, nbufs 1, flags 0, to 0x2bbad94, tolen 16, ovl (nil), func (nil)
0009:trace:winsock:WS2_sendto fd=43, options=20
0009:trace:winsock:WS2_sendto  -> 12 bytes
0009:trace:winsock:WS2_recv_base socket 0138, wsabuf 0x32f6e4, nbufs 1, flags 0, from 0x32f734, fromlen 16, ovl (nil), func (nil)
0009:trace:winsock:WS2_recv_base fd=43, options=20
0009:trace:winsock:WS2_recv_base  -> 12 bytes
0009:trace:winsock:WS2_sendto socket 0138, wsabuf 0x32f9c4, nbufs 1, flags 0, to 0x2bbad94, tolen 16, ovl (nil), func (nil)
0009:trace:winsock:WS2_sendto fd=43, options=20
0009:trace:winsock:WS2_sendto  -> 12 bytes
0009:trace:winsock:WS2_recv_base socket 0138, wsabuf 0x32f6e4, nbufs 1, flags 0, from 0x32f734, fromlen 16, ovl (nil), func (nil)
0009:trace:winsock:WS2_recv_base fd=43, options=20
0009:trace:winsock:WS2_recv_base  -> 10 bytes
0009:trace:winsock:WS2_recv_base socket 0138, wsabuf 0x32f6e4, nbufs 1, flags 0, from 0x32f734, fromlen 16, ovl (nil), func (nil)
0009:trace:winsock:WS2_recv_base fd=43, options=20
0009:trace:winsock:WS2_recv_base  -> 12 bytes
0009:trace:winsock:WS2_sendto socket 0138, wsabuf 0x32ef34, nbufs 1, flags 0, to 0x2bbad94, tolen 16, ovl (nil), func (nil)
0009:trace:winsock:WS2_sendto fd=43, options=20
0009:trace:winsock:WS2_sendto  -> 12 bytes
0009:trace:winsock:WS2_recv_base socket 0138, wsabuf 0x32f6e4, nbufs 1, flags 0, from 0x32f734, fromlen 16, ovl (nil), func (nil)
0009:trace:winsock:WS2_recv_base fd=43, options=20
0009:trace:winsock:WS2_recv_base  -> 12 bytes
0009:trace:winsock:WS2_sendto socket 0138, wsabuf 0x32f5e4, nbufs 1, flags 0, to 0x2bbad94, tolen 16, ovl (nil), func (nil)
0009:trace:winsock:WS2_sendto fd=43, options=20
0009:trace:winsock:WS2_sendto  -> 10 bytes
0009:trace:winsock:WS2_sendto socket 0138, wsabuf 0x32f5e4, nbufs 1, flags 0, to 0x2bbad94, tolen 16, ovl (nil), func (nil)
0009:trace:winsock:WS2_sendto fd=43, options=20
0009:trace:winsock:WS2_sendto  -> 10 bytes
0009:trace:winsock:WS2_recv_base socket 0138, wsabuf 0x32f6e4, nbufs 1, flags 0, from 0x32f734, fromlen 16, ovl (nil), func (nil)
0009:trace:winsock:WS2_recv_base fd=43, options=20
0009:trace:winsock:WS2_recv_base  -> 16 bytes
0009:trace:winsock:WS2_recv_base socket 0138, wsabuf 0x32f6e4, nbufs 1, flags 0, from 0x32f734, fromlen 16, ovl (nil), func (nil)
0009:trace:winsock:WS2_recv_base fd=43, options=20
0009:trace:winsock:WS2_recv_base  -> 12 bytes
0009:trace:winsock:WS2_sendto socket 0138, wsabuf 0x32ef34, nbufs 1, flags 0, to 0x2bbad94, tolen 16, ovl (nil), func (nil)
0009:trace:winsock:WS2_sendto fd=43, options=20
0009:trace:winsock:WS2_sendto  -> 12 bytes
0009:trace:winsock:WS2_recv_base socket 0138, wsabuf 0x32f6e4, nbufs 1, flags 0, from 0x32f734, fromlen 16, ovl (nil), func (nil)
0009:trace:winsock:WS2_recv_base fd=43, options=20
0009:trace:winsock:WS2_recv_base  -> 10 bytes
0009:trace:winsock:WS2_recv_base socket 0138, wsabuf 0x32f6e4, nbufs 1, flags 0, from 0x32f734, fromlen 16, ovl (nil), func (nil)
0009:trace:winsock:WS2_recv_base fd=43, options=20
0009:trace:winsock:WS2_recv_base  -> 16 bytes
0009:trace:winsock:WS2_sendto socket 0138, wsabuf 0x32f964, nbufs 1, flags 0, to 0x2bbad94, tolen 16, ovl (nil), func (nil)
0009:trace:winsock:WS2_sendto fd=43, options=20
0009:trace:winsock:WS2_sendto  -> 16 bytes
0009:trace:winsock:WS2_sendto socket 0138, wsabuf 0x32f964, nbufs 1, flags 0, to 0x2bbad94, tolen 16, ovl (nil), func (nil)
0009:trace:winsock:WS2_sendto fd=43, options=20
0009:trace:winsock:WS2_sendto  -> 16 bytes
0009:trace:winsock:WS2_recv_base socket 0138, wsabuf 0x32f6e4, nbufs 1, flags 0, from 0x32f734, fromlen 16, ovl (nil), func (nil)
0009:trace:winsock:WS2_recv_base fd=43, options=20
0009:trace:winsock:WS2_recv_base  -> 10 bytes
0009:trace:winsock:WS2_sendto socket 0138, wsabuf 0x32f5e4, nbufs 1, flags 0, to 0x2bbad94, tolen 16, ovl (nil), func (nil)
0009:trace:winsock:WS2_sendto fd=43, options=20
0009:trace:winsock:WS2_sendto  -> 10 bytes
0009:trace:winsock:WS2_sendto socket 0138, wsabuf 0x32f5e4, nbufs 1, flags 0, to 0x2bbad94, tolen 16, ovl (nil), func (nil)
0009:trace:winsock:WS2_sendto fd=43, options=20
0009:trace:winsock:WS2_sendto  -> 10 bytes
0009:trace:winsock:WS2_recv_base socket 0138, wsabuf 0x32f6e4, nbufs 1, flags 0, from 0x32f734, fromlen 16, ovl (nil), func (nil)
0009:trace:winsock:WS2_recv_base fd=43, options=20
0009:trace:winsock:WS2_recv_base  -> 10 bytes
0009:trace:winsock:WS2_recv_base socket 0138, wsabuf 0x32f6e4, nbufs 1, flags 0, from 0x32f734, fromlen 16, ovl (nil), func (nil)
0009:trace:winsock:WS2_recv_base fd=43, options=20
0009:trace:winsock:WS2_recv_base  -> 10 bytes
0009:trace:winsock:WS2_sendto socket 0138, wsabuf 0x32f5e4, nbufs 1, flags 0, to 0x2bbad94, tolen 16, ovl (nil), func (nil)
0009:trace:winsock:WS2_sendto fd=43, options=20
0009:trace:winsock:WS2_sendto  -> 10 bytes
0009:trace:winsock:WS2_sendto socket 0138, wsabuf 0x32f5e4, nbufs 1, flags 0, to 0x2bbad94, tolen 16, ovl (nil), func (nil)
0009:trace:winsock:WS2_sendto fd=43, options=20
0009:trace:winsock:WS2_sendto  -> 10 bytes
0009:trace:winsock:WS2_recv_base socket 0138, wsabuf 0x32f6e4, nbufs 1, flags 0, from 0x32f734, fromlen 16, ovl (nil), func (nil)
0009:trace:winsock:WS2_recv_base fd=43, options=20
0009:trace:winsock:WS2_recv_base  -> 10 bytes
0009:trace:winsock:WS2_recv_base socket 0138, wsabuf 0x32f6e4, nbufs 1, flags 0, from 0x32f734, fromlen 16, ovl (nil), func (nil)
0009:trace:winsock:WS2_recv_base fd=43, options=20
0009:trace:winsock:WS2_recv_base  -> 10 bytes
0009:trace:winsock:WS2_sendto socket 0138, wsabuf 0x32f5e4, nbufs 1, flags 0, to 0x2bbad94, tolen 16, ovl (nil), func (nil)
0009:trace:winsock:WS2_sendto fd=43, options=20
0009:trace:winsock:WS2_sendto  -> 10 bytes
0009:trace:winsock:WS2_sendto socket 0138, wsabuf 0x32f5e4, nbufs 1, flags 0, to 0x2bbad94, tolen 16, ovl (nil), func (nil)
0009:trace:winsock:WS2_sendto fd=43, options=20
0009:trace:winsock:WS2_sendto  -> 10 bytes
0009:trace:winsock:WS2_recv_base socket 0138, wsabuf 0x32f6e4, nbufs 1, flags 0, from 0x32f734, fromlen 16, ovl (nil), func (nil)
0009:trace:winsock:WS2_recv_base fd=43, options=20
0009:trace:winsock:WS2_recv_base  -> 16 bytes
0009:trace:winsock:WS2_recv_base socket 0138, wsabuf 0x32f6e4, nbufs 1, flags 0, from 0x32f734, fromlen 16, ovl (nil), func (nil)
0009:trace:winsock:WS2_recv_base fd=43, options=20
0009:trace:winsock:WS2_recv_base  -> 10 bytes
0009:trace:winsock:WS2_recv_base socket 0138, wsabuf 0x32f6e4, nbufs 1, flags 0, from 0x32f734, fromlen 16, ovl (nil), func (nil)
0009:trace:winsock:WS2_recv_base fd=43, options=20
0009:trace:winsock:WS2_recv_base  -> 16 bytes
0009:trace:winsock:WS2_sendto socket 0138, wsabuf 0x32f9c4, nbufs 1, flags 0, to 0x2bbad94, tolen 16, ovl (nil), func (nil)
0009:trace:winsock:WS2_sendto fd=43, options=20
0009:trace:winsock:WS2_sendto  -> 12 bytes
0009:trace:winsock:WS2_recv_base socket 0138, wsabuf 0x32f6e4, nbufs 1, flags 0, from 0x32f734, fromlen 16, ovl (nil), func (nil)
0009:trace:winsock:WS2_recv_base fd=43, options=20
0009:trace:winsock:WS2_recv_base  -> 12 bytes
0009:trace:winsock:WS2_recv_base socket 0138, wsabuf 0x32f6e4, nbufs 1, flags 0, from 0x32f734, fromlen 16, ovl (nil), func (nil)
0009:trace:winsock:WS2_recv_base fd=43, options=20
0009:trace:winsock:WS2_recv_base  -> 10 bytes
0009:trace:winsock:WS2_sendto socket 0138, wsabuf 0x32f964, nbufs 1, flags 0, to 0x2bbad94, tolen 16, ovl (nil), func (nil)
0009:trace:winsock:WS2_sendto fd=43, options=20
0009:trace:winsock:WS2_sendto  -> 16 bytes
0009:trace:winsock:WS2_sendto socket 0138, wsabuf 0x32f964, nbufs 1, flags 0, to 0x2bbad94, tolen 16, ovl (nil), func (nil)
0009:trace:winsock:WS2_sendto fd=43, options=20
0009:trace:winsock:WS2_sendto  -> 16 bytes
0009:trace:winsock:WS2_sendto socket 0138, wsabuf 0x32f9c4, nbufs 1, flags 0, to 0x2bbad94, tolen 16, ovl (nil), func (nil)
0009:trace:winsock:WS2_sendto fd=43, options=20
0009:trace:winsock:WS2_sendto  -> 12 bytes
0009:trace:winsock:WS2_recv_base socket 0138, wsabuf 0x32f6e4, nbufs 1, flags 0, from 0x32f734, fromlen 16, ovl (nil), func (nil)
0009:trace:winsock:WS2_recv_base fd=43, options=20
0009:trace:winsock:WS2_recv_base  -> 12 bytes
0009:trace:winsock:WS2_sendto socket 0138, wsabuf 0x32ef34, nbufs 1, flags 0, to 0x2bbad94, tolen 16, ovl (nil), func (nil)
0009:trace:winsock:WS2_sendto fd=43, options=20
0009:trace:winsock:WS2_sendto  -> 12 bytes
0009:trace:winsock:WS2_recv_base socket 0138, wsabuf 0x32f6e4, nbufs 1, flags 0, from 0x32f734, fromlen 16, ovl (nil), func (nil)
0009:trace:winsock:WS2_recv_base fd=43, options=20
0009:trace:winsock:WS2_recv_base  -> 12 bytes
0009:trace:winsock:WS2_sendto socket 0138, wsabuf 0x32f5e4, nbufs 1, flags 0, to 0x2bbad94, tolen 16, ovl (nil), func (nil)
0009:trace:winsock:WS2_sendto fd=43, options=20
0009:trace:winsock:WS2_sendto  -> 10 bytes
0009:trace:winsock:WS2_sendto socket 0138, wsabuf 0x32f5e4, nbufs 1, flags 0, to 0x2bbad94, tolen 16, ovl (nil), func (nil)
0009:trace:winsock:WS2_sendto fd=43, options=20
0009:trace:winsock:WS2_sendto  -> 10 bytes
0009:trace:winsock:WS2_recv_base socket 0138, wsabuf 0x32f6e4, nbufs 1, flags 0, from 0x32f734, fromlen 16, ovl (nil), func (nil)
0009:trace:winsock:WS2_recv_base fd=43, options=20
0009:trace:winsock:WS2_recv_base  -> 12 bytes
0009:trace:winsock:WS2_sendto socket 0138, wsabuf 0x32ef34, nbufs 1, flags 0, to 0x2bbad94, tolen 16, ovl (nil), func (nil)
0009:trace:winsock:WS2_sendto fd=43, options=20
0009:trace:winsock:WS2_sendto  -> 12 bytes
0009:trace:winsock:WS2_recv_base socket 0138, wsabuf 0x32f6e4, nbufs 1, flags 0, from 0x32f734, fromlen 16, ovl (nil), func (nil)
0009:trace:winsock:WS2_recv_base fd=43, options=20
0009:trace:winsock:WS2_recv_base  -> 10 bytes
0009:trace:winsock:WS2_recv_base socket 0138, wsabuf 0x32f6e4, nbufs 1, flags 0, from 0x32f734, fromlen 16, ovl (nil), func (nil)
0009:trace:winsock:WS2_recv_base fd=43, options=20
0009:trace:winsock:WS2_recv_base  -> 10 bytes
0009:trace:winsock:WS2_sendto socket 0138, wsabuf 0x32f5e4, nbufs 1, flags 0, to 0x2bbad94, tolen 16, ovl (nil), func (nil)
0009:trace:winsock:WS2_sendto fd=43, options=20
0009:trace:winsock:WS2_sendto  -> 10 bytes
0009:trace:winsock:WS2_sendto socket 0138, wsabuf 0x32f5e4, nbufs 1, flags 0, to 0x2bbad94, tolen 16, ovl (nil), func (nil)
0009:trace:winsock:WS2_sendto fd=43, options=20
0009:trace:winsock:WS2_sendto  -> 10 bytes
0009:trace:winsock:WS2_recv_base socket 0138, wsabuf 0x32f6e4, nbufs 1, flags 0, from 0x32f734, fromlen 16, ovl (nil), func (nil)
0009:trace:winsock:WS2_recv_base fd=43, options=20
0009:trace:winsock:WS2_recv_base  -> 10 bytes
0009:trace:winsock:WS2_recv_base socket 0138, wsabuf 0x32f6e4, nbufs 1, flags 0, from 0x32f734, fromlen 16, ovl (nil), func (nil)
0009:trace:winsock:WS2_recv_base fd=43, options=20
0009:trace:winsock:WS2_recv_base  -> 10 bytes
0009:trace:winsock:WS2_sendto socket 0138, wsabuf 0x32f5e4, nbufs 1, flags 0, to 0x2bbad94, tolen 16, ovl (nil), func (nil)
0009:trace:winsock:WS2_sendto fd=43, options=20
0009:trace:winsock:WS2_sendto  -> 10 bytes
0009:trace:winsock:WS2_sendto socket 0138, wsabuf 0x32f5e4, nbufs 1, flags 0, to 0x2bbad94, tolen 16, ovl (nil), func (nil)
0009:trace:winsock:WS2_sendto fd=43, options=20
0009:trace:winsock:WS2_sendto  -> 10 bytes
0009:trace:winsock:WS2_recv_base socket 0138, wsabuf 0x32f6e4, nbufs 1, flags 0, from 0x32f734, fromlen 16, ovl (nil), func (nil)
0009:trace:winsock:WS2_recv_base fd=43, options=20
0009:trace:winsock:WS2_recv_base  -> 10 bytes
0009:trace:winsock:WS2_recv_base socket 0138, wsabuf 0x32f6e4, nbufs 1, flags 0, from 0x32f734, fromlen 16, ovl (nil), func (nil)
0009:trace:winsock:WS2_recv_base fd=43, options=20
0009:trace:winsock:WS2_recv_base  -> 16 bytes
0009:trace:winsock:WS2_recv_base socket 0138, wsabuf 0x32f6e4, nbufs 1, flags 0, from 0x32f734, fromlen 16, ovl (nil), func (nil)
0009:trace:winsock:WS2_recv_base fd=43, options=20
0009:trace:winsock:WS2_recv_base  -> 16 bytes
0009:trace:winsock:WS2_recv_base socket 0138, wsabuf 0x32f6e4, nbufs 1, flags 0, from 0x32f734, fromlen 16, ovl (nil), func (nil)
0009:trace:winsock:WS2_recv_base fd=43, options=20
0009:trace:winsock:WS2_recv_base  -> 10 bytes
0009:trace:winsock:WS2_sendto socket 0138, wsabuf 0x32f5e4, nbufs 1, flags 0, to 0x2bbad94, tolen 16, ovl (nil), func (nil)
0009:trace:winsock:WS2_sendto fd=43, options=20
0009:trace:winsock:WS2_sendto  -> 10 bytes
0009:trace:winsock:WS2_sendto socket 0138, wsabuf 0x32f964, nbufs 1, flags 0, to 0x2bbad94, tolen 16, ovl (nil), func (nil)
0009:trace:winsock:WS2_sendto fd=43, options=20
0009:trace:winsock:WS2_sendto  -> 16 bytes
0009:trace:winsock:WS2_sendto socket 0138, wsabuf 0x32f964, nbufs 1, flags 0, to 0x2bbad94, tolen 16, ovl (nil), func (nil)
0009:trace:winsock:WS2_sendto fd=43, options=20
0009:trace:winsock:WS2_sendto  -> 16 bytes
0009:trace:winsock:WS2_sendto socket 0138, wsabuf 0x32f5e4, nbufs 1, flags 0, to 0x2bbad94, tolen 16, ovl (nil), func (nil)
0009:trace:winsock:WS2_sendto fd=43, options=20
0009:trace:winsock:WS2_sendto  -> 10 bytes
0009:trace:winsock:WS2_recv_base socket 0138, wsabuf 0x32f6e4, nbufs 1, flags 0, from 0x32f734, fromlen 16, ovl (nil), func (nil)
0009:trace:winsock:WS2_recv_base fd=43, options=20
0009:trace:winsock:WS2_recv_base  -> 10 bytes
0009:trace:winsock:WS2_sendto socket 0138, wsabuf 0x32f9c4, nbufs 1, flags 0, to 0x2bbad94, tolen 16, ovl (nil), func (nil)
0009:trace:winsock:WS2_sendto fd=43, options=20
0009:trace:winsock:WS2_sendto  -> 12 bytes
0009:trace:winsock:WS2_recv_base socket 0138, wsabuf 0x32f6e4, nbufs 1, flags 0, from 0x32f734, fromlen 16, ovl (nil), func (nil)
0009:trace:winsock:WS2_recv_base fd=43, options=20
0009:trace:winsock:WS2_recv_base  -> 12 bytes
0009:trace:winsock:WS2_recv_base socket 0138, wsabuf 0x32f6e4, nbufs 1, flags 0, from 0x32f734, fromlen 16, ovl (nil), func (nil)
0009:trace:winsock:WS2_recv_base fd=43, options=20
0009:trace:winsock:WS2_recv_base  -> 10 bytes
0009:trace:winsock:WS2_sendto socket 0138, wsabuf 0x32f5e4, nbufs 1, flags 0, to 0x2bbad94, tolen 16, ovl (nil), func (nil)
0009:trace:winsock:WS2_sendto fd=43, options=20
0009:trace:winsock:WS2_sendto  -> 10 bytes
0009:trace:winsock:WS2_sendto socket 0138, wsabuf 0x32f9c4, nbufs 1, flags 0, to 0x2bbad94, tolen 16, ovl (nil), func (nil)
0009:trace:winsock:WS2_sendto fd=43, options=20
0009:trace:winsock:WS2_sendto  -> 12 bytes
0009:trace:winsock:WS2_recv_base socket 0138, wsabuf 0x32f6e4, nbufs 1, flags 0, from 0x32f734, fromlen 16, ovl (nil), func (nil)
0009:trace:winsock:WS2_recv_base fd=43, options=20
0009:trace:winsock:WS2_recv_base  -> 12 bytes
0009:trace:winsock:WS2_sendto socket 0138, wsabuf 0x32ef34, nbufs 1, flags 0, to 0x2bbad94, tolen 16, ovl (nil), func (nil)
0009:trace:winsock:WS2_sendto fd=43, options=20
0009:trace:winsock:WS2_sendto  -> 12 bytes
0009:trace:winsock:WS2_recv_base socket 0138, wsabuf 0x32f6e4, nbufs 1, flags 0, from 0x32f734, fromlen 16, ovl (nil), func (nil)
0009:trace:winsock:WS2_recv_base fd=43, options=20
0009:trace:winsock:WS2_recv_base  -> 12 bytes
0009:trace:winsock:WS2_sendto socket 0138, wsabuf 0x32f5e4, nbufs 1, flags 0, to 0x2bbad94, tolen 16, ovl (nil), func (nil)
0009:trace:winsock:WS2_sendto fd=43, options=20
0009:trace:winsock:WS2_sendto  -> 10 bytes
0009:trace:winsock:WS2_recv_base socket 0138, wsabuf 0x32f6e4, nbufs 1, flags 0, from 0x32f734, fromlen 16, ovl (nil), func (nil)
0009:trace:winsock:WS2_recv_base fd=43, options=20
0009:trace:winsock:WS2_recv_base  -> 12 bytes
0009:trace:winsock:WS2_sendto socket 0138, wsabuf 0x32ef34, nbufs 1, flags 0, to 0x2bbad94, tolen 16, ovl (nil), func (nil)
0009:trace:winsock:WS2_sendto fd=43, options=20
0009:trace:winsock:WS2_sendto  -> 12 bytes
0009:trace:winsock:WS2_recv_base socket 0138, wsabuf 0x32f6e4, nbufs 1, flags 0, from 0x32f734, fromlen 16, ovl (nil), func (nil)
0009:trace:winsock:WS2_recv_base fd=43, options=20
0009:trace:winsock:WS2_recv_base  -> 10 bytes
0009:fixme:msctf:LangBarMgr_GetShowFloatingStatus STUB:(01DE5828)
0009:fixme:msctf:LangBarMgr_ShowFloating STUB:(01DE5828)
0009:trace:winsock:WS2_recv_base socket 0138, wsabuf 0x32f6e4, nbufs 1, flags 0, from 0x32f734, fromlen 16, ovl (nil), func (nil)
0009:trace:winsock:WS2_recv_base fd=39, options=20
0009:trace:winsock:WS2_recv_base  -> 10 bytes
0009:trace:winsock:WS2_sendto socket 0138, wsabuf 0x32f5e4, nbufs 1, flags 0, to 0x2bbad94, tolen 16, ovl (nil), func (nil)
0009:trace:winsock:WS2_sendto fd=39, options=20
0009:trace:winsock:WS2_sendto  -> 10 bytes
0009:trace:winsock:WS2_sendto socket 0138, wsabuf 0x32f5e4, nbufs 1, flags 0, to 0x2bbad94, tolen 16, ovl (nil), func (nil)
0009:trace:winsock:WS2_sendto fd=39, options=20
0009:trace:winsock:WS2_sendto  -> 10 bytes
0009:trace:winsock:WS2_recv_base socket 0138, wsabuf 0x32f6e4, nbufs 1, flags 0, from 0x32f734, fromlen 16, ovl (nil), func (nil)
0009:trace:winsock:WS2_recv_base fd=39, options=20
0009:trace:winsock:WS2_recv_base  -> 10 bytes
0009:trace:winsock:WS2_recv_base socket 0138, wsabuf 0x32f6e4, nbufs 1, flags 0, from 0x32f734, fromlen 16, ovl (nil), func (nil)
0009:trace:winsock:WS2_recv_base fd=39, options=20
0009:trace:winsock:WS2_recv_base  -> 16 bytes
0009:trace:winsock:WS2_recv_base socket 0138, wsabuf 0x32f6e4, nbufs 1, flags 0, from 0x32f734, fromlen 16, ovl (nil), func (nil)
0009:trace:winsock:WS2_recv_base fd=39, options=20
0009:trace:winsock:WS2_recv_base  -> 10 bytes
0009:trace:winsock:WS2_recv_base socket 0138, wsabuf 0x32f6e4, nbufs 1, flags 0, from 0x32f734, fromlen 16, ovl (nil), func (nil)
0009:trace:winsock:WS2_recv_base fd=39, options=20
0009:trace:winsock:WS2_recv_base  -> 16 bytes
0009:trace:winsock:WS2_sendto socket 0138, wsabuf 0x32f5e4, nbufs 1, flags 0, to 0x2bbad94, tolen 16, ovl (nil), func (nil)
0009:trace:winsock:WS2_sendto fd=39, options=20
0009:trace:winsock:WS2_sendto  -> 10 bytes
0009:trace:winsock:WS2_sendto socket 0138, wsabuf 0x32f5e4, nbufs 1, flags 0, to 0x2bbad94, tolen 16, ovl (nil), func (nil)
0009:trace:winsock:WS2_sendto fd=39, options=20
0009:trace:winsock:WS2_sendto  -> 10 bytes
0009:trace:winsock:WS2_sendto socket 0138, wsabuf 0x32f964, nbufs 1, flags 0, to 0x2bbad94, tolen 16, ovl (nil), func (nil)
0009:trace:winsock:WS2_sendto fd=39, options=20
0009:trace:winsock:WS2_sendto  -> 16 bytes
0009:trace:winsock:WS2_sendto socket 0138, wsabuf 0x32f964, nbufs 1, flags 0, to 0x2bbad94, tolen 16, ovl (nil), func (nil)
0009:trace:winsock:WS2_sendto fd=39, options=20
0009:trace:winsock:WS2_sendto  -> 16 bytes
0009:trace:winsock:WS2_recv_base socket 0138, wsabuf 0x32f6e4, nbufs 1, flags 0, from 0x32f734, fromlen 16, ovl (nil), func (nil)
0009:trace:winsock:WS2_recv_base fd=39, options=20
0009:trace:winsock:WS2_recv_base  -> 10 bytes
0009:trace:winsock:WS2_recv_base socket 0138, wsabuf 0x32f6e4, nbufs 1, flags 0, from 0x32f734, fromlen 16, ovl (nil), func (nil)
0009:trace:winsock:WS2_recv_base fd=39, options=20
0009:trace:winsock:WS2_recv_base  -> 10 bytes
0009:trace:winsock:WS2_sendto socket 0138, wsabuf 0x32f5e4, nbufs 1, flags 0, to 0x2bbad94, tolen 16, ovl (nil), func (nil)
0009:trace:winsock:WS2_sendto fd=39, options=20
0009:trace:winsock:WS2_sendto  -> 10 bytes
0009:trace:winsock:WS2_sendto socket 0138, wsabuf 0x32f5e4, nbufs 1, flags 0, to 0x2bbad94, tolen 16, ovl (nil), func (nil)
0009:trace:winsock:WS2_sendto fd=39, options=20
0009:trace:winsock:WS2_sendto  -> 10 bytes
0009:trace:winsock:WS2_recv_base socket 0138, wsabuf 0x32f6e4, nbufs 1, flags 0, from 0x32f734, fromlen 16, ovl (nil), func (nil)
0009:trace:winsock:WS2_recv_base fd=39, options=20
0009:trace:winsock:WS2_recv_base  -> 10 bytes
0009:trace:winsock:WS2_sendto socket 0138, wsabuf 0x32f9c4, nbufs 1, flags 0, to 0x2bbad94, tolen 16, ovl (nil), func (nil)
0009:trace:winsock:WS2_sendto fd=39, options=20
0009:trace:winsock:WS2_sendto  -> 12 bytes
0009:trace:winsock:WS2_recv_base socket 0138, wsabuf 0x32f6e4, nbufs 1, flags 0, from 0x32f734, fromlen 16, ovl (nil), func (nil)
0009:trace:winsock:WS2_recv_base fd=39, options=20
0009:trace:winsock:WS2_recv_base  -> 12 bytes
0009:trace:winsock:WS2_recv_base socket 0138, wsabuf 0x32f6e4, nbufs 1, flags 0, from 0x32f734, fromlen 16, ovl (nil), func (nil)
0009:trace:winsock:WS2_recv_base fd=39, options=20
0009:trace:winsock:WS2_recv_base  -> 10 bytes
0009:trace:winsock:WS2_sendto socket 0138, wsabuf 0x32f5e4, nbufs 1, flags 0, to 0x2bbad94, tolen 16, ovl (nil), func (nil)
0009:trace:winsock:WS2_sendto fd=39, options=20
0009:trace:winsock:WS2_sendto  -> 10 bytes
0009:trace:winsock:WS2_sendto socket 0138, wsabuf 0x32f5e4, nbufs 1, flags 0, to 0x2bbad94, tolen 16, ovl (nil), func (nil)
0009:trace:winsock:WS2_sendto fd=39, options=20
0009:trace:winsock:WS2_sendto  -> 10 bytes
0009:trace:winsock:WS2_sendto socket 0138, wsabuf 0x32f9c4, nbufs 1, flags 0, to 0x2bbad94, tolen 16, ovl (nil), func (nil)
0009:trace:winsock:WS2_sendto fd=39, options=20
0009:trace:winsock:WS2_sendto  -> 12 bytes
0009:trace:winsock:WS2_recv_base socket 0138, wsabuf 0x32f6e4, nbufs 1, flags 0, from 0x32f734, fromlen 16, ovl (nil), func (nil)
0009:trace:winsock:WS2_recv_base fd=39, options=20
0009:trace:winsock:WS2_recv_base  -> 12 bytes
0009:trace:winsock:WS2_recv_base socket 0138, wsabuf 0x32f6e4, nbufs 1, flags 0, from 0x32f734, fromlen 16, ovl (nil), func (nil)
0009:trace:winsock:WS2_recv_base fd=39, options=20
0009:trace:winsock:WS2_recv_base  -> 12 bytes
0009:trace:winsock:WS2_sendto socket 0138, wsabuf 0x32ef34, nbufs 1, flags 0, to 0x2bbad94, tolen 16, ovl (nil), func (nil)
0009:trace:winsock:WS2_sendto fd=39, options=20
0009:trace:winsock:WS2_sendto  -> 12 bytes
0009:trace:winsock:WS2_recv_base socket 0138, wsabuf 0x32f6e4, nbufs 1, flags 0, from 0x32f734, fromlen 16, ovl (nil), func (nil)
0009:trace:winsock:WS2_recv_base fd=39, options=20
0009:trace:winsock:WS2_recv_base  -> 10 bytes
0009:trace:winsock:WS2_recv_base socket 0138, wsabuf 0x32f6e4, nbufs 1, flags 0, from 0x32f734, fromlen 16, ovl (nil), func (nil)
0009:trace:winsock:WS2_recv_base fd=39, options=20
0009:trace:winsock:WS2_recv_base  -> 12 bytes
0009:trace:winsock:WS2_sendto socket 0138, wsabuf 0x32ef34, nbufs 1, flags 0, to 0x2bbad94, tolen 16, ovl (nil), func (nil)
0009:trace:winsock:WS2_sendto fd=39, options=20
0009:trace:winsock:WS2_sendto  -> 12 bytes
0009:trace:winsock:WS2_recv_base socket 0138, wsabuf 0x32f6e4, nbufs 1, flags 0, from 0x32f734, fromlen 16, ovl (nil), func (nil)
0009:trace:winsock:WS2_recv_base fd=39, options=20
0009:trace:winsock:WS2_recv_base  -> 16 bytes
0009:trace:winsock:WS2_recv_base socket 0138, wsabuf 0x32f6e4, nbufs 1, flags 0, from 0x32f734, fromlen 16, ovl (nil), func (nil)
0009:trace:winsock:WS2_recv_base fd=39, options=20
0009:trace:winsock:WS2_recv_base  -> 10 bytes
0009:trace:winsock:WS2_sendto socket 0138, wsabuf 0x32f5e4, nbufs 1, flags 0, to 0x2bbad94, tolen 16, ovl (nil), func (nil)
0009:trace:winsock:WS2_sendto fd=39, options=20
0009:trace:winsock:WS2_sendto  -> 10 bytes
0009:trace:winsock:WS2_recv_base socket 0138, wsabuf 0x32f6e4, nbufs 1, flags 0, from 0x32f734, fromlen 16, ovl (nil), func (nil)
0009:trace:winsock:WS2_recv_base fd=39, options=20
0009:trace:winsock:WS2_recv_base  -> 16 bytes
0009:trace:winsock:WS2_sendto socket 0138, wsabuf 0x32f5e4, nbufs 1, flags 0, to 0x2bbad94, tolen 16, ovl (nil), func (nil)
0009:trace:winsock:WS2_sendto fd=39, options=20
0009:trace:winsock:WS2_sendto  -> 10 bytes
0009:trace:winsock:WS2_sendto socket 0138, wsabuf 0x32f964, nbufs 1, flags 0, to 0x2bbad94, tolen 16, ovl (nil), func (nil)
0009:trace:winsock:WS2_sendto fd=39, options=20
0009:trace:winsock:WS2_sendto  -> 16 bytes
0009:trace:winsock:WS2_sendto socket 0138, wsabuf 0x32f964, nbufs 1, flags 0, to 0x2bbad94, tolen 16, ovl (nil), func (nil)
0009:trace:winsock:WS2_sendto fd=39, options=20
0009:trace:winsock:WS2_sendto  -> 16 bytes
0009:trace:winsock:WS2_recv_base socket 0138, wsabuf 0x32f6e4, nbufs 1, flags 0, from 0x32f734, fromlen 16, ovl (nil), func (nil)
0009:trace:winsock:WS2_recv_base fd=39, options=20
0009:trace:winsock:WS2_recv_base  -> 10 bytes
0009:trace:winsock:WS2_recv_base socket 0138, wsabuf 0x32f6e4, nbufs 1, flags 0, from 0x32f734, fromlen 16, ovl (nil), func (nil)
0009:trace:winsock:WS2_recv_base fd=39, options=20
0009:trace:winsock:WS2_recv_base  -> 10 bytes
0009:trace:winsock:WS2_sendto socket 0138, wsabuf 0x32f5e4, nbufs 1, flags 0, to 0x2bbad94, tolen 16, ovl (nil), func (nil)
0009:trace:winsock:WS2_sendto fd=39, options=20
0009:trace:winsock:WS2_sendto  -> 10 bytes
0009:trace:winsock:WS2_sendto socket 0138, wsabuf 0x32f5e4, nbufs 1, flags 0, to 0x2bbad94, tolen 16, ovl (nil), func (nil)
0009:trace:winsock:WS2_sendto fd=39, options=20
0009:trace:winsock:WS2_sendto  -> 10 bytes
0009:trace:winsock:WS2_recv_base socket 0138, wsabuf 0x32f6e4, nbufs 1, flags 0, from 0x32f734, fromlen 16, ovl (nil), func (nil)
0009:trace:winsock:WS2_recv_base fd=39, options=20
0009:trace:winsock:WS2_recv_base  -> 10 bytes
0009:trace:winsock:WS2_sendto socket 0138, wsabuf 0x32f964, nbufs 1, flags 0, to 0x2bbad94, tolen 16, ovl (nil), func (nil)
0009:trace:winsock:WS2_sendto fd=39, options=20
0009:trace:winsock:WS2_sendto  -> 22 bytes
0009:trace:winsock:WS2_sendto socket 0138, wsabuf 0x32f964, nbufs 1, flags 0, to 0x2bbad94, tolen 16, ovl (nil), func (nil)
0009:trace:winsock:WS2_sendto fd=39, options=20
0009:trace:winsock:WS2_sendto  -> 22 bytes
0009:trace:winsock:WS2_recv_base socket 0138, wsabuf 0x32f6e4, nbufs 1, flags 0, from 0x32f734, fromlen 16, ovl (nil), func (nil)
0009:trace:winsock:WS2_recv_base fd=39, options=20
0009:trace:winsock:WS2_recv_base  -> 10 bytes
0009:trace:winsock:WS2_sendto socket 0138, wsabuf 0x32f5e4, nbufs 1, flags 0, to 0x2bbad94, tolen 16, ovl (nil), func (nil)
0009:trace:winsock:WS2_sendto fd=39, options=20
0009:trace:winsock:WS2_sendto  -> 10 bytes
0009:trace:winsock:WS2_sendto socket 0138, wsabuf 0x32f5e4, nbufs 1, flags 0, to 0x2bbad94, tolen 16, ovl (nil), func (nil)
0009:trace:winsock:WS2_sendto fd=39, options=20
0009:trace:winsock:WS2_sendto  -> 10 bytes
0009:trace:winsock:WS2_recv_base socket 0138, wsabuf 0x32f6e4, nbufs 1, flags 0, from 0x32f734, fromlen 16, ovl (nil), func (nil)
0009:trace:winsock:WS2_recv_base fd=39, options=20
0009:trace:winsock:WS2_recv_base  -> 10 bytes
0009:trace:winsock:WS2_recv_base socket 0138, wsabuf 0x32f6e4, nbufs 1, flags 0, from 0x32f734, fromlen 16, ovl (nil), func (nil)
0009:trace:winsock:WS2_recv_base fd=39, options=20
0009:trace:winsock:WS2_recv_base  -> 16 bytes
0009:trace:winsock:WS2_recv_base socket 0138, wsabuf 0x32f6e4, nbufs 1, flags 0, from 0x32f734, fromlen 16, ovl (nil), func (nil)
0009:trace:winsock:WS2_recv_base fd=39, options=20
0009:trace:winsock:WS2_recv_base  -> 10 bytes
0009:trace:winsock:WS2_sendto socket 0138, wsabuf 0x32f9c4, nbufs 1, flags 0, to 0x2bbad94, tolen 16, ovl (nil), func (nil)
0009:trace:winsock:WS2_sendto fd=39, options=20
0009:trace:winsock:WS2_sendto  -> 12 bytes
0009:trace:winsock:WS2_recv_base socket 0138, wsabuf 0x32f6e4, nbufs 1, flags 0, from 0x32f734, fromlen 16, ovl (nil), func (nil)
0009:trace:winsock:WS2_recv_base fd=39, options=20
0009:trace:winsock:WS2_recv_base  -> 12 bytes
0009:trace:winsock:WS2_sendto socket 0138, wsabuf 0x32f5e4, nbufs 1, flags 0, to 0x2bbad94, tolen 16, ovl (nil), func (nil)
0009:trace:winsock:WS2_sendto fd=39, options=20
0009:trace:winsock:WS2_sendto  -> 10 bytes
0009:trace:winsock:WS2_sendto socket 0138, wsabuf 0x32f5e4, nbufs 1, flags 0, to 0x2bbad94, tolen 16, ovl (nil), func (nil)
0009:trace:winsock:WS2_sendto fd=39, options=20
0009:trace:winsock:WS2_sendto  -> 10 bytes
0009:trace:winsock:WS2_sendto socket 0138, wsabuf 0x32f9c4, nbufs 1, flags 0, to 0x2bbad94, tolen 16, ovl (nil), func (nil)
0009:trace:winsock:WS2_sendto fd=39, options=20
0009:trace:winsock:WS2_sendto  -> 12 bytes
0009:trace:winsock:WS2_recv_base socket 0138, wsabuf 0x32f6e4, nbufs 1, flags 0, from 0x32f734, fromlen 16, ovl (nil), func (nil)
0009:trace:winsock:WS2_recv_base fd=39, options=20
0009:trace:winsock:WS2_recv_base  -> 12 bytes
0009:trace:winsock:WS2_recv_base socket 0138, wsabuf 0x32f6e4, nbufs 1, flags 0, from 0x32f734, fromlen 16, ovl (nil), func (nil)
0009:trace:winsock:WS2_recv_base fd=39, options=20
0009:trace:winsock:WS2_recv_base  -> 16 bytes
0009:trace:winsock:WS2_recv_base socket 0138, wsabuf 0x32f6e4, nbufs 1, flags 0, from 0x32f734, fromlen 16, ovl (nil), func (nil)
0009:trace:winsock:WS2_recv_base fd=39, options=20
0009:trace:winsock:WS2_recv_base  -> 12 bytes
0009:trace:winsock:WS2_sendto socket 0138, wsabuf 0x32ef34, nbufs 1, flags 0, to 0x2bbad94, tolen 16, ovl (nil), func (nil)
0009:trace:winsock:WS2_sendto fd=39, options=20
0009:trace:winsock:WS2_sendto  -> 12 bytes
0009:trace:winsock:WS2_sendto socket 0138, wsabuf 0x32f964, nbufs 1, flags 0, to 0x2bbad94, tolen 16, ovl (nil), func (nil)
0009:trace:winsock:WS2_sendto fd=39, options=20
0009:trace:winsock:WS2_sendto  -> 16 bytes
0009:trace:winsock:WS2_sendto socket 0138, wsabuf 0x32f964, nbufs 1, flags 0, to 0x2bbad94, tolen 16, ovl (nil), func (nil)
0009:trace:winsock:WS2_sendto fd=39, options=20
0009:trace:winsock:WS2_sendto  -> 16 bytes
0009:trace:winsock:WS2_recv_base socket 0138, wsabuf 0x32f6e4, nbufs 1, flags 0, from 0x32f734, fromlen 16, ovl (nil), func (nil)
0009:trace:winsock:WS2_recv_base fd=39, options=20
0009:trace:winsock:WS2_recv_base  -> 10 bytes
0009:trace:winsock:WS2_recv_base socket 0138, wsabuf 0x32f6e4, nbufs 1, flags 0, from 0x32f734, fromlen 16, ovl (nil), func (nil)
0009:trace:winsock:WS2_recv_base fd=39, options=20
0009:trace:winsock:WS2_recv_base  -> 12 bytes
0009:trace:winsock:WS2_sendto socket 0138, wsabuf 0x32ef34, nbufs 1, flags 0, to 0x2bbad94, tolen 16, ovl (nil), func (nil)
0009:trace:winsock:WS2_sendto fd=39, options=20
0009:trace:winsock:WS2_sendto  -> 12 bytes
0009:trace:winsock:WS2_recv_base socket 0138, wsabuf 0x32f6e4, nbufs 1, flags 0, from 0x32f734, fromlen 16, ovl (nil), func (nil)
0009:trace:winsock:WS2_recv_base fd=39, options=20
0009:trace:winsock:WS2_recv_base  -> 10 bytes
0009:trace:winsock:WS2_sendto socket 0138, wsabuf 0x32f5e4, nbufs 1, flags 0, to 0x2bbad94, tolen 16, ovl (nil), func (nil)
0009:trace:winsock:WS2_sendto fd=39, options=20
0009:trace:winsock:WS2_sendto  -> 10 bytes
0009:trace:winsock:WS2_sendto socket 0138, wsabuf 0x32f5e4, nbufs 1, flags 0, to 0x2bbad94, tolen 16, ovl (nil), func (nil)
0009:trace:winsock:WS2_sendto fd=39, options=20
0009:trace:winsock:WS2_sendto  -> 10 bytes
0009:trace:winsock:WS2_recv_base socket 0138, wsabuf 0x32f6e4, nbufs 1, flags 0, from 0x32f734, fromlen 16, ovl (nil), func (nil)
0009:trace:winsock:WS2_recv_base fd=39, options=20
0009:trace:winsock:WS2_recv_base  -> 10 bytes
0009:trace:winsock:WS2_recv_base socket 0138, wsabuf 0x32f6e4, nbufs 1, flags 0, from 0x32f734, fromlen 16, ovl (nil), func (nil)
0009:trace:winsock:WS2_recv_base fd=39, options=20
0009:trace:winsock:WS2_recv_base  -> 10 bytes
0009:trace:winsock:WS2_sendto socket 0138, wsabuf 0x32f5e4, nbufs 1, flags 0, to 0x2bbad94, tolen 16, ovl (nil), func (nil)
0009:trace:winsock:WS2_sendto fd=39, options=20
0009:trace:winsock:WS2_sendto  -> 10 bytes
0009:trace:winsock:WS2_sendto socket 0138, wsabuf 0x32f5e4, nbufs 1, flags 0, to 0x2bbad94, tolen 16, ovl (nil), func (nil)
0009:trace:winsock:WS2_sendto fd=39, options=20
0009:trace:winsock:WS2_sendto  -> 10 bytes
0009:trace:winsock:WS2_recv_base socket 0138, wsabuf 0x32f6e4, nbufs 1, flags 0, from 0x32f734, fromlen 16, ovl (nil), func (nil)
0009:trace:winsock:WS2_recv_base fd=39, options=20
0009:trace:winsock:WS2_recv_base  -> 10 bytes
0009:trace:winsock:WS2_recv_base socket 0138, wsabuf 0x32f6e4, nbufs 1, flags 0, from 0x32f734, fromlen 16, ovl (nil), func (nil)
0009:trace:winsock:WS2_recv_base fd=39, options=20
0009:trace:winsock:WS2_recv_base  -> 10 bytes
0009:trace:winsock:WS2_recv_base socket 0138, wsabuf 0x32f6e4, nbufs 1, flags 0, from 0x32f734, fromlen 16, ovl (nil), func (nil)
0009:trace:winsock:WS2_recv_base fd=39, options=20
0009:trace:winsock:WS2_recv_base  -> 16 bytes
0009:trace:winsock:WS2_sendto socket 0138, wsabuf 0x32f5e4, nbufs 1, flags 0, to 0x2bbad94, tolen 16, ovl (nil), func (nil)
0009:trace:winsock:WS2_sendto fd=39, options=20
0009:trace:winsock:WS2_sendto  -> 10 bytes
0009:trace:winsock:WS2_sendto socket 0138, wsabuf 0x32f5e4, nbufs 1, flags 0, to 0x2bbad94, tolen 16, ovl (nil), func (nil)
0009:trace:winsock:WS2_sendto fd=39, options=20
0009:trace:winsock:WS2_sendto  -> 10 bytes
0009:trace:winsock:WS2_recv_base socket 0138, wsabuf 0x32f6e4, nbufs 1, flags 0, from 0x32f734, fromlen 16, ovl (nil), func (nil)
0009:trace:winsock:WS2_recv_base fd=39, options=20
0009:trace:winsock:WS2_recv_base  -> 16 bytes
0009:trace:winsock:WS2_recv_base socket 0138, wsabuf 0x32f6e4, nbufs 1, flags 0, from 0x32f734, fromlen 16, ovl (nil), func (nil)
0009:trace:winsock:WS2_recv_base fd=39, options=20
0009:trace:winsock:WS2_recv_base  -> 10 bytes
0009:trace:winsock:WS2_sendto socket 0138, wsabuf 0x32f964, nbufs 1, flags 0, to 0x2bbad94, tolen 16, ovl (nil), func (nil)
0009:trace:winsock:WS2_sendto fd=39, options=20
0009:trace:winsock:WS2_sendto  -> 16 bytes
0009:trace:winsock:WS2_sendto socket 0138, wsabuf 0x32f964, nbufs 1, flags 0, to 0x2bbad94, tolen 16, ovl (nil), func (nil)
0009:trace:winsock:WS2_sendto fd=39, options=20
0009:trace:winsock:WS2_sendto  -> 16 bytes
0009:trace:winsock:WS2_recv_base socket 0138, wsabuf 0x32f6e4, nbufs 1, flags 0, from 0x32f734, fromlen 16, ovl (nil), func (nil)
0009:trace:winsock:WS2_recv_base fd=39, options=20
0009:trace:winsock:WS2_recv_base  -> 10 bytes
0009:trace:winsock:WS2_sendto socket 0138, wsabuf 0x32f9c4, nbufs 1, flags 0, to 0x2bbad94, tolen 16, ovl (nil), func (nil)
0009:trace:winsock:WS2_sendto fd=39, options=20
0009:trace:winsock:WS2_sendto  -> 12 bytes
0009:trace:winsock:WS2_recv_base socket 0138, wsabuf 0x32f6e4, nbufs 1, flags 0, from 0x32f734, fromlen 16, ovl (nil), func (nil)
0009:trace:winsock:WS2_recv_base fd=39, options=20
0009:trace:winsock:WS2_recv_base  -> 12 bytes
0009:trace:winsock:WS2_sendto socket 0138, wsabuf 0x32f5e4, nbufs 1, flags 0, to 0x2bbad94, tolen 16, ovl (nil), func (nil)
0009:trace:winsock:WS2_sendto fd=39, options=20
0009:trace:winsock:WS2_sendto  -> 10 bytes
0009:trace:winsock:WS2_sendto socket 0138, wsabuf 0x32f5e4, nbufs 1, flags 0, to 0x2bbad94, tolen 16, ovl (nil), func (nil)
0009:trace:winsock:WS2_sendto fd=39, options=20
0009:trace:winsock:WS2_sendto  -> 10 bytes
0009:trace:winsock:WS2_sendto socket 0138, wsabuf 0x32f9c4, nbufs 1, flags 0, to 0x2bbad94, tolen 16, ovl (nil), func (nil)
0009:trace:winsock:WS2_sendto fd=39, options=20
0009:trace:winsock:WS2_sendto  -> 12 bytes
0009:trace:winsock:WS2_recv_base socket 0138, wsabuf 0x32f6e4, nbufs 1, flags 0, from 0x32f734, fromlen 16, ovl (nil), func (nil)
0009:trace:winsock:WS2_recv_base fd=39, options=20
0009:trace:winsock:WS2_recv_base  -> 12 bytes
0009:trace:winsock:WS2_recv_base socket 0138, wsabuf 0x32f6e4, nbufs 1, flags 0, from 0x32f734, fromlen 16, ovl (nil), func (nil)
0009:trace:winsock:WS2_recv_base fd=39, options=20
0009:trace:winsock:WS2_recv_base  -> 12 bytes
0009:trace:winsock:WS2_sendto socket 0138, wsabuf 0x32ef34, nbufs 1, flags 0, to 0x2bbad94, tolen 16, ovl (nil), func (nil)
0009:trace:winsock:WS2_sendto fd=39, options=20
0009:trace:winsock:WS2_sendto  -> 12 bytes
0009:trace:winsock:WS2_recv_base socket 0138, wsabuf 0x32f6e4, nbufs 1, flags 0, from 0x32f734, fromlen 16, ovl (nil), func (nil)
0009:trace:winsock:WS2_recv_base fd=39, options=20
0009:trace:winsock:WS2_recv_base  -> 10 bytes
0009:trace:winsock:WS2_recv_base socket 0138, wsabuf 0x32f6e4, nbufs 1, flags 0, from 0x32f734, fromlen 16, ovl (nil), func (nil)
0009:trace:winsock:WS2_recv_base fd=39, options=20
0009:trace:winsock:WS2_recv_base  -> 12 bytes
0009:trace:winsock:WS2_sendto socket 0138, wsabuf 0x32ef34, nbufs 1, flags 0, to 0x2bbad94, tolen 16, ovl (nil), func (nil)
0009:trace:winsock:WS2_sendto fd=39, options=20
0009:trace:winsock:WS2_sendto  -> 12 bytes
0009:trace:winsock:WS2_recv_base socket 0138, wsabuf 0x32f6e4, nbufs 1, flags 0, from 0x32f734, fromlen 16, ovl (nil), func (nil)
0009:trace:winsock:WS2_recv_base fd=39, options=20
0009:trace:winsock:WS2_recv_base  -> 10 bytes
0009:trace:winsock:WS2_sendto socket 0138, wsabuf 0x32f5e4, nbufs 1, flags 0, to 0x2bbad94, tolen 16, ovl (nil), func (nil)
0009:trace:winsock:WS2_sendto fd=39, options=20
0009:trace:winsock:WS2_sendto  -> 10 bytes
0009:trace:winsock:WS2_sendto socket 0138, wsabuf 0x32f5e4, nbufs 1, flags 0, to 0x2bbad94, tolen 16, ovl (nil), func (nil)
0009:trace:winsock:WS2_sendto fd=39, options=20
0009:trace:winsock:WS2_sendto  -> 10 bytes
0009:trace:winsock:WS2_recv_base socket 0138, wsabuf 0x32f6e4, nbufs 1, flags 0, from 0x32f734, fromlen 16, ovl (nil), func (nil)
0009:trace:winsock:WS2_recv_base fd=39, options=20
0009:trace:winsock:WS2_recv_base  -> 10 bytes
0009:trace:winsock:WS2_recv_base socket 0138, wsabuf 0x32f6e4, nbufs 1, flags 0, from 0x32f734, fromlen 16, ovl (nil), func (nil)
0009:trace:winsock:WS2_recv_base fd=39, options=20
0009:trace:winsock:WS2_recv_base  -> 10 bytes
0009:trace:winsock:WS2_sendto socket 0138, wsabuf 0x32f5e4, nbufs 1, flags 0, to 0x2bbad94, tolen 16, ovl (nil), func (nil)
0009:trace:winsock:WS2_sendto fd=39, options=20
0009:trace:winsock:WS2_sendto  -> 10 bytes
0009:trace:winsock:WS2_sendto socket 0138, wsabuf 0x32f5e4, nbufs 1, flags 0, to 0x2bbad94, tolen 16, ovl (nil), func (nil)
0009:trace:winsock:WS2_sendto fd=39, options=20
0009:trace:winsock:WS2_sendto  -> 10 bytes
0009:trace:winsock:WS2_recv_base socket 0138, wsabuf 0x32f6e4, nbufs 1, flags 0, from 0x32f734, fromlen 16, ovl (nil), func (nil)
0009:trace:winsock:WS2_recv_base fd=39, options=20
0009:trace:winsock:WS2_recv_base  -> 16 bytes
0009:trace:winsock:WS2_recv_base socket 0138, wsabuf 0x32f6e4, nbufs 1, flags 0, from 0x32f734, fromlen 16, ovl (nil), func (nil)
0009:trace:winsock:WS2_recv_base fd=39, options=20
0009:trace:winsock:WS2_recv_base  -> 16 bytes
0009:trace:winsock:WS2_recv_base socket 0138, wsabuf 0x32f6e4, nbufs 1, flags 0, from 0x32f734, fromlen 16, ovl (nil), func (nil)
0009:trace:winsock:WS2_recv_base fd=39, options=20
0009:trace:winsock:WS2_recv_base  -> 10 bytes
0009:trace:winsock:WS2_sendto socket 0138, wsabuf 0x32f964, nbufs 1, flags 0, to 0x2bbad94, tolen 16, ovl (nil), func (nil)
0009:trace:winsock:WS2_sendto fd=39, options=20
0009:trace:winsock:WS2_sendto  -> 16 bytes
0009:trace:winsock:WS2_sendto socket 0138, wsabuf 0x32f964, nbufs 1, flags 0, to 0x2bbad94, tolen 16, ovl (nil), func (nil)
0009:trace:winsock:WS2_sendto fd=39, options=20
0009:trace:winsock:WS2_sendto  -> 16 bytes
0009:trace:winsock:WS2_recv_base socket 0138, wsabuf 0x32f6e4, nbufs 1, flags 0, from 0x32f734, fromlen 16, ovl (nil), func (nil)
0009:trace:winsock:WS2_recv_base fd=39, options=20
0009:trace:winsock:WS2_recv_base  -> 10 bytes
0009:trace:winsock:WS2_sendto socket 0138, wsabuf 0x32f5e4, nbufs 1, flags 0, to 0x2bbad94, tolen 16, ovl (nil), func (nil)
0009:trace:winsock:WS2_sendto fd=39, options=20
0009:trace:winsock:WS2_sendto  -> 10 bytes
0009:trace:winsock:WS2_sendto socket 0138, wsabuf 0x32f5e4, nbufs 1, flags 0, to 0x2bbad94, tolen 16, ovl (nil), func (nil)
0009:trace:winsock:WS2_sendto fd=39, options=20
0009:trace:winsock:WS2_sendto  -> 10 bytes
0009:trace:winsock:WS2_recv_base socket 0138, wsabuf 0x32f6e4, nbufs 1, flags 0, from 0x32f734, fromlen 16, ovl (nil), func (nil)
0009:trace:winsock:WS2_recv_base fd=39, options=20
0009:trace:winsock:WS2_recv_base  -> 10 bytes
0009:trace:winsock:WS2_recv_base socket 0138, wsabuf 0x32f6e4, nbufs 1, flags 0, from 0x32f734, fromlen 16, ovl (nil), func (nil)
0009:trace:winsock:WS2_recv_base fd=39, options=20
0009:trace:winsock:WS2_recv_base  -> 10 bytes
0009:trace:winsock:WS2_sendto socket 0138, wsabuf 0x32f5e4, nbufs 1, flags 0, to 0x2bbad94, tolen 16, ovl (nil), func (nil)
0009:trace:winsock:WS2_sendto fd=39, options=20
0009:trace:winsock:WS2_sendto  -> 10 bytes
0009:trace:winsock:WS2_sendto socket 0138, wsabuf 0x32f9c4, nbufs 1, flags 0, to 0x2bbad94, tolen 16, ovl (nil), func (nil)
0009:trace:winsock:WS2_sendto fd=39, options=20
0009:trace:winsock:WS2_sendto  -> 12 bytes
0009:trace:winsock:WS2_recv_base socket 0138, wsabuf 0x32f6e4, nbufs 1, flags 0, from 0x32f734, fromlen 16, ovl (nil), func (nil)
0009:trace:winsock:WS2_recv_base fd=39, options=20
0009:trace:winsock:WS2_recv_base  -> 12 bytes
0009:trace:winsock:WS2_sendto socket 0138, wsabuf 0x32f5e4, nbufs 1, flags 0, to 0x2bbad94, tolen 16, ovl (nil), func (nil)
0009:trace:winsock:WS2_sendto fd=39, options=20
0009:trace:winsock:WS2_sendto  -> 10 bytes
0009:trace:winsock:WS2_sendto socket 0138, wsabuf 0x32f9c4, nbufs 1, flags 0, to 0x2bbad94, tolen 16, ovl (nil), func (nil)
0009:trace:winsock:WS2_sendto fd=39, options=20
0009:trace:winsock:WS2_sendto  -> 12 bytes
0009:trace:winsock:WS2_recv_base socket 0138, wsabuf 0x32f6e4, nbufs 1, flags 0, from 0x32f734, fromlen 16, ovl (nil), func (nil)
0009:trace:winsock:WS2_recv_base fd=39, options=20
0009:trace:winsock:WS2_recv_base  -> 12 bytes
0009:trace:winsock:WS2_recv_base socket 0138, wsabuf 0x32f6e4, nbufs 1, flags 0, from 0x32f734, fromlen 16, ovl (nil), func (nil)
0009:trace:winsock:WS2_recv_base fd=39, options=20
0009:trace:winsock:WS2_recv_base  -> 12 bytes
0009:trace:winsock:WS2_sendto socket 0138, wsabuf 0x32ef34, nbufs 1, flags 0, to 0x2bbad94, tolen 16, ovl (nil), func (nil)
0009:trace:winsock:WS2_sendto fd=39, options=20
0009:trace:winsock:WS2_sendto  -> 12 bytes
0009:trace:winsock:WS2_recv_base socket 0138, wsabuf 0x32f6e4, nbufs 1, flags 0, from 0x32f734, fromlen 16, ovl (nil), func (nil)
0009:trace:winsock:WS2_recv_base fd=39, options=20
0009:trace:winsock:WS2_recv_base  -> 10 bytes
0009:trace:winsock:WS2_recv_base socket 0138, wsabuf 0x32f6e4, nbufs 1, flags 0, from 0x32f734, fromlen 16, ovl (nil), func (nil)
0009:trace:winsock:WS2_recv_base fd=39, options=20
0009:trace:winsock:WS2_recv_base  -> 12 bytes
0009:trace:winsock:WS2_sendto socket 0138, wsabuf 0x32ef34, nbufs 1, flags 0, to 0x2bbad94, tolen 16, ovl (nil), func (nil)
0009:trace:winsock:WS2_sendto fd=39, options=20
0009:trace:winsock:WS2_sendto  -> 12 bytes
0009:trace:winsock:WS2_recv_base socket 0138, wsabuf 0x32f6e4, nbufs 1, flags 0, from 0x32f734, fromlen 16, ovl (nil), func (nil)
0009:trace:winsock:WS2_recv_base fd=39, options=20
0009:trace:winsock:WS2_recv_base  -> 10 bytes
0009:trace:winsock:WS2_sendto socket 0138, wsabuf 0x32f5e4, nbufs 1, flags 0, to 0x2bbad94, tolen 16, ovl (nil), func (nil)
0009:trace:winsock:WS2_sendto fd=39, options=20
0009:trace:winsock:WS2_sendto  -> 10 bytes
0009:trace:winsock:WS2_sendto socket 0138, wsabuf 0x32f5e4, nbufs 1, flags 0, to 0x2bbad94, tolen 16, ovl (nil), func (nil)
0009:trace:winsock:WS2_sendto fd=39, options=20
0009:trace:winsock:WS2_sendto  -> 10 bytes
0009:trace:winsock:WS2_recv_base socket 0138, wsabuf 0x32f6e4, nbufs 1, flags 0, from 0x32f734, fromlen 16, ovl (nil), func (nil)
0009:trace:winsock:WS2_recv_base fd=39, options=20
0009:trace:winsock:WS2_recv_base  -> 16 bytes
0009:trace:winsock:WS2_recv_base socket 0138, wsabuf 0x32f6e4, nbufs 1, flags 0, from 0x32f734, fromlen 16, ovl (nil), func (nil)
0009:trace:winsock:WS2_recv_base fd=39, options=20
0009:trace:winsock:WS2_recv_base  -> 16 bytes
0009:trace:winsock:WS2_recv_base socket 0138, wsabuf 0x32f6e4, nbufs 1, flags 0, from 0x32f734, fromlen 16, ovl (nil), func (nil)
0009:trace:winsock:WS2_recv_base fd=39, options=20
0009:trace:winsock:WS2_recv_base  -> 10 bytes
0009:trace:winsock:WS2_sendto socket 0138, wsabuf 0x32f964, nbufs 1, flags 0, to 0x2bbad94, tolen 16, ovl (nil), func (nil)
0009:trace:winsock:WS2_sendto fd=39, options=20
0009:trace:winsock:WS2_sendto  -> 16 bytes
0009:trace:winsock:WS2_sendto socket 0138, wsabuf 0x32f964, nbufs 1, flags 0, to 0x2bbad94, tolen 16, ovl (nil), func (nil)
0009:trace:winsock:WS2_sendto fd=39, options=20
0009:trace:winsock:WS2_sendto  -> 16 bytes
0009:trace:winsock:WS2_recv_base socket 0138, wsabuf 0x32f6e4, nbufs 1, flags 0, from 0x32f734, fromlen 16, ovl (nil), func (nil)
0009:trace:winsock:WS2_recv_base fd=39, options=20
0009:trace:winsock:WS2_recv_base  -> 10 bytes
0009:trace:winsock:WS2_sendto socket 0138, wsabuf 0x32f5e4, nbufs 1, flags 0, to 0x2bbad94, tolen 16, ovl (nil), func (nil)
0009:trace:winsock:WS2_sendto fd=39, options=20
0009:trace:winsock:WS2_sendto  -> 10 bytes
0009:trace:winsock:WS2_sendto socket 0138, wsabuf 0x32f5e4, nbufs 1, flags 0, to 0x2bbad94, tolen 16, ovl (nil), func (nil)
0009:trace:winsock:WS2_sendto fd=39, options=20
0009:trace:winsock:WS2_sendto  -> 10 bytes
0009:trace:winsock:WS2_recv_base socket 0138, wsabuf 0x32f6e4, nbufs 1, flags 0, from 0x32f734, fromlen 16, ovl (nil), func (nil)
0009:trace:winsock:WS2_recv_base fd=39, options=20
0009:trace:winsock:WS2_recv_base  -> 10 bytes
0009:trace:winsock:WS2_recv_base socket 0138, wsabuf 0x32f6e4, nbufs 1, flags 0, from 0x32f734, fromlen 16, ovl (nil), func (nil)
0009:trace:winsock:WS2_recv_base fd=39, options=20
0009:trace:winsock:WS2_recv_base  -> 10 bytes
0009:trace:winsock:WS2_sendto socket 0138, wsabuf 0x32f5e4, nbufs 1, flags 0, to 0x2bbad94, tolen 16, ovl (nil), func (nil)
0009:trace:winsock:WS2_sendto fd=39, options=20
0009:trace:winsock:WS2_sendto  -> 10 bytes
0009:trace:winsock:WS2_sendto socket 0138, wsabuf 0x32f5e4, nbufs 1, flags 0, to 0x2bbad94, tolen 16, ovl (nil), func (nil)
0009:trace:winsock:WS2_sendto fd=39, options=20
0009:trace:winsock:WS2_sendto  -> 10 bytes
0009:trace:winsock:WS2_recv_base socket 0138, wsabuf 0x32f6e4, nbufs 1, flags 0, from 0x32f734, fromlen 16, ovl (nil), func (nil)
0009:trace:winsock:WS2_recv_base fd=39, options=20
0009:trace:winsock:WS2_recv_base  -> 10 bytes
0009:trace:winsock:WS2_recv_base socket 0138, wsabuf 0x32f6e4, nbufs 1, flags 0, from 0x32f734, fromlen 16, ovl (nil), func (nil)
0009:trace:winsock:WS2_recv_base fd=39, options=20
0009:trace:winsock:WS2_recv_base  -> 10 bytes
0009:trace:winsock:WS2_sendto socket 0138, wsabuf 0x32f5e4, nbufs 1, flags 0, to 0x2bbad94, tolen 16, ovl (nil), func (nil)
0009:trace:winsock:WS2_sendto fd=39, options=20
0009:trace:winsock:WS2_sendto  -> 10 bytes
0009:trace:winsock:WS2_sendto socket 0138, wsabuf 0x32f5e4, nbufs 1, flags 0, to 0x2bbad94, tolen 16, ovl (nil), func (nil)
0009:trace:winsock:WS2_sendto fd=39, options=20
0009:trace:winsock:WS2_sendto  -> 10 bytes
0009:trace:winsock:WS2_sendto socket 0138, wsabuf 0x32f9c4, nbufs 1, flags 0, to 0x2bbad94, tolen 16, ovl (nil), func (nil)
0009:trace:winsock:WS2_sendto fd=39, options=20
0009:trace:winsock:WS2_sendto  -> 12 bytes
0009:trace:winsock:WS2_recv_base socket 0138, wsabuf 0x32f6e4, nbufs 1, flags 0, from 0x32f734, fromlen 16, ovl (nil), func (nil)
0009:trace:winsock:WS2_recv_base fd=39, options=20
0009:trace:winsock:WS2_recv_base  -> 12 bytes
0009:trace:winsock:WS2_sendto socket 0138, wsabuf 0x32f9c4, nbufs 1, flags 0, to 0x2bbad94, tolen 16, ovl (nil), func (nil)
0009:trace:winsock:WS2_sendto fd=39, options=20
0009:trace:winsock:WS2_sendto  -> 12 bytes
0009:trace:winsock:WS2_recv_base socket 0138, wsabuf 0x32f6e4, nbufs 1, flags 0, from 0x32f734, fromlen 16, ovl (nil), func (nil)
0009:trace:winsock:WS2_recv_base fd=39, options=20
0009:trace:winsock:WS2_recv_base  -> 12 bytes
0009:trace:winsock:WS2_recv_base socket 0138, wsabuf 0x32f6e4, nbufs 1, flags 0, from 0x32f734, fromlen 16, ovl (nil), func (nil)
0009:trace:winsock:WS2_recv_base fd=39, options=20
0009:trace:winsock:WS2_recv_base  -> 12 bytes
0009:trace:winsock:WS2_sendto socket 0138, wsabuf 0x32ef34, nbufs 1, flags 0, to 0x2bbad94, tolen 16, ovl (nil), func (nil)
0009:trace:winsock:WS2_sendto fd=39, options=20
0009:trace:winsock:WS2_sendto  -> 12 bytes
0009:trace:winsock:WS2_recv_base socket 0138, wsabuf 0x32f6e4, nbufs 1, flags 0, from 0x32f734, fromlen 16, ovl (nil), func (nil)
0009:trace:winsock:WS2_recv_base fd=39, options=20
0009:trace:winsock:WS2_recv_base  -> 16 bytes
0009:trace:winsock:WS2_recv_base socket 0138, wsabuf 0x32f6e4, nbufs 1, flags 0, from 0x32f734, fromlen 16, ovl (nil), func (nil)
0009:trace:winsock:WS2_recv_base fd=39, options=20
0009:trace:winsock:WS2_recv_base  -> 10 bytes
0009:trace:winsock:WS2_recv_base socket 0138, wsabuf 0x32f6e4, nbufs 1, flags 0, from 0x32f734, fromlen 16, ovl (nil), func (nil)
0009:trace:winsock:WS2_recv_base fd=39, options=20
0009:trace:winsock:WS2_recv_base  -> 16 bytes
0009:trace:winsock:WS2_recv_base socket 0138, wsabuf 0x32f6e4, nbufs 1, flags 0, from 0x32f734, fromlen 16, ovl (nil), func (nil)
0009:trace:winsock:WS2_recv_base fd=39, options=20
0009:trace:winsock:WS2_recv_base  -> 12 bytes
0009:trace:winsock:WS2_sendto socket 0138, wsabuf 0x32ef34, nbufs 1, flags 0, to 0x2bbad94, tolen 16, ovl (nil), func (nil)
0009:trace:winsock:WS2_sendto fd=39, options=20
0009:trace:winsock:WS2_sendto  -> 12 bytes
0009:trace:winsock:WS2_sendto socket 0138, wsabuf 0x32f964, nbufs 1, flags 0, to 0x2bbad94, tolen 16, ovl (nil), func (nil)
0009:trace:winsock:WS2_sendto fd=39, options=20
0009:trace:winsock:WS2_sendto  -> 16 bytes
0009:trace:winsock:WS2_sendto socket 0138, wsabuf 0x32f964, nbufs 1, flags 0, to 0x2bbad94, tolen 16, ovl (nil), func (nil)
0009:trace:winsock:WS2_sendto fd=39, options=20
0009:trace:winsock:WS2_sendto  -> 16 bytes
0009:trace:winsock:WS2_recv_base socket 0138, wsabuf 0x32f6e4, nbufs 1, flags 0, from 0x32f734, fromlen 16, ovl (nil), func (nil)
0009:trace:winsock:WS2_recv_base fd=39, options=20
0009:trace:winsock:WS2_recv_base  -> 10 bytes
0009:trace:winsock:WS2_sendto socket 0138, wsabuf 0x32f5e4, nbufs 1, flags 0, to 0x2bbad94, tolen 16, ovl (nil), func (nil)
0009:trace:winsock:WS2_sendto fd=39, options=20
0009:trace:winsock:WS2_sendto  -> 10 bytes
0009:trace:winsock:WS2_sendto socket 0138, wsabuf 0x32f5e4, nbufs 1, flags 0, to 0x2bbad94, tolen 16, ovl (nil), func (nil)
0009:trace:winsock:WS2_sendto fd=39, options=20
0009:trace:winsock:WS2_sendto  -> 10 bytes
0009:trace:winsock:WS2_recv_base socket 0138, wsabuf 0x32f6e4, nbufs 1, flags 0, from 0x32f734, fromlen 16, ovl (nil), func (nil)
0009:trace:winsock:WS2_recv_base fd=39, options=20
0009:trace:winsock:WS2_recv_base  -> 10 bytes
0009:trace:winsock:WS2_recv_base socket 0138, wsabuf 0x32f6e4, nbufs 1, flags 0, from 0x32f734, fromlen 16, ovl (nil), func (nil)
0009:trace:winsock:WS2_recv_base fd=39, options=20
0009:trace:winsock:WS2_recv_base  -> 10 bytes
0009:trace:winsock:WS2_sendto socket 0138, wsabuf 0x32f5e4, nbufs 1, flags 0, to 0x2bbad94, tolen 16, ovl (nil), func (nil)
0009:trace:winsock:WS2_sendto fd=39, options=20
0009:trace:winsock:WS2_sendto  -> 10 bytes
0009:trace:winsock:WS2_sendto socket 0138, wsabuf 0x32f5e4, nbufs 1, flags 0, to 0x2bbad94, tolen 16, ovl (nil), func (nil)
0009:trace:winsock:WS2_sendto fd=39, options=20
0009:trace:winsock:WS2_sendto  -> 10 bytes
0009:trace:winsock:WS2_recv_base socket 0138, wsabuf 0x32f6e4, nbufs 1, flags 0, from 0x32f734, fromlen 16, ovl (nil), func (nil)
0009:trace:winsock:WS2_recv_base fd=39, options=20
0009:trace:winsock:WS2_recv_base  -> 10 bytes
0009:trace:winsock:WS2_recv_base socket 0138, wsabuf 0x32f6e4, nbufs 1, flags 0, from 0x32f734, fromlen 16, ovl (nil), func (nil)
0009:trace:winsock:WS2_recv_base fd=39, options=20
0009:trace:winsock:WS2_recv_base  -> 10 bytes
0009:trace:winsock:WS2_sendto socket 0138, wsabuf 0x32f5e4, nbufs 1, flags 0, to 0x2bbad94, tolen 16, ovl (nil), func (nil)
0009:trace:winsock:WS2_sendto fd=39, options=20
0009:trace:winsock:WS2_sendto  -> 10 bytes
0009:trace:winsock:WS2_sendto socket 0138, wsabuf 0x32f5e4, nbufs 1, flags 0, to 0x2bbad94, tolen 16, ovl (nil), func (nil)
0009:trace:winsock:WS2_sendto fd=39, options=20
0009:trace:winsock:WS2_sendto  -> 10 bytes
0009:trace:winsock:WS2_recv_base socket 0138, wsabuf 0x32f6e4, nbufs 1, flags 0, from 0x32f734, fromlen 16, ovl (nil), func (nil)
0009:trace:winsock:WS2_recv_base fd=39, options=20
0009:trace:winsock:WS2_recv_base  -> 10 bytes
0009:trace:winsock:WS2_recv_base socket 0138, wsabuf 0x32f6e4, nbufs 1, flags 0, from 0x32f734, fromlen 16, ovl (nil), func (nil)
0009:trace:winsock:WS2_recv_base fd=39, options=20
0009:trace:winsock:WS2_recv_base  -> 16 bytes
0009:trace:winsock:WS2_recv_base socket 0138, wsabuf 0x32f6e4, nbufs 1, flags 0, from 0x32f734, fromlen 16, ovl (nil), func (nil)
0009:trace:winsock:WS2_recv_base fd=39, options=20
0009:trace:winsock:WS2_recv_base  -> 16 bytes
0009:trace:winsock:WS2_sendto socket 0138, wsabuf 0x32f964, nbufs 1, flags 0, to 0x2bbad94, tolen 16, ovl (nil), func (nil)
0009:trace:winsock:WS2_sendto fd=39, options=20
0009:trace:winsock:WS2_sendto  -> 16 bytes
0009:trace:winsock:WS2_sendto socket 0138, wsabuf 0x32f964, nbufs 1, flags 0, to 0x2bbad94, tolen 16, ovl (nil), func (nil)
0009:trace:winsock:WS2_sendto fd=39, options=20
0009:trace:winsock:WS2_sendto  -> 16 bytes
0009:trace:winsock:WS2_recv_base socket 0138, wsabuf 0x32f6e4, nbufs 1, flags 0, from 0x32f734, fromlen 16, ovl (nil), func (nil)
0009:trace:winsock:WS2_recv_base fd=39, options=20
0009:trace:winsock:WS2_recv_base  -> 10 bytes
0009:trace:winsock:WS2_sendto socket 0138, wsabuf 0x32f5e4, nbufs 1, flags 0, to 0x2bbad94, tolen 16, ovl (nil), func (nil)
0009:trace:winsock:WS2_sendto fd=39, options=20
0009:trace:winsock:WS2_sendto  -> 10 bytes
0009:trace:winsock:WS2_sendto socket 0138, wsabuf 0x32f5e4, nbufs 1, flags 0, to 0x2bbad94, tolen 16, ovl (nil), func (nil)
0009:trace:winsock:WS2_sendto fd=39, options=20
0009:trace:winsock:WS2_sendto  -> 10 bytes
0009:trace:winsock:WS2_sendto socket 0138, wsabuf 0x32f9c4, nbufs 1, flags 0, to 0x2bbad94, tolen 16, ovl (nil), func (nil)
0009:trace:winsock:WS2_sendto fd=39, options=20
0009:trace:winsock:WS2_sendto  -> 12 bytes
0009:trace:winsock:WS2_recv_base socket 0138, wsabuf 0x32f6e4, nbufs 1, flags 0, from 0x32f734, fromlen 16, ovl (nil), func (nil)
0009:trace:winsock:WS2_recv_base fd=39, options=20
0009:trace:winsock:WS2_recv_base  -> 12 bytes
0009:trace:winsock:WS2_sendto socket 0138, wsabuf 0x32f9c4, nbufs 1, flags 0, to 0x2bbad94, tolen 16, ovl (nil), func (nil)
0009:trace:winsock:WS2_sendto fd=39, options=20
0009:trace:winsock:WS2_sendto  -> 12 bytes
0009:trace:winsock:WS2_recv_base socket 0138, wsabuf 0x32f6e4, nbufs 1, flags 0, from 0x32f734, fromlen 16, ovl (nil), func (nil)
0009:trace:winsock:WS2_recv_base fd=39, options=20
0009:trace:winsock:WS2_recv_base  -> 12 bytes
0009:trace:winsock:WS2_recv_base socket 0138, wsabuf 0x32f6e4, nbufs 1, flags 0, from 0x32f734, fromlen 16, ovl (nil), func (nil)
0009:trace:winsock:WS2_recv_base fd=39, options=20
0009:trace:winsock:WS2_recv_base  -> 12 bytes
0009:trace:winsock:WS2_sendto socket 0138, wsabuf 0x32ef34, nbufs 1, flags 0, to 0x2bbad94, tolen 16, ovl (nil), func (nil)
0009:trace:winsock:WS2_sendto fd=39, options=20
0009:trace:winsock:WS2_sendto  -> 12 bytes
0009:trace:winsock:WS2_recv_base socket 0138, wsabuf 0x32f6e4, nbufs 1, flags 0, from 0x32f734, fromlen 16, ovl (nil), func (nil)
0009:trace:winsock:WS2_recv_base fd=39, options=20
0009:trace:winsock:WS2_recv_base  -> 10 bytes
0009:trace:winsock:WS2_recv_base socket 0138, wsabuf 0x32f6e4, nbufs 1, flags 0, from 0x32f734, fromlen 16, ovl (nil), func (nil)
0009:trace:winsock:WS2_recv_base fd=39, options=20
0009:trace:winsock:WS2_recv_base  -> 12 bytes
0009:trace:winsock:WS2_sendto socket 0138, wsabuf 0x32ef34, nbufs 1, flags 0, to 0x2bbad94, tolen 16, ovl (nil), func (nil)
0009:trace:winsock:WS2_sendto fd=39, options=20
0009:trace:winsock:WS2_sendto  -> 12 bytes
0009:trace:winsock:WS2_recv_base socket 0138, wsabuf 0x32f6e4, nbufs 1, flags 0, from 0x32f734, fromlen 16, ovl (nil), func (nil)
0009:trace:winsock:WS2_recv_base fd=39, options=20
0009:trace:winsock:WS2_recv_base  -> 10 bytes
0009:trace:winsock:WS2_sendto socket 0138, wsabuf 0x32f5e4, nbufs 1, flags 0, to 0x2bbad94, tolen 16, ovl (nil), func (nil)
0009:trace:winsock:WS2_sendto fd=39, options=20
0009:trace:winsock:WS2_sendto  -> 10 bytes
0009:trace:winsock:WS2_sendto socket 0138, wsabuf 0x32f5e4, nbufs 1, flags 0, to 0x2bbad94, tolen 16, ovl (nil), func (nil)
0009:trace:winsock:WS2_sendto fd=39, options=20
0009:trace:winsock:WS2_sendto  -> 10 bytes
0009:trace:winsock:WS2_recv_base socket 0138, wsabuf 0x32f6e4, nbufs 1, flags 0, from 0x32f734, fromlen 16, ovl (nil), func (nil)
0009:trace:winsock:WS2_recv_base fd=39, options=20
0009:trace:winsock:WS2_recv_base  -> 10 bytes
0009:trace:winsock:WS2_recv_base socket 0138, wsabuf 0x32f6e4, nbufs 1, flags 0, from 0x32f734, fromlen 16, ovl (nil), func (nil)
0009:trace:winsock:WS2_recv_base fd=39, options=20
0009:trace:winsock:WS2_recv_base  -> 22 bytes
0009:trace:winsock:WS2_recv_base socket 0138, wsabuf 0x32f6e4, nbufs 1, flags 0, from 0x32f734, fromlen 16, ovl (nil), func (nil)
0009:trace:winsock:WS2_recv_base fd=39, options=20
0009:trace:winsock:WS2_recv_base  -> 10 bytes
0009:trace:winsock:WS2_sendto socket 0138, wsabuf 0x32f5e4, nbufs 1, flags 0, to 0x2bbad94, tolen 16, ovl (nil), func (nil)
0009:trace:winsock:WS2_sendto fd=39, options=20
0009:trace:winsock:WS2_sendto  -> 10 bytes
0009:trace:winsock:WS2_sendto socket 0138, wsabuf 0x32f5e4, nbufs 1, flags 0, to 0x2bbad94, tolen 16, ovl (nil), func (nil)
0009:trace:winsock:WS2_sendto fd=39, options=20
0009:trace:winsock:WS2_sendto  -> 10 bytes
0009:trace:winsock:WS2_recv_base socket 0138, wsabuf 0x32f6e4, nbufs 1, flags 0, from 0x32f734, fromlen 16, ovl (nil), func (nil)
0009:trace:winsock:WS2_recv_base fd=39, options=20
0009:trace:winsock:WS2_recv_base  -> 10 bytes
0009:trace:winsock:WS2_recv_base socket 0138, wsabuf 0x32f6e4, nbufs 1, flags 0, from 0x32f734, fromlen 16, ovl (nil), func (nil)
0009:trace:winsock:WS2_recv_base fd=39, options=20
0009:trace:winsock:WS2_recv_base  -> 16 bytes
0009:trace:winsock:WS2_recv_base socket 0138, wsabuf 0x32f6e4, nbufs 1, flags 0, from 0x32f734, fromlen 16, ovl (nil), func (nil)
0009:trace:winsock:WS2_recv_base fd=39, options=20
0009:trace:winsock:WS2_recv_base  -> 16 bytes
0009:trace:winsock:WS2_recv_base socket 0138, wsabuf 0x32f6e4, nbufs 1, flags 0, from 0x32f734, fromlen 16, ovl (nil), func (nil)
0009:trace:winsock:WS2_recv_base fd=39, options=20
0009:trace:winsock:WS2_recv_base  -> 10 bytes
0009:trace:winsock:WS2_sendto socket 0138, wsabuf 0x32f964, nbufs 1, flags 0, to 0x2bbad94, tolen 16, ovl (nil), func (nil)
0009:trace:winsock:WS2_sendto fd=39, options=20
0009:trace:winsock:WS2_sendto  -> 16 bytes
0009:trace:winsock:WS2_sendto socket 0138, wsabuf 0x32f964, nbufs 1, flags 0, to 0x2bbad94, tolen 16, ovl (nil), func (nil)
0009:trace:winsock:WS2_sendto fd=39, options=20
0009:trace:winsock:WS2_sendto  -> 16 bytes
0009:trace:winsock:WS2_sendto socket 0138, wsabuf 0x32f5e4, nbufs 1, flags 0, to 0x2bbad94, tolen 16, ovl (nil), func (nil)
0009:trace:winsock:WS2_sendto fd=39, options=20
0009:trace:winsock:WS2_sendto  -> 10 bytes
0009:trace:winsock:WS2_sendto socket 0138, wsabuf 0x32f5e4, nbufs 1, flags 0, to 0x2bbad94, tolen 16, ovl (nil), func (nil)
0009:trace:winsock:WS2_sendto fd=39, options=20
0009:trace:winsock:WS2_sendto  -> 10 bytes
0009:trace:winsock:WS2_recv_base socket 0138, wsabuf 0x32f6e4, nbufs 1, flags 0, from 0x32f734, fromlen 16, ovl (nil), func (nil)
0009:trace:winsock:WS2_recv_base fd=39, options=20
0009:trace:winsock:WS2_recv_base  -> 10 bytes
0009:trace:winsock:WS2_recv_base socket 0138, wsabuf 0x32f6e4, nbufs 1, flags 0, from 0x32f734, fromlen 16, ovl (nil), func (nil)
0009:trace:winsock:WS2_recv_base fd=39, options=20
0009:trace:winsock:WS2_recv_base  -> 10 bytes
0009:trace:winsock:WS2_sendto socket 0138, wsabuf 0x32f5e4, nbufs 1, flags 0, to 0x2bbad94, tolen 16, ovl (nil), func (nil)
0009:trace:winsock:WS2_sendto fd=39, options=20
0009:trace:winsock:WS2_sendto  -> 10 bytes
0009:trace:winsock:WS2_sendto socket 0138, wsabuf 0x32f5e4, nbufs 1, flags 0, to 0x2bbad94, tolen 16, ovl (nil), func (nil)
0009:trace:winsock:WS2_sendto fd=39, options=20
0009:trace:winsock:WS2_sendto  -> 10 bytes
0009:trace:winsock:WS2_sendto socket 0138, wsabuf 0x32f9c4, nbufs 1, flags 0, to 0x2bbad94, tolen 16, ovl (nil), func (nil)
0009:trace:winsock:WS2_sendto fd=39, options=20
0009:trace:winsock:WS2_sendto  -> 12 bytes
0009:trace:winsock:WS2_recv_base socket 0138, wsabuf 0x32f6e4, nbufs 1, flags 0, from 0x32f734, fromlen 16, ovl (nil), func (nil)
0009:trace:winsock:WS2_recv_base fd=39, options=20
0009:trace:winsock:WS2_recv_base  -> 12 bytes
0009:trace:winsock:WS2_sendto socket 0138, wsabuf 0x32f9c4, nbufs 1, flags 0, to 0x2bbad94, tolen 16, ovl (nil), func (nil)
0009:trace:winsock:WS2_sendto fd=39, options=20
0009:trace:winsock:WS2_sendto  -> 12 bytes
0009:trace:winsock:WS2_recv_base socket 0138, wsabuf 0x32f6e4, nbufs 1, flags 0, from 0x32f734, fromlen 16, ovl (nil), func (nil)
0009:trace:winsock:WS2_recv_base fd=39, options=20
0009:trace:winsock:WS2_recv_base  -> 12 bytes
0009:trace:winsock:WS2_recv_base socket 0138, wsabuf 0x32f6e4, nbufs 1, flags 0, from 0x32f734, fromlen 16, ovl (nil), func (nil)
0009:trace:winsock:WS2_recv_base fd=39, options=20
0009:trace:winsock:WS2_recv_base  -> 12 bytes
0009:trace:winsock:WS2_sendto socket 0138, wsabuf 0x32ef34, nbufs 1, flags 0, to 0x2bbad94, tolen 16, ovl (nil), func (nil)
0009:trace:winsock:WS2_sendto fd=39, options=20
0009:trace:winsock:WS2_sendto  -> 12 bytes
0009:trace:winsock:WS2_recv_base socket 0138, wsabuf 0x32f6e4, nbufs 1, flags 0, from 0x32f734, fromlen 16, ovl (nil), func (nil)
0009:trace:winsock:WS2_recv_base fd=39, options=20
0009:trace:winsock:WS2_recv_base  -> 10 bytes
0009:trace:winsock:WS2_recv_base socket 0138, wsabuf 0x32f6e4, nbufs 1, flags 0, from 0x32f734, fromlen 16, ovl (nil), func (nil)
0009:trace:winsock:WS2_recv_base fd=39, options=20
0009:trace:winsock:WS2_recv_base  -> 12 bytes
0009:trace:winsock:WS2_sendto socket 0138, wsabuf 0x32ef34, nbufs 1, flags 0, to 0x2bbad94, tolen 16, ovl (nil), func (nil)
0009:trace:winsock:WS2_sendto fd=39, options=20
0009:trace:winsock:WS2_sendto  -> 12 bytes
0009:trace:winsock:WS2_recv_base socket 0138, wsabuf 0x32f6e4, nbufs 1, flags 0, from 0x32f734, fromlen 16, ovl (nil), func (nil)
0009:trace:winsock:WS2_recv_base fd=39, options=20
0009:trace:winsock:WS2_recv_base  -> 10 bytes
0009:trace:winsock:WS2_sendto socket 0138, wsabuf 0x32f5e4, nbufs 1, flags 0, to 0x2bbad94, tolen 16, ovl (nil), func (nil)
0009:trace:winsock:WS2_sendto fd=39, options=20
0009:trace:winsock:WS2_sendto  -> 10 bytes
0009:trace:winsock:WS2_sendto socket 0138, wsabuf 0x32f5e4, nbufs 1, flags 0, to 0x2bbad94, tolen 16, ovl (nil), func (nil)
0009:trace:winsock:WS2_sendto fd=39, options=20
0009:trace:winsock:WS2_sendto  -> 10 bytes
0009:trace:winsock:WS2_recv_base socket 0138, wsabuf 0x32f6e4, nbufs 1, flags 0, from 0x32f734, fromlen 16, ovl (nil), func (nil)
0009:trace:winsock:WS2_recv_base fd=39, options=20
0009:trace:winsock:WS2_recv_base  -> 10 bytes
0009:trace:winsock:WS2_recv_base socket 0138, wsabuf 0x32f6e4, nbufs 1, flags 0, from 0x32f734, fromlen 16, ovl (nil), func (nil)
0009:trace:winsock:WS2_recv_base fd=39, options=20
0009:trace:winsock:WS2_recv_base  -> 16 bytes
0009:trace:winsock:WS2_recv_base socket 0138, wsabuf 0x32f6e4, nbufs 1, flags 0, from 0x32f734, fromlen 16, ovl (nil), func (nil)
0009:trace:winsock:WS2_recv_base fd=39, options=20
0009:trace:winsock:WS2_recv_base  -> 16 bytes
0009:trace:winsock:WS2_recv_base socket 0138, wsabuf 0x32f6e4, nbufs 1, flags 0, from 0x32f734, fromlen 16, ovl (nil), func (nil)
0009:trace:winsock:WS2_recv_base fd=39, options=20
0009:trace:winsock:WS2_recv_base  -> 10 bytes
0009:trace:winsock:WS2_sendto socket 0138, wsabuf 0x32f5e4, nbufs 1, flags 0, to 0x2bbad94, tolen 16, ovl (nil), func (nil)
0009:trace:winsock:WS2_sendto fd=39, options=20
0009:trace:winsock:WS2_sendto  -> 10 bytes
0009:trace:winsock:WS2_sendto socket 0138, wsabuf 0x32f964, nbufs 1, flags 0, to 0x2bbad94, tolen 16, ovl (nil), func (nil)
0009:trace:winsock:WS2_sendto fd=39, options=20
0009:trace:winsock:WS2_sendto  -> 16 bytes
0009:trace:winsock:WS2_sendto socket 0138, wsabuf 0x32f964, nbufs 1, flags 0, to 0x2bbad94, tolen 16, ovl (nil), func (nil)
0009:trace:winsock:WS2_sendto fd=39, options=20
0009:trace:winsock:WS2_sendto  -> 16 bytes
0009:trace:winsock:WS2_sendto socket 0138, wsabuf 0x32f5e4, nbufs 1, flags 0, to 0x2bbad94, tolen 16, ovl (nil), func (nil)
0009:trace:winsock:WS2_sendto fd=39, options=20
0009:trace:winsock:WS2_sendto  -> 10 bytes
0009:trace:winsock:WS2_recv_base socket 0138, wsabuf 0x32f6e4, nbufs 1, flags 0, from 0x32f734, fromlen 16, ovl (nil), func (nil)
0009:trace:winsock:WS2_recv_base fd=39, options=20
0009:trace:winsock:WS2_recv_base  -> 10 bytes
0009:trace:winsock:WS2_recv_base socket 0138, wsabuf 0x32f6e4, nbufs 1, flags 0, from 0x32f734, fromlen 16, ovl (nil), func (nil)
0009:trace:winsock:WS2_recv_base fd=39, options=20
0009:trace:winsock:WS2_recv_base  -> 10 bytes
0009:trace:winsock:WS2_sendto socket 0138, wsabuf 0x32f5e4, nbufs 1, flags 0, to 0x2bbad94, tolen 16, ovl (nil), func (nil)
0009:trace:winsock:WS2_sendto fd=39, options=20
0009:trace:winsock:WS2_sendto  -> 10 bytes
0009:trace:winsock:WS2_sendto socket 0138, wsabuf 0x32f5e4, nbufs 1, flags 0, to 0x2bbad94, tolen 16, ovl (nil), func (nil)
0009:trace:winsock:WS2_sendto fd=39, options=20
0009:trace:winsock:WS2_sendto  -> 10 bytes
0009:trace:winsock:WS2_recv_base socket 0138, wsabuf 0x32f6e4, nbufs 1, flags 0, from 0x32f734, fromlen 16, ovl (nil), func (nil)
0009:trace:winsock:WS2_recv_base fd=39, options=20
0009:trace:winsock:WS2_recv_base  -> 10 bytes
0009:trace:winsock:WS2_recv_base socket 0138, wsabuf 0x32f6e4, nbufs 1, flags 0, from 0x32f734, fromlen 16, ovl (nil), func (nil)
0009:trace:winsock:WS2_recv_base fd=39, options=20
0009:trace:winsock:WS2_recv_base  -> 10 bytes
0009:trace:winsock:WS2_sendto socket 0138, wsabuf 0x32f5e4, nbufs 1, flags 0, to 0x2bbad94, tolen 16, ovl (nil), func (nil)
0009:trace:winsock:WS2_sendto fd=39, options=20
0009:trace:winsock:WS2_sendto  -> 10 bytes
0009:trace:winsock:WS2_sendto socket 0138, wsabuf 0x32f5e4, nbufs 1, flags 0, to 0x2bbad94, tolen 16, ovl (nil), func (nil)
0009:trace:winsock:WS2_sendto fd=39, options=20
0009:trace:winsock:WS2_sendto  -> 10 bytes
0009:trace:winsock:WS2_sendto socket 0138, wsabuf 0x32f9c4, nbufs 1, flags 0, to 0x2bbad94, tolen 16, ovl (nil), func (nil)
0009:trace:winsock:WS2_sendto fd=39, options=20
0009:trace:winsock:WS2_sendto  -> 12 bytes
0009:trace:winsock:WS2_recv_base socket 0138, wsabuf 0x32f6e4, nbufs 1, flags 0, from 0x32f734, fromlen 16, ovl (nil), func (nil)
0009:trace:winsock:WS2_recv_base fd=39, options=20
0009:trace:winsock:WS2_recv_base  -> 12 bytes
0009:trace:winsock:WS2_sendto socket 0138, wsabuf 0x32f9c4, nbufs 1, flags 0, to 0x2bbad94, tolen 16, ovl (nil), func (nil)
0009:trace:winsock:WS2_sendto fd=39, options=20
0009:trace:winsock:WS2_sendto  -> 12 bytes
0009:trace:winsock:WS2_recv_base socket 0138, wsabuf 0x32f6e4, nbufs 1, flags 0, from 0x32f734, fromlen 16, ovl (nil), func (nil)
0009:trace:winsock:WS2_recv_base fd=39, options=20
0009:trace:winsock:WS2_recv_base  -> 12 bytes
0009:trace:winsock:WS2_recv_base socket 0138, wsabuf 0x32f6e4, nbufs 1, flags 0, from 0x32f734, fromlen 16, ovl (nil), func (nil)
0009:trace:winsock:WS2_recv_base fd=39, options=20
0009:trace:winsock:WS2_recv_base  -> 12 bytes
0009:trace:winsock:WS2_sendto socket 0138, wsabuf 0x32ef34, nbufs 1, flags 0, to 0x2bbad94, tolen 16, ovl (nil), func (nil)
0009:trace:winsock:WS2_sendto fd=39, options=20
0009:trace:winsock:WS2_sendto  -> 12 bytes
0009:trace:winsock:WS2_recv_base socket 0138, wsabuf 0x32f6e4, nbufs 1, flags 0, from 0x32f734, fromlen 16, ovl (nil), func (nil)
0009:trace:winsock:WS2_recv_base fd=39, options=20
0009:trace:winsock:WS2_recv_base  -> 10 bytes
0009:trace:winsock:WS2_recv_base socket 0138, wsabuf 0x32f6e4, nbufs 1, flags 0, from 0x32f734, fromlen 16, ovl (nil), func (nil)
0009:trace:winsock:WS2_recv_base fd=39, options=20
0009:trace:winsock:WS2_recv_base  -> 12 bytes
0009:trace:winsock:WS2_sendto socket 0138, wsabuf 0x32ef34, nbufs 1, flags 0, to 0x2bbad94, tolen 16, ovl (nil), func (nil)
0009:trace:winsock:WS2_sendto fd=39, options=20
0009:trace:winsock:WS2_sendto  -> 12 bytes
0009:trace:winsock:WS2_recv_base socket 0138, wsabuf 0x32f6e4, nbufs 1, flags 0, from 0x32f734, fromlen 16, ovl (nil), func (nil)
0009:trace:winsock:WS2_recv_base fd=39, options=20
0009:trace:winsock:WS2_recv_base  -> 10 bytes
0009:trace:winsock:WS2_recv_base socket 0138, wsabuf 0x32f6e4, nbufs 1, flags 0, from 0x32f734, fromlen 16, ovl (nil), func (nil)
0009:trace:winsock:WS2_recv_base fd=39, options=20
0009:trace:winsock:WS2_recv_base  -> 16 bytes
0009:trace:winsock:WS2_recv_base socket 0138, wsabuf 0x32f6e4, nbufs 1, flags 0, from 0x32f734, fromlen 16, ovl (nil), func (nil)
0009:trace:winsock:WS2_recv_base fd=39, options=20
0009:trace:winsock:WS2_recv_base  -> 16 bytes
0009:trace:winsock:WS2_sendto socket 0138, wsabuf 0x32f5e4, nbufs 1, flags 0, to 0x2bbad94, tolen 16, ovl (nil), func (nil)
0009:trace:winsock:WS2_sendto fd=39, options=20
0009:trace:winsock:WS2_sendto  -> 10 bytes
0009:trace:winsock:WS2_sendto socket 0138, wsabuf 0x32f5e4, nbufs 1, flags 0, to 0x2bbad94, tolen 16, ovl (nil), func (nil)
0009:trace:winsock:WS2_sendto fd=39, options=20
0009:trace:winsock:WS2_sendto  -> 10 bytes
0009:trace:winsock:WS2_sendto socket 0138, wsabuf 0x32f964, nbufs 1, flags 0, to 0x2bbad94, tolen 16, ovl (nil), func (nil)
0009:trace:winsock:WS2_sendto fd=39, options=20
0009:trace:winsock:WS2_sendto  -> 16 bytes
0009:trace:winsock:WS2_sendto socket 0138, wsabuf 0x32f964, nbufs 1, flags 0, to 0x2bbad94, tolen 16, ovl (nil), func (nil)
0009:trace:winsock:WS2_sendto fd=39, options=20
0009:trace:winsock:WS2_sendto  -> 16 bytes
0009:trace:winsock:WS2_recv_base socket 0138, wsabuf 0x32f6e4, nbufs 1, flags 0, from 0x32f734, fromlen 16, ovl (nil), func (nil)
0009:trace:winsock:WS2_recv_base fd=39, options=20
0009:trace:winsock:WS2_recv_base  -> 10 bytes
0009:trace:winsock:WS2_recv_base socket 0138, wsabuf 0x32f6e4, nbufs 1, flags 0, from 0x32f734, fromlen 16, ovl (nil), func (nil)
0009:trace:winsock:WS2_recv_base fd=39, options=20
0009:trace:winsock:WS2_recv_base  -> 10 bytes
0009:trace:winsock:WS2_sendto socket 0138, wsabuf 0x32f5e4, nbufs 1, flags 0, to 0x2bbad94, tolen 16, ovl (nil), func (nil)
0009:trace:winsock:WS2_sendto fd=39, options=20
0009:trace:winsock:WS2_sendto  -> 10 bytes
0009:trace:winsock:WS2_sendto socket 0138, wsabuf 0x32f5e4, nbufs 1, flags 0, to 0x2bbad94, tolen 16, ovl (nil), func (nil)
0009:trace:winsock:WS2_sendto fd=39, options=20
0009:trace:winsock:WS2_sendto  -> 10 bytes
0009:trace:winsock:WS2_recv_base socket 0138, wsabuf 0x32f6e4, nbufs 1, flags 0, from 0x32f734, fromlen 16, ovl (nil), func (nil)
0009:trace:winsock:WS2_recv_base fd=39, options=20
0009:trace:winsock:WS2_recv_base  -> 22 bytes
0009:trace:winsock:WS2_recv_base socket 0138, wsabuf 0x32f6e4, nbufs 1, flags 0, from 0x32f734, fromlen 16, ovl (nil), func (nil)
0009:trace:winsock:WS2_recv_base fd=39, options=20
0009:trace:winsock:WS2_recv_base  -> 10 bytes
0009:trace:winsock:WS2_recv_base socket 0138, wsabuf 0x32f6e4, nbufs 1, flags 0, from 0x32f734, fromlen 16, ovl (nil), func (nil)
0009:trace:winsock:WS2_recv_base fd=39, options=20
0009:trace:winsock:WS2_recv_base  -> 10 bytes
0009:trace:winsock:WS2_sendto socket 0138, wsabuf 0x32f5e4, nbufs 1, flags 0, to 0x2bbad94, tolen 16, ovl (nil), func (nil)
0009:trace:winsock:WS2_sendto fd=39, options=20
0009:trace:winsock:WS2_sendto  -> 10 bytes
0009:trace:winsock:WS2_sendto socket 0138, wsabuf 0x32f5e4, nbufs 1, flags 0, to 0x2bbad94, tolen 16, ovl (nil), func (nil)
0009:trace:winsock:WS2_sendto fd=39, options=20
0009:trace:winsock:WS2_sendto  -> 10 bytes
0009:trace:winsock:WS2_recv_base socket 0138, wsabuf 0x32f6e4, nbufs 1, flags 0, from 0x32f734, fromlen 16, ovl (nil), func (nil)
0009:trace:winsock:WS2_recv_base fd=39, options=20
0009:trace:winsock:WS2_recv_base  -> 10 bytes
0009:trace:winsock:WS2_recv_base socket 0138, wsabuf 0x32f6e4, nbufs 1, flags 0, from 0x32f734, fromlen 16, ovl (nil), func (nil)
0009:trace:winsock:WS2_recv_base fd=39, options=20
0009:trace:winsock:WS2_recv_base  -> 10 bytes
0009:trace:winsock:WS2_recv_base socket 0138, wsabuf 0x32f6e4, nbufs 1, flags 0, from 0x32f734, fromlen 16, ovl (nil), func (nil)
0009:trace:winsock:WS2_recv_base fd=39, options=20
0009:trace:winsock:WS2_recv_base  -> 16 bytes
0009:trace:winsock:WS2_sendto socket 0138, wsabuf 0x32f5e4, nbufs 1, flags 0, to 0x2bbad94, tolen 16, ovl (nil), func (nil)
0009:trace:winsock:WS2_sendto fd=39, options=20
0009:trace:winsock:WS2_sendto  -> 10 bytes
0009:trace:winsock:WS2_sendto socket 0138, wsabuf 0x32f5e4, nbufs 1, flags 0, to 0x2bbad94, tolen 16, ovl (nil), func (nil)
0009:trace:winsock:WS2_sendto fd=39, options=20
0009:trace:winsock:WS2_sendto  -> 10 bytes
0009:trace:winsock:WS2_recv_base socket 0138, wsabuf 0x32f6e4, nbufs 1, flags 0, from 0x32f734, fromlen 16, ovl (nil), func (nil)
0009:trace:winsock:WS2_recv_base fd=39, options=20
0009:trace:winsock:WS2_recv_base  -> 16 bytes
0009:trace:winsock:WS2_sendto socket 0138, wsabuf 0x32f964, nbufs 1, flags 0, to 0x2bbad94, tolen 16, ovl (nil), func (nil)
0009:trace:winsock:WS2_sendto fd=39, options=20
0009:trace:winsock:WS2_sendto  -> 16 bytes
0009:trace:winsock:WS2_sendto socket 0138, wsabuf 0x32f964, nbufs 1, flags 0, to 0x2bbad94, tolen 16, ovl (nil), func (nil)
0009:trace:winsock:WS2_sendto fd=39, options=20
0009:trace:winsock:WS2_sendto  -> 16 bytes
0009:trace:winsock:WS2_sendto socket 0138, wsabuf 0x32f9c4, nbufs 1, flags 0, to 0x2bbad94, tolen 16, ovl (nil), func (nil)
0009:trace:winsock:WS2_sendto fd=39, options=20
0009:trace:winsock:WS2_sendto  -> 12 bytes
0009:trace:winsock:WS2_recv_base socket 0138, wsabuf 0x32f6e4, nbufs 1, flags 0, from 0x32f734, fromlen 16, ovl (nil), func (nil)
0009:trace:winsock:WS2_recv_base fd=39, options=20
0009:trace:winsock:WS2_recv_base  -> 12 bytes
0009:trace:winsock:WS2_sendto socket 0138, wsabuf 0x32f9c4, nbufs 1, flags 0, to 0x2bbad94, tolen 16, ovl (nil), func (nil)
0009:trace:winsock:WS2_sendto fd=39, options=20
0009:trace:winsock:WS2_sendto  -> 12 bytes
0009:trace:winsock:WS2_recv_base socket 0138, wsabuf 0x32f6e4, nbufs 1, flags 0, from 0x32f734, fromlen 16, ovl (nil), func (nil)
0009:trace:winsock:WS2_recv_base fd=39, options=20
0009:trace:winsock:WS2_recv_base  -> 12 bytes
0009:trace:winsock:WS2_recv_base socket 0138, wsabuf 0x32f6e4, nbufs 1, flags 0, from 0x32f734, fromlen 16, ovl (nil), func (nil)
0009:trace:winsock:WS2_recv_base fd=39, options=20
0009:trace:winsock:WS2_recv_base  -> 10 bytes
0009:trace:winsock:WS2_recv_base socket 0138, wsabuf 0x32f6e4, nbufs 1, flags 0, from 0x32f734, fromlen 16, ovl (nil), func (nil)
0009:trace:winsock:WS2_recv_base fd=39, options=20
0009:trace:winsock:WS2_recv_base  -> 12 bytes
0009:trace:winsock:WS2_sendto socket 0138, wsabuf 0x32ef34, nbufs 1, flags 0, to 0x2bbad94, tolen 16, ovl (nil), func (nil)
0009:trace:winsock:WS2_sendto fd=39, options=20
0009:trace:winsock:WS2_sendto  -> 12 bytes
0009:trace:winsock:WS2_recv_base socket 0138, wsabuf 0x32f6e4, nbufs 1, flags 0, from 0x32f734, fromlen 16, ovl (nil), func (nil)
0009:trace:winsock:WS2_recv_base fd=39, options=20
0009:trace:winsock:WS2_recv_base  -> 12 bytes
0009:trace:winsock:WS2_sendto socket 0138, wsabuf 0x32ef34, nbufs 1, flags 0, to 0x2bbad94, tolen 16, ovl (nil), func (nil)
0009:trace:winsock:WS2_sendto fd=39, options=20
0009:trace:winsock:WS2_sendto  -> 12 bytes
0009:trace:winsock:WS2_recv_base socket 0138, wsabuf 0x32f6e4, nbufs 1, flags 0, from 0x32f734, fromlen 16, ovl (nil), func (nil)
0009:trace:winsock:WS2_recv_base fd=39, options=20
0009:trace:winsock:WS2_recv_base  -> 10 bytes
0009:trace:winsock:WS2_sendto socket 0138, wsabuf 0x32f5e4, nbufs 1, flags 0, to 0x2bbad94, tolen 16, ovl (nil), func (nil)
0009:trace:winsock:WS2_sendto fd=39, options=20
0009:trace:winsock:WS2_sendto  -> 10 bytes
0009:trace:winsock:WS2_sendto socket 0138, wsabuf 0x32f5e4, nbufs 1, flags 0, to 0x2bbad94, tolen 16, ovl (nil), func (nil)
0009:trace:winsock:WS2_sendto fd=39, options=20
0009:trace:winsock:WS2_sendto  -> 10 bytes
0009:trace:winsock:WS2_sendto socket 0138, wsabuf 0x32f964, nbufs 1, flags 0, to 0x2bbad94, tolen 16, ovl (nil), func (nil)
0009:trace:winsock:WS2_sendto fd=39, options=20
0009:trace:winsock:WS2_sendto  -> 24 bytes
0009:trace:winsock:WS2_sendto socket 0138, wsabuf 0x32f964, nbufs 1, flags 0, to 0x2bbad94, tolen 16, ovl (nil), func (nil)
0009:trace:winsock:WS2_sendto fd=39, options=20
0009:trace:winsock:WS2_sendto  -> 24 bytes
0009:trace:winsock:WS2_sendto socket 0138, wsabuf 0x32f964, nbufs 1, flags 0, to 0x2bbad94, tolen 16, ovl (nil), func (nil)
0009:trace:winsock:WS2_sendto fd=39, options=20
0009:trace:winsock:WS2_sendto  -> 22 bytes
0009:trace:winsock:WS2_sendto socket 0138, wsabuf 0x32f964, nbufs 1, flags 0, to 0x2bbad94, tolen 16, ovl (nil), func (nil)
0009:trace:winsock:WS2_sendto fd=39, options=20
0009:trace:winsock:WS2_sendto  -> 22 bytes
0009:trace:winsock:WS2_sendto socket 0138, wsabuf 0x32f964, nbufs 1, flags 0, to 0x2bbad94, tolen 16, ovl (nil), func (nil)
0009:trace:winsock:WS2_sendto fd=39, options=20
0009:trace:winsock:WS2_sendto  -> 22 bytes
0009:trace:winsock:WS2_sendto socket 0138, wsabuf 0x32f964, nbufs 1, flags 0, to 0x2bbad94, tolen 16, ovl (nil), func (nil)
0009:trace:winsock:WS2_sendto fd=39, options=20
0009:trace:winsock:WS2_sendto  -> 22 bytes
0009:trace:winsock:WS2_sendto socket 0138, wsabuf 0x32f964, nbufs 1, flags 0, to 0x2bbad94, tolen 16, ovl (nil), func (nil)
0009:trace:winsock:WS2_sendto fd=39, options=20
0009:trace:winsock:WS2_sendto  -> 22 bytes
0009:trace:winsock:WS2_sendto socket 0138, wsabuf 0x32f964, nbufs 1, flags 0, to 0x2bbad94, tolen 16, ovl (nil), func (nil)
0009:trace:winsock:WS2_sendto fd=39, options=20
0009:trace:winsock:WS2_sendto  -> 22 bytes
0009:trace:winsock:WS2_sendto socket 0138, wsabuf 0x32f964, nbufs 1, flags 0, to 0x2bbad94, tolen 16, ovl (nil), func (nil)
0009:trace:winsock:WS2_sendto fd=39, options=20
0009:trace:winsock:WS2_sendto  -> 31 bytes
0009:trace:winsock:WS2_sendto socket 0138, wsabuf 0x32f964, nbufs 1, flags 0, to 0x2bbad94, tolen 16, ovl (nil), func (nil)
0009:trace:winsock:WS2_sendto fd=39, options=20
0009:trace:winsock:WS2_sendto  -> 31 bytes
0009:trace:winsock:WS2_sendto socket 0138, wsabuf 0x32f964, nbufs 1, flags 0, to 0x2bbad94, tolen 16, ovl (nil), func (nil)
0009:trace:winsock:WS2_sendto fd=39, options=20
0009:trace:winsock:WS2_sendto  -> 26 bytes
0009:trace:winsock:WS2_sendto socket 0138, wsabuf 0x32f964, nbufs 1, flags 0, to 0x2bbad94, tolen 16, ovl (nil), func (nil)
0009:trace:winsock:WS2_sendto fd=39, options=20
0009:trace:winsock:WS2_sendto  -> 26 bytes
0009:trace:winsock:WS2_recv_base socket 0138, wsabuf 0x32f6e4, nbufs 1, flags 0, from 0x32f734, fromlen 16, ovl (nil), func (nil)
0009:trace:winsock:WS2_recv_base fd=39, options=20
0009:trace:winsock:WS2_recv_base  -> 10 bytes
0009:trace:winsock:WS2_recv_base socket 0138, wsabuf 0x32f6e4, nbufs 1, flags 0, from 0x32f734, fromlen 16, ovl (nil), func (nil)
0009:trace:winsock:WS2_recv_base fd=39, options=20
0009:trace:winsock:WS2_recv_base  -> 10 bytes
0009:trace:winsock:WS2_sendto socket 0138, wsabuf 0x32f5e4, nbufs 1, flags 0, to 0x2bbad94, tolen 16, ovl (nil), func (nil)
0009:trace:winsock:WS2_sendto fd=39, options=20
0009:trace:winsock:WS2_sendto  -> 10 bytes
0009:trace:winsock:WS2_sendto socket 0138, wsabuf 0x32f5e4, nbufs 1, flags 0, to 0x2bbad94, tolen 16, ovl (nil), func (nil)
0009:trace:winsock:WS2_sendto fd=39, options=20
0009:trace:winsock:WS2_sendto  -> 10 bytes
0009:trace:winsock:WS2_recv_base socket 0138, wsabuf 0x32f6e4, nbufs 1, flags 0, from 0x32f734, fromlen 16, ovl (nil), func (nil)
0009:trace:winsock:WS2_recv_base fd=39, options=20
0009:trace:winsock:WS2_recv_base  -> 10 bytes
0009:trace:winsock:WS2_recv_base socket 0138, wsabuf 0x32f6e4, nbufs 1, flags 0, from 0x32f734, fromlen 16, ovl (nil), func (nil)
0009:trace:winsock:WS2_recv_base fd=39, options=20
0009:trace:winsock:WS2_recv_base  -> 10 bytes
0009:trace:winsock:WS2_sendto socket 0138, wsabuf 0x32f5e4, nbufs 1, flags 0, to 0x2bbad94, tolen 16, ovl (nil), func (nil)
0009:trace:winsock:WS2_sendto fd=39, options=20
0009:trace:winsock:WS2_sendto  -> 10 bytes
0009:trace:winsock:WS2_sendto socket 0138, wsabuf 0x32f5e4, nbufs 1, flags 0, to 0x2bbad94, tolen 16, ovl (nil), func (nil)
0009:trace:winsock:WS2_sendto fd=39, options=20
0009:trace:winsock:WS2_sendto  -> 10 bytes
0009:trace:winsock:WS2_recv_base socket 0138, wsabuf 0x32f6e4, nbufs 1, flags 0, from 0x32f734, fromlen 16, ovl (nil), func (nil)
0009:trace:winsock:WS2_recv_base fd=39, options=20
0009:trace:winsock:WS2_recv_base  -> 16 bytes
0009:trace:winsock:WS2_recv_base socket 0138, wsabuf 0x32f6e4, nbufs 1, flags 0, from 0x32f734, fromlen 16, ovl (nil), func (nil)
0009:trace:winsock:WS2_recv_base fd=39, options=20
0009:trace:winsock:WS2_recv_base  -> 16 bytes
0009:trace:winsock:WS2_sendto socket 0138, wsabuf 0x32f964, nbufs 1, flags 0, to 0x2bbad94, tolen 16, ovl (nil), func (nil)
0009:trace:winsock:WS2_sendto fd=39, options=20
0009:trace:winsock:WS2_sendto  -> 16 bytes
0009:trace:winsock:WS2_sendto socket 0138, wsabuf 0x32f964, nbufs 1, flags 0, to 0x2bbad94, tolen 16, ovl (nil), func (nil)
0009:trace:winsock:WS2_sendto fd=39, options=20
0009:trace:winsock:WS2_sendto  -> 16 bytes
0009:trace:winsock:WS2_recv_base socket 0138, wsabuf 0x32f6e4, nbufs 1, flags 0, from 0x32f734, fromlen 16, ovl (nil), func (nil)
0009:trace:winsock:WS2_recv_base fd=39, options=20
0009:trace:winsock:WS2_recv_base  -> 10 bytes
0009:trace:winsock:WS2_recv_base socket 0138, wsabuf 0x32f6e4, nbufs 1, flags 0, from 0x32f734, fromlen 16, ovl (nil), func (nil)
0009:trace:winsock:WS2_recv_base fd=39, options=20
0009:trace:winsock:WS2_recv_base  -> 10 bytes
0009:trace:winsock:WS2_sendto socket 0138, wsabuf 0x32f5e4, nbufs 1, flags 0, to 0x2bbad94, tolen 16, ovl (nil), func (nil)
0009:trace:winsock:WS2_sendto fd=39, options=20
0009:trace:winsock:WS2_sendto  -> 10 bytes
0009:trace:winsock:WS2_sendto socket 0138, wsabuf 0x32f5e4, nbufs 1, flags 0, to 0x2bbad94, tolen 16, ovl (nil), func (nil)
0009:trace:winsock:WS2_sendto fd=39, options=20
0009:trace:winsock:WS2_sendto  -> 10 bytes
0009:trace:winsock:WS2_recv_base socket 0138, wsabuf 0x32f6e4, nbufs 1, flags 0, from 0x32f734, fromlen 16, ovl (nil), func (nil)
0009:trace:winsock:WS2_recv_base fd=39, options=20
0009:trace:winsock:WS2_recv_base  -> 22 bytes
0009:trace:winsock:WS2_sendto socket 0138, wsabuf 0x32f9c4, nbufs 1, flags 0, to 0x2bbad94, tolen 16, ovl (nil), func (nil)
0009:trace:winsock:WS2_sendto fd=39, options=20
0009:trace:winsock:WS2_sendto  -> 12 bytes
0009:trace:winsock:WS2_recv_base socket 0138, wsabuf 0x32f6e4, nbufs 1, flags 0, from 0x32f734, fromlen 16, ovl (nil), func (nil)
0009:trace:winsock:WS2_recv_base fd=39, options=20
0009:trace:winsock:WS2_recv_base  -> 22 bytes
0009:trace:winsock:WS2_sendto socket 0138, wsabuf 0x32f964, nbufs 1, flags 0, to 0x2bbad94, tolen 16, ovl (nil), func (nil)
0009:trace:winsock:WS2_sendto fd=39, options=20
0009:trace:winsock:WS2_sendto  -> 22 bytes
0009:trace:winsock:WS2_sendto socket 0138, wsabuf 0x32f964, nbufs 1, flags 0, to 0x2bbad94, tolen 16, ovl (nil), func (nil)
0009:trace:winsock:WS2_sendto fd=39, options=20
0009:trace:winsock:WS2_sendto  -> 22 bytes
0009:trace:winsock:WS2_recv_base socket 0138, wsabuf 0x32f6e4, nbufs 1, flags 0, from 0x32f734, fromlen 16, ovl (nil), func (nil)
0009:trace:winsock:WS2_recv_base fd=39, options=20
0009:trace:winsock:WS2_recv_base  -> 12 bytes
0009:trace:winsock:WS2_sendto socket 0138, wsabuf 0x32f9c4, nbufs 1, flags 0, to 0x2bbad94, tolen 16, ovl (nil), func (nil)
0009:trace:winsock:WS2_sendto fd=39, options=20
0009:trace:winsock:WS2_sendto  -> 12 bytes
0009:trace:winsock:WS2_recv_base socket 0138, wsabuf 0x32f6e4, nbufs 1, flags 0, from 0x32f734, fromlen 16, ovl (nil), func (nil)
0009:trace:winsock:WS2_recv_base fd=39, options=20
0009:trace:winsock:WS2_recv_base  -> 10 bytes
0009:trace:winsock:WS2_recv_base socket 0138, wsabuf 0x32f6e4, nbufs 1, flags 0, from 0x32f734, fromlen 16, ovl (nil), func (nil)
0009:trace:winsock:WS2_recv_base fd=39, options=20
0009:trace:winsock:WS2_recv_base  -> 12 bytes
0009:trace:winsock:WS2_sendto socket 0138, wsabuf 0x32ef34, nbufs 1, flags 0, to 0x2bbad94, tolen 16, ovl (nil), func (nil)
0009:trace:winsock:WS2_sendto fd=39, options=20
0009:trace:winsock:WS2_sendto  -> 12 bytes
0009:trace:winsock:WS2_recv_base socket 0138, wsabuf 0x32f6e4, nbufs 1, flags 0, from 0x32f734, fromlen 16, ovl (nil), func (nil)
0009:trace:winsock:WS2_recv_base fd=39, options=20
0009:trace:winsock:WS2_recv_base  -> 12 bytes
0009:trace:winsock:WS2_recv_base socket 0138, wsabuf 0x32f6e4, nbufs 1, flags 0, from 0x32f734, fromlen 16, ovl (nil), func (nil)
0009:trace:winsock:WS2_recv_base fd=39, options=20
0009:trace:winsock:WS2_recv_base  -> 12 bytes
0009:trace:winsock:WS2_sendto socket 0138, wsabuf 0x32ef34, nbufs 1, flags 0, to 0x2bbad94, tolen 16, ovl (nil), func (nil)
0009:trace:winsock:WS2_sendto fd=39, options=20
0009:trace:winsock:WS2_sendto  -> 12 bytes
0009:trace:winsock:WS2_recv_base socket 0138, wsabuf 0x32f6e4, nbufs 1, flags 0, from 0x32f734, fromlen 16, ovl (nil), func (nil)
0009:trace:winsock:WS2_recv_base fd=39, options=20
0009:trace:winsock:WS2_recv_base  -> 10 bytes
0009:trace:winsock:WS2_sendto socket 0138, wsabuf 0x32f5e4, nbufs 1, flags 0, to 0x2bbad94, tolen 16, ovl (nil), func (nil)
0009:trace:winsock:WS2_sendto fd=39, options=20
0009:trace:winsock:WS2_sendto  -> 10 bytes
0009:trace:winsock:WS2_sendto socket 0138, wsabuf 0x32f5e4, nbufs 1, flags 0, to 0x2bbad94, tolen 16, ovl (nil), func (nil)
0009:trace:winsock:WS2_sendto fd=39, options=20
0009:trace:winsock:WS2_sendto  -> 10 bytes
0009:trace:winsock:WS2_sendto socket 0138, wsabuf 0x32f964, nbufs 1, flags 0, to 0x2bbad94, tolen 16, ovl (nil), func (nil)
0009:trace:winsock:WS2_sendto fd=39, options=20
0009:trace:winsock:WS2_sendto  -> 25 bytes
0009:trace:winsock:WS2_sendto socket 0138, wsabuf 0x32f964, nbufs 1, flags 0, to 0x2bbad94, tolen 16, ovl (nil), func (nil)
0009:trace:winsock:WS2_sendto fd=39, options=20
0009:trace:winsock:WS2_sendto  -> 25 bytes
0009:trace:winsock:WS2_recv_base socket 0138, wsabuf 0x32f6e4, nbufs 1, flags 0, from 0x32f734, fromlen 16, ovl (nil), func (nil)
0009:trace:winsock:WS2_recv_base fd=39, options=20
0009:trace:winsock:WS2_recv_base  -> 10 bytes
0009:trace:winsock:WS2_recv_base socket 0138, wsabuf 0x32f6e4, nbufs 1, flags 0, from 0x32f734, fromlen 16, ovl (nil), func (nil)
0009:trace:winsock:WS2_recv_base fd=39, options=20
0009:trace:winsock:WS2_recv_base  -> 10 bytes
0009:trace:winsock:WS2_recv_base socket 0138, wsabuf 0x32f6e4, nbufs 1, flags 0, from 0x32f734, fromlen 16, ovl (nil), func (nil)
0009:trace:winsock:WS2_recv_base fd=39, options=20
0009:trace:winsock:WS2_recv_base  -> 16 bytes
0009:trace:winsock:WS2_sendto socket 0138, wsabuf 0x32f5e4, nbufs 1, flags 0, to 0x2bbad94, tolen 16, ovl (nil), func (nil)
0009:trace:winsock:WS2_sendto fd=39, options=20
0009:trace:winsock:WS2_sendto  -> 10 bytes
0009:trace:winsock:WS2_sendto socket 0138, wsabuf 0x32f5e4, nbufs 1, flags 0, to 0x2bbad94, tolen 16, ovl (nil), func (nil)
0009:trace:winsock:WS2_sendto fd=39, options=20
0009:trace:winsock:WS2_sendto  -> 10 bytes
0009:trace:winsock:WS2_recv_base socket 0138, wsabuf 0x32f6e4, nbufs 1, flags 0, from 0x32f734, fromlen 16, ovl (nil), func (nil)
0009:trace:winsock:WS2_recv_base fd=39, options=20
0009:trace:winsock:WS2_recv_base  -> 16 bytes
0009:trace:winsock:WS2_sendto socket 0138, wsabuf 0x32f964, nbufs 1, flags 0, to 0x2bbad94, tolen 16, ovl (nil), func (nil)
0009:trace:winsock:WS2_sendto fd=39, options=20
0009:trace:winsock:WS2_sendto  -> 16 bytes
0009:trace:winsock:WS2_sendto socket 0138, wsabuf 0x32f964, nbufs 1, flags 0, to 0x2bbad94, tolen 16, ovl (nil), func (nil)
0009:trace:winsock:WS2_sendto fd=39, options=20
0009:trace:winsock:WS2_sendto  -> 16 bytes
0009:trace:winsock:WS2_recv_base socket 0138, wsabuf 0x32f6e4, nbufs 1, flags 0, from 0x32f734, fromlen 16, ovl (nil), func (nil)
0009:trace:winsock:WS2_recv_base fd=39, options=20
0009:trace:winsock:WS2_recv_base  -> 10 bytes
0009:trace:winsock:WS2_recv_base socket 0138, wsabuf 0x32f6e4, nbufs 1, flags 0, from 0x32f734, fromlen 16, ovl (nil), func (nil)
0009:trace:winsock:WS2_recv_base fd=39, options=20
0009:trace:winsock:WS2_recv_base  -> 10 bytes
0009:trace:winsock:WS2_sendto socket 0138, wsabuf 0x32f5e4, nbufs 1, flags 0, to 0x2bbad94, tolen 16, ovl (nil), func (nil)
0009:trace:winsock:WS2_sendto fd=39, options=20
0009:trace:winsock:WS2_sendto  -> 10 bytes
0009:trace:winsock:WS2_sendto socket 0138, wsabuf 0x32f5e4, nbufs 1, flags 0, to 0x2bbad94, tolen 16, ovl (nil), func (nil)
0009:trace:winsock:WS2_sendto fd=39, options=20
0009:trace:winsock:WS2_sendto  -> 10 bytes
0009:trace:winsock:WS2_recv_base socket 0138, wsabuf 0x32f6e4, nbufs 1, flags 0, from 0x32f734, fromlen 16, ovl (nil), func (nil)
0009:trace:winsock:WS2_recv_base fd=39, options=20
0009:trace:winsock:WS2_recv_base  -> 10 bytes
0009:trace:winsock:WS2_recv_base socket 0138, wsabuf 0x32f6e4, nbufs 1, flags 0, from 0x32f734, fromlen 16, ovl (nil), func (nil)
0009:trace:winsock:WS2_recv_base fd=39, options=20
0009:trace:winsock:WS2_recv_base  -> 10 bytes
0009:trace:winsock:WS2_sendto socket 0138, wsabuf 0x32f5e4, nbufs 1, flags 0, to 0x2bbad94, tolen 16, ovl (nil), func (nil)
0009:trace:winsock:WS2_sendto fd=39, options=20
0009:trace:winsock:WS2_sendto  -> 10 bytes
0009:trace:winsock:WS2_sendto socket 0138, wsabuf 0x32f5e4, nbufs 1, flags 0, to 0x2bbad94, tolen 16, ovl (nil), func (nil)
0009:trace:winsock:WS2_sendto fd=39, options=20
0009:trace:winsock:WS2_sendto  -> 10 bytes
0009:trace:winsock:WS2_sendto socket 0138, wsabuf 0x32f9c4, nbufs 1, flags 0, to 0x2bbad94, tolen 16, ovl (nil), func (nil)
0009:trace:winsock:WS2_sendto fd=39, options=20
0009:trace:winsock:WS2_sendto  -> 12 bytes
0009:trace:winsock:WS2_recv_base socket 0138, wsabuf 0x32f6e4, nbufs 1, flags 0, from 0x32f734, fromlen 16, ovl (nil), func (nil)
0009:trace:winsock:WS2_recv_base fd=39, options=20
0009:trace:winsock:WS2_recv_base  -> 12 bytes
0009:trace:winsock:WS2_sendto socket 0138, wsabuf 0x32f9c4, nbufs 1, flags 0, to 0x2bbad94, tolen 16, ovl (nil), func (nil)
0009:trace:winsock:WS2_sendto fd=39, options=20
0009:trace:winsock:WS2_sendto  -> 12 bytes
0009:trace:winsock:WS2_recv_base socket 0138, wsabuf 0x32f6e4, nbufs 1, flags 0, from 0x32f734, fromlen 16, ovl (nil), func (nil)
0009:trace:winsock:WS2_recv_base fd=39, options=20
0009:trace:winsock:WS2_recv_base  -> 10 bytes
0009:trace:winsock:WS2_recv_base socket 0138, wsabuf 0x32f6e4, nbufs 1, flags 0, from 0x32f734, fromlen 16, ovl (nil), func (nil)
0009:trace:winsock:WS2_recv_base fd=39, options=20
0009:trace:winsock:WS2_recv_base  -> 12 bytes
0009:trace:winsock:WS2_recv_base socket 0138, wsabuf 0x32f6e4, nbufs 1, flags 0, from 0x32f734, fromlen 16, ovl (nil), func (nil)
0009:trace:winsock:WS2_recv_base fd=39, options=20
0009:trace:winsock:WS2_recv_base  -> 12 bytes
0009:trace:winsock:WS2_sendto socket 0138, wsabuf 0x32ef34, nbufs 1, flags 0, to 0x2bbad94, tolen 16, ovl (nil), func (nil)
0009:trace:winsock:WS2_sendto fd=39, options=20
0009:trace:winsock:WS2_sendto  -> 12 bytes
0009:trace:winsock:WS2_recv_base socket 0138, wsabuf 0x32f6e4, nbufs 1, flags 0, from 0x32f734, fromlen 16, ovl (nil), func (nil)
0009:trace:winsock:WS2_recv_base fd=39, options=20
0009:trace:winsock:WS2_recv_base  -> 12 bytes
0009:trace:winsock:WS2_sendto socket 0138, wsabuf 0x32ef34, nbufs 1, flags 0, to 0x2bbad94, tolen 16, ovl (nil), func (nil)
0009:trace:winsock:WS2_sendto fd=39, options=20
0009:trace:winsock:WS2_sendto  -> 12 bytes
0009:trace:winsock:WS2_recv_base socket 0138, wsabuf 0x32f6e4, nbufs 1, flags 0, from 0x32f734, fromlen 16, ovl (nil), func (nil)
0009:trace:winsock:WS2_recv_base fd=39, options=20
0009:trace:winsock:WS2_recv_base  -> 10 bytes
0009:trace:winsock:WS2_sendto socket 0138, wsabuf 0x32f5e4, nbufs 1, flags 0, to 0x2bbad94, tolen 16, ovl (nil), func (nil)
0009:trace:winsock:WS2_sendto fd=39, options=20
0009:trace:winsock:WS2_sendto  -> 10 bytes
0009:trace:winsock:WS2_sendto socket 0138, wsabuf 0x32f5e4, nbufs 1, flags 0, to 0x2bbad94, tolen 16, ovl (nil), func (nil)
0009:trace:winsock:WS2_sendto fd=39, options=20
0009:trace:winsock:WS2_sendto  -> 10 bytes
0009:trace:winsock:WS2_recv_base socket 0138, wsabuf 0x32f6e4, nbufs 1, flags 0, from 0x32f734, fromlen 16, ovl (nil), func (nil)
0009:trace:winsock:WS2_recv_base fd=39, options=20
0009:trace:winsock:WS2_recv_base  -> 16 bytes
0009:trace:winsock:WS2_sendto socket 0138, wsabuf 0x32f964, nbufs 1, flags 0, to 0x2bbad94, tolen 16, ovl (nil), func (nil)
0009:trace:winsock:WS2_sendto fd=39, options=20
0009:trace:winsock:WS2_sendto  -> 25 bytes
0009:trace:winsock:WS2_sendto socket 0138, wsabuf 0x32f964, nbufs 1, flags 0, to 0x2bbad94, tolen 16, ovl (nil), func (nil)
0009:trace:winsock:WS2_sendto fd=39, options=20
0009:trace:winsock:WS2_sendto  -> 25 bytes
0009:trace:winsock:WS2_recv_base socket 0138, wsabuf 0x32f6e4, nbufs 1, flags 0, from 0x32f734, fromlen 16, ovl (nil), func (nil)
0009:trace:winsock:WS2_recv_base fd=39, options=20
0009:trace:winsock:WS2_recv_base  -> 16 bytes
0009:trace:winsock:WS2_recv_base socket 0138, wsabuf 0x32f6e4, nbufs 1, flags 0, from 0x32f734, fromlen 16, ovl (nil), func (nil)
0009:trace:winsock:WS2_recv_base fd=39, options=20
0009:trace:winsock:WS2_recv_base  -> 10 bytes
0009:trace:winsock:WS2_sendto socket 0138, wsabuf 0x32f964, nbufs 1, flags 0, to 0x2bbad94, tolen 16, ovl (nil), func (nil)
0009:trace:winsock:WS2_sendto fd=39, options=20
0009:trace:winsock:WS2_sendto  -> 16 bytes
0009:trace:winsock:WS2_sendto socket 0138, wsabuf 0x32f964, nbufs 1, flags 0, to 0x2bbad94, tolen 16, ovl (nil), func (nil)
0009:trace:winsock:WS2_sendto fd=39, options=20
0009:trace:winsock:WS2_sendto  -> 16 bytes
0009:trace:winsock:WS2_recv_base socket 0138, wsabuf 0x32f6e4, nbufs 1, flags 0, from 0x32f734, fromlen 16, ovl (nil), func (nil)
0009:trace:winsock:WS2_recv_base fd=39, options=20
0009:trace:winsock:WS2_recv_base  -> 10 bytes
0009:trace:winsock:WS2_sendto socket 0138, wsabuf 0x32f5e4, nbufs 1, flags 0, to 0x2bbad94, tolen 16, ovl (nil), func (nil)
0009:trace:winsock:WS2_sendto fd=39, options=20
0009:trace:winsock:WS2_sendto  -> 10 bytes
0009:trace:winsock:WS2_sendto socket 0138, wsabuf 0x32f5e4, nbufs 1, flags 0, to 0x2bbad94, tolen 16, ovl (nil), func (nil)
0009:trace:winsock:WS2_sendto fd=39, options=20
0009:trace:winsock:WS2_sendto  -> 10 bytes
0009:trace:winsock:WS2_recv_base socket 0138, wsabuf 0x32f6e4, nbufs 1, flags 0, from 0x32f734, fromlen 16, ovl (nil), func (nil)
0009:trace:winsock:WS2_recv_base fd=39, options=20
0009:trace:winsock:WS2_recv_base  -> 10 bytes
0009:trace:winsock:WS2_recv_base socket 0138, wsabuf 0x32f6e4, nbufs 1, flags 0, from 0x32f734, fromlen 16, ovl (nil), func (nil)
0009:trace:winsock:WS2_recv_base fd=39, options=20
0009:trace:winsock:WS2_recv_base  -> 10 bytes
0009:trace:winsock:WS2_sendto socket 0138, wsabuf 0x32f5e4, nbufs 1, flags 0, to 0x2bbad94, tolen 16, ovl (nil), func (nil)
0009:trace:winsock:WS2_sendto fd=39, options=20
0009:trace:winsock:WS2_sendto  -> 10 bytes
0009:trace:winsock:WS2_sendto socket 0138, wsabuf 0x32f5e4, nbufs 1, flags 0, to 0x2bbad94, tolen 16, ovl (nil), func (nil)
0009:trace:winsock:WS2_sendto fd=39, options=20
0009:trace:winsock:WS2_sendto  -> 10 bytes
0009:trace:winsock:WS2_recv_base socket 0138, wsabuf 0x32f6e4, nbufs 1, flags 0, from 0x32f734, fromlen 16, ovl (nil), func (nil)
0009:trace:winsock:WS2_recv_base fd=39, options=20
0009:trace:winsock:WS2_recv_base  -> 10 bytes
0009:trace:winsock:WS2_recv_base socket 0138, wsabuf 0x32f6e4, nbufs 1, flags 0, from 0x32f734, fromlen 16, ovl (nil), func (nil)
0009:trace:winsock:WS2_recv_base fd=39, options=20
0009:trace:winsock:WS2_recv_base  -> 10 bytes
0009:trace:winsock:WS2_sendto socket 0138, wsabuf 0x32f5e4, nbufs 1, flags 0, to 0x2bbad94, tolen 16, ovl (nil), func (nil)
0009:trace:winsock:WS2_sendto fd=39, options=20
0009:trace:winsock:WS2_sendto  -> 10 bytes
0009:trace:winsock:WS2_sendto socket 0138, wsabuf 0x32f5e4, nbufs 1, flags 0, to 0x2bbad94, tolen 16, ovl (nil), func (nil)
0009:trace:winsock:WS2_sendto fd=39, options=20
0009:trace:winsock:WS2_sendto  -> 10 bytes
0009:trace:winsock:WS2_recv_base socket 0138, wsabuf 0x32f6e4, nbufs 1, flags 0, from 0x32f734, fromlen 16, ovl (nil), func (nil)
0009:trace:winsock:WS2_recv_base fd=39, options=20
0009:trace:winsock:WS2_recv_base  -> 16 bytes
0009:trace:winsock:WS2_sendto socket 0138, wsabuf 0x32f9c4, nbufs 1, flags 0, to 0x2bbad94, tolen 16, ovl (nil), func (nil)
0009:trace:winsock:WS2_sendto fd=39, options=20
0009:trace:winsock:WS2_sendto  -> 12 bytes
0009:trace:winsock:WS2_recv_base socket 0138, wsabuf 0x32f6e4, nbufs 1, flags 0, from 0x32f734, fromlen 16, ovl (nil), func (nil)
0009:trace:winsock:WS2_recv_base fd=39, options=20
0009:trace:winsock:WS2_recv_base  -> 12 bytes
0009:trace:winsock:WS2_recv_base socket 0138, wsabuf 0x32f6e4, nbufs 1, flags 0, from 0x32f734, fromlen 16, ovl (nil), func (nil)
0009:trace:winsock:WS2_recv_base fd=39, options=20
0009:trace:winsock:WS2_recv_base  -> 10 bytes
0009:trace:winsock:WS2_recv_base socket 0138, wsabuf 0x32f6e4, nbufs 1, flags 0, from 0x32f734, fromlen 16, ovl (nil), func (nil)
0009:trace:winsock:WS2_recv_base fd=39, options=20
0009:trace:winsock:WS2_recv_base  -> 16 bytes
0009:trace:winsock:WS2_sendto socket 0138, wsabuf 0x32f9c4, nbufs 1, flags 0, to 0x2bbad94, tolen 16, ovl (nil), func (nil)
0009:trace:winsock:WS2_sendto fd=39, options=20
0009:trace:winsock:WS2_sendto  -> 12 bytes
0009:trace:winsock:WS2_recv_base socket 0138, wsabuf 0x32f6e4, nbufs 1, flags 0, from 0x32f734, fromlen 16, ovl (nil), func (nil)
0009:trace:winsock:WS2_recv_base fd=39, options=20
0009:trace:winsock:WS2_recv_base  -> 12 bytes
0009:trace:winsock:WS2_sendto socket 0138, wsabuf 0x32f964, nbufs 1, flags 0, to 0x2bbad94, tolen 16, ovl (nil), func (nil)
0009:trace:winsock:WS2_sendto fd=39, options=20
0009:trace:winsock:WS2_sendto  -> 16 bytes
0009:trace:winsock:WS2_sendto socket 0138, wsabuf 0x32f964, nbufs 1, flags 0, to 0x2bbad94, tolen 16, ovl (nil), func (nil)
0009:trace:winsock:WS2_sendto fd=39, options=20
0009:trace:winsock:WS2_sendto  -> 16 bytes
0009:trace:winsock:WS2_recv_base socket 0138, wsabuf 0x32f6e4, nbufs 1, flags 0, from 0x32f734, fromlen 16, ovl (nil), func (nil)
0009:trace:winsock:WS2_recv_base fd=39, options=20
0009:trace:winsock:WS2_recv_base  -> 12 bytes
0009:trace:winsock:WS2_sendto socket 0138, wsabuf 0x32ef34, nbufs 1, flags 0, to 0x2bbad94, tolen 16, ovl (nil), func (nil)
0009:trace:winsock:WS2_sendto fd=39, options=20
0009:trace:winsock:WS2_sendto  -> 12 bytes
0009:trace:winsock:WS2_recv_base socket 0138, wsabuf 0x32f6e4, nbufs 1, flags 0, from 0x32f734, fromlen 16, ovl (nil), func (nil)
0009:trace:winsock:WS2_recv_base fd=39, options=20
0009:trace:winsock:WS2_recv_base  -> 12 bytes
0009:trace:winsock:WS2_sendto socket 0138, wsabuf 0x32ef34, nbufs 1, flags 0, to 0x2bbad94, tolen 16, ovl (nil), func (nil)
0009:trace:winsock:WS2_sendto fd=39, options=20
0009:trace:winsock:WS2_sendto  -> 12 bytes
0009:trace:winsock:WS2_recv_base socket 0138, wsabuf 0x32f6e4, nbufs 1, flags 0, from 0x32f734, fromlen 16, ovl (nil), func (nil)
0009:trace:winsock:WS2_recv_base fd=39, options=20
0009:trace:winsock:WS2_recv_base  -> 10 bytes
0009:trace:winsock:WS2_sendto socket 0138, wsabuf 0x32f5e4, nbufs 1, flags 0, to 0x2bbad94, tolen 16, ovl (nil), func (nil)
0009:trace:winsock:WS2_sendto fd=39, options=20
0009:trace:winsock:WS2_sendto  -> 10 bytes
0009:trace:winsock:WS2_sendto socket 0138, wsabuf 0x32f5e4, nbufs 1, flags 0, to 0x2bbad94, tolen 16, ovl (nil), func (nil)
0009:trace:winsock:WS2_sendto fd=39, options=20
0009:trace:winsock:WS2_sendto  -> 10 bytes
0009:trace:winsock:WS2_sendto socket 0138, wsabuf 0x32f964, nbufs 1, flags 0, to 0x2bbad94, tolen 16, ovl (nil), func (nil)
0009:trace:winsock:WS2_sendto fd=39, options=20
0009:trace:winsock:WS2_sendto  -> 25 bytes
0009:trace:winsock:WS2_sendto socket 0138, wsabuf 0x32f964, nbufs 1, flags 0, to 0x2bbad94, tolen 16, ovl (nil), func (nil)
0009:trace:winsock:WS2_sendto fd=39, options=20
0009:trace:winsock:WS2_sendto  -> 25 bytes
0009:trace:winsock:WS2_recv_base socket 0138, wsabuf 0x32f6e4, nbufs 1, flags 0, from 0x32f734, fromlen 16, ovl (nil), func (nil)
0009:trace:winsock:WS2_recv_base fd=39, options=20
0009:trace:winsock:WS2_recv_base  -> 10 bytes
0009:trace:winsock:WS2_recv_base socket 0138, wsabuf 0x32f6e4, nbufs 1, flags 0, from 0x32f734, fromlen 16, ovl (nil), func (nil)
0009:trace:winsock:WS2_recv_base fd=39, options=20
0009:trace:winsock:WS2_recv_base  -> 10 bytes
0009:trace:winsock:WS2_sendto socket 0138, wsabuf 0x32f5e4, nbufs 1, flags 0, to 0x2bbad94, tolen 16, ovl (nil), func (nil)
0009:trace:winsock:WS2_sendto fd=39, options=20
0009:trace:winsock:WS2_sendto  -> 10 bytes
0009:trace:winsock:WS2_sendto socket 0138, wsabuf 0x32f5e4, nbufs 1, flags 0, to 0x2bbad94, tolen 16, ovl (nil), func (nil)
0009:trace:winsock:WS2_sendto fd=39, options=20
0009:trace:winsock:WS2_sendto  -> 10 bytes
0009:trace:winsock:WS2_recv_base socket 0138, wsabuf 0x32f6e4, nbufs 1, flags 0, from 0x32f734, fromlen 16, ovl (nil), func (nil)
0009:trace:winsock:WS2_recv_base fd=39, options=20
0009:trace:winsock:WS2_recv_base  -> 10 bytes
0009:trace:winsock:WS2_recv_base socket 0138, wsabuf 0x32f6e4, nbufs 1, flags 0, from 0x32f734, fromlen 16, ovl (nil), func (nil)
0009:trace:winsock:WS2_recv_base fd=39, options=20
0009:trace:winsock:WS2_recv_base  -> 10 bytes
0009:trace:winsock:WS2_sendto socket 0138, wsabuf 0x32f5e4, nbufs 1, flags 0, to 0x2bbad94, tolen 16, ovl (nil), func (nil)
0009:trace:winsock:WS2_sendto fd=39, options=20
0009:trace:winsock:WS2_sendto  -> 10 bytes
0009:trace:winsock:WS2_sendto socket 0138, wsabuf 0x32f5e4, nbufs 1, flags 0, to 0x2bbad94, tolen 16, ovl (nil), func (nil)
0009:trace:winsock:WS2_sendto fd=39, options=20
0009:trace:winsock:WS2_sendto  -> 10 bytes
0009:trace:winsock:WS2_recv_base socket 0138, wsabuf 0x32f6e4, nbufs 1, flags 0, from 0x32f734, fromlen 16, ovl (nil), func (nil)
0009:trace:winsock:WS2_recv_base fd=39, options=20
0009:trace:winsock:WS2_recv_base  -> 16 bytes
0009:trace:winsock:WS2_recv_base socket 0138, wsabuf 0x32f6e4, nbufs 1, flags 0, from 0x32f734, fromlen 16, ovl (nil), func (nil)
0009:trace:winsock:WS2_recv_base fd=39, options=20
0009:trace:winsock:WS2_recv_base  -> 10 bytes
0009:trace:winsock:WS2_recv_base socket 0138, wsabuf 0x32f6e4, nbufs 1, flags 0, from 0x32f734, fromlen 16, ovl (nil), func (nil)
0009:trace:winsock:WS2_recv_base fd=39, options=20
0009:trace:winsock:WS2_recv_base  -> 16 bytes
0009:trace:winsock:WS2_sendto socket 0138, wsabuf 0x32f964, nbufs 1, flags 0, to 0x2bbad94, tolen 16, ovl (nil), func (nil)
0009:trace:winsock:WS2_sendto fd=39, options=20
0009:trace:winsock:WS2_sendto  -> 16 bytes
0009:trace:winsock:WS2_sendto socket 0138, wsabuf 0x32f964, nbufs 1, flags 0, to 0x2bbad94, tolen 16, ovl (nil), func (nil)
0009:trace:winsock:WS2_sendto fd=39, options=20
0009:trace:winsock:WS2_sendto  -> 16 bytes
0009:trace:winsock:WS2_recv_base socket 0138, wsabuf 0x32f6e4, nbufs 1, flags 0, from 0x32f734, fromlen 16, ovl (nil), func (nil)
0009:trace:winsock:WS2_recv_base fd=39, options=20
0009:trace:winsock:WS2_recv_base  -> 10 bytes
0009:trace:winsock:WS2_sendto socket 0138, wsabuf 0x32f5e4, nbufs 1, flags 0, to 0x2bbad94, tolen 16, ovl (nil), func (nil)
0009:trace:winsock:WS2_sendto fd=39, options=20
0009:trace:winsock:WS2_sendto  -> 10 bytes
0009:trace:winsock:WS2_sendto socket 0138, wsabuf 0x32f5e4, nbufs 1, flags 0, to 0x2bbad94, tolen 16, ovl (nil), func (nil)
0009:trace:winsock:WS2_sendto fd=39, options=20
0009:trace:winsock:WS2_sendto  -> 10 bytes
0009:trace:winsock:WS2_sendto socket 0138, wsabuf 0x32f9c4, nbufs 1, flags 0, to 0x2bbad94, tolen 16, ovl (nil), func (nil)
0009:trace:winsock:WS2_sendto fd=39, options=20
0009:trace:winsock:WS2_sendto  -> 12 bytes
0009:trace:winsock:WS2_sendto socket 0138, wsabuf 0x32f9c4, nbufs 1, flags 0, to 0x2bbad94, tolen 16, ovl (nil), func (nil)
0009:trace:winsock:WS2_sendto fd=39, options=20
0009:trace:winsock:WS2_sendto  -> 12 bytes
0009:trace:winsock:WS2_sendto socket 0138, wsabuf 0x32f5e4, nbufs 1, flags 0, to 0x2bbad94, tolen 16, ovl (nil), func (nil)
0009:trace:winsock:WS2_sendto fd=39, options=20
0009:trace:winsock:WS2_sendto  -> 10 bytes
0009:trace:winsock:WS2_sendto socket 0138, wsabuf 0x32f5e4, nbufs 1, flags 0, to 0x2bbad94, tolen 16, ovl (nil), func (nil)
0009:trace:winsock:WS2_sendto fd=39, options=20
0009:trace:winsock:WS2_sendto  -> 10 bytes
0009:trace:winsock:WS2_sendto socket 0138, wsabuf 0x32f964, nbufs 1, flags 0, to 0x2bbad94, tolen 16, ovl (nil), func (nil)
0009:trace:winsock:WS2_sendto fd=39, options=20
0009:trace:winsock:WS2_sendto  -> 25 bytes
0009:trace:winsock:WS2_sendto socket 0138, wsabuf 0x32f964, nbufs 1, flags 0, to 0x2bbad94, tolen 16, ovl (nil), func (nil)
0009:trace:winsock:WS2_sendto fd=39, options=20
0009:trace:winsock:WS2_sendto  -> 25 bytes
0009:trace:winsock:WS2_sendto socket 0138, wsabuf 0x32f5e4, nbufs 1, flags 0, to 0x2bbad94, tolen 16, ovl (nil), func (nil)
0009:trace:winsock:WS2_sendto fd=39, options=20
0009:trace:winsock:WS2_sendto  -> 10 bytes
0009:trace:winsock:WS2_sendto socket 0138, wsabuf 0x32f5e4, nbufs 1, flags 0, to 0x2bbad94, tolen 16, ovl (nil), func (nil)
0009:trace:winsock:WS2_sendto fd=39, options=20
0009:trace:winsock:WS2_sendto  -> 10 bytes
0009:trace:winsock:WS2_sendto socket 0138, wsabuf 0x32f964, nbufs 1, flags 0, to 0x2bbad94, tolen 16, ovl (nil), func (nil)
0009:trace:winsock:WS2_sendto fd=39, options=20
0009:trace:winsock:WS2_sendto  -> 16 bytes
0009:trace:winsock:WS2_sendto socket 0138, wsabuf 0x32f964, nbufs 1, flags 0, to 0x2bbad94, tolen 16, ovl (nil), func (nil)
0009:trace:winsock:WS2_sendto fd=39, options=20
0009:trace:winsock:WS2_sendto  -> 16 bytes
0009:trace:winsock:WS2_sendto socket 0138, wsabuf 0x32f5e4, nbufs 1, flags 0, to 0x2bbad94, tolen 16, ovl (nil), func (nil)
0009:trace:winsock:WS2_sendto fd=39, options=20
0009:trace:winsock:WS2_sendto  -> 10 bytes
0009:trace:winsock:WS2_sendto socket 0138, wsabuf 0x32f5e4, nbufs 1, flags 0, to 0x2bbad94, tolen 16, ovl (nil), func (nil)
0009:trace:winsock:WS2_sendto fd=39, options=20
0009:trace:winsock:WS2_sendto  -> 10 bytes
0009:trace:winsock:WS2_recv_base socket 0138, wsabuf 0x32f6e4, nbufs 1, flags 0, from 0x32f734, fromlen 16, ovl (nil), func (nil)
0009:trace:winsock:WS2_recv_base fd=39, options=20
0009:trace:winsock:WS2_recv_base  -> 12 bytes
0009:trace:winsock:WS2_recv_base socket 0138, wsabuf 0x32f6e4, nbufs 1, flags 0, from 0x32f734, fromlen 16, ovl (nil), func (nil)
0009:trace:winsock:WS2_recv_base fd=39, options=20
0009:trace:winsock:WS2_recv_base  -> 10 bytes
0009:trace:winsock:WS2_recv_base socket 0138, wsabuf 0x32f6e4, nbufs 1, flags 0, from 0x32f734, fromlen 16, ovl (nil), func (nil)
0009:trace:winsock:WS2_recv_base fd=39, options=20
0009:trace:winsock:WS2_recv_base  -> 12 bytes
0009:trace:winsock:WS2_sendto socket 0138, wsabuf 0x32ef34, nbufs 1, flags 0, to 0x2bbad94, tolen 16, ovl (nil), func (nil)
0009:trace:winsock:WS2_sendto fd=39, options=20
0009:trace:winsock:WS2_sendto  -> 12 bytes
0009:trace:winsock:WS2_sendto socket 0138, wsabuf 0x32f5e4, nbufs 1, flags 0, to 0x2bbad94, tolen 16, ovl (nil), func (nil)
0009:trace:winsock:WS2_sendto fd=39, options=20
0009:trace:winsock:WS2_sendto  -> 10 bytes
0009:trace:winsock:WS2_sendto socket 0138, wsabuf 0x32f5e4, nbufs 1, flags 0, to 0x2bbad94, tolen 16, ovl (nil), func (nil)
0009:trace:winsock:WS2_sendto fd=39, options=20
0009:trace:winsock:WS2_sendto  -> 10 bytes
0009:trace:winsock:WS2_recv_base socket 0138, wsabuf 0x32f6e4, nbufs 1, flags 0, from 0x32f734, fromlen 16, ovl (nil), func (nil)
0009:trace:winsock:WS2_recv_base fd=39, options=20
0009:trace:winsock:WS2_recv_base  -> 12 bytes
0009:trace:winsock:WS2_recv_base socket 0138, wsabuf 0x32f6e4, nbufs 1, flags 0, from 0x32f734, fromlen 16, ovl (nil), func (nil)
0009:trace:winsock:WS2_recv_base fd=39, options=20
0009:trace:winsock:WS2_recv_base  -> 10 bytes
0009:trace:winsock:WS2_recv_base socket 0138, wsabuf 0x32f6e4, nbufs 1, flags 0, from 0x32f734, fromlen 16, ovl (nil), func (nil)
0009:trace:winsock:WS2_recv_base fd=39, options=20
0009:trace:winsock:WS2_recv_base  -> 12 bytes
0009:trace:winsock:WS2_sendto socket 0138, wsabuf 0x32ef34, nbufs 1, flags 0, to 0x2bbad94, tolen 16, ovl (nil), func (nil)
0009:trace:winsock:WS2_sendto fd=39, options=20
0009:trace:winsock:WS2_sendto  -> 12 bytes
0009:trace:winsock:WS2_sendto socket 0138, wsabuf 0x32f9c4, nbufs 1, flags 0, to 0x2bbad94, tolen 16, ovl (nil), func (nil)
0009:trace:winsock:WS2_sendto fd=39, options=20
0009:trace:winsock:WS2_sendto  -> 12 bytes
0009:trace:winsock:WS2_sendto socket 0138, wsabuf 0x32f9c4, nbufs 1, flags 0, to 0x2bbad94, tolen 16, ovl (nil), func (nil)
0009:trace:winsock:WS2_sendto fd=39, options=20
0009:trace:winsock:WS2_sendto  -> 12 bytes
0009:trace:winsock:WS2_sendto socket 0138, wsabuf 0x32f5e4, nbufs 1, flags 0, to 0x2bbad94, tolen 16, ovl (nil), func (nil)
0009:trace:winsock:WS2_sendto fd=39, options=20
0009:trace:winsock:WS2_sendto  -> 10 bytes
0009:trace:winsock:WS2_sendto socket 0138, wsabuf 0x32f5e4, nbufs 1, flags 0, to 0x2bbad94, tolen 16, ovl (nil), func (nil)
0009:trace:winsock:WS2_sendto fd=39, options=20
0009:trace:winsock:WS2_sendto  -> 10 bytes
0009:trace:winsock:WS2_sendto socket 0138, wsabuf 0x32f964, nbufs 1, flags 0, to 0x2bbad94, tolen 16, ovl (nil), func (nil)
0009:trace:winsock:WS2_sendto fd=39, options=20
0009:trace:winsock:WS2_sendto  -> 25 bytes
0009:trace:winsock:WS2_sendto socket 0138, wsabuf 0x32f964, nbufs 1, flags 0, to 0x2bbad94, tolen 16, ovl (nil), func (nil)
0009:trace:winsock:WS2_sendto fd=39, options=20
0009:trace:winsock:WS2_sendto  -> 25 bytes
0009:trace:winsock:WS2_sendto socket 0138, wsabuf 0x32f5e4, nbufs 1, flags 0, to 0x2bbad94, tolen 16, ovl (nil), func (nil)
0009:trace:winsock:WS2_sendto fd=39, options=20
0009:trace:winsock:WS2_sendto  -> 10 bytes
0009:trace:winsock:WS2_sendto socket 0138, wsabuf 0x32f5e4, nbufs 1, flags 0, to 0x2bbad94, tolen 16, ovl (nil), func (nil)
0009:trace:winsock:WS2_sendto fd=39, options=20
0009:trace:winsock:WS2_sendto  -> 10 bytes
0009:trace:winsock:WS2_sendto socket 0138, wsabuf 0x32f5e4, nbufs 1, flags 0, to 0x2bbad94, tolen 16, ovl (nil), func (nil)
0009:trace:winsock:WS2_sendto fd=39, options=20
0009:trace:winsock:WS2_sendto  -> 10 bytes
0009:trace:winsock:WS2_sendto socket 0138, wsabuf 0x32f5e4, nbufs 1, flags 0, to 0x2bbad94, tolen 16, ovl (nil), func (nil)
0009:trace:winsock:WS2_sendto fd=39, options=20
0009:trace:winsock:WS2_sendto  -> 10 bytes
0009:trace:winsock:WS2_sendto socket 0138, wsabuf 0x32f5e4, nbufs 1, flags 0, to 0x2bbad94, tolen 16, ovl (nil), func (nil)
0009:trace:winsock:WS2_sendto fd=39, options=20
0009:trace:winsock:WS2_sendto  -> 10 bytes
0009:trace:winsock:WS2_recv_base socket 0138, wsabuf 0x32f6e4, nbufs 1, flags 0, from 0x32f734, fromlen 16, ovl (nil), func (nil)
0009:trace:winsock:WS2_recv_base fd=39, options=20
0009:trace:winsock:WS2_recv_base  -> 10 bytes
0009:trace:winsock:WS2_recv_base socket 0138, wsabuf 0x32f6e4, nbufs 1, flags 0, from 0x32f734, fromlen 16, ovl (nil), func (nil)
0009:trace:winsock:WS2_recv_base fd=39, options=20
0009:trace:winsock:WS2_recv_base  -> 12 bytes
0009:trace:winsock:WS2_recv_base socket 0138, wsabuf 0x32f6e4, nbufs 1, flags 0, from 0x32f734, fromlen 16, ovl (nil), func (nil)
0009:trace:winsock:WS2_recv_base fd=39, options=20
0009:trace:winsock:WS2_recv_base  -> 12 bytes
0009:trace:winsock:WS2_sendto socket 0138, wsabuf 0x32ef34, nbufs 1, flags 0, to 0x2bbad94, tolen 16, ovl (nil), func (nil)
0009:trace:winsock:WS2_sendto fd=39, options=20
0009:trace:winsock:WS2_sendto  -> 12 bytes
0009:trace:winsock:WS2_sendto socket 0138, wsabuf 0x32f5e4, nbufs 1, flags 0, to 0x2bbad94, tolen 16, ovl (nil), func (nil)
0009:trace:winsock:WS2_sendto fd=39, options=20
0009:trace:winsock:WS2_sendto  -> 10 bytes
0009:trace:winsock:WS2_recv_base socket 0138, wsabuf 0x32f6e4, nbufs 1, flags 0, from 0x32f734, fromlen 16, ovl (nil), func (nil)
0009:trace:winsock:WS2_recv_base fd=39, options=20
0009:trace:winsock:WS2_recv_base  -> 12 bytes
0009:trace:winsock:WS2_recv_base socket 0138, wsabuf 0x32f6e4, nbufs 1, flags 0, from 0x32f734, fromlen 16, ovl (nil), func (nil)
0009:trace:winsock:WS2_recv_base fd=39, options=20
0009:trace:winsock:WS2_recv_base  -> 10 bytes
0009:trace:winsock:WS2_sendto socket 0138, wsabuf 0x32f9c4, nbufs 1, flags 0, to 0x2bbad94, tolen 16, ovl (nil), func (nil)
0009:trace:winsock:WS2_sendto fd=39, options=20
0009:trace:winsock:WS2_sendto  -> 12 bytes
0009:trace:winsock:WS2_sendto socket 0138, wsabuf 0x32f9c4, nbufs 1, flags 0, to 0x2bbad94, tolen 16, ovl (nil), func (nil)
0009:trace:winsock:WS2_sendto fd=39, options=20
0009:trace:winsock:WS2_sendto  -> 12 bytes
0009:trace:winsock:WS2_sendto socket 0138, wsabuf 0x32f5e4, nbufs 1, flags 0, to 0x2bbad94, tolen 16, ovl (nil), func (nil)
0009:trace:winsock:WS2_sendto fd=39, options=20
0009:trace:winsock:WS2_sendto  -> 10 bytes
0009:trace:winsock:WS2_sendto socket 0138, wsabuf 0x32f5e4, nbufs 1, flags 0, to 0x2bbad94, tolen 16, ovl (nil), func (nil)
0009:trace:winsock:WS2_sendto fd=39, options=20
0009:trace:winsock:WS2_sendto  -> 10 bytes
0009:trace:winsock:WS2_sendto socket 0138, wsabuf 0x32f964, nbufs 1, flags 0, to 0x2bbad94, tolen 16, ovl (nil), func (nil)
0009:trace:winsock:WS2_sendto fd=39, options=20
0009:trace:winsock:WS2_sendto  -> 25 bytes
0009:trace:winsock:WS2_sendto socket 0138, wsabuf 0x32f964, nbufs 1, flags 0, to 0x2bbad94, tolen 16, ovl (nil), func (nil)
0009:trace:winsock:WS2_sendto fd=39, options=20
0009:trace:winsock:WS2_sendto  -> 25 bytes
0009:trace:winsock:WS2_sendto socket 0138, wsabuf 0x32f5e4, nbufs 1, flags 0, to 0x2bbad94, tolen 16, ovl (nil), func (nil)
0009:trace:winsock:WS2_sendto fd=39, options=20
0009:trace:winsock:WS2_sendto  -> 10 bytes
0009:trace:winsock:WS2_sendto socket 0138, wsabuf 0x32f5e4, nbufs 1, flags 0, to 0x2bbad94, tolen 16, ovl (nil), func (nil)
0009:trace:winsock:WS2_sendto fd=39, options=20
0009:trace:winsock:WS2_sendto  -> 10 bytes
0009:trace:winsock:WS2_sendto socket 0138, wsabuf 0x32f5e4, nbufs 1, flags 0, to 0x2bbad94, tolen 16, ovl (nil), func (nil)
0009:trace:winsock:WS2_sendto fd=39, options=20
0009:trace:winsock:WS2_sendto  -> 10 bytes
0009:trace:winsock:WS2_sendto socket 0138, wsabuf 0x32f5e4, nbufs 1, flags 0, to 0x2bbad94, tolen 16, ovl (nil), func (nil)
0009:trace:winsock:WS2_sendto fd=39, options=20
0009:trace:winsock:WS2_sendto  -> 10 bytes
0009:trace:winsock:WS2_sendto socket 0138, wsabuf 0x32f5e4, nbufs 1, flags 0, to 0x2bbad94, tolen 16, ovl (nil), func (nil)
0009:trace:winsock:WS2_sendto fd=39, options=20
0009:trace:winsock:WS2_sendto  -> 10 bytes
0009:trace:winsock:WS2_recv_base socket 0138, wsabuf 0x32f6e4, nbufs 1, flags 0, from 0x32f734, fromlen 16, ovl (nil), func (nil)
0009:trace:winsock:WS2_recv_base fd=39, options=20
0009:trace:winsock:WS2_recv_base  -> 12 bytes
0009:trace:winsock:WS2_recv_base socket 0138, wsabuf 0x32f6e4, nbufs 1, flags 0, from 0x32f734, fromlen 16, ovl (nil), func (nil)
0009:trace:winsock:WS2_recv_base fd=39, options=20
0009:trace:winsock:WS2_recv_base  -> 10 bytes
0009:trace:winsock:WS2_recv_base socket 0138, wsabuf 0x32f6e4, nbufs 1, flags 0, from 0x32f734, fromlen 16, ovl (nil), func (nil)
0009:trace:winsock:WS2_recv_base fd=39, options=20
0009:trace:winsock:WS2_recv_base  -> 16 bytes
0009:trace:winsock:WS2_recv_base socket 0138, wsabuf 0x32f6e4, nbufs 1, flags 0, from 0x32f734, fromlen 16, ovl (nil), func (nil)
0009:trace:winsock:WS2_recv_base fd=39, options=20
0009:trace:winsock:WS2_recv_base  -> 12 bytes
0009:trace:winsock:WS2_sendto socket 0138, wsabuf 0x32ef34, nbufs 1, flags 0, to 0x2bbad94, tolen 16, ovl (nil), func (nil)
0009:trace:winsock:WS2_sendto fd=39, options=20
0009:trace:winsock:WS2_sendto  -> 12 bytes
0009:trace:winsock:WS2_sendto socket 0138, wsabuf 0x32f5e4, nbufs 1, flags 0, to 0x2bbad94, tolen 16, ovl (nil), func (nil)
0009:trace:winsock:WS2_sendto fd=39, options=20
0009:trace:winsock:WS2_sendto  -> 10 bytes
0009:trace:winsock:WS2_recv_base socket 0138, wsabuf 0x32f6e4, nbufs 1, flags 0, from 0x32f734, fromlen 16, ovl (nil), func (nil)
0009:trace:winsock:WS2_recv_base fd=39, options=20
0009:trace:winsock:WS2_recv_base  -> 12 bytes
0009:trace:winsock:WS2_recv_base socket 0138, wsabuf 0x32f6e4, nbufs 1, flags 0, from 0x32f734, fromlen 16, ovl (nil), func (nil)
0009:trace:winsock:WS2_recv_base fd=39, options=20
0009:trace:winsock:WS2_recv_base  -> 10 bytes
0009:trace:winsock:WS2_recv_base socket 0138, wsabuf 0x32f6e4, nbufs 1, flags 0, from 0x32f734, fromlen 16, ovl (nil), func (nil)
0009:trace:winsock:WS2_recv_base fd=39, options=20
0009:trace:winsock:WS2_recv_base  -> 16 bytes
0009:trace:winsock:WS2_recv_base socket 0138, wsabuf 0x32f6e4, nbufs 1, flags 0, from 0x32f734, fromlen 16, ovl (nil), func (nil)
0009:trace:winsock:WS2_recv_base fd=39, options=20
0009:trace:winsock:WS2_recv_base  -> 12 bytes
0009:trace:winsock:WS2_sendto socket 0138, wsabuf 0x32ef34, nbufs 1, flags 0, to 0x2bbad94, tolen 16, ovl (nil), func (nil)
0009:trace:winsock:WS2_sendto fd=39, options=20
0009:trace:winsock:WS2_sendto  -> 12 bytes
0009:trace:winsock:WS2_sendto socket 0138, wsabuf 0x32f9c4, nbufs 1, flags 0, to 0x2bbad94, tolen 16, ovl (nil), func (nil)
0009:trace:winsock:WS2_sendto fd=39, options=20
0009:trace:winsock:WS2_sendto  -> 12 bytes
0009:trace:winsock:WS2_sendto socket 0138, wsabuf 0x32f9c4, nbufs 1, flags 0, to 0x2bbad94, tolen 16, ovl (nil), func (nil)
0009:trace:winsock:WS2_sendto fd=39, options=20
0009:trace:winsock:WS2_sendto  -> 12 bytes
0009:trace:winsock:WS2_sendto socket 0138, wsabuf 0x32f5e4, nbufs 1, flags 0, to 0x2bbad94, tolen 16, ovl (nil), func (nil)
0009:trace:winsock:WS2_sendto fd=39, options=20
0009:trace:winsock:WS2_sendto  -> 10 bytes
0009:trace:winsock:WS2_sendto socket 0138, wsabuf 0x32f5e4, nbufs 1, flags 0, to 0x2bbad94, tolen 16, ovl (nil), func (nil)
0009:trace:winsock:WS2_sendto fd=39, options=20
0009:trace:winsock:WS2_sendto  -> 10 bytes
0009:trace:winsock:WS2_sendto socket 0138, wsabuf 0x32f964, nbufs 1, flags 0, to 0x2bbad94, tolen 16, ovl (nil), func (nil)
0009:trace:winsock:WS2_sendto fd=39, options=20
0009:trace:winsock:WS2_sendto  -> 25 bytes
0009:trace:winsock:WS2_sendto socket 0138, wsabuf 0x32f964, nbufs 1, flags 0, to 0x2bbad94, tolen 16, ovl (nil), func (nil)
0009:trace:winsock:WS2_sendto fd=39, options=20
0009:trace:winsock:WS2_sendto  -> 25 bytes
0009:trace:winsock:WS2_sendto socket 0138, wsabuf 0x32f5e4, nbufs 1, flags 0, to 0x2bbad94, tolen 16, ovl (nil), func (nil)
0009:trace:winsock:WS2_sendto fd=39, options=20
0009:trace:winsock:WS2_sendto  -> 10 bytes
0009:trace:winsock:WS2_sendto socket 0138, wsabuf 0x32f5e4, nbufs 1, flags 0, to 0x2bbad94, tolen 16, ovl (nil), func (nil)
0009:trace:winsock:WS2_sendto fd=39, options=20
0009:trace:winsock:WS2_sendto  -> 10 bytes
0009:trace:winsock:WS2_sendto socket 0138, wsabuf 0x32f964, nbufs 1, flags 0, to 0x2bbad94, tolen 16, ovl (nil), func (nil)
0009:trace:winsock:WS2_sendto fd=39, options=20
0009:trace:winsock:WS2_sendto  -> 16 bytes
0009:trace:winsock:WS2_sendto socket 0138, wsabuf 0x32f964, nbufs 1, flags 0, to 0x2bbad94, tolen 16, ovl (nil), func (nil)
0009:trace:winsock:WS2_sendto fd=39, options=20
0009:trace:winsock:WS2_sendto  -> 16 bytes
0009:trace:winsock:WS2_sendto socket 0138, wsabuf 0x32f5e4, nbufs 1, flags 0, to 0x2bbad94, tolen 16, ovl (nil), func (nil)
0009:trace:winsock:WS2_sendto fd=39, options=20
0009:trace:winsock:WS2_sendto  -> 10 bytes
0009:trace:winsock:WS2_sendto socket 0138, wsabuf 0x32f5e4, nbufs 1, flags 0, to 0x2bbad94, tolen 16, ovl (nil), func (nil)
0009:trace:winsock:WS2_sendto fd=39, options=20
0009:trace:winsock:WS2_sendto  -> 10 bytes
0009:trace:winsock:WS2_sendto socket 0138, wsabuf 0x32f964, nbufs 1, flags 0, to 0x2bb7394, tolen 16, ovl (nil), func (nil)
0009:trace:winsock:WS2_sendto fd=39, options=20
0009:trace:winsock:WS2_sendto  -> 69 bytes
0009:trace:winsock:WS2_sendto socket 0138, wsabuf 0x32f964, nbufs 1, flags 0, to 0x2bb7394, tolen 16, ovl (nil), func (nil)
0009:trace:winsock:WS2_sendto fd=39, options=20
0009:trace:winsock:WS2_sendto  -> 69 bytes
0009:trace:winsock:WS2_sendto socket 0138, wsabuf 0x32f964, nbufs 1, flags 0, to 0x2bbad94, tolen 16, ovl (nil), func (nil)
0009:trace:winsock:WS2_sendto fd=39, options=20
0009:trace:winsock:WS2_sendto  -> 22 bytes
0009:trace:winsock:WS2_sendto socket 0138, wsabuf 0x32f964, nbufs 1, flags 0, to 0x2bbad94, tolen 16, ovl (nil), func (nil)
0009:trace:winsock:WS2_sendto fd=39, options=20
0009:trace:winsock:WS2_sendto  -> 22 bytes
0009:trace:winsock:WS2_recv_base socket 0138, wsabuf 0x32f6e4, nbufs 1, flags 0, from 0x32f734, fromlen 16, ovl (nil), func (nil)
0009:trace:winsock:WS2_recv_base fd=39, options=20
0009:trace:winsock:WS2_recv_base  -> 12 bytes
0009:trace:winsock:WS2_sendto socket 0138, wsabuf 0x32f5e4, nbufs 1, flags 0, to 0x2bbad94, tolen 16, ovl (nil), func (nil)
0009:trace:winsock:WS2_sendto fd=39, options=20
0009:trace:winsock:WS2_sendto  -> 10 bytes
0009:trace:winsock:WS2_recv_base socket 0138, wsabuf 0x32f6e4, nbufs 1, flags 0, from 0x32f734, fromlen 16, ovl (nil), func (nil)
0009:trace:winsock:WS2_recv_base fd=39, options=20
0009:trace:winsock:WS2_recv_base  -> 10 bytes
0009:trace:winsock:WS2_sendto socket 0138, wsabuf 0x32f5e4, nbufs 1, flags 0, to 0x2bbad94, tolen 16, ovl (nil), func (nil)
0009:trace:winsock:WS2_sendto fd=39, options=20
0009:trace:winsock:WS2_sendto  -> 10 bytes
0009:trace:winsock:WS2_recv_base socket 0138, wsabuf 0x32f6e4, nbufs 1, flags 0, from 0x32f734, fromlen 16, ovl (nil), func (nil)
0009:trace:winsock:WS2_recv_base fd=39, options=20
0009:trace:winsock:WS2_recv_base  -> 12 bytes
0009:trace:winsock:WS2_recv_base socket 0138, wsabuf 0x32f6e4, nbufs 1, flags 0, from 0x32f734, fromlen 16, ovl (nil), func (nil)
0009:trace:winsock:WS2_recv_base fd=39, options=20
0009:trace:winsock:WS2_recv_base  -> 10 bytes
0009:trace:winsock:WS2_sendto socket 0138, wsabuf 0x32f9c4, nbufs 1, flags 0, to 0x2bbad94, tolen 16, ovl (nil), func (nil)
0009:trace:winsock:WS2_sendto fd=39, options=20
0009:trace:winsock:WS2_sendto  -> 12 bytes
0009:trace:winsock:WS2_sendto socket 0138, wsabuf 0x32f9c4, nbufs 1, flags 0, to 0x2bbad94, tolen 16, ovl (nil), func (nil)
0009:trace:winsock:WS2_sendto fd=39, options=20
0009:trace:winsock:WS2_sendto  -> 12 bytes
0009:trace:winsock:WS2_sendto socket 0138, wsabuf 0x32f5e4, nbufs 1, flags 0, to 0x2bbad94, tolen 16, ovl (nil), func (nil)
0009:trace:winsock:WS2_sendto fd=39, options=20
0009:trace:winsock:WS2_sendto  -> 10 bytes
0009:trace:winsock:WS2_sendto socket 0138, wsabuf 0x32f5e4, nbufs 1, flags 0, to 0x2bbad94, tolen 16, ovl (nil), func (nil)
0009:trace:winsock:WS2_sendto fd=39, options=20
0009:trace:winsock:WS2_sendto  -> 10 bytes
0009:trace:winsock:WS2_sendto socket 0138, wsabuf 0x32f964, nbufs 1, flags 0, to 0x2bbad94, tolen 16, ovl (nil), func (nil)
0009:trace:winsock:WS2_sendto fd=39, options=20
0009:trace:winsock:WS2_sendto  -> 25 bytes
0009:trace:winsock:WS2_sendto socket 0138, wsabuf 0x32f964, nbufs 1, flags 0, to 0x2bbad94, tolen 16, ovl (nil), func (nil)
0009:trace:winsock:WS2_sendto fd=39, options=20
0009:trace:winsock:WS2_sendto  -> 25 bytes
0009:trace:winsock:WS2_sendto socket 0138, wsabuf 0x32f5e4, nbufs 1, flags 0, to 0x2bbad94, tolen 16, ovl (nil), func (nil)
0009:trace:winsock:WS2_sendto fd=39, options=20
0009:trace:winsock:WS2_sendto  -> 10 bytes
0009:trace:winsock:WS2_sendto socket 0138, wsabuf 0x32f5e4, nbufs 1, flags 0, to 0x2bbad94, tolen 16, ovl (nil), func (nil)
0009:trace:winsock:WS2_sendto fd=39, options=20
0009:trace:winsock:WS2_sendto  -> 10 bytes
0009:trace:winsock:WS2_sendto socket 0138, wsabuf 0x32f5e4, nbufs 1, flags 0, to 0x2bbad94, tolen 16, ovl (nil), func (nil)
0009:trace:winsock:WS2_sendto fd=39, options=20
0009:trace:winsock:WS2_sendto  -> 10 bytes
0009:trace:winsock:WS2_sendto socket 0138, wsabuf 0x32f5e4, nbufs 1, flags 0, to 0x2bbad94, tolen 16, ovl (nil), func (nil)
0009:trace:winsock:WS2_sendto fd=39, options=20
0009:trace:winsock:WS2_sendto  -> 10 bytes
0009:trace:winsock:WS2_sendto socket 0138, wsabuf 0x32f5e4, nbufs 1, flags 0, to 0x2bbad94, tolen 16, ovl (nil), func (nil)
0009:trace:winsock:WS2_sendto fd=39, options=20
0009:trace:winsock:WS2_sendto  -> 10 bytes
0009:trace:winsock:WS2_recv_base socket 0138, wsabuf 0x32f6e4, nbufs 1, flags 0, from 0x32f734, fromlen 16, ovl (nil), func (nil)
0009:trace:winsock:WS2_recv_base fd=39, options=20
0009:trace:winsock:WS2_recv_base  -> 12 bytes
0009:trace:winsock:WS2_recv_base socket 0138, wsabuf 0x32f6e4, nbufs 1, flags 0, from 0x32f734, fromlen 16, ovl (nil), func (nil)
0009:trace:winsock:WS2_recv_base fd=39, options=20
0009:trace:winsock:WS2_recv_base  -> 10 bytes
0009:trace:winsock:WS2_recv_base socket 0138, wsabuf 0x32f6e4, nbufs 1, flags 0, from 0x32f734, fromlen 16, ovl (nil), func (nil)
0009:trace:winsock:WS2_recv_base fd=39, options=20
0009:trace:winsock:WS2_recv_base  -> 12 bytes
0009:trace:winsock:WS2_sendto socket 0138, wsabuf 0x32ef34, nbufs 1, flags 0, to 0x2bbad94, tolen 16, ovl (nil), func (nil)
0009:trace:winsock:WS2_sendto fd=39, options=20
0009:trace:winsock:WS2_sendto  -> 12 bytes
0009:trace:winsock:WS2_sendto socket 0138, wsabuf 0x32f5e4, nbufs 1, flags 0, to 0x2bbad94, tolen 16, ovl (nil), func (nil)
0009:trace:winsock:WS2_sendto fd=39, options=20
0009:trace:winsock:WS2_sendto  -> 10 bytes
0009:trace:winsock:WS2_recv_base socket 0138, wsabuf 0x32f6e4, nbufs 1, flags 0, from 0x32f734, fromlen 16, ovl (nil), func (nil)
0009:trace:winsock:WS2_recv_base fd=39, options=20
0009:trace:winsock:WS2_recv_base  -> 12 bytes
0009:trace:winsock:WS2_recv_base socket 0138, wsabuf 0x32f6e4, nbufs 1, flags 0, from 0x32f734, fromlen 16, ovl (nil), func (nil)
0009:trace:winsock:WS2_recv_base fd=39, options=20
0009:trace:winsock:WS2_recv_base  -> 10 bytes
0009:trace:winsock:WS2_recv_base socket 0138, wsabuf 0x32f6e4, nbufs 1, flags 0, from 0x32f734, fromlen 16, ovl (nil), func (nil)
0009:trace:winsock:WS2_recv_base fd=39, options=20
0009:trace:winsock:WS2_recv_base  -> 12 bytes
0009:trace:winsock:WS2_sendto socket 0138, wsabuf 0x32ef34, nbufs 1, flags 0, to 0x2bbad94, tolen 16, ovl (nil), func (nil)
0009:trace:winsock:WS2_sendto fd=39, options=20
0009:trace:winsock:WS2_sendto  -> 12 bytes
0009:trace:winsock:WS2_sendto socket 0138, wsabuf 0x32f9c4, nbufs 1, flags 0, to 0x2bbad94, tolen 16, ovl (nil), func (nil)
0009:trace:winsock:WS2_sendto fd=39, options=20
0009:trace:winsock:WS2_sendto  -> 12 bytes
0009:trace:winsock:WS2_sendto socket 0138, wsabuf 0x32f9c4, nbufs 1, flags 0, to 0x2bbad94, tolen 16, ovl (nil), func (nil)
0009:trace:winsock:WS2_sendto fd=39, options=20
0009:trace:winsock:WS2_sendto  -> 12 bytes
0009:trace:winsock:WS2_sendto socket 0138, wsabuf 0x32f5e4, nbufs 1, flags 0, to 0x2bbad94, tolen 16, ovl (nil), func (nil)
0009:trace:winsock:WS2_sendto fd=39, options=20
0009:trace:winsock:WS2_sendto  -> 10 bytes
0009:trace:winsock:WS2_sendto socket 0138, wsabuf 0x32f5e4, nbufs 1, flags 0, to 0x2bbad94, tolen 16, ovl (nil), func (nil)
0009:trace:winsock:WS2_sendto fd=39, options=20
0009:trace:winsock:WS2_sendto  -> 10 bytes
0009:trace:winsock:WS2_sendto socket 0138, wsabuf 0x32f964, nbufs 1, flags 0, to 0x2bbad94, tolen 16, ovl (nil), func (nil)
0009:trace:winsock:WS2_sendto fd=39, options=20
0009:trace:winsock:WS2_sendto  -> 25 bytes
0009:trace:winsock:WS2_sendto socket 0138, wsabuf 0x32f964, nbufs 1, flags 0, to 0x2bbad94, tolen 16, ovl (nil), func (nil)
0009:trace:winsock:WS2_sendto fd=39, options=20
0009:trace:winsock:WS2_sendto  -> 25 bytes
0009:trace:winsock:WS2_sendto socket 0138, wsabuf 0x32f5e4, nbufs 1, flags 0, to 0x2bbad94, tolen 16, ovl (nil), func (nil)
0009:trace:winsock:WS2_sendto fd=39, options=20
0009:trace:winsock:WS2_sendto  -> 10 bytes
0009:trace:winsock:WS2_sendto socket 0138, wsabuf 0x32f5e4, nbufs 1, flags 0, to 0x2bbad94, tolen 16, ovl (nil), func (nil)
0009:trace:winsock:WS2_sendto fd=39, options=20
0009:trace:winsock:WS2_sendto  -> 10 bytes
0009:trace:winsock:WS2_sendto socket 0138, wsabuf 0x32f5e4, nbufs 1, flags 0, to 0x2bbad94, tolen 16, ovl (nil), func (nil)
0009:trace:winsock:WS2_sendto fd=39, options=20
0009:trace:winsock:WS2_sendto  -> 10 bytes
0009:trace:winsock:WS2_sendto socket 0138, wsabuf 0x32f5e4, nbufs 1, flags 0, to 0x2bbad94, tolen 16, ovl (nil), func (nil)
0009:trace:winsock:WS2_sendto fd=39, options=20
0009:trace:winsock:WS2_sendto  -> 10 bytes
0009:trace:winsock:WS2_sendto socket 0138, wsabuf 0x32f5e4, nbufs 1, flags 0, to 0x2bbad94, tolen 16, ovl (nil), func (nil)
0009:trace:winsock:WS2_sendto fd=39, options=20
0009:trace:winsock:WS2_sendto  -> 10 bytes
0009:trace:winsock:WS2_recv_base socket 0138, wsabuf 0x32f6e4, nbufs 1, flags 0, from 0x32f734, fromlen 16, ovl (nil), func (nil)
0009:trace:winsock:WS2_recv_base fd=39, options=20
0009:trace:winsock:WS2_recv_base  -> 12 bytes
0009:trace:winsock:WS2_recv_base socket 0138, wsabuf 0x32f6e4, nbufs 1, flags 0, from 0x32f734, fromlen 16, ovl (nil), func (nil)
0009:trace:winsock:WS2_recv_base fd=39, options=20
0009:trace:winsock:WS2_recv_base  -> 10 bytes
0009:trace:winsock:WS2_sendto socket 0138, wsabuf 0x32f5e4, nbufs 1, flags 0, to 0x2bbad94, tolen 16, ovl (nil), func (nil)
0009:trace:winsock:WS2_sendto fd=39, options=20
0009:trace:winsock:WS2_sendto  -> 10 bytes
0009:trace:winsock:WS2_recv_base socket 0138, wsabuf 0x32f6e4, nbufs 1, flags 0, from 0x32f734, fromlen 16, ovl (nil), func (nil)
0009:trace:winsock:WS2_recv_base fd=39, options=20
0009:trace:winsock:WS2_recv_base  -> 10 bytes
0009:trace:winsock:WS2_recv_base socket 0138, wsabuf 0x32f6e4, nbufs 1, flags 0, from 0x32f734, fromlen 16, ovl (nil), func (nil)
0009:trace:winsock:WS2_recv_base fd=39, options=20
0009:trace:winsock:WS2_recv_base  -> 12 bytes
0009:trace:winsock:WS2_recv_base socket 0138, wsabuf 0x32f6e4, nbufs 1, flags 0, from 0x32f734, fromlen 16, ovl (nil), func (nil)
0009:trace:winsock:WS2_recv_base fd=39, options=20
0009:trace:winsock:WS2_recv_base  -> 12 bytes
0009:trace:winsock:WS2_sendto socket 0138, wsabuf 0x32ef34, nbufs 1, flags 0, to 0x2bbad94, tolen 16, ovl (nil), func (nil)
0009:trace:winsock:WS2_sendto fd=39, options=20
0009:trace:winsock:WS2_sendto  -> 12 bytes
0009:trace:winsock:WS2_sendto socket 0138, wsabuf 0x32f9c4, nbufs 1, flags 0, to 0x2bbad94, tolen 16, ovl (nil), func (nil)
0009:trace:winsock:WS2_sendto fd=39, options=20
0009:trace:winsock:WS2_sendto  -> 12 bytes
0009:trace:winsock:WS2_sendto socket 0138, wsabuf 0x32f9c4, nbufs 1, flags 0, to 0x2bbad94, tolen 16, ovl (nil), func (nil)
0009:trace:winsock:WS2_sendto fd=39, options=20
0009:trace:winsock:WS2_sendto  -> 12 bytes
0009:trace:winsock:WS2_sendto socket 0138, wsabuf 0x32f5e4, nbufs 1, flags 0, to 0x2bbad94, tolen 16, ovl (nil), func (nil)
0009:trace:winsock:WS2_sendto fd=39, options=20
0009:trace:winsock:WS2_sendto  -> 10 bytes
0009:trace:winsock:WS2_sendto socket 0138, wsabuf 0x32f5e4, nbufs 1, flags 0, to 0x2bbad94, tolen 16, ovl (nil), func (nil)
0009:trace:winsock:WS2_sendto fd=39, options=20
0009:trace:winsock:WS2_sendto  -> 10 bytes
0009:trace:winsock:WS2_sendto socket 0138, wsabuf 0x32f964, nbufs 1, flags 0, to 0x2bbad94, tolen 16, ovl (nil), func (nil)
0009:trace:winsock:WS2_sendto fd=39, options=20
0009:trace:winsock:WS2_sendto  -> 25 bytes
0009:trace:winsock:WS2_sendto socket 0138, wsabuf 0x32f964, nbufs 1, flags 0, to 0x2bbad94, tolen 16, ovl (nil), func (nil)
0009:trace:winsock:WS2_sendto fd=39, options=20
0009:trace:winsock:WS2_sendto  -> 25 bytes
0009:trace:winsock:WS2_sendto socket 0138, wsabuf 0x32f5e4, nbufs 1, flags 0, to 0x2bbad94, tolen 16, ovl (nil), func (nil)
0009:trace:winsock:WS2_sendto fd=39, options=20
0009:trace:winsock:WS2_sendto  -> 10 bytes
0009:trace:winsock:WS2_sendto socket 0138, wsabuf 0x32f5e4, nbufs 1, flags 0, to 0x2bbad94, tolen 16, ovl (nil), func (nil)
0009:trace:winsock:WS2_sendto fd=39, options=20
0009:trace:winsock:WS2_sendto  -> 10 bytes
0009:trace:winsock:WS2_sendto socket 0138, wsabuf 0x32f5e4, nbufs 1, flags 0, to 0x2bbad94, tolen 16, ovl (nil), func (nil)
0009:trace:winsock:WS2_sendto fd=39, options=20
0009:trace:winsock:WS2_sendto  -> 10 bytes
0009:trace:winsock:WS2_sendto socket 0138, wsabuf 0x32f5e4, nbufs 1, flags 0, to 0x2bbad94, tolen 16, ovl (nil), func (nil)
0009:trace:winsock:WS2_sendto fd=39, options=20
0009:trace:winsock:WS2_sendto  -> 10 bytes
0009:trace:winsock:WS2_sendto socket 0138, wsabuf 0x32f5e4, nbufs 1, flags 0, to 0x2bbad94, tolen 16, ovl (nil), func (nil)
0009:trace:winsock:WS2_sendto fd=39, options=20
0009:trace:winsock:WS2_sendto  -> 10 bytes
0009:trace:winsock:WS2_sendto socket 0138, wsabuf 0x32f5e4, nbufs 1, flags 0, to 0x2bbad94, tolen 16, ovl (nil), func (nil)
0009:trace:winsock:WS2_sendto fd=39, options=20
0009:trace:winsock:WS2_sendto  -> 10 bytes
0009:trace:winsock:WS2_recv_base socket 0138, wsabuf 0x32f6e4, nbufs 1, flags 0, from 0x32f734, fromlen 16, ovl (nil), func (nil)
0009:trace:winsock:WS2_recv_base fd=39, options=20
0009:trace:winsock:WS2_recv_base  -> 12 bytes
0009:trace:winsock:WS2_recv_base socket 0138, wsabuf 0x32f6e4, nbufs 1, flags 0, from 0x32f734, fromlen 16, ovl (nil), func (nil)
0009:trace:winsock:WS2_recv_base fd=39, options=20
0009:trace:winsock:WS2_recv_base  -> 10 bytes
0009:trace:winsock:WS2_recv_base socket 0138, wsabuf 0x32f6e4, nbufs 1, flags 0, from 0x32f734, fromlen 16, ovl (nil), func (nil)
0009:trace:winsock:WS2_recv_base fd=39, options=20
0009:trace:winsock:WS2_recv_base  -> 16 bytes
0009:trace:winsock:WS2_recv_base socket 0138, wsabuf 0x32f6e4, nbufs 1, flags 0, from 0x32f734, fromlen 16, ovl (nil), func (nil)
0009:trace:winsock:WS2_recv_base fd=39, options=20
0009:trace:winsock:WS2_recv_base  -> 12 bytes
0009:trace:winsock:WS2_sendto socket 0138, wsabuf 0x32ef34, nbufs 1, flags 0, to 0x2bbad94, tolen 16, ovl (nil), func (nil)
0009:trace:winsock:WS2_sendto fd=39, options=20
0009:trace:winsock:WS2_sendto  -> 12 bytes
0009:trace:winsock:WS2_recv_base socket 0138, wsabuf 0x32f6e4, nbufs 1, flags 0, from 0x32f734, fromlen 16, ovl (nil), func (nil)
0009:trace:winsock:WS2_recv_base fd=39, options=20
0009:trace:winsock:WS2_recv_base  -> 12 bytes
0009:trace:winsock:WS2_recv_base socket 0138, wsabuf 0x32f6e4, nbufs 1, flags 0, from 0x32f734, fromlen 16, ovl (nil), func (nil)
0009:trace:winsock:WS2_recv_base fd=39, options=20
0009:trace:winsock:WS2_recv_base  -> 10 bytes
0009:trace:winsock:WS2_recv_base socket 0138, wsabuf 0x32f6e4, nbufs 1, flags 0, from 0x32f734, fromlen 16, ovl (nil), func (nil)
0009:trace:winsock:WS2_recv_base fd=39, options=20
0009:trace:winsock:WS2_recv_base  -> 16 bytes
0009:trace:winsock:WS2_recv_base socket 0138, wsabuf 0x32f6e4, nbufs 1, flags 0, from 0x32f734, fromlen 16, ovl (nil), func (nil)
0009:trace:winsock:WS2_recv_base fd=39, options=20
0009:trace:winsock:WS2_recv_base  -> 12 bytes
0009:trace:winsock:WS2_sendto socket 0138, wsabuf 0x32ef34, nbufs 1, flags 0, to 0x2bbad94, tolen 16, ovl (nil), func (nil)
0009:trace:winsock:WS2_sendto fd=39, options=20
0009:trace:winsock:WS2_sendto  -> 12 bytes
0009:trace:winsock:WS2_sendto socket 0138, wsabuf 0x32f9c4, nbufs 1, flags 0, to 0x2bbad94, tolen 16, ovl (nil), func (nil)
0009:trace:winsock:WS2_sendto fd=39, options=20
0009:trace:winsock:WS2_sendto  -> 12 bytes
0009:trace:winsock:WS2_sendto socket 0138, wsabuf 0x32f9c4, nbufs 1, flags 0, to 0x2bbad94, tolen 16, ovl (nil), func (nil)
0009:trace:winsock:WS2_sendto fd=39, options=20
0009:trace:winsock:WS2_sendto  -> 12 bytes
0009:trace:winsock:WS2_sendto socket 0138, wsabuf 0x32f5e4, nbufs 1, flags 0, to 0x2bbad94, tolen 16, ovl (nil), func (nil)
0009:trace:winsock:WS2_sendto fd=39, options=20
0009:trace:winsock:WS2_sendto  -> 10 bytes
0009:trace:winsock:WS2_sendto socket 0138, wsabuf 0x32f5e4, nbufs 1, flags 0, to 0x2bbad94, tolen 16, ovl (nil), func (nil)
0009:trace:winsock:WS2_sendto fd=39, options=20
0009:trace:winsock:WS2_sendto  -> 10 bytes
0009:trace:winsock:WS2_sendto socket 0138, wsabuf 0x32f964, nbufs 1, flags 0, to 0x2bbad94, tolen 16, ovl (nil), func (nil)
0009:trace:winsock:WS2_sendto fd=39, options=20
0009:trace:winsock:WS2_sendto  -> 16 bytes
0009:trace:winsock:WS2_sendto socket 0138, wsabuf 0x32f964, nbufs 1, flags 0, to 0x2bbad94, tolen 16, ovl (nil), func (nil)
0009:trace:winsock:WS2_sendto fd=39, options=20
0009:trace:winsock:WS2_sendto  -> 16 bytes
0009:trace:winsock:WS2_sendto socket 0138, wsabuf 0x32f964, nbufs 1, flags 0, to 0x2bbad94, tolen 16, ovl (nil), func (nil)
0009:trace:winsock:WS2_sendto fd=39, options=20
0009:trace:winsock:WS2_sendto  -> 25 bytes
0009:trace:winsock:WS2_sendto socket 0138, wsabuf 0x32f964, nbufs 1, flags 0, to 0x2bbad94, tolen 16, ovl (nil), func (nil)
0009:trace:winsock:WS2_sendto fd=39, options=20
0009:trace:winsock:WS2_sendto  -> 25 bytes
0009:trace:winsock:WS2_sendto socket 0138, wsabuf 0x32f5e4, nbufs 1, flags 0, to 0x2bbad94, tolen 16, ovl (nil), func (nil)
0009:trace:winsock:WS2_sendto fd=39, options=20
0009:trace:winsock:WS2_sendto  -> 10 bytes
0009:trace:winsock:WS2_sendto socket 0138, wsabuf 0x32f5e4, nbufs 1, flags 0, to 0x2bbad94, tolen 16, ovl (nil), func (nil)
0009:trace:winsock:WS2_sendto fd=39, options=20
0009:trace:winsock:WS2_sendto  -> 10 bytes
0009:trace:winsock:WS2_sendto socket 0138, wsabuf 0x32f5e4, nbufs 1, flags 0, to 0x2bbad94, tolen 16, ovl (nil), func (nil)
0009:trace:winsock:WS2_sendto fd=39, options=20
0009:trace:winsock:WS2_sendto  -> 10 bytes
0009:trace:winsock:WS2_sendto socket 0138, wsabuf 0x32f5e4, nbufs 1, flags 0, to 0x2bbad94, tolen 16, ovl (nil), func (nil)
0009:trace:winsock:WS2_sendto fd=39, options=20
0009:trace:winsock:WS2_sendto  -> 10 bytes
0009:trace:winsock:WS2_sendto socket 0138, wsabuf 0x32f5e4, nbufs 1, flags 0, to 0x2bbad94, tolen 16, ovl (nil), func (nil)
0009:trace:winsock:WS2_sendto fd=39, options=20
0009:trace:winsock:WS2_sendto  -> 10 bytes
0009:trace:winsock:WS2_recv_base socket 0138, wsabuf 0x32f6e4, nbufs 1, flags 0, from 0x32f734, fromlen 16, ovl (nil), func (nil)
0009:trace:winsock:WS2_recv_base fd=39, options=20
0009:trace:winsock:WS2_recv_base  -> 12 bytes
0009:trace:winsock:WS2_recv_base socket 0138, wsabuf 0x32f6e4, nbufs 1, flags 0, from 0x32f734, fromlen 16, ovl (nil), func (nil)
0009:trace:winsock:WS2_recv_base fd=39, options=20
0009:trace:winsock:WS2_recv_base  -> 10 bytes
0009:trace:winsock:WS2_recv_base socket 0138, wsabuf 0x32f6e4, nbufs 1, flags 0, from 0x32f734, fromlen 16, ovl (nil), func (nil)
0009:trace:winsock:WS2_recv_base fd=39, options=20
0009:trace:winsock:WS2_recv_base  -> 12 bytes
0009:trace:winsock:WS2_sendto socket 0138, wsabuf 0x32ef34, nbufs 1, flags 0, to 0x2bbad94, tolen 16, ovl (nil), func (nil)
0009:trace:winsock:WS2_sendto fd=39, options=20
0009:trace:winsock:WS2_sendto  -> 12 bytes
0009:trace:winsock:WS2_sendto socket 0138, wsabuf 0x32f5e4, nbufs 1, flags 0, to 0x2bbad94, tolen 16, ovl (nil), func (nil)
0009:trace:winsock:WS2_sendto fd=39, options=20
0009:trace:winsock:WS2_sendto  -> 10 bytes
0009:trace:winsock:WS2_recv_base socket 0138, wsabuf 0x32f6e4, nbufs 1, flags 0, from 0x32f734, fromlen 16, ovl (nil), func (nil)
0009:trace:winsock:WS2_recv_base fd=39, options=20
0009:trace:winsock:WS2_recv_base  -> 10 bytes
0009:trace:winsock:WS2_recv_base socket 0138, wsabuf 0x32f6e4, nbufs 1, flags 0, from 0x32f734, fromlen 16, ovl (nil), func (nil)
0009:trace:winsock:WS2_recv_base fd=39, options=20
0009:trace:winsock:WS2_recv_base  -> 12 bytes
0009:trace:winsock:WS2_recv_base socket 0138, wsabuf 0x32f6e4, nbufs 1, flags 0, from 0x32f734, fromlen 16, ovl (nil), func (nil)
0009:trace:winsock:WS2_recv_base fd=39, options=20
0009:trace:winsock:WS2_recv_base  -> 12 bytes
0009:trace:winsock:WS2_sendto socket 0138, wsabuf 0x32ef34, nbufs 1, flags 0, to 0x2bbad94, tolen 16, ovl (nil), func (nil)
0009:trace:winsock:WS2_sendto fd=39, options=20
0009:trace:winsock:WS2_sendto  -> 12 bytes
0009:trace:winsock:WS2_sendto socket 0138, wsabuf 0x32f9c4, nbufs 1, flags 0, to 0x2bbad94, tolen 16, ovl (nil), func (nil)
0009:trace:winsock:WS2_sendto fd=39, options=20
0009:trace:winsock:WS2_sendto  -> 12 bytes
0009:trace:winsock:WS2_sendto socket 0138, wsabuf 0x32f9c4, nbufs 1, flags 0, to 0x2bbad94, tolen 16, ovl (nil), func (nil)
0009:trace:winsock:WS2_sendto fd=39, options=20
0009:trace:winsock:WS2_sendto  -> 12 bytes
0009:trace:winsock:WS2_sendto socket 0138, wsabuf 0x32f5e4, nbufs 1, flags 0, to 0x2bbad94, tolen 16, ovl (nil), func (nil)
0009:trace:winsock:WS2_sendto fd=39, options=20
0009:trace:winsock:WS2_sendto  -> 10 bytes
0009:trace:winsock:WS2_sendto socket 0138, wsabuf 0x32f5e4, nbufs 1, flags 0, to 0x2bbad94, tolen 16, ovl (nil), func (nil)
0009:trace:winsock:WS2_sendto fd=39, options=20
0009:trace:winsock:WS2_sendto  -> 10 bytes
0009:trace:winsock:WS2_sendto socket 0138, wsabuf 0x32f964, nbufs 1, flags 0, to 0x2bbad94, tolen 16, ovl (nil), func (nil)
0009:trace:winsock:WS2_sendto fd=39, options=20
0009:trace:winsock:WS2_sendto  -> 25 bytes
0009:trace:winsock:WS2_sendto socket 0138, wsabuf 0x32f964, nbufs 1, flags 0, to 0x2bbad94, tolen 16, ovl (nil), func (nil)
0009:trace:winsock:WS2_sendto fd=39, options=20
0009:trace:winsock:WS2_sendto  -> 25 bytes
0009:trace:winsock:WS2_sendto socket 0138, wsabuf 0x32f5e4, nbufs 1, flags 0, to 0x2bbad94, tolen 16, ovl (nil), func (nil)
0009:trace:winsock:WS2_sendto fd=39, options=20
0009:trace:winsock:WS2_sendto  -> 10 bytes
0009:trace:winsock:WS2_sendto socket 0138, wsabuf 0x32f5e4, nbufs 1, flags 0, to 0x2bbad94, tolen 16, ovl (nil), func (nil)
0009:trace:winsock:WS2_sendto fd=39, options=20
0009:trace:winsock:WS2_sendto  -> 10 bytes
0009:trace:winsock:WS2_sendto socket 0138, wsabuf 0x32f5e4, nbufs 1, flags 0, to 0x2bbad94, tolen 16, ovl (nil), func (nil)
0009:trace:winsock:WS2_sendto fd=39, options=20
0009:trace:winsock:WS2_sendto  -> 10 bytes
0009:trace:winsock:WS2_sendto socket 0138, wsabuf 0x32f5e4, nbufs 1, flags 0, to 0x2bbad94, tolen 16, ovl (nil), func (nil)
0009:trace:winsock:WS2_sendto fd=39, options=20
0009:trace:winsock:WS2_sendto  -> 10 bytes
0009:trace:winsock:WS2_sendto socket 0138, wsabuf 0x32f5e4, nbufs 1, flags 0, to 0x2bbad94, tolen 16, ovl (nil), func (nil)
0009:trace:winsock:WS2_sendto fd=39, options=20
0009:trace:winsock:WS2_sendto  -> 10 bytes
0009:trace:winsock:WS2_sendto socket 0138, wsabuf 0x32f5e4, nbufs 1, flags 0, to 0x2bbad94, tolen 16, ovl (nil), func (nil)
0009:trace:winsock:WS2_sendto fd=39, options=20
0009:trace:winsock:WS2_sendto  -> 10 bytes
0009:trace:winsock:WS2_recv_base socket 0138, wsabuf 0x32f6e4, nbufs 1, flags 0, from 0x32f734, fromlen 16, ovl (nil), func (nil)
0009:trace:winsock:WS2_recv_base fd=39, options=20
0009:trace:winsock:WS2_recv_base  -> 12 bytes
0009:trace:winsock:WS2_recv_base socket 0138, wsabuf 0x32f6e4, nbufs 1, flags 0, from 0x32f734, fromlen 16, ovl (nil), func (nil)
0009:trace:winsock:WS2_recv_base fd=39, options=20
0009:trace:winsock:WS2_recv_base  -> 10 bytes
0009:trace:winsock:WS2_recv_base socket 0138, wsabuf 0x32f6e4, nbufs 1, flags 0, from 0x32f734, fromlen 16, ovl (nil), func (nil)
0009:trace:winsock:WS2_recv_base fd=39, options=20
0009:trace:winsock:WS2_recv_base  -> 12 bytes
0009:trace:winsock:WS2_sendto socket 0138, wsabuf 0x32ef34, nbufs 1, flags 0, to 0x2bbad94, tolen 16, ovl (nil), func (nil)
0009:trace:winsock:WS2_sendto fd=39, options=20
0009:trace:winsock:WS2_sendto  -> 12 bytes
0009:trace:winsock:WS2_recv_base socket 0138, wsabuf 0x32f6e4, nbufs 1, flags 0, from 0x32f734, fromlen 16, ovl (nil), func (nil)
0009:trace:winsock:WS2_recv_base fd=39, options=20
0009:trace:winsock:WS2_recv_base  -> 10 bytes
0009:trace:winsock:WS2_recv_base socket 0138, wsabuf 0x32f6e4, nbufs 1, flags 0, from 0x32f734, fromlen 16, ovl (nil), func (nil)
0009:trace:winsock:WS2_recv_base fd=39, options=20
0009:trace:winsock:WS2_recv_base  -> 12 bytes
0009:trace:winsock:WS2_recv_base socket 0138, wsabuf 0x32f6e4, nbufs 1, flags 0, from 0x32f734, fromlen 16, ovl (nil), func (nil)
0009:trace:winsock:WS2_recv_base fd=39, options=20
0009:trace:winsock:WS2_recv_base  -> 12 bytes
0009:trace:winsock:WS2_sendto socket 0138, wsabuf 0x32ef34, nbufs 1, flags 0, to 0x2bbad94, tolen 16, ovl (nil), func (nil)
0009:trace:winsock:WS2_sendto fd=39, options=20
0009:trace:winsock:WS2_sendto  -> 12 bytes
0009:trace:winsock:WS2_sendto socket 0138, wsabuf 0x32f9c4, nbufs 1, flags 0, to 0x2bbad94, tolen 16, ovl (nil), func (nil)
0009:trace:winsock:WS2_sendto fd=39, options=20
0009:trace:winsock:WS2_sendto  -> 12 bytes
0009:trace:winsock:WS2_sendto socket 0138, wsabuf 0x32f9c4, nbufs 1, flags 0, to 0x2bbad94, tolen 16, ovl (nil), func (nil)
0009:trace:winsock:WS2_sendto fd=39, options=20
0009:trace:winsock:WS2_sendto  -> 12 bytes
0009:trace:winsock:WS2_sendto socket 0138, wsabuf 0x32f5e4, nbufs 1, flags 0, to 0x2bbad94, tolen 16, ovl (nil), func (nil)
0009:trace:winsock:WS2_sendto fd=39, options=20
0009:trace:winsock:WS2_sendto  -> 10 bytes
0009:trace:winsock:WS2_sendto socket 0138, wsabuf 0x32f5e4, nbufs 1, flags 0, to 0x2bbad94, tolen 16, ovl (nil), func (nil)
0009:trace:winsock:WS2_sendto fd=39, options=20
0009:trace:winsock:WS2_sendto  -> 10 bytes
0009:trace:winsock:WS2_recv_base socket 0138, wsabuf 0x32f6e4, nbufs 1, flags 0, from 0x32f734, fromlen 16, ovl (nil), func (nil)
0009:trace:winsock:WS2_recv_base fd=39, options=20
0009:trace:winsock:WS2_recv_base  -> 12 bytes
0009:trace:winsock:WS2_recv_base socket 0138, wsabuf 0x32f6e4, nbufs 1, flags 0, from 0x32f734, fromlen 16, ovl (nil), func (nil)
0009:trace:winsock:WS2_recv_base fd=39, options=20
0009:trace:winsock:WS2_recv_base  -> 10 bytes
0009:trace:winsock:WS2_recv_base socket 0138, wsabuf 0x32f6e4, nbufs 1, flags 0, from 0x32f734, fromlen 16, ovl (nil), func (nil)
0009:trace:winsock:WS2_recv_base fd=39, options=20
0009:trace:winsock:WS2_recv_base  -> 16 bytes
0009:trace:winsock:WS2_sendto socket 0138, wsabuf 0x32f964, nbufs 1, flags 0, to 0x2bbad94, tolen 16, ovl (nil), func (nil)
0009:trace:winsock:WS2_sendto fd=39, options=20
0009:trace:winsock:WS2_sendto  -> 25 bytes
0009:trace:winsock:WS2_sendto socket 0138, wsabuf 0x32f964, nbufs 1, flags 0, to 0x2bbad94, tolen 16, ovl (nil), func (nil)
0009:trace:winsock:WS2_sendto fd=39, options=20
0009:trace:winsock:WS2_sendto  -> 25 bytes
0009:trace:winsock:WS2_recv_base socket 0138, wsabuf 0x32f6e4, nbufs 1, flags 0, from 0x32f734, fromlen 16, ovl (nil), func (nil)
0009:trace:winsock:WS2_recv_base fd=39, options=20
0009:trace:winsock:WS2_recv_base  -> 10 bytes
0009:trace:winsock:WS2_sendto socket 0138, wsabuf 0x32f5e4, nbufs 1, flags 0, to 0x2bbad94, tolen 16, ovl (nil), func (nil)
0009:trace:winsock:WS2_sendto fd=39, options=20
0009:trace:winsock:WS2_sendto  -> 10 bytes
0009:trace:winsock:WS2_sendto socket 0138, wsabuf 0x32f5e4, nbufs 1, flags 0, to 0x2bbad94, tolen 16, ovl (nil), func (nil)
0009:trace:winsock:WS2_sendto fd=39, options=20
0009:trace:winsock:WS2_sendto  -> 10 bytes
0009:trace:winsock:WS2_recv_base socket 0138, wsabuf 0x32f6e4, nbufs 1, flags 0, from 0x32f734, fromlen 16, ovl (nil), func (nil)
0009:trace:winsock:WS2_recv_base fd=39, options=20
0009:trace:winsock:WS2_recv_base  -> 10 bytes
0009:trace:winsock:WS2_sendto socket 0138, wsabuf 0x32f5e4, nbufs 1, flags 0, to 0x2bbad94, tolen 16, ovl (nil), func (nil)
0009:trace:winsock:WS2_sendto fd=39, options=20
0009:trace:winsock:WS2_sendto  -> 10 bytes
0009:trace:winsock:WS2_sendto socket 0138, wsabuf 0x32f5e4, nbufs 1, flags 0, to 0x2bbad94, tolen 16, ovl (nil), func (nil)
0009:trace:winsock:WS2_sendto fd=39, options=20
0009:trace:winsock:WS2_sendto  -> 10 bytes
0009:trace:winsock:WS2_recv_base socket 0138, wsabuf 0x32f6e4, nbufs 1, flags 0, from 0x32f734, fromlen 16, ovl (nil), func (nil)
0009:trace:winsock:WS2_recv_base fd=39, options=20
0009:trace:winsock:WS2_recv_base  -> 10 bytes
0009:trace:winsock:WS2_sendto socket 0138, wsabuf 0x32f5e4, nbufs 1, flags 0, to 0x2bbad94, tolen 16, ovl (nil), func (nil)
0009:trace:winsock:WS2_sendto fd=39, options=20
0009:trace:winsock:WS2_sendto  -> 10 bytes
0009:trace:winsock:WS2_sendto socket 0138, wsabuf 0x32f5e4, nbufs 1, flags 0, to 0x2bbad94, tolen 16, ovl (nil), func (nil)
0009:trace:winsock:WS2_sendto fd=39, options=20
0009:trace:winsock:WS2_sendto  -> 10 bytes
0009:trace:winsock:WS2_recv_base socket 0138, wsabuf 0x32f6e4, nbufs 1, flags 0, from 0x32f734, fromlen 16, ovl (nil), func (nil)
0009:trace:winsock:WS2_recv_base fd=39, options=20
0009:trace:winsock:WS2_recv_base  -> 12 bytes
0009:trace:winsock:WS2_sendto socket 0138, wsabuf 0x32ef34, nbufs 1, flags 0, to 0x2bbad94, tolen 16, ovl (nil), func (nil)
0009:trace:winsock:WS2_sendto fd=39, options=20
0009:trace:winsock:WS2_sendto  -> 12 bytes
0009:trace:winsock:WS2_recv_base socket 0138, wsabuf 0x32f6e4, nbufs 1, flags 0, from 0x32f734, fromlen 16, ovl (nil), func (nil)
0009:trace:winsock:WS2_recv_base fd=39, options=20
0009:trace:winsock:WS2_recv_base  -> 12 bytes
0009:trace:winsock:WS2_recv_base socket 0138, wsabuf 0x32f6e4, nbufs 1, flags 0, from 0x32f734, fromlen 16, ovl (nil), func (nil)
0009:trace:winsock:WS2_recv_base fd=39, options=20
0009:trace:winsock:WS2_recv_base  -> 10 bytes
0009:trace:winsock:WS2_recv_base socket 0138, wsabuf 0x32f6e4, nbufs 1, flags 0, from 0x32f734, fromlen 16, ovl (nil), func (nil)
0009:trace:winsock:WS2_recv_base fd=39, options=20
0009:trace:winsock:WS2_recv_base  -> 16 bytes
0009:trace:winsock:WS2_sendto socket 0138, wsabuf 0x32f964, nbufs 1, flags 0, to 0x2bbad94, tolen 16, ovl (nil), func (nil)
0009:trace:winsock:WS2_sendto fd=39, options=20
0009:trace:winsock:WS2_sendto  -> 16 bytes
0009:trace:winsock:WS2_sendto socket 0138, wsabuf 0x32f964, nbufs 1, flags 0, to 0x2bbad94, tolen 16, ovl (nil), func (nil)
0009:trace:winsock:WS2_sendto fd=39, options=20
0009:trace:winsock:WS2_sendto  -> 16 bytes
0009:trace:winsock:WS2_recv_base socket 0138, wsabuf 0x32f6e4, nbufs 1, flags 0, from 0x32f734, fromlen 16, ovl (nil), func (nil)
0009:trace:winsock:WS2_recv_base fd=39, options=20
0009:trace:winsock:WS2_recv_base  -> 16 bytes
0009:trace:winsock:WS2_sendto socket 0138, wsabuf 0x32f9c4, nbufs 1, flags 0, to 0x2bbad94, tolen 16, ovl (nil), func (nil)
0009:trace:winsock:WS2_sendto fd=39, options=20
0009:trace:winsock:WS2_sendto  -> 12 bytes
0009:trace:winsock:WS2_recv_base socket 0138, wsabuf 0x32f6e4, nbufs 1, flags 0, from 0x32f734, fromlen 16, ovl (nil), func (nil)
0009:trace:winsock:WS2_recv_base fd=39, options=20
0009:trace:winsock:WS2_recv_base  -> 12 bytes
0009:trace:winsock:WS2_recv_base socket 0138, wsabuf 0x32f6e4, nbufs 1, flags 0, from 0x32f734, fromlen 16, ovl (nil), func (nil)
0009:trace:winsock:WS2_recv_base fd=39, options=20
0009:trace:winsock:WS2_recv_base  -> 10 bytes
0009:trace:winsock:WS2_sendto socket 0138, wsabuf 0x32f9c4, nbufs 1, flags 0, to 0x2bbad94, tolen 16, ovl (nil), func (nil)
0009:trace:winsock:WS2_sendto fd=39, options=20
0009:trace:winsock:WS2_sendto  -> 12 bytes
0009:trace:winsock:WS2_sendto socket 0138, wsabuf 0x32f5e4, nbufs 1, flags 0, to 0x2bbad94, tolen 16, ovl (nil), func (nil)
0009:trace:winsock:WS2_sendto fd=39, options=20
0009:trace:winsock:WS2_sendto  -> 10 bytes
0009:trace:winsock:WS2_sendto socket 0138, wsabuf 0x32f5e4, nbufs 1, flags 0, to 0x2bbad94, tolen 16, ovl (nil), func (nil)
0009:trace:winsock:WS2_sendto fd=39, options=20
0009:trace:winsock:WS2_sendto  -> 10 bytes
0009:trace:winsock:WS2_sendto socket 0138, wsabuf 0x32f964, nbufs 1, flags 0, to 0x2bbad94, tolen 16, ovl (nil), func (nil)
0009:trace:winsock:WS2_sendto fd=39, options=20
0009:trace:winsock:WS2_sendto  -> 25 bytes
0009:trace:winsock:WS2_sendto socket 0138, wsabuf 0x32f964, nbufs 1, flags 0, to 0x2bbad94, tolen 16, ovl (nil), func (nil)
0009:trace:winsock:WS2_sendto fd=39, options=20
0009:trace:winsock:WS2_sendto  -> 25 bytes
0009:trace:winsock:WS2_recv_base socket 0138, wsabuf 0x32f6e4, nbufs 1, flags 0, from 0x32f734, fromlen 16, ovl (nil), func (nil)
0009:trace:winsock:WS2_recv_base fd=39, options=20
0009:trace:winsock:WS2_recv_base  -> 10 bytes
0009:trace:winsock:WS2_sendto socket 0138, wsabuf 0x32f5e4, nbufs 1, flags 0, to 0x2bbad94, tolen 16, ovl (nil), func (nil)
0009:trace:winsock:WS2_sendto fd=39, options=20
0009:trace:winsock:WS2_sendto  -> 10 bytes
0009:trace:winsock:WS2_sendto socket 0138, wsabuf 0x32f5e4, nbufs 1, flags 0, to 0x2bbad94, tolen 16, ovl (nil), func (nil)
0009:trace:winsock:WS2_sendto fd=39, options=20
0009:trace:winsock:WS2_sendto  -> 10 bytes
0009:trace:winsock:WS2_recv_base socket 0138, wsabuf 0x32f6e4, nbufs 1, flags 0, from 0x32f734, fromlen 16, ovl (nil), func (nil)
0009:trace:winsock:WS2_recv_base fd=39, options=20
0009:trace:winsock:WS2_recv_base  -> 10 bytes
0009:trace:winsock:WS2_sendto socket 0138, wsabuf 0x32f5e4, nbufs 1, flags 0, to 0x2bbad94, tolen 16, ovl (nil), func (nil)
0009:trace:winsock:WS2_sendto fd=39, options=20
0009:trace:winsock:WS2_sendto  -> 10 bytes
0009:trace:winsock:WS2_sendto socket 0138, wsabuf 0x32f5e4, nbufs 1, flags 0, to 0x2bbad94, tolen 16, ovl (nil), func (nil)
0009:trace:winsock:WS2_sendto fd=39, options=20
0009:trace:winsock:WS2_sendto  -> 10 bytes
0009:trace:winsock:WS2_sendto socket 0138, wsabuf 0x32f964, nbufs 1, flags 0, to 0x2bbad94, tolen 16, ovl (nil), func (nil)
0009:trace:winsock:WS2_sendto fd=39, options=20
0009:trace:winsock:WS2_sendto  -> 16 bytes
0009:trace:winsock:WS2_sendto socket 0138, wsabuf 0x32f964, nbufs 1, flags 0, to 0x2bbad94, tolen 16, ovl (nil), func (nil)
0009:trace:winsock:WS2_sendto fd=39, options=20
0009:trace:winsock:WS2_sendto  -> 16 bytes
0009:trace:winsock:WS2_recv_base socket 0138, wsabuf 0x32f6e4, nbufs 1, flags 0, from 0x32f734, fromlen 16, ovl (nil), func (nil)
0009:trace:winsock:WS2_recv_base fd=39, options=20
0009:trace:winsock:WS2_recv_base  -> 16 bytes
0009:trace:winsock:WS2_recv_base socket 0138, wsabuf 0x32f6e4, nbufs 1, flags 0, from 0x32f734, fromlen 16, ovl (nil), func (nil)
0009:trace:winsock:WS2_recv_base fd=39, options=20
0009:trace:winsock:WS2_recv_base  -> 10 bytes
0009:trace:winsock:WS2_sendto socket 0138, wsabuf 0x32f5e4, nbufs 1, flags 0, to 0x2bbad94, tolen 16, ovl (nil), func (nil)
0009:trace:winsock:WS2_sendto fd=39, options=20
0009:trace:winsock:WS2_sendto  -> 10 bytes
0009:trace:winsock:WS2_sendto socket 0138, wsabuf 0x32f5e4, nbufs 1, flags 0, to 0x2bbad94, tolen 16, ovl (nil), func (nil)
0009:trace:winsock:WS2_sendto fd=39, options=20
0009:trace:winsock:WS2_sendto  -> 10 bytes
0009:trace:winsock:WS2_recv_base socket 0138, wsabuf 0x32f6e4, nbufs 1, flags 0, from 0x32f734, fromlen 16, ovl (nil), func (nil)
0009:trace:winsock:WS2_recv_base fd=39, options=20
0009:trace:winsock:WS2_recv_base  -> 12 bytes
0009:trace:winsock:WS2_sendto socket 0138, wsabuf 0x32ef34, nbufs 1, flags 0, to 0x2bbad94, tolen 16, ovl (nil), func (nil)
0009:trace:winsock:WS2_sendto fd=39, options=20
0009:trace:winsock:WS2_sendto  -> 12 bytes
0009:trace:winsock:WS2_recv_base socket 0138, wsabuf 0x32f6e4, nbufs 1, flags 0, from 0x32f734, fromlen 16, ovl (nil), func (nil)
0009:trace:winsock:WS2_recv_base fd=39, options=20
0009:trace:winsock:WS2_recv_base  -> 12 bytes
0009:trace:winsock:WS2_recv_base socket 0138, wsabuf 0x32f6e4, nbufs 1, flags 0, from 0x32f734, fromlen 16, ovl (nil), func (nil)
0009:trace:winsock:WS2_recv_base fd=39, options=20
0009:trace:winsock:WS2_recv_base  -> 10 bytes
0009:trace:winsock:WS2_recv_base socket 0138, wsabuf 0x32f6e4, nbufs 1, flags 0, from 0x32f734, fromlen 16, ovl (nil), func (nil)
0009:trace:winsock:WS2_recv_base fd=39, options=20
0009:trace:winsock:WS2_recv_base  -> 12 bytes
0009:trace:winsock:WS2_sendto socket 0138, wsabuf 0x32ef34, nbufs 1, flags 0, to 0x2bbad94, tolen 16, ovl (nil), func (nil)
0009:trace:winsock:WS2_sendto fd=39, options=20
0009:trace:winsock:WS2_sendto  -> 12 bytes
0009:trace:winsock:WS2_sendto socket 0138, wsabuf 0x32f9c4, nbufs 1, flags 0, to 0x2bbad94, tolen 16, ovl (nil), func (nil)
0009:trace:winsock:WS2_sendto fd=39, options=20
0009:trace:winsock:WS2_sendto  -> 12 bytes
0009:trace:winsock:WS2_recv_base socket 0138, wsabuf 0x32f6e4, nbufs 1, flags 0, from 0x32f734, fromlen 16, ovl (nil), func (nil)
0009:trace:winsock:WS2_recv_base fd=39, options=20
0009:trace:winsock:WS2_recv_base  -> 12 bytes
0009:trace:winsock:WS2_recv_base socket 0138, wsabuf 0x32f6e4, nbufs 1, flags 0, from 0x32f734, fromlen 16, ovl (nil), func (nil)
0009:trace:winsock:WS2_recv_base fd=39, options=20
0009:trace:winsock:WS2_recv_base  -> 10 bytes
0009:trace:winsock:WS2_sendto socket 0138, wsabuf 0x32f9c4, nbufs 1, flags 0, to 0x2bbad94, tolen 16, ovl (nil), func (nil)
0009:trace:winsock:WS2_sendto fd=39, options=20
0009:trace:winsock:WS2_sendto  -> 12 bytes
0009:trace:winsock:WS2_sendto socket 0138, wsabuf 0x32f5e4, nbufs 1, flags 0, to 0x2bbad94, tolen 16, ovl (nil), func (nil)
0009:trace:winsock:WS2_sendto fd=39, options=20
0009:trace:winsock:WS2_sendto  -> 10 bytes
0009:trace:winsock:WS2_sendto socket 0138, wsabuf 0x32f5e4, nbufs 1, flags 0, to 0x2bbad94, tolen 16, ovl (nil), func (nil)
0009:trace:winsock:WS2_sendto fd=39, options=20
0009:trace:winsock:WS2_sendto  -> 10 bytes
0009:trace:winsock:WS2_recv_base socket 0138, wsabuf 0x32f6e4, nbufs 1, flags 0, from 0x32f734, fromlen 16, ovl (nil), func (nil)
0009:trace:winsock:WS2_recv_base fd=39, options=20
0009:trace:winsock:WS2_recv_base  -> 12 bytes
0009:trace:winsock:WS2_recv_base socket 0138, wsabuf 0x32f6e4, nbufs 1, flags 0, from 0x32f734, fromlen 16, ovl (nil), func (nil)
0009:trace:winsock:WS2_recv_base fd=39, options=20
0009:trace:winsock:WS2_recv_base  -> 10 bytes
0009:trace:winsock:WS2_recv_base socket 0138, wsabuf 0x32f6e4, nbufs 1, flags 0, from 0x32f734, fromlen 16, ovl (nil), func (nil)
0009:trace:winsock:WS2_recv_base fd=39, options=20
0009:trace:winsock:WS2_recv_base  -> 10 bytes
0009:trace:winsock:WS2_sendto socket 0138, wsabuf 0x32f964, nbufs 1, flags 0, to 0x2bbad94, tolen 16, ovl (nil), func (nil)
0009:trace:winsock:WS2_sendto fd=39, options=20
0009:trace:winsock:WS2_sendto  -> 25 bytes
0009:trace:winsock:WS2_sendto socket 0138, wsabuf 0x32f964, nbufs 1, flags 0, to 0x2bbad94, tolen 16, ovl (nil), func (nil)
0009:trace:winsock:WS2_sendto fd=39, options=20
0009:trace:winsock:WS2_sendto  -> 25 bytes
0009:trace:winsock:WS2_recv_base socket 0138, wsabuf 0x32f6e4, nbufs 1, flags 0, from 0x32f734, fromlen 16, ovl (nil), func (nil)
0009:trace:winsock:WS2_recv_base fd=39, options=20
0009:trace:winsock:WS2_recv_base  -> 10 bytes
0009:trace:winsock:WS2_sendto socket 0138, wsabuf 0x32f5e4, nbufs 1, flags 0, to 0x2bbad94, tolen 16, ovl (nil), func (nil)
0009:trace:winsock:WS2_sendto fd=39, options=20
0009:trace:winsock:WS2_sendto  -> 10 bytes
0009:trace:winsock:WS2_sendto socket 0138, wsabuf 0x32f5e4, nbufs 1, flags 0, to 0x2bbad94, tolen 16, ovl (nil), func (nil)
0009:trace:winsock:WS2_sendto fd=39, options=20
0009:trace:winsock:WS2_sendto  -> 10 bytes
0009:trace:winsock:WS2_recv_base socket 0138, wsabuf 0x32f6e4, nbufs 1, flags 0, from 0x32f734, fromlen 16, ovl (nil), func (nil)
0009:trace:winsock:WS2_recv_base fd=39, options=20
0009:trace:winsock:WS2_recv_base  -> 16 bytes
0009:trace:winsock:WS2_recv_base socket 0138, wsabuf 0x32f6e4, nbufs 1, flags 0, from 0x32f734, fromlen 16, ovl (nil), func (nil)
0009:trace:winsock:WS2_recv_base fd=39, options=20
0009:trace:winsock:WS2_recv_base  -> 10 bytes
0009:trace:winsock:WS2_recv_base socket 0138, wsabuf 0x32f6e4, nbufs 1, flags 0, from 0x32f734, fromlen 16, ovl (nil), func (nil)
0009:trace:winsock:WS2_recv_base fd=39, options=20
0009:trace:winsock:WS2_recv_base  -> 10 bytes
0009:trace:winsock:WS2_sendto socket 0138, wsabuf 0x32f5e4, nbufs 1, flags 0, to 0x2bbad94, tolen 16, ovl (nil), func (nil)
0009:trace:winsock:WS2_sendto fd=39, options=20
0009:trace:winsock:WS2_sendto  -> 10 bytes
0009:trace:winsock:WS2_sendto socket 0138, wsabuf 0x32f5e4, nbufs 1, flags 0, to 0x2bbad94, tolen 16, ovl (nil), func (nil)
0009:trace:winsock:WS2_sendto fd=39, options=20
0009:trace:winsock:WS2_sendto  -> 10 bytes
0009:trace:winsock:WS2_recv_base socket 0138, wsabuf 0x32f6e4, nbufs 1, flags 0, from 0x32f734, fromlen 16, ovl (nil), func (nil)
0009:trace:winsock:WS2_recv_base fd=39, options=20
0009:trace:winsock:WS2_recv_base  -> 10 bytes
0009:trace:winsock:WS2_recv_base socket 0138, wsabuf 0x32f6e4, nbufs 1, flags 0, from 0x32f734, fromlen 16, ovl (nil), func (nil)
0009:trace:winsock:WS2_recv_base fd=39, options=20
0009:trace:winsock:WS2_recv_base  -> 10 bytes
0009:trace:winsock:WS2_sendto socket 0138, wsabuf 0x32f5e4, nbufs 1, flags 0, to 0x2bbad94, tolen 16, ovl (nil), func (nil)
0009:trace:winsock:WS2_sendto fd=39, options=20
0009:trace:winsock:WS2_sendto  -> 10 bytes
0009:trace:winsock:WS2_sendto socket 0138, wsabuf 0x32f5e4, nbufs 1, flags 0, to 0x2bbad94, tolen 16, ovl (nil), func (nil)
0009:trace:winsock:WS2_sendto fd=39, options=20
0009:trace:winsock:WS2_sendto  -> 10 bytes
0009:trace:winsock:WS2_recv_base socket 0138, wsabuf 0x32f6e4, nbufs 1, flags 0, from 0x32f734, fromlen 16, ovl (nil), func (nil)
0009:trace:winsock:WS2_recv_base fd=39, options=20
0009:trace:winsock:WS2_recv_base  -> 12 bytes
0009:trace:winsock:WS2_sendto socket 0138, wsabuf 0x32ef34, nbufs 1, flags 0, to 0x2bbad94, tolen 16, ovl (nil), func (nil)
0009:trace:winsock:WS2_sendto fd=39, options=20
0009:trace:winsock:WS2_sendto  -> 12 bytes
0009:trace:winsock:WS2_recv_base socket 0138, wsabuf 0x32f6e4, nbufs 1, flags 0, from 0x32f734, fromlen 16, ovl (nil), func (nil)
0009:trace:winsock:WS2_recv_base fd=39, options=20
0009:trace:winsock:WS2_recv_base  -> 12 bytes
0009:trace:winsock:WS2_sendto socket 0138, wsabuf 0x32ef34, nbufs 1, flags 0, to 0x2bbad94, tolen 16, ovl (nil), func (nil)
0009:trace:winsock:WS2_sendto fd=39, options=20
0009:trace:winsock:WS2_sendto  -> 12 bytes
0009:trace:winsock:WS2_recv_base socket 0138, wsabuf 0x32f6e4, nbufs 1, flags 0, from 0x32f734, fromlen 16, ovl (nil), func (nil)
0009:trace:winsock:WS2_recv_base fd=39, options=20
0009:trace:winsock:WS2_recv_base  -> 10 bytes
0009:trace:winsock:WS2_recv_base socket 0138, wsabuf 0x32f6e4, nbufs 1, flags 0, from 0x32f734, fromlen 16, ovl (nil), func (nil)
0009:trace:winsock:WS2_recv_base fd=39, options=20
0009:trace:winsock:WS2_recv_base  -> 16 bytes
0009:trace:winsock:WS2_sendto socket 0138, wsabuf 0x32f964, nbufs 1, flags 0, to 0x2bbad94, tolen 16, ovl (nil), func (nil)
0009:trace:winsock:WS2_sendto fd=39, options=20
0009:trace:winsock:WS2_sendto  -> 16 bytes
0009:trace:winsock:WS2_sendto socket 0138, wsabuf 0x32f964, nbufs 1, flags 0, to 0x2bbad94, tolen 16, ovl (nil), func (nil)
0009:trace:winsock:WS2_sendto fd=39, options=20
0009:trace:winsock:WS2_sendto  -> 16 bytes
0009:trace:winsock:WS2_sendto socket 0138, wsabuf 0x32f9c4, nbufs 1, flags 0, to 0x2bbad94, tolen 16, ovl (nil), func (nil)
0009:trace:winsock:WS2_sendto fd=39, options=20
0009:trace:winsock:WS2_sendto  -> 12 bytes
0009:trace:winsock:WS2_recv_base socket 0138, wsabuf 0x32f6e4, nbufs 1, flags 0, from 0x32f734, fromlen 16, ovl (nil), func (nil)
0009:trace:winsock:WS2_recv_base fd=39, options=20
0009:trace:winsock:WS2_recv_base  -> 12 bytes
0009:trace:winsock:WS2_recv_base socket 0138, wsabuf 0x32f6e4, nbufs 1, flags 0, from 0x32f734, fromlen 16, ovl (nil), func (nil)
0009:trace:winsock:WS2_recv_base fd=39, options=20
0009:trace:winsock:WS2_recv_base  -> 10 bytes
0009:trace:winsock:WS2_sendto socket 0138, wsabuf 0x32f5e4, nbufs 1, flags 0, to 0x2bbad94, tolen 16, ovl (nil), func (nil)
0009:trace:winsock:WS2_sendto fd=39, options=20
0009:trace:winsock:WS2_sendto  -> 10 bytes
0009:trace:winsock:WS2_sendto socket 0138, wsabuf 0x32f9c4, nbufs 1, flags 0, to 0x2bbad94, tolen 16, ovl (nil), func (nil)
0009:trace:winsock:WS2_sendto fd=39, options=20
0009:trace:winsock:WS2_sendto  -> 12 bytes
0009:trace:winsock:WS2_recv_base socket 0138, wsabuf 0x32f6e4, nbufs 1, flags 0, from 0x32f734, fromlen 16, ovl (nil), func (nil)
0009:trace:winsock:WS2_recv_base fd=39, options=20
0009:trace:winsock:WS2_recv_base  -> 12 bytes
0009:trace:winsock:WS2_sendto socket 0138, wsabuf 0x32f5e4, nbufs 1, flags 0, to 0x2bbad94, tolen 16, ovl (nil), func (nil)
0009:trace:winsock:WS2_sendto fd=39, options=20
0009:trace:winsock:WS2_sendto  -> 10 bytes
0009:trace:winsock:WS2_recv_base socket 0138, wsabuf 0x32f6e4, nbufs 1, flags 0, from 0x32f734, fromlen 16, ovl (nil), func (nil)
0009:trace:winsock:WS2_recv_base fd=39, options=20
0009:trace:winsock:WS2_recv_base  -> 10 bytes
0009:trace:winsock:WS2_recv_base socket 0138, wsabuf 0x32f6e4, nbufs 1, flags 0, from 0x32f734, fromlen 16, ovl (nil), func (nil)
0009:trace:winsock:WS2_recv_base fd=39, options=20
0009:trace:winsock:WS2_recv_base  -> 16 bytes
0009:trace:winsock:WS2_sendto socket 0138, wsabuf 0x32f964, nbufs 1, flags 0, to 0x2bbad94, tolen 16, ovl (nil), func (nil)
0009:trace:winsock:WS2_sendto fd=39, options=20
0009:trace:winsock:WS2_sendto  -> 25 bytes
0009:trace:winsock:WS2_sendto socket 0138, wsabuf 0x32f964, nbufs 1, flags 0, to 0x2bbad94, tolen 16, ovl (nil), func (nil)
0009:trace:winsock:WS2_sendto fd=39, options=20
0009:trace:winsock:WS2_sendto  -> 25 bytes
0009:trace:winsock:WS2_recv_base socket 0138, wsabuf 0x32f6e4, nbufs 1, flags 0, from 0x32f734, fromlen 16, ovl (nil), func (nil)
0009:trace:winsock:WS2_recv_base fd=39, options=20
0009:trace:winsock:WS2_recv_base  -> 10 bytes
0009:trace:winsock:WS2_sendto socket 0138, wsabuf 0x32f5e4, nbufs 1, flags 0, to 0x2bbad94, tolen 16, ovl (nil), func (nil)
0009:trace:winsock:WS2_sendto fd=39, options=20
0009:trace:winsock:WS2_sendto  -> 10 bytes
0009:trace:winsock:WS2_sendto socket 0138, wsabuf 0x32f5e4, nbufs 1, flags 0, to 0x2bbad94, tolen 16, ovl (nil), func (nil)
0009:trace:winsock:WS2_sendto fd=39, options=20
0009:trace:winsock:WS2_sendto  -> 10 bytes
0009:fixme:msctf:LangBarMgr_GetShowFloatingStatus STUB:(01DE5828)
0009:fixme:msctf:LangBarMgr_ShowFloating STUB:(01DE5828)
0009:trace:winsock:WS2_recv_base socket 0138, wsabuf 0x32f6e4, nbufs 1, flags 0, from 0x32f734, fromlen 16, ovl (nil), func (nil)
0009:trace:winsock:WS2_recv_base fd=43, options=20
0009:trace:winsock:WS2_recv_base  -> 10 bytes
0009:trace:winsock:WS2_recv_base socket 0138, wsabuf 0x32f6e4, nbufs 1, flags 0, from 0x32f734, fromlen 16, ovl (nil), func (nil)
0009:trace:winsock:WS2_recv_base fd=43, options=20
0009:trace:winsock:WS2_recv_base  -> 10 bytes
0009:trace:winsock:WS2_sendto socket 0138, wsabuf 0x32f5e4, nbufs 1, flags 0, to 0x2bbad94, tolen 16, ovl (nil), func (nil)
0009:trace:winsock:WS2_sendto fd=43, options=20
0009:trace:winsock:WS2_sendto  -> 10 bytes
0009:trace:winsock:WS2_sendto socket 0138, wsabuf 0x32f5e4, nbufs 1, flags 0, to 0x2bbad94, tolen 16, ovl (nil), func (nil)
0009:trace:winsock:WS2_sendto fd=43, options=20
0009:trace:winsock:WS2_sendto  -> 10 bytes
0009:trace:winsock:WS2_recv_base socket 0138, wsabuf 0x32f6e4, nbufs 1, flags 0, from 0x32f734, fromlen 16, ovl (nil), func (nil)
0009:trace:winsock:WS2_recv_base fd=43, options=20
0009:trace:winsock:WS2_recv_base  -> 10 bytes
0009:trace:winsock:WS2_recv_base socket 0138, wsabuf 0x32f6e4, nbufs 1, flags 0, from 0x32f734, fromlen 16, ovl (nil), func (nil)
0009:trace:winsock:WS2_recv_base fd=43, options=20
0009:trace:winsock:WS2_recv_base  -> 16 bytes
0009:trace:winsock:WS2_sendto socket 0138, wsabuf 0x32f964, nbufs 1, flags 0, to 0x2bbad94, tolen 16, ovl (nil), func (nil)
0009:trace:winsock:WS2_sendto fd=43, options=20
0009:trace:winsock:WS2_sendto  -> 16 bytes
0009:trace:winsock:WS2_sendto socket 0138, wsabuf 0x32f964, nbufs 1, flags 0, to 0x2bbad94, tolen 16, ovl (nil), func (nil)
0009:trace:winsock:WS2_sendto fd=43, options=20
0009:trace:winsock:WS2_sendto  -> 16 bytes
0009:trace:winsock:WS2_recv_base socket 0138, wsabuf 0x32f6e4, nbufs 1, flags 0, from 0x32f734, fromlen 16, ovl (nil), func (nil)
0009:trace:winsock:WS2_recv_base fd=43, options=20
0009:trace:winsock:WS2_recv_base  -> 10 bytes
0009:trace:winsock:WS2_sendto socket 0138, wsabuf 0x32f5e4, nbufs 1, flags 0, to 0x2bbad94, tolen 16, ovl (nil), func (nil)
0009:trace:winsock:WS2_sendto fd=43, options=20
0009:trace:winsock:WS2_sendto  -> 10 bytes
0009:trace:winsock:WS2_sendto socket 0138, wsabuf 0x32f5e4, nbufs 1, flags 0, to 0x2bbad94, tolen 16, ovl (nil), func (nil)
0009:trace:winsock:WS2_sendto fd=43, options=20
0009:trace:winsock:WS2_sendto  -> 10 bytes
0009:trace:winsock:WS2_recv_base socket 0138, wsabuf 0x32f6e4, nbufs 1, flags 0, from 0x32f734, fromlen 16, ovl (nil), func (nil)
0009:trace:winsock:WS2_recv_base fd=43, options=20
0009:trace:winsock:WS2_recv_base  -> 12 bytes
0009:trace:winsock:WS2_sendto socket 0138, wsabuf 0x32ef34, nbufs 1, flags 0, to 0x2bbad94, tolen 16, ovl (nil), func (nil)
0009:trace:winsock:WS2_sendto fd=43, options=20
0009:trace:winsock:WS2_sendto  -> 12 bytes
0009:trace:winsock:WS2_recv_base socket 0138, wsabuf 0x32f6e4, nbufs 1, flags 0, from 0x32f734, fromlen 16, ovl (nil), func (nil)
0009:trace:winsock:WS2_recv_base fd=43, options=20
0009:trace:winsock:WS2_recv_base  -> 12 bytes
0009:trace:winsock:WS2_sendto socket 0138, wsabuf 0x32ef34, nbufs 1, flags 0, to 0x2bbad94, tolen 16, ovl (nil), func (nil)
0009:trace:winsock:WS2_sendto fd=43, options=20
0009:trace:winsock:WS2_sendto  -> 12 bytes
0009:trace:winsock:WS2_recv_base socket 0138, wsabuf 0x32f6e4, nbufs 1, flags 0, from 0x32f734, fromlen 16, ovl (nil), func (nil)
0009:trace:winsock:WS2_recv_base fd=43, options=20
0009:trace:winsock:WS2_recv_base  -> 10 bytes
0009:trace:winsock:WS2_recv_base socket 0138, wsabuf 0x32f6e4, nbufs 1, flags 0, from 0x32f734, fromlen 16, ovl (nil), func (nil)
0009:trace:winsock:WS2_recv_base fd=43, options=20
0009:trace:winsock:WS2_recv_base  -> 16 bytes
0009:trace:winsock:WS2_sendto socket 0138, wsabuf 0x32f9c4, nbufs 1, flags 0, to 0x2bbad94, tolen 16, ovl (nil), func (nil)
0009:trace:winsock:WS2_sendto fd=43, options=20
0009:trace:winsock:WS2_sendto  -> 12 bytes
0009:trace:winsock:WS2_recv_base socket 0138, wsabuf 0x32f6e4, nbufs 1, flags 0, from 0x32f734, fromlen 16, ovl (nil), func (nil)
0009:trace:winsock:WS2_recv_base fd=43, options=20
0009:trace:winsock:WS2_recv_base  -> 12 bytes
0009:trace:winsock:WS2_recv_base socket 0138, wsabuf 0x32f6e4, nbufs 1, flags 0, from 0x32f734, fromlen 16, ovl (nil), func (nil)
0009:trace:winsock:WS2_recv_base fd=43, options=20
0009:trace:winsock:WS2_recv_base  -> 10 bytes
0009:trace:winsock:WS2_sendto socket 0138, wsabuf 0x32f5e4, nbufs 1, flags 0, to 0x2bbad94, tolen 16, ovl (nil), func (nil)
0009:trace:winsock:WS2_sendto fd=43, options=20
0009:trace:winsock:WS2_sendto  -> 10 bytes
0009:trace:winsock:WS2_sendto socket 0138, wsabuf 0x32f9c4, nbufs 1, flags 0, to 0x2bbad94, tolen 16, ovl (nil), func (nil)
0009:trace:winsock:WS2_sendto fd=43, options=20
0009:trace:winsock:WS2_sendto  -> 12 bytes
0009:trace:winsock:WS2_recv_base socket 0138, wsabuf 0x32f6e4, nbufs 1, flags 0, from 0x32f734, fromlen 16, ovl (nil), func (nil)
0009:trace:winsock:WS2_recv_base fd=43, options=20
0009:trace:winsock:WS2_recv_base  -> 12 bytes
0009:trace:winsock:WS2_sendto socket 0138, wsabuf 0x32f5e4, nbufs 1, flags 0, to 0x2bbad94, tolen 16, ovl (nil), func (nil)
0009:trace:winsock:WS2_sendto fd=43, options=20
0009:trace:winsock:WS2_sendto  -> 10 bytes
0009:trace:winsock:WS2_recv_base socket 0138, wsabuf 0x32f6e4, nbufs 1, flags 0, from 0x32f734, fromlen 16, ovl (nil), func (nil)
0009:trace:winsock:WS2_recv_base fd=43, options=20
0009:trace:winsock:WS2_recv_base  -> 10 bytes
0009:trace:winsock:WS2_sendto socket 0138, wsabuf 0x32f964, nbufs 1, flags 0, to 0x2bbad94, tolen 16, ovl (nil), func (nil)
0009:trace:winsock:WS2_sendto fd=43, options=20
0009:trace:winsock:WS2_sendto  -> 25 bytes
0009:trace:winsock:WS2_sendto socket 0138, wsabuf 0x32f964, nbufs 1, flags 0, to 0x2bbad94, tolen 16, ovl (nil), func (nil)
0009:trace:winsock:WS2_sendto fd=43, options=20
0009:trace:winsock:WS2_sendto  -> 25 bytes
0009:trace:winsock:WS2_recv_base socket 0138, wsabuf 0x32f6e4, nbufs 1, flags 0, from 0x32f734, fromlen 16, ovl (nil), func (nil)
0009:trace:winsock:WS2_recv_base fd=43, options=20
0009:trace:winsock:WS2_recv_base  -> 10 bytes
0009:trace:winsock:WS2_sendto socket 0138, wsabuf 0x32f5e4, nbufs 1, flags 0, to 0x2bbad94, tolen 16, ovl (nil), func (nil)
0009:trace:winsock:WS2_sendto fd=43, options=20
0009:trace:winsock:WS2_sendto  -> 10 bytes
0009:trace:winsock:WS2_sendto socket 0138, wsabuf 0x32f5e4, nbufs 1, flags 0, to 0x2bbad94, tolen 16, ovl (nil), func (nil)
0009:trace:winsock:WS2_sendto fd=43, options=20
0009:trace:winsock:WS2_sendto  -> 10 bytes
0009:trace:winsock:WS2_recv_base socket 0138, wsabuf 0x32f6e4, nbufs 1, flags 0, from 0x32f734, fromlen 16, ovl (nil), func (nil)
0009:trace:winsock:WS2_recv_base fd=43, options=20
0009:trace:winsock:WS2_recv_base  -> 10 bytes
0009:trace:winsock:WS2_recv_base socket 0138, wsabuf 0x32f6e4, nbufs 1, flags 0, from 0x32f734, fromlen 16, ovl (nil), func (nil)
0009:trace:winsock:WS2_recv_base fd=43, options=20
0009:trace:winsock:WS2_recv_base  -> 10 bytes
0009:trace:winsock:WS2_sendto socket 0138, wsabuf 0x32f964, nbufs 1, flags 0, to 0x2bbad94, tolen 16, ovl (nil), func (nil)
0009:trace:winsock:WS2_sendto fd=43, options=20
0009:trace:winsock:WS2_sendto  -> 16 bytes
0009:trace:winsock:WS2_sendto socket 0138, wsabuf 0x32f964, nbufs 1, flags 0, to 0x2bbad94, tolen 16, ovl (nil), func (nil)
0009:trace:winsock:WS2_sendto fd=43, options=20
0009:trace:winsock:WS2_sendto  -> 16 bytes
0009:trace:winsock:WS2_recv_base socket 0138, wsabuf 0x32f6e4, nbufs 1, flags 0, from 0x32f734, fromlen 16, ovl (nil), func (nil)
0009:trace:winsock:WS2_recv_base fd=43, options=20
0009:trace:winsock:WS2_recv_base  -> 16 bytes
0009:trace:winsock:WS2_sendto socket 0138, wsabuf 0x32f5e4, nbufs 1, flags 0, to 0x2bbad94, tolen 16, ovl (nil), func (nil)
0009:trace:winsock:WS2_sendto fd=43, options=20
0009:trace:winsock:WS2_sendto  -> 10 bytes
0009:trace:winsock:WS2_sendto socket 0138, wsabuf 0x32f5e4, nbufs 1, flags 0, to 0x2bbad94, tolen 16, ovl (nil), func (nil)
0009:trace:winsock:WS2_sendto fd=43, options=20
0009:trace:winsock:WS2_sendto  -> 10 bytes
0009:trace:winsock:WS2_recv_base socket 0138, wsabuf 0x32f6e4, nbufs 1, flags 0, from 0x32f734, fromlen 16, ovl (nil), func (nil)
0009:trace:winsock:WS2_recv_base fd=43, options=20
0009:trace:winsock:WS2_recv_base  -> 10 bytes
0009:trace:winsock:WS2_recv_base socket 0138, wsabuf 0x32f6e4, nbufs 1, flags 0, from 0x32f734, fromlen 16, ovl (nil), func (nil)
0009:trace:winsock:WS2_recv_base fd=43, options=20
0009:trace:winsock:WS2_recv_base  -> 16 bytes
0009:trace:winsock:WS2_recv_base socket 0138, wsabuf 0x32f6e4, nbufs 1, flags 0, from 0x32f734, fromlen 16, ovl (nil), func (nil)
0009:trace:winsock:WS2_recv_base fd=43, options=20
0009:trace:winsock:WS2_recv_base  -> 10 bytes
0009:trace:winsock:WS2_sendto socket 0138, wsabuf 0x32f5e4, nbufs 1, flags 0, to 0x2bbad94, tolen 16, ovl (nil), func (nil)
0009:trace:winsock:WS2_sendto fd=43, options=20
0009:trace:winsock:WS2_sendto  -> 10 bytes
0009:trace:winsock:WS2_sendto socket 0138, wsabuf 0x32f5e4, nbufs 1, flags 0, to 0x2bbad94, tolen 16, ovl (nil), func (nil)
0009:trace:winsock:WS2_sendto fd=43, options=20
0009:trace:winsock:WS2_sendto  -> 10 bytes
0009:trace:winsock:WS2_recv_base socket 0138, wsabuf 0x32f6e4, nbufs 1, flags 0, from 0x32f734, fromlen 16, ovl (nil), func (nil)
0009:trace:winsock:WS2_recv_base fd=43, options=20
0009:trace:winsock:WS2_recv_base  -> 12 bytes
0009:trace:winsock:WS2_sendto socket 0138, wsabuf 0x32ef34, nbufs 1, flags 0, to 0x2bbad94, tolen 16, ovl (nil), func (nil)
0009:trace:winsock:WS2_sendto fd=43, options=20
0009:trace:winsock:WS2_sendto  -> 12 bytes
0009:trace:winsock:WS2_recv_base socket 0138, wsabuf 0x32f6e4, nbufs 1, flags 0, from 0x32f734, fromlen 16, ovl (nil), func (nil)
0009:trace:winsock:WS2_recv_base fd=43, options=20
0009:trace:winsock:WS2_recv_base  -> 12 bytes
0009:trace:winsock:WS2_sendto socket 0138, wsabuf 0x32ef34, nbufs 1, flags 0, to 0x2bbad94, tolen 16, ovl (nil), func (nil)
0009:trace:winsock:WS2_sendto fd=43, options=20
0009:trace:winsock:WS2_sendto  -> 12 bytes
0009:trace:winsock:WS2_recv_base socket 0138, wsabuf 0x32f6e4, nbufs 1, flags 0, from 0x32f734, fromlen 16, ovl (nil), func (nil)
0009:trace:winsock:WS2_recv_base fd=43, options=20
0009:trace:winsock:WS2_recv_base  -> 10 bytes
0009:trace:winsock:WS2_sendto socket 0138, wsabuf 0x32f9c4, nbufs 1, flags 0, to 0x2bbad94, tolen 16, ovl (nil), func (nil)
0009:trace:winsock:WS2_sendto fd=43, options=20
0009:trace:winsock:WS2_sendto  -> 12 bytes
0009:trace:winsock:WS2_recv_base socket 0138, wsabuf 0x32f6e4, nbufs 1, flags 0, from 0x32f734, fromlen 16, ovl (nil), func (nil)
0009:trace:winsock:WS2_recv_base fd=43, options=20
0009:trace:winsock:WS2_recv_base  -> 12 bytes
0009:trace:winsock:WS2_recv_base socket 0138, wsabuf 0x32f6e4, nbufs 1, flags 0, from 0x32f734, fromlen 16, ovl (nil), func (nil)
0009:trace:winsock:WS2_recv_base fd=43, options=20
0009:trace:winsock:WS2_recv_base  -> 10 bytes
0009:trace:winsock:WS2_sendto socket 0138, wsabuf 0x32f5e4, nbufs 1, flags 0, to 0x2bbad94, tolen 16, ovl (nil), func (nil)
0009:trace:winsock:WS2_sendto fd=43, options=20
0009:trace:winsock:WS2_sendto  -> 10 bytes
0009:trace:winsock:WS2_sendto socket 0138, wsabuf 0x32f5e4, nbufs 1, flags 0, to 0x2bbad94, tolen 16, ovl (nil), func (nil)
0009:trace:winsock:WS2_sendto fd=43, options=20
0009:trace:winsock:WS2_sendto  -> 10 bytes
0009:trace:winsock:WS2_sendto socket 0138, wsabuf 0x32f9c4, nbufs 1, flags 0, to 0x2bbad94, tolen 16, ovl (nil), func (nil)
0009:trace:winsock:WS2_sendto fd=43, options=20
0009:trace:winsock:WS2_sendto  -> 12 bytes
0009:trace:winsock:WS2_recv_base socket 0138, wsabuf 0x32f6e4, nbufs 1, flags 0, from 0x32f734, fromlen 16, ovl (nil), func (nil)
0009:trace:winsock:WS2_recv_base fd=43, options=20
0009:trace:winsock:WS2_recv_base  -> 12 bytes
0009:trace:winsock:WS2_recv_base socket 0138, wsabuf 0x32f6e4, nbufs 1, flags 0, from 0x32f734, fromlen 16, ovl (nil), func (nil)
0009:trace:winsock:WS2_recv_base fd=43, options=20
0009:trace:winsock:WS2_recv_base  -> 10 bytes
0009:trace:winsock:WS2_sendto socket 0138, wsabuf 0x32f964, nbufs 1, flags 0, to 0x2bbad94, tolen 16, ovl (nil), func (nil)
0009:trace:winsock:WS2_sendto fd=43, options=20
0009:trace:winsock:WS2_sendto  -> 25 bytes
0009:trace:winsock:WS2_sendto socket 0138, wsabuf 0x32f964, nbufs 1, flags 0, to 0x2bbad94, tolen 16, ovl (nil), func (nil)
0009:trace:winsock:WS2_sendto fd=43, options=20
0009:trace:winsock:WS2_sendto  -> 25 bytes
0009:trace:winsock:WS2_recv_base socket 0138, wsabuf 0x32f6e4, nbufs 1, flags 0, from 0x32f734, fromlen 16, ovl (nil), func (nil)
0009:trace:winsock:WS2_recv_base fd=43, options=20
0009:trace:winsock:WS2_recv_base  -> 10 bytes
0009:trace:winsock:WS2_sendto socket 0138, wsabuf 0x32f5e4, nbufs 1, flags 0, to 0x2bbad94, tolen 16, ovl (nil), func (nil)
0009:trace:winsock:WS2_sendto fd=43, options=20
0009:trace:winsock:WS2_sendto  -> 10 bytes
0009:trace:winsock:WS2_sendto socket 0138, wsabuf 0x32f5e4, nbufs 1, flags 0, to 0x2bbad94, tolen 16, ovl (nil), func (nil)
0009:trace:winsock:WS2_sendto fd=43, options=20
0009:trace:winsock:WS2_sendto  -> 10 bytes
0009:trace:winsock:WS2_sendto socket 0138, wsabuf 0x32f964, nbufs 1, flags 0, to 0x2bbad94, tolen 16, ovl (nil), func (nil)
0009:trace:winsock:WS2_sendto fd=43, options=20
0009:trace:winsock:WS2_sendto  -> 16 bytes
0009:trace:winsock:WS2_sendto socket 0138, wsabuf 0x32f964, nbufs 1, flags 0, to 0x2bbad94, tolen 16, ovl (nil), func (nil)
0009:trace:winsock:WS2_sendto fd=43, options=20
0009:trace:winsock:WS2_sendto  -> 16 bytes
0009:trace:winsock:WS2_recv_base socket 0138, wsabuf 0x32f6e4, nbufs 1, flags 0, from 0x32f734, fromlen 16, ovl (nil), func (nil)
0009:trace:winsock:WS2_recv_base fd=43, options=20
0009:trace:winsock:WS2_recv_base  -> 16 bytes
0009:trace:winsock:WS2_recv_base socket 0138, wsabuf 0x32f6e4, nbufs 1, flags 0, from 0x32f734, fromlen 16, ovl (nil), func (nil)
0009:trace:winsock:WS2_recv_base fd=43, options=20
0009:trace:winsock:WS2_recv_base  -> 10 bytes
0009:trace:winsock:WS2_recv_base socket 0138, wsabuf 0x32f6e4, nbufs 1, flags 0, from 0x32f734, fromlen 16, ovl (nil), func (nil)
0009:trace:winsock:WS2_recv_base fd=43, options=20
0009:trace:winsock:WS2_recv_base  -> 16 bytes
0009:trace:winsock:WS2_recv_base socket 0138, wsabuf 0x32f6e4, nbufs 1, flags 0, from 0x32f734, fromlen 16, ovl (nil), func (nil)
0009:trace:winsock:WS2_recv_base fd=43, options=20
0009:trace:winsock:WS2_recv_base  -> 10 bytes
0009:trace:winsock:WS2_sendto socket 0138, wsabuf 0x32f5e4, nbufs 1, flags 0, to 0x2bbad94, tolen 16, ovl (nil), func (nil)
0009:trace:winsock:WS2_sendto fd=43, options=20
0009:trace:winsock:WS2_sendto  -> 10 bytes
0009:trace:winsock:WS2_sendto socket 0138, wsabuf 0x32f5e4, nbufs 1, flags 0, to 0x2bbad94, tolen 16, ovl (nil), func (nil)
0009:trace:winsock:WS2_sendto fd=43, options=20
0009:trace:winsock:WS2_sendto  -> 10 bytes
0009:trace:winsock:WS2_sendto socket 0138, wsabuf 0x32f844, nbufs 1, flags 0, to 0x2bbad94, tolen 16, ovl (nil), func (nil)
0009:trace:winsock:WS2_sendto fd=43, options=20
0009:trace:winsock:WS2_sendto  -> 21 bytes
0009:trace:winsock:WS2_sendto socket 0138, wsabuf 0x32f844, nbufs 1, flags 0, to 0x2bbad94, tolen 16, ovl (nil), func (nil)
0009:trace:winsock:WS2_sendto fd=43, options=20
0009:trace:winsock:WS2_sendto  -> 21 bytes
0009:trace:winsock:WS2_sendto socket 0138, wsabuf 0x32f844, nbufs 1, flags 0, to 0x2bbad94, tolen 16, ovl (nil), func (nil)
0009:trace:winsock:WS2_sendto fd=43, options=20
0009:trace:winsock:WS2_sendto  -> 21 bytes
0009:trace:winsock:WS2_sendto socket 0138, wsabuf 0x32f844, nbufs 1, flags 0, to 0x2bbad94, tolen 16, ovl (nil), func (nil)
0009:trace:winsock:WS2_sendto fd=43, options=20
0009:trace:winsock:WS2_sendto  -> 21 bytes
0009:trace:winsock:WS2_sendto socket 0138, wsabuf 0x32f844, nbufs 1, flags 0, to 0x2bbad94, tolen 16, ovl (nil), func (nil)
0009:trace:winsock:WS2_sendto fd=43, options=20
0009:trace:winsock:WS2_sendto  -> 21 bytes
0009:trace:winsock:WS2_sendto socket 0138, wsabuf 0x32f844, nbufs 1, flags 0, to 0x2bbad94, tolen 16, ovl (nil), func (nil)
0009:trace:winsock:WS2_sendto fd=43, options=20
0009:trace:winsock:WS2_sendto  -> 21 bytes
0009:trace:winsock:WS2_sendto socket 0138, wsabuf 0x32f844, nbufs 1, flags 0, to 0x2bbad94, tolen 16, ovl (nil), func (nil)
0009:trace:winsock:WS2_sendto fd=43, options=20
0009:trace:winsock:WS2_sendto  -> 21 bytes
0009:trace:winsock:WS2_sendto socket 0138, wsabuf 0x32f844, nbufs 1, flags 0, to 0x2bbad94, tolen 16, ovl (nil), func (nil)
0009:trace:winsock:WS2_sendto fd=43, options=20
0009:trace:winsock:WS2_sendto  -> 21 bytes
0009:trace:winsock:WS2_sendto socket 0138, wsabuf 0x32f844, nbufs 1, flags 0, to 0x2bbad94, tolen 16, ovl (nil), func (nil)
0009:trace:winsock:WS2_sendto fd=43, options=20
0009:trace:winsock:WS2_sendto  -> 21 bytes
0009:trace:winsock:WS2_sendto socket 0138, wsabuf 0x32f844, nbufs 1, flags 0, to 0x2bbad94, tolen 16, ovl (nil), func (nil)
0009:trace:winsock:WS2_sendto fd=43, options=20
0009:trace:winsock:WS2_sendto  -> 21 bytes
0009:trace:winsock:WS2_sendto socket 0138, wsabuf 0x32f844, nbufs 1, flags 0, to 0x2bbad94, tolen 16, ovl (nil), func (nil)
0009:trace:winsock:WS2_sendto fd=43, options=20
0009:trace:winsock:WS2_sendto  -> 21 bytes
0009:trace:winsock:WS2_sendto socket 0138, wsabuf 0x32f844, nbufs 1, flags 0, to 0x2bbad94, tolen 16, ovl (nil), func (nil)
0009:trace:winsock:WS2_sendto fd=43, options=20
0009:trace:winsock:WS2_sendto  -> 21 bytes
0009:trace:winsock:WS2_sendto socket 0138, wsabuf 0x32f844, nbufs 1, flags 0, to 0x2bbad94, tolen 16, ovl (nil), func (nil)
0009:trace:winsock:WS2_sendto fd=43, options=20
0009:trace:winsock:WS2_sendto  -> 21 bytes
0009:trace:winsock:WS2_sendto socket 0138, wsabuf 0x32f844, nbufs 1, flags 0, to 0x2bbad94, tolen 16, ovl (nil), func (nil)
0009:trace:winsock:WS2_sendto fd=43, options=20
0009:trace:winsock:WS2_sendto  -> 21 bytes
0009:trace:winsock:WS2_sendto socket 0138, wsabuf 0x32f844, nbufs 1, flags 0, to 0x2bbad94, tolen 16, ovl (nil), func (nil)
0009:trace:winsock:WS2_sendto fd=43, options=20
0009:trace:winsock:WS2_sendto  -> 21 bytes
0009:trace:winsock:WS2_sendto socket 0138, wsabuf 0x32f844, nbufs 1, flags 0, to 0x2bbad94, tolen 16, ovl (nil), func (nil)
0009:trace:winsock:WS2_sendto fd=43, options=20
0009:trace:winsock:WS2_sendto  -> 21 bytes
0009:trace:winsock:WS2_sendto socket 0138, wsabuf 0x32f844, nbufs 1, flags 0, to 0x2bbad94, tolen 16, ovl (nil), func (nil)
0009:trace:winsock:WS2_sendto fd=43, options=20
0009:trace:winsock:WS2_sendto  -> 21 bytes
0009:trace:winsock:WS2_sendto socket 0138, wsabuf 0x32f844, nbufs 1, flags 0, to 0x2bbad94, tolen 16, ovl (nil), func (nil)
0009:trace:winsock:WS2_sendto fd=43, options=20
0009:trace:winsock:WS2_sendto  -> 21 bytes
0009:trace:winsock:WS2_sendto socket 0138, wsabuf 0x32f844, nbufs 1, flags 0, to 0x2bbad94, tolen 16, ovl (nil), func (nil)
0009:trace:winsock:WS2_sendto fd=43, options=20
0009:trace:winsock:WS2_sendto  -> 21 bytes
0009:trace:winsock:WS2_sendto socket 0138, wsabuf 0x32f844, nbufs 1, flags 0, to 0x2bbad94, tolen 16, ovl (nil), func (nil)
0009:trace:winsock:WS2_sendto fd=43, options=20
0009:trace:winsock:WS2_sendto  -> 21 bytes
0009:trace:winsock:WS2_sendto socket 0138, wsabuf 0x32f844, nbufs 1, flags 0, to 0x2bbad94, tolen 16, ovl (nil), func (nil)
0009:trace:winsock:WS2_sendto fd=43, options=20
0009:trace:winsock:WS2_sendto  -> 21 bytes
0009:trace:winsock:WS2_sendto socket 0138, wsabuf 0x32f844, nbufs 1, flags 0, to 0x2bbad94, tolen 16, ovl (nil), func (nil)
0009:trace:winsock:WS2_sendto fd=43, options=20
0009:trace:winsock:WS2_sendto  -> 21 bytes
0009:trace:winsock:WS2_sendto socket 0138, wsabuf 0x32f844, nbufs 1, flags 0, to 0x2bbad94, tolen 16, ovl (nil), func (nil)
0009:trace:winsock:WS2_sendto fd=43, options=20
0009:trace:winsock:WS2_sendto  -> 21 bytes
0009:trace:winsock:WS2_sendto socket 0138, wsabuf 0x32f844, nbufs 1, flags 0, to 0x2bbad94, tolen 16, ovl (nil), func (nil)
0009:trace:winsock:WS2_sendto fd=43, options=20
0009:trace:winsock:WS2_sendto  -> 21 bytes
0009:trace:winsock:WS2_sendto socket 0138, wsabuf 0x32f844, nbufs 1, flags 0, to 0x2bbad94, tolen 16, ovl (nil), func (nil)
0009:trace:winsock:WS2_sendto fd=43, options=20
0009:trace:winsock:WS2_sendto  -> 21 bytes
0009:trace:winsock:WS2_sendto socket 0138, wsabuf 0x32f844, nbufs 1, flags 0, to 0x2bbad94, tolen 16, ovl (nil), func (nil)
0009:trace:winsock:WS2_sendto fd=43, options=20
0009:trace:winsock:WS2_sendto  -> 21 bytes
0009:trace:winsock:WS2_sendto socket 0138, wsabuf 0x32f844, nbufs 1, flags 0, to 0x2bbad94, tolen 16, ovl (nil), func (nil)
0009:trace:winsock:WS2_sendto fd=43, options=20
0009:trace:winsock:WS2_sendto  -> 21 bytes
0009:trace:winsock:WS2_sendto socket 0138, wsabuf 0x32f844, nbufs 1, flags 0, to 0x2bbad94, tolen 16, ovl (nil), func (nil)
0009:trace:winsock:WS2_sendto fd=43, options=20
0009:trace:winsock:WS2_sendto  -> 21 bytes
0009:trace:winsock:WS2_sendto socket 0138, wsabuf 0x32f844, nbufs 1, flags 0, to 0x2bbad94, tolen 16, ovl (nil), func (nil)
0009:trace:winsock:WS2_sendto fd=43, options=20
0009:trace:winsock:WS2_sendto  -> 21 bytes
0009:trace:winsock:WS2_sendto socket 0138, wsabuf 0x32f844, nbufs 1, flags 0, to 0x2bbad94, tolen 16, ovl (nil), func (nil)
0009:trace:winsock:WS2_sendto fd=43, options=20
0009:trace:winsock:WS2_sendto  -> 21 bytes
0009:trace:winsock:WS2_sendto socket 0138, wsabuf 0x32f844, nbufs 1, flags 0, to 0x2bbad94, tolen 16, ovl (nil), func (nil)
0009:trace:winsock:WS2_sendto fd=43, options=20
0009:trace:winsock:WS2_sendto  -> 21 bytes
0009:trace:winsock:WS2_sendto socket 0138, wsabuf 0x32f844, nbufs 1, flags 0, to 0x2bbad94, tolen 16, ovl (nil), func (nil)
0009:trace:winsock:WS2_sendto fd=43, options=20
0009:trace:winsock:WS2_sendto  -> 21 bytes
0009:trace:winsock:WS2_sendto socket 0138, wsabuf 0x32f844, nbufs 1, flags 0, to 0x2bbad94, tolen 16, ovl (nil), func (nil)
0009:trace:winsock:WS2_sendto fd=43, options=20
0009:trace:winsock:WS2_sendto  -> 21 bytes
0009:trace:winsock:WS2_sendto socket 0138, wsabuf 0x32f844, nbufs 1, flags 0, to 0x2bbad94, tolen 16, ovl (nil), func (nil)
0009:trace:winsock:WS2_sendto fd=43, options=20
0009:trace:winsock:WS2_sendto  -> 21 bytes
0009:trace:winsock:WS2_sendto socket 0138, wsabuf 0x32f844, nbufs 1, flags 0, to 0x2bbad94, tolen 16, ovl (nil), func (nil)
0009:trace:winsock:WS2_sendto fd=43, options=20
0009:trace:winsock:WS2_sendto  -> 21 bytes
0009:trace:winsock:WS2_sendto socket 0138, wsabuf 0x32f844, nbufs 1, flags 0, to 0x2bbad94, tolen 16, ovl (nil), func (nil)
0009:trace:winsock:WS2_sendto fd=43, options=20
0009:trace:winsock:WS2_sendto  -> 21 bytes
0009:trace:winsock:WS2_sendto socket 0138, wsabuf 0x32f844, nbufs 1, flags 0, to 0x2bbad94, tolen 16, ovl (nil), func (nil)
0009:trace:winsock:WS2_sendto fd=43, options=20
0009:trace:winsock:WS2_sendto  -> 21 bytes
0009:trace:winsock:WS2_sendto socket 0138, wsabuf 0x32f844, nbufs 1, flags 0, to 0x2bbad94, tolen 16, ovl (nil), func (nil)
0009:trace:winsock:WS2_sendto fd=43, options=20
0009:trace:winsock:WS2_sendto  -> 21 bytes
0009:trace:winsock:WS2_sendto socket 0138, wsabuf 0x32f844, nbufs 1, flags 0, to 0x2bbad94, tolen 16, ovl (nil), func (nil)
0009:trace:winsock:WS2_sendto fd=43, options=20
0009:trace:winsock:WS2_sendto  -> 21 bytes
0009:trace:winsock:WS2_sendto socket 0138, wsabuf 0x32f844, nbufs 1, flags 0, to 0x2bbad94, tolen 16, ovl (nil), func (nil)
0009:trace:winsock:WS2_sendto fd=43, options=20
0009:trace:winsock:WS2_sendto  -> 21 bytes
0009:trace:winsock:WS2_sendto socket 0138, wsabuf 0x32f844, nbufs 1, flags 0, to 0x2bbad94, tolen 16, ovl (nil), func (nil)
0009:trace:winsock:WS2_sendto fd=43, options=20
0009:trace:winsock:WS2_sendto  -> 21 bytes
0009:trace:winsock:WS2_sendto socket 0138, wsabuf 0x32f844, nbufs 1, flags 0, to 0x2bbad94, tolen 16, ovl (nil), func (nil)
0009:trace:winsock:WS2_sendto fd=43, options=20
0009:trace:winsock:WS2_sendto  -> 21 bytes
0009:trace:winsock:WS2_sendto socket 0138, wsabuf 0x32f844, nbufs 1, flags 0, to 0x2bbad94, tolen 16, ovl (nil), func (nil)
0009:trace:winsock:WS2_sendto fd=43, options=20
0009:trace:winsock:WS2_sendto  -> 21 bytes
0009:trace:winsock:WS2_sendto socket 0138, wsabuf 0x32f844, nbufs 1, flags 0, to 0x2bbad94, tolen 16, ovl (nil), func (nil)
0009:trace:winsock:WS2_sendto fd=43, options=20
0009:trace:winsock:WS2_sendto  -> 21 bytes
0009:trace:winsock:WS2_sendto socket 0138, wsabuf 0x32f844, nbufs 1, flags 0, to 0x2bbad94, tolen 16, ovl (nil), func (nil)
0009:trace:winsock:WS2_sendto fd=43, options=20
0009:trace:winsock:WS2_sendto  -> 21 bytes
0009:trace:winsock:WS2_sendto socket 0138, wsabuf 0x32f844, nbufs 1, flags 0, to 0x2bbad94, tolen 16, ovl (nil), func (nil)
0009:trace:winsock:WS2_sendto fd=43, options=20
0009:trace:winsock:WS2_sendto  -> 21 bytes
0009:trace:winsock:WS2_sendto socket 0138, wsabuf 0x32f844, nbufs 1, flags 0, to 0x2bbad94, tolen 16, ovl (nil), func (nil)
0009:trace:winsock:WS2_sendto fd=43, options=20
0009:trace:winsock:WS2_sendto  -> 21 bytes
0009:trace:winsock:WS2_sendto socket 0138, wsabuf 0x32f844, nbufs 1, flags 0, to 0x2bbad94, tolen 16, ovl (nil), func (nil)
0009:trace:winsock:WS2_sendto fd=43, options=20
0009:trace:winsock:WS2_sendto  -> 21 bytes
0009:trace:winsock:WS2_sendto socket 0138, wsabuf 0x32f844, nbufs 1, flags 0, to 0x2bbad94, tolen 16, ovl (nil), func (nil)
0009:trace:winsock:WS2_sendto fd=43, options=20
0009:trace:winsock:WS2_sendto  -> 21 bytes
0009:trace:winsock:WS2_sendto socket 0138, wsabuf 0x32f844, nbufs 1, flags 0, to 0x2bbad94, tolen 16, ovl (nil), func (nil)
0009:trace:winsock:WS2_sendto fd=43, options=20
0009:trace:winsock:WS2_sendto  -> 21 bytes
0009:trace:winsock:WS2_sendto socket 0138, wsabuf 0x32f844, nbufs 1, flags 0, to 0x2bbad94, tolen 16, ovl (nil), func (nil)
0009:trace:winsock:WS2_sendto fd=43, options=20
0009:trace:winsock:WS2_sendto  -> 21 bytes
0009:trace:winsock:WS2_sendto socket 0138, wsabuf 0x32f844, nbufs 1, flags 0, to 0x2bbad94, tolen 16, ovl (nil), func (nil)
0009:trace:winsock:WS2_sendto fd=43, options=20
0009:trace:winsock:WS2_sendto  -> 21 bytes
0009:trace:winsock:WS2_sendto socket 0138, wsabuf 0x32f844, nbufs 1, flags 0, to 0x2bbad94, tolen 16, ovl (nil), func (nil)
0009:trace:winsock:WS2_sendto fd=43, options=20
0009:trace:winsock:WS2_sendto  -> 21 bytes
0009:trace:winsock:WS2_sendto socket 0138, wsabuf 0x32f844, nbufs 1, flags 0, to 0x2bbad94, tolen 16, ovl (nil), func (nil)
0009:trace:winsock:WS2_sendto fd=43, options=20
0009:trace:winsock:WS2_sendto  -> 21 bytes
0009:trace:winsock:WS2_sendto socket 0138, wsabuf 0x32f844, nbufs 1, flags 0, to 0x2bbad94, tolen 16, ovl (nil), func (nil)
0009:trace:winsock:WS2_sendto fd=43, options=20
0009:trace:winsock:WS2_sendto  -> 21 bytes
0009:trace:winsock:WS2_sendto socket 0138, wsabuf 0x32f844, nbufs 1, flags 0, to 0x2bbad94, tolen 16, ovl (nil), func (nil)
0009:trace:winsock:WS2_sendto fd=43, options=20
0009:trace:winsock:WS2_sendto  -> 21 bytes
0009:trace:winsock:WS2_sendto socket 0138, wsabuf 0x32f844, nbufs 1, flags 0, to 0x2bbad94, tolen 16, ovl (nil), func (nil)
0009:trace:winsock:WS2_sendto fd=43, options=20
0009:trace:winsock:WS2_sendto  -> 21 bytes
0009:trace:winsock:WS2_sendto socket 0138, wsabuf 0x32f844, nbufs 1, flags 0, to 0x2bbad94, tolen 16, ovl (nil), func (nil)
0009:trace:winsock:WS2_sendto fd=43, options=20
0009:trace:winsock:WS2_sendto  -> 21 bytes
0009:trace:winsock:WS2_sendto socket 0138, wsabuf 0x32f844, nbufs 1, flags 0, to 0x2bbad94, tolen 16, ovl (nil), func (nil)
0009:trace:winsock:WS2_sendto fd=43, options=20
0009:trace:winsock:WS2_sendto  -> 21 bytes
0009:trace:winsock:WS2_sendto socket 0138, wsabuf 0x32f844, nbufs 1, flags 0, to 0x2bbad94, tolen 16, ovl (nil), func (nil)
0009:trace:winsock:WS2_sendto fd=43, options=20
0009:trace:winsock:WS2_sendto  -> 21 bytes
0009:trace:winsock:WS2_sendto socket 0138, wsabuf 0x32f844, nbufs 1, flags 0, to 0x2bbad94, tolen 16, ovl (nil), func (nil)
0009:trace:winsock:WS2_sendto fd=43, options=20
0009:trace:winsock:WS2_sendto  -> 21 bytes
0009:trace:winsock:WS2_sendto socket 0138, wsabuf 0x32f844, nbufs 1, flags 0, to 0x2bbad94, tolen 16, ovl (nil), func (nil)
0009:trace:winsock:WS2_sendto fd=43, options=20
0009:trace:winsock:WS2_sendto  -> 21 bytes
0009:trace:winsock:WS2_sendto socket 0138, wsabuf 0x32f844, nbufs 1, flags 0, to 0x2bbad94, tolen 16, ovl (nil), func (nil)
0009:trace:winsock:WS2_sendto fd=43, options=20
0009:trace:winsock:WS2_sendto  -> 21 bytes
0009:trace:winsock:WS2_sendto socket 0138, wsabuf 0x32f844, nbufs 1, flags 0, to 0x2bbad94, tolen 16, ovl (nil), func (nil)
0009:trace:winsock:WS2_sendto fd=43, options=20
0009:trace:winsock:WS2_sendto  -> 21 bytes
0009:trace:winsock:WS2_sendto socket 0138, wsabuf 0x32f844, nbufs 1, flags 0, to 0x2bbad94, tolen 16, ovl (nil), func (nil)
0009:trace:winsock:WS2_sendto fd=43, options=20
0009:trace:winsock:WS2_sendto  -> 20 bytes
0009:trace:winsock:WS2_sendto socket 0138, wsabuf 0x32f844, nbufs 1, flags 0, to 0x2bbad94, tolen 16, ovl (nil), func (nil)
0009:trace:winsock:WS2_sendto fd=43, options=20
0009:trace:winsock:WS2_sendto  -> 20 bytes
0009:trace:winsock:WS2_sendto socket 0138, wsabuf 0x32f844, nbufs 1, flags 0, to 0x2bbad94, tolen 16, ovl (nil), func (nil)
0009:trace:winsock:WS2_sendto fd=43, options=20
0009:trace:winsock:WS2_sendto  -> 23 bytes
0009:trace:winsock:WS2_sendto socket 0138, wsabuf 0x32f844, nbufs 1, flags 0, to 0x2bbad94, tolen 16, ovl (nil), func (nil)
0009:trace:winsock:WS2_sendto fd=43, options=20
0009:trace:winsock:WS2_sendto  -> 23 bytes
0009:trace:winsock:WS2_recv_base socket 0138, wsabuf 0x32f6e4, nbufs 1, flags 0, from 0x32f734, fromlen 16, ovl (nil), func (nil)
0009:trace:winsock:WS2_recv_base fd=43, options=20
0009:trace:winsock:WS2_recv_base  -> 10 bytes
0009:trace:winsock:WS2_recv_base socket 0138, wsabuf 0x32f6e4, nbufs 1, flags 0, from 0x32f734, fromlen 16, ovl (nil), func (nil)
0009:trace:winsock:WS2_recv_base fd=43, options=20
0009:trace:winsock:WS2_recv_base  -> 10 bytes
0009:trace:winsock:WS2_sendto socket 0138, wsabuf 0x32f5e4, nbufs 1, flags 0, to 0x2bbad94, tolen 16, ovl (nil), func (nil)
0009:trace:winsock:WS2_sendto fd=43, options=20
0009:trace:winsock:WS2_sendto  -> 10 bytes
0009:trace:winsock:WS2_sendto socket 0138, wsabuf 0x32f5e4, nbufs 1, flags 0, to 0x2bbad94, tolen 16, ovl (nil), func (nil)
0009:trace:winsock:WS2_sendto fd=43, options=20
0009:trace:winsock:WS2_sendto  -> 10 bytes
0009:trace:winsock:WS2_recv_base socket 0138, wsabuf 0x32f6e4, nbufs 1, flags 0, from 0x32f734, fromlen 16, ovl (nil), func (nil)
0009:trace:winsock:WS2_recv_base fd=43, options=20
0009:trace:winsock:WS2_recv_base  -> 12 bytes
0009:trace:winsock:WS2_sendto socket 0138, wsabuf 0x32ef34, nbufs 1, flags 0, to 0x2bbad94, tolen 16, ovl (nil), func (nil)
0009:trace:winsock:WS2_sendto fd=43, options=20
0009:trace:winsock:WS2_sendto  -> 12 bytes
0009:trace:winsock:WS2_recv_base socket 0138, wsabuf 0x32f6e4, nbufs 1, flags 0, from 0x32f734, fromlen 16, ovl (nil), func (nil)
0009:trace:winsock:WS2_recv_base fd=43, options=20
0009:trace:winsock:WS2_recv_base  -> 12 bytes
0009:trace:winsock:WS2_sendto socket 0138, wsabuf 0x32ef34, nbufs 1, flags 0, to 0x2bbad94, tolen 16, ovl (nil), func (nil)
0009:trace:winsock:WS2_sendto fd=43, options=20
0009:trace:winsock:WS2_sendto  -> 12 bytes
0009:trace:winsock:WS2_recv_base socket 0138, wsabuf 0x32f6e4, nbufs 1, flags 0, from 0x32f734, fromlen 16, ovl (nil), func (nil)
0009:trace:winsock:WS2_recv_base fd=43, options=20
0009:trace:winsock:WS2_recv_base  -> 10 bytes
0009:trace:winsock:WS2_sendto socket 0138, wsabuf 0x32f9c4, nbufs 1, flags 0, to 0x2bbad94, tolen 16, ovl (nil), func (nil)
0009:trace:winsock:WS2_sendto fd=43, options=20
0009:trace:winsock:WS2_sendto  -> 12 bytes
0009:trace:winsock:WS2_recv_base socket 0138, wsabuf 0x32f6e4, nbufs 1, flags 0, from 0x32f734, fromlen 16, ovl (nil), func (nil)
0009:trace:winsock:WS2_recv_base fd=43, options=20
0009:trace:winsock:WS2_recv_base  -> 12 bytes
0009:trace:winsock:WS2_recv_base socket 0138, wsabuf 0x32f6e4, nbufs 1, flags 0, from 0x32f734, fromlen 16, ovl (nil), func (nil)
0009:trace:winsock:WS2_recv_base fd=43, options=20
0009:trace:winsock:WS2_recv_base  -> 10 bytes
0009:trace:winsock:WS2_sendto socket 0138, wsabuf 0x32f5e4, nbufs 1, flags 0, to 0x2bbad94, tolen 16, ovl (nil), func (nil)
0009:trace:winsock:WS2_sendto fd=43, options=20
0009:trace:winsock:WS2_sendto  -> 10 bytes
0009:trace:winsock:WS2_sendto socket 0138, wsabuf 0x32f5e4, nbufs 1, flags 0, to 0x2bbad94, tolen 16, ovl (nil), func (nil)
0009:trace:winsock:WS2_sendto fd=43, options=20
0009:trace:winsock:WS2_sendto  -> 10 bytes
0009:trace:winsock:WS2_sendto socket 0138, wsabuf 0x32f9c4, nbufs 1, flags 0, to 0x2bbad94, tolen 16, ovl (nil), func (nil)
0009:trace:winsock:WS2_sendto fd=43, options=20
0009:trace:winsock:WS2_sendto  -> 12 bytes
0009:trace:winsock:WS2_recv_base socket 0138, wsabuf 0x32f6e4, nbufs 1, flags 0, from 0x32f734, fromlen 16, ovl (nil), func (nil)
0009:trace:winsock:WS2_recv_base fd=43, options=20
0009:trace:winsock:WS2_recv_base  -> 12 bytes
0009:trace:winsock:WS2_sendto socket 0138, wsabuf 0x32f964, nbufs 1, flags 0, to 0x2bbad94, tolen 16, ovl (nil), func (nil)
0009:trace:winsock:WS2_sendto fd=43, options=20
0009:trace:winsock:WS2_sendto  -> 16 bytes
0009:trace:winsock:WS2_sendto socket 0138, wsabuf 0x32f964, nbufs 1, flags 0, to 0x2bbad94, tolen 16, ovl (nil), func (nil)
0009:trace:winsock:WS2_sendto fd=43, options=20
0009:trace:winsock:WS2_sendto  -> 16 bytes
0009:trace:winsock:WS2_recv_base socket 0138, wsabuf 0x32f6e4, nbufs 1, flags 0, from 0x32f734, fromlen 16, ovl (nil), func (nil)
0009:trace:winsock:WS2_recv_base fd=43, options=20
0009:trace:winsock:WS2_recv_base  -> 16 bytes
0009:trace:winsock:WS2_recv_base socket 0138, wsabuf 0x32f6e4, nbufs 1, flags 0, from 0x32f734, fromlen 16, ovl (nil), func (nil)
0009:trace:winsock:WS2_recv_base fd=43, options=20
0009:trace:winsock:WS2_recv_base  -> 10 bytes
0009:trace:winsock:WS2_sendto socket 0138, wsabuf 0x32f964, nbufs 1, flags 0, to 0x2bbad94, tolen 16, ovl (nil), func (nil)
0009:trace:winsock:WS2_sendto fd=43, options=20
0009:trace:winsock:WS2_sendto  -> 25 bytes
0009:trace:winsock:WS2_sendto socket 0138, wsabuf 0x32f964, nbufs 1, flags 0, to 0x2bbad94, tolen 16, ovl (nil), func (nil)
0009:trace:winsock:WS2_sendto fd=43, options=20
0009:trace:winsock:WS2_sendto  -> 25 bytes
0009:trace:winsock:WS2_recv_base socket 0138, wsabuf 0x32f6e4, nbufs 1, flags 0, from 0x32f734, fromlen 16, ovl (nil), func (nil)
0009:trace:winsock:WS2_recv_base fd=43, options=20
0009:trace:winsock:WS2_recv_base  -> 16 bytes
0009:trace:winsock:WS2_recv_base socket 0138, wsabuf 0x32f6e4, nbufs 1, flags 0, from 0x32f734, fromlen 16, ovl (nil), func (nil)
0009:trace:winsock:WS2_recv_base fd=43, options=20
0009:trace:winsock:WS2_recv_base  -> 10 bytes
0009:trace:winsock:WS2_sendto socket 0138, wsabuf 0x32f5e4, nbufs 1, flags 0, to 0x2bbad94, tolen 16, ovl (nil), func (nil)
0009:trace:winsock:WS2_sendto fd=43, options=20
0009:trace:winsock:WS2_sendto  -> 10 bytes
0009:trace:winsock:WS2_sendto socket 0138, wsabuf 0x32f5e4, nbufs 1, flags 0, to 0x2bbad94, tolen 16, ovl (nil), func (nil)
0009:trace:winsock:WS2_sendto fd=43, options=20
0009:trace:winsock:WS2_sendto  -> 10 bytes
0009:trace:winsock:WS2_sendto socket 0138, wsabuf 0x32f844, nbufs 1, flags 0, to 0x2bbad94, tolen 16, ovl (nil), func (nil)
0009:trace:winsock:WS2_sendto fd=43, options=20
0009:trace:winsock:WS2_sendto  -> 21 bytes
0009:trace:winsock:WS2_sendto socket 0138, wsabuf 0x32f844, nbufs 1, flags 0, to 0x2bbad94, tolen 16, ovl (nil), func (nil)
0009:trace:winsock:WS2_sendto fd=43, options=20
0009:trace:winsock:WS2_sendto  -> 21 bytes
0009:trace:winsock:WS2_sendto socket 0138, wsabuf 0x32f844, nbufs 1, flags 0, to 0x2bbad94, tolen 16, ovl (nil), func (nil)
0009:trace:winsock:WS2_sendto fd=43, options=20
0009:trace:winsock:WS2_sendto  -> 21 bytes
0009:trace:winsock:WS2_sendto socket 0138, wsabuf 0x32f844, nbufs 1, flags 0, to 0x2bbad94, tolen 16, ovl (nil), func (nil)
0009:trace:winsock:WS2_sendto fd=43, options=20
0009:trace:winsock:WS2_sendto  -> 21 bytes
0009:trace:winsock:WS2_sendto socket 0138, wsabuf 0x32f844, nbufs 1, flags 0, to 0x2bbad94, tolen 16, ovl (nil), func (nil)
0009:trace:winsock:WS2_sendto fd=43, options=20
0009:trace:winsock:WS2_sendto  -> 21 bytes
0009:trace:winsock:WS2_sendto socket 0138, wsabuf 0x32f844, nbufs 1, flags 0, to 0x2bbad94, tolen 16, ovl (nil), func (nil)
0009:trace:winsock:WS2_sendto fd=43, options=20
0009:trace:winsock:WS2_sendto  -> 21 bytes
0009:trace:winsock:WS2_sendto socket 0138, wsabuf 0x32f844, nbufs 1, flags 0, to 0x2bbad94, tolen 16, ovl (nil), func (nil)
0009:trace:winsock:WS2_sendto fd=43, options=20
0009:trace:winsock:WS2_sendto  -> 21 bytes
0009:trace:winsock:WS2_sendto socket 0138, wsabuf 0x32f844, nbufs 1, flags 0, to 0x2bbad94, tolen 16, ovl (nil), func (nil)
0009:trace:winsock:WS2_sendto fd=43, options=20
0009:trace:winsock:WS2_sendto  -> 21 bytes
0009:trace:winsock:WS2_sendto socket 0138, wsabuf 0x32f844, nbufs 1, flags 0, to 0x2bbad94, tolen 16, ovl (nil), func (nil)
0009:trace:winsock:WS2_sendto fd=43, options=20
0009:trace:winsock:WS2_sendto  -> 21 bytes
0009:trace:winsock:WS2_sendto socket 0138, wsabuf 0x32f844, nbufs 1, flags 0, to 0x2bbad94, tolen 16, ovl (nil), func (nil)
0009:trace:winsock:WS2_sendto fd=43, options=20
0009:trace:winsock:WS2_sendto  -> 21 bytes
0009:trace:winsock:WS2_sendto socket 0138, wsabuf 0x32f844, nbufs 1, flags 0, to 0x2bbad94, tolen 16, ovl (nil), func (nil)
0009:trace:winsock:WS2_sendto fd=43, options=20
0009:trace:winsock:WS2_sendto  -> 21 bytes
0009:trace:winsock:WS2_sendto socket 0138, wsabuf 0x32f844, nbufs 1, flags 0, to 0x2bbad94, tolen 16, ovl (nil), func (nil)
0009:trace:winsock:WS2_sendto fd=43, options=20
0009:trace:winsock:WS2_sendto  -> 21 bytes
0009:trace:winsock:WS2_sendto socket 0138, wsabuf 0x32f844, nbufs 1, flags 0, to 0x2bbad94, tolen 16, ovl (nil), func (nil)
0009:trace:winsock:WS2_sendto fd=43, options=20
0009:trace:winsock:WS2_sendto  -> 21 bytes
0009:trace:winsock:WS2_sendto socket 0138, wsabuf 0x32f844, nbufs 1, flags 0, to 0x2bbad94, tolen 16, ovl (nil), func (nil)
0009:trace:winsock:WS2_sendto fd=43, options=20
0009:trace:winsock:WS2_sendto  -> 21 bytes
0009:trace:winsock:WS2_sendto socket 0138, wsabuf 0x32f844, nbufs 1, flags 0, to 0x2bbad94, tolen 16, ovl (nil), func (nil)
0009:trace:winsock:WS2_sendto fd=43, options=20
0009:trace:winsock:WS2_sendto  -> 21 bytes
0009:trace:winsock:WS2_sendto socket 0138, wsabuf 0x32f844, nbufs 1, flags 0, to 0x2bbad94, tolen 16, ovl (nil), func (nil)
0009:trace:winsock:WS2_sendto fd=43, options=20
0009:trace:winsock:WS2_sendto  -> 21 bytes
0009:trace:winsock:WS2_sendto socket 0138, wsabuf 0x32f844, nbufs 1, flags 0, to 0x2bbad94, tolen 16, ovl (nil), func (nil)
0009:trace:winsock:WS2_sendto fd=43, options=20
0009:trace:winsock:WS2_sendto  -> 21 bytes
0009:trace:winsock:WS2_sendto socket 0138, wsabuf 0x32f844, nbufs 1, flags 0, to 0x2bbad94, tolen 16, ovl (nil), func (nil)
0009:trace:winsock:WS2_sendto fd=43, options=20
0009:trace:winsock:WS2_sendto  -> 21 bytes
0009:trace:winsock:WS2_sendto socket 0138, wsabuf 0x32f844, nbufs 1, flags 0, to 0x2bbad94, tolen 16, ovl (nil), func (nil)
0009:trace:winsock:WS2_sendto fd=43, options=20
0009:trace:winsock:WS2_sendto  -> 21 bytes
0009:trace:winsock:WS2_sendto socket 0138, wsabuf 0x32f844, nbufs 1, flags 0, to 0x2bbad94, tolen 16, ovl (nil), func (nil)
0009:trace:winsock:WS2_sendto fd=43, options=20
0009:trace:winsock:WS2_sendto  -> 21 bytes
0009:trace:winsock:WS2_sendto socket 0138, wsabuf 0x32f844, nbufs 1, flags 0, to 0x2bbad94, tolen 16, ovl (nil), func (nil)
0009:trace:winsock:WS2_sendto fd=43, options=20
0009:trace:winsock:WS2_sendto  -> 21 bytes
0009:trace:winsock:WS2_sendto socket 0138, wsabuf 0x32f844, nbufs 1, flags 0, to 0x2bbad94, tolen 16, ovl (nil), func (nil)
0009:trace:winsock:WS2_sendto fd=43, options=20
0009:trace:winsock:WS2_sendto  -> 21 bytes
0009:trace:winsock:WS2_sendto socket 0138, wsabuf 0x32f844, nbufs 1, flags 0, to 0x2bbad94, tolen 16, ovl (nil), func (nil)
0009:trace:winsock:WS2_sendto fd=43, options=20
0009:trace:winsock:WS2_sendto  -> 21 bytes
0009:trace:winsock:WS2_sendto socket 0138, wsabuf 0x32f844, nbufs 1, flags 0, to 0x2bbad94, tolen 16, ovl (nil), func (nil)
0009:trace:winsock:WS2_sendto fd=43, options=20
0009:trace:winsock:WS2_sendto  -> 21 bytes
0009:trace:winsock:WS2_sendto socket 0138, wsabuf 0x32f844, nbufs 1, flags 0, to 0x2bbad94, tolen 16, ovl (nil), func (nil)
0009:trace:winsock:WS2_sendto fd=43, options=20
0009:trace:winsock:WS2_sendto  -> 21 bytes
0009:trace:winsock:WS2_sendto socket 0138, wsabuf 0x32f844, nbufs 1, flags 0, to 0x2bbad94, tolen 16, ovl (nil), func (nil)
0009:trace:winsock:WS2_sendto fd=43, options=20
0009:trace:winsock:WS2_sendto  -> 21 bytes
0009:trace:winsock:WS2_sendto socket 0138, wsabuf 0x32f844, nbufs 1, flags 0, to 0x2bbad94, tolen 16, ovl (nil), func (nil)
0009:trace:winsock:WS2_sendto fd=43, options=20
0009:trace:winsock:WS2_sendto  -> 21 bytes
0009:trace:winsock:WS2_sendto socket 0138, wsabuf 0x32f844, nbufs 1, flags 0, to 0x2bbad94, tolen 16, ovl (nil), func (nil)
0009:trace:winsock:WS2_sendto fd=43, options=20
0009:trace:winsock:WS2_sendto  -> 21 bytes
0009:trace:winsock:WS2_sendto socket 0138, wsabuf 0x32f844, nbufs 1, flags 0, to 0x2bbad94, tolen 16, ovl (nil), func (nil)
0009:trace:winsock:WS2_sendto fd=43, options=20
0009:trace:winsock:WS2_sendto  -> 21 bytes
0009:trace:winsock:WS2_sendto socket 0138, wsabuf 0x32f844, nbufs 1, flags 0, to 0x2bbad94, tolen 16, ovl (nil), func (nil)
0009:trace:winsock:WS2_sendto fd=43, options=20
0009:trace:winsock:WS2_sendto  -> 21 bytes
0009:trace:winsock:WS2_sendto socket 0138, wsabuf 0x32f844, nbufs 1, flags 0, to 0x2bbad94, tolen 16, ovl (nil), func (nil)
0009:trace:winsock:WS2_sendto fd=43, options=20
0009:trace:winsock:WS2_sendto  -> 21 bytes
0009:trace:winsock:WS2_sendto socket 0138, wsabuf 0x32f844, nbufs 1, flags 0, to 0x2bbad94, tolen 16, ovl (nil), func (nil)
0009:trace:winsock:WS2_sendto fd=43, options=20
0009:trace:winsock:WS2_sendto  -> 21 bytes
0009:trace:winsock:WS2_sendto socket 0138, wsabuf 0x32f844, nbufs 1, flags 0, to 0x2bbad94, tolen 16, ovl (nil), func (nil)
0009:trace:winsock:WS2_sendto fd=43, options=20
0009:trace:winsock:WS2_sendto  -> 21 bytes
0009:trace:winsock:WS2_sendto socket 0138, wsabuf 0x32f844, nbufs 1, flags 0, to 0x2bbad94, tolen 16, ovl (nil), func (nil)
0009:trace:winsock:WS2_sendto fd=43, options=20
0009:trace:winsock:WS2_sendto  -> 21 bytes
0009:trace:winsock:WS2_sendto socket 0138, wsabuf 0x32f844, nbufs 1, flags 0, to 0x2bbad94, tolen 16, ovl (nil), func (nil)
0009:trace:winsock:WS2_sendto fd=43, options=20
0009:trace:winsock:WS2_sendto  -> 21 bytes
0009:trace:winsock:WS2_sendto socket 0138, wsabuf 0x32f844, nbufs 1, flags 0, to 0x2bbad94, tolen 16, ovl (nil), func (nil)
0009:trace:winsock:WS2_sendto fd=43, options=20
0009:trace:winsock:WS2_sendto  -> 21 bytes
0009:trace:winsock:WS2_sendto socket 0138, wsabuf 0x32f844, nbufs 1, flags 0, to 0x2bbad94, tolen 16, ovl (nil), func (nil)
0009:trace:winsock:WS2_sendto fd=43, options=20
0009:trace:winsock:WS2_sendto  -> 21 bytes
0009:trace:winsock:WS2_sendto socket 0138, wsabuf 0x32f844, nbufs 1, flags 0, to 0x2bbad94, tolen 16, ovl (nil), func (nil)
0009:trace:winsock:WS2_sendto fd=43, options=20
0009:trace:winsock:WS2_sendto  -> 21 bytes
0009:trace:winsock:WS2_sendto socket 0138, wsabuf 0x32f844, nbufs 1, flags 0, to 0x2bbad94, tolen 16, ovl (nil), func (nil)
0009:trace:winsock:WS2_sendto fd=43, options=20
0009:trace:winsock:WS2_sendto  -> 21 bytes
0009:trace:winsock:WS2_sendto socket 0138, wsabuf 0x32f844, nbufs 1, flags 0, to 0x2bbad94, tolen 16, ovl (nil), func (nil)
0009:trace:winsock:WS2_sendto fd=43, options=20
0009:trace:winsock:WS2_sendto  -> 21 bytes
0009:trace:winsock:WS2_sendto socket 0138, wsabuf 0x32f844, nbufs 1, flags 0, to 0x2bbad94, tolen 16, ovl (nil), func (nil)
0009:trace:winsock:WS2_sendto fd=43, options=20
0009:trace:winsock:WS2_sendto  -> 21 bytes
0009:trace:winsock:WS2_sendto socket 0138, wsabuf 0x32f844, nbufs 1, flags 0, to 0x2bbad94, tolen 16, ovl (nil), func (nil)
0009:trace:winsock:WS2_sendto fd=43, options=20
0009:trace:winsock:WS2_sendto  -> 21 bytes
0009:trace:winsock:WS2_sendto socket 0138, wsabuf 0x32f844, nbufs 1, flags 0, to 0x2bbad94, tolen 16, ovl (nil), func (nil)
0009:trace:winsock:WS2_sendto fd=43, options=20
0009:trace:winsock:WS2_sendto  -> 21 bytes
0009:trace:winsock:WS2_sendto socket 0138, wsabuf 0x32f844, nbufs 1, flags 0, to 0x2bbad94, tolen 16, ovl (nil), func (nil)
0009:trace:winsock:WS2_sendto fd=43, options=20
0009:trace:winsock:WS2_sendto  -> 21 bytes
0009:trace:winsock:WS2_sendto socket 0138, wsabuf 0x32f844, nbufs 1, flags 0, to 0x2bbad94, tolen 16, ovl (nil), func (nil)
0009:trace:winsock:WS2_sendto fd=43, options=20
0009:trace:winsock:WS2_sendto  -> 21 bytes
0009:trace:winsock:WS2_sendto socket 0138, wsabuf 0x32f844, nbufs 1, flags 0, to 0x2bbad94, tolen 16, ovl (nil), func (nil)
0009:trace:winsock:WS2_sendto fd=43, options=20
0009:trace:winsock:WS2_sendto  -> 21 bytes
0009:trace:winsock:WS2_sendto socket 0138, wsabuf 0x32f844, nbufs 1, flags 0, to 0x2bbad94, tolen 16, ovl (nil), func (nil)
0009:trace:winsock:WS2_sendto fd=43, options=20
0009:trace:winsock:WS2_sendto  -> 21 bytes
0009:trace:winsock:WS2_sendto socket 0138, wsabuf 0x32f844, nbufs 1, flags 0, to 0x2bbad94, tolen 16, ovl (nil), func (nil)
0009:trace:winsock:WS2_sendto fd=43, options=20
0009:trace:winsock:WS2_sendto  -> 21 bytes
0009:trace:winsock:WS2_sendto socket 0138, wsabuf 0x32f844, nbufs 1, flags 0, to 0x2bbad94, tolen 16, ovl (nil), func (nil)
0009:trace:winsock:WS2_sendto fd=43, options=20
0009:trace:winsock:WS2_sendto  -> 21 bytes
0009:trace:winsock:WS2_sendto socket 0138, wsabuf 0x32f844, nbufs 1, flags 0, to 0x2bbad94, tolen 16, ovl (nil), func (nil)
0009:trace:winsock:WS2_sendto fd=43, options=20
0009:trace:winsock:WS2_sendto  -> 21 bytes
0009:trace:winsock:WS2_sendto socket 0138, wsabuf 0x32f844, nbufs 1, flags 0, to 0x2bbad94, tolen 16, ovl (nil), func (nil)
0009:trace:winsock:WS2_sendto fd=43, options=20
0009:trace:winsock:WS2_sendto  -> 21 bytes
0009:trace:winsock:WS2_sendto socket 0138, wsabuf 0x32f844, nbufs 1, flags 0, to 0x2bbad94, tolen 16, ovl (nil), func (nil)
0009:trace:winsock:WS2_sendto fd=43, options=20
0009:trace:winsock:WS2_sendto  -> 21 bytes
0009:trace:winsock:WS2_sendto socket 0138, wsabuf 0x32f844, nbufs 1, flags 0, to 0x2bbad94, tolen 16, ovl (nil), func (nil)
0009:trace:winsock:WS2_sendto fd=43, options=20
0009:trace:winsock:WS2_sendto  -> 21 bytes
0009:trace:winsock:WS2_sendto socket 0138, wsabuf 0x32f844, nbufs 1, flags 0, to 0x2bbad94, tolen 16, ovl (nil), func (nil)
0009:trace:winsock:WS2_sendto fd=43, options=20
0009:trace:winsock:WS2_sendto  -> 21 bytes
0009:trace:winsock:WS2_sendto socket 0138, wsabuf 0x32f844, nbufs 1, flags 0, to 0x2bbad94, tolen 16, ovl (nil), func (nil)
0009:trace:winsock:WS2_sendto fd=43, options=20
0009:trace:winsock:WS2_sendto  -> 21 bytes
0009:trace:winsock:WS2_sendto socket 0138, wsabuf 0x32f844, nbufs 1, flags 0, to 0x2bbad94, tolen 16, ovl (nil), func (nil)
0009:trace:winsock:WS2_sendto fd=43, options=20
0009:trace:winsock:WS2_sendto  -> 21 bytes
0009:trace:winsock:WS2_sendto socket 0138, wsabuf 0x32f844, nbufs 1, flags 0, to 0x2bbad94, tolen 16, ovl (nil), func (nil)
0009:trace:winsock:WS2_sendto fd=43, options=20
0009:trace:winsock:WS2_sendto  -> 21 bytes
0009:trace:winsock:WS2_sendto socket 0138, wsabuf 0x32f844, nbufs 1, flags 0, to 0x2bbad94, tolen 16, ovl (nil), func (nil)
0009:trace:winsock:WS2_sendto fd=43, options=20
0009:trace:winsock:WS2_sendto  -> 21 bytes
0009:trace:winsock:WS2_sendto socket 0138, wsabuf 0x32f844, nbufs 1, flags 0, to 0x2bbad94, tolen 16, ovl (nil), func (nil)
0009:trace:winsock:WS2_sendto fd=43, options=20
0009:trace:winsock:WS2_sendto  -> 21 bytes
0009:trace:winsock:WS2_sendto socket 0138, wsabuf 0x32f844, nbufs 1, flags 0, to 0x2bbad94, tolen 16, ovl (nil), func (nil)
0009:trace:winsock:WS2_sendto fd=43, options=20
0009:trace:winsock:WS2_sendto  -> 21 bytes
0009:trace:winsock:WS2_sendto socket 0138, wsabuf 0x32f844, nbufs 1, flags 0, to 0x2bbad94, tolen 16, ovl (nil), func (nil)
0009:trace:winsock:WS2_sendto fd=43, options=20
0009:trace:winsock:WS2_sendto  -> 21 bytes
0009:trace:winsock:WS2_sendto socket 0138, wsabuf 0x32f844, nbufs 1, flags 0, to 0x2bbad94, tolen 16, ovl (nil), func (nil)
0009:trace:winsock:WS2_sendto fd=43, options=20
0009:trace:winsock:WS2_sendto  -> 21 bytes
0009:trace:winsock:WS2_sendto socket 0138, wsabuf 0x32f844, nbufs 1, flags 0, to 0x2bbad94, tolen 16, ovl (nil), func (nil)
0009:trace:winsock:WS2_sendto fd=43, options=20
0009:trace:winsock:WS2_sendto  -> 21 bytes
0009:trace:winsock:WS2_sendto socket 0138, wsabuf 0x32f844, nbufs 1, flags 0, to 0x2bbad94, tolen 16, ovl (nil), func (nil)
0009:trace:winsock:WS2_sendto fd=43, options=20
0009:trace:winsock:WS2_sendto  -> 21 bytes
0009:trace:winsock:WS2_sendto socket 0138, wsabuf 0x32f844, nbufs 1, flags 0, to 0x2bbad94, tolen 16, ovl (nil), func (nil)
0009:trace:winsock:WS2_sendto fd=43, options=20
0009:trace:winsock:WS2_sendto  -> 20 bytes
0009:trace:winsock:WS2_sendto socket 0138, wsabuf 0x32f844, nbufs 1, flags 0, to 0x2bbad94, tolen 16, ovl (nil), func (nil)
0009:trace:winsock:WS2_sendto fd=43, options=20
0009:trace:winsock:WS2_sendto  -> 20 bytes
0009:trace:winsock:WS2_sendto socket 0138, wsabuf 0x32f844, nbufs 1, flags 0, to 0x2bbad94, tolen 16, ovl (nil), func (nil)
0009:trace:winsock:WS2_sendto fd=43, options=20
0009:trace:winsock:WS2_sendto  -> 23 bytes
0009:trace:winsock:WS2_sendto socket 0138, wsabuf 0x32f844, nbufs 1, flags 0, to 0x2bbad94, tolen 16, ovl (nil), func (nil)
0009:trace:winsock:WS2_sendto fd=43, options=20
0009:trace:winsock:WS2_sendto  -> 23 bytes
0009:trace:winsock:WS2_recv_base socket 0138, wsabuf 0x32f6e4, nbufs 1, flags 0, from 0x32f734, fromlen 16, ovl (nil), func (nil)
0009:trace:winsock:WS2_recv_base fd=43, options=20
0009:trace:winsock:WS2_recv_base  -> 10 bytes
0009:trace:winsock:WS2_recv_base socket 0138, wsabuf 0x32f6e4, nbufs 1, flags 0, from 0x32f734, fromlen 16, ovl (nil), func (nil)
0009:trace:winsock:WS2_recv_base fd=43, options=20
0009:trace:winsock:WS2_recv_base  -> 10 bytes
0009:trace:winsock:WS2_sendto socket 0138, wsabuf 0x32f5e4, nbufs 1, flags 0, to 0x2bbad94, tolen 16, ovl (nil), func (nil)
0009:trace:winsock:WS2_sendto fd=43, options=20
0009:trace:winsock:WS2_sendto  -> 10 bytes
0009:trace:winsock:WS2_sendto socket 0138, wsabuf 0x32f5e4, nbufs 1, flags 0, to 0x2bbad94, tolen 16, ovl (nil), func (nil)
0009:trace:winsock:WS2_sendto fd=43, options=20
0009:trace:winsock:WS2_sendto  -> 10 bytes
0009:trace:winsock:WS2_sendto socket 0138, wsabuf 0x32f5e4, nbufs 1, flags 0, to 0x2bbad94, tolen 16, ovl (nil), func (nil)
0009:trace:winsock:WS2_sendto fd=43, options=20
0009:trace:winsock:WS2_sendto  -> 10 bytes
0009:trace:winsock:WS2_sendto socket 0138, wsabuf 0x32f5e4, nbufs 1, flags 0, to 0x2bbad94, tolen 16, ovl (nil), func (nil)
0009:trace:winsock:WS2_sendto fd=43, options=20
0009:trace:winsock:WS2_sendto  -> 10 bytes
0009:trace:winsock:WS2_sendto socket 0138, wsabuf 0x32f964, nbufs 1, flags 0, to 0x2bbad94, tolen 16, ovl (nil), func (nil)
0009:trace:winsock:WS2_sendto fd=43, options=20
0009:trace:winsock:WS2_sendto  -> 16 bytes
0009:trace:winsock:WS2_sendto socket 0138, wsabuf 0x32f964, nbufs 1, flags 0, to 0x2bbad94, tolen 16, ovl (nil), func (nil)
0009:trace:winsock:WS2_sendto fd=43, options=20
0009:trace:winsock:WS2_sendto  -> 16 bytes
0009:trace:winsock:WS2_sendto socket 0138, wsabuf 0x32f9c4, nbufs 1, flags 0, to 0x2bbad94, tolen 16, ovl (nil), func (nil)
0009:trace:winsock:WS2_sendto fd=43, options=20
0009:trace:winsock:WS2_sendto  -> 12 bytes
0009:trace:winsock:WS2_sendto socket 0138, wsabuf 0x32f5e4, nbufs 1, flags 0, to 0x2bbad94, tolen 16, ovl (nil), func (nil)
0009:trace:winsock:WS2_sendto fd=43, options=20
0009:trace:winsock:WS2_sendto  -> 10 bytes
0009:trace:winsock:WS2_sendto socket 0138, wsabuf 0x32f5e4, nbufs 1, flags 0, to 0x2bbad94, tolen 16, ovl (nil), func (nil)
0009:trace:winsock:WS2_sendto fd=43, options=20
0009:trace:winsock:WS2_sendto  -> 10 bytes
0009:trace:winsock:WS2_sendto socket 0138, wsabuf 0x32f9c4, nbufs 1, flags 0, to 0x2bbad94, tolen 16, ovl (nil), func (nil)
0009:trace:winsock:WS2_sendto fd=43, options=20
0009:trace:winsock:WS2_sendto  -> 12 bytes
0009:trace:winsock:WS2_sendto socket 0138, wsabuf 0x32f964, nbufs 1, flags 0, to 0x2bbad94, tolen 16, ovl (nil), func (nil)
0009:trace:winsock:WS2_sendto fd=43, options=20
0009:trace:winsock:WS2_sendto  -> 25 bytes
0009:trace:winsock:WS2_sendto socket 0138, wsabuf 0x32f964, nbufs 1, flags 0, to 0x2bbad94, tolen 16, ovl (nil), func (nil)
0009:trace:winsock:WS2_sendto fd=43, options=20
0009:trace:winsock:WS2_sendto  -> 25 bytes
0009:trace:winsock:WS2_sendto socket 0138, wsabuf 0x32f5e4, nbufs 1, flags 0, to 0x2bbad94, tolen 16, ovl (nil), func (nil)
0009:trace:winsock:WS2_sendto fd=43, options=20
0009:trace:winsock:WS2_sendto  -> 10 bytes
0009:trace:winsock:WS2_sendto socket 0138, wsabuf 0x32f5e4, nbufs 1, flags 0, to 0x2bbad94, tolen 16, ovl (nil), func (nil)
0009:trace:winsock:WS2_sendto fd=43, options=20
0009:trace:winsock:WS2_sendto  -> 10 bytes
0009:trace:winsock:WS2_sendto socket 0138, wsabuf 0x32f5e4, nbufs 1, flags 0, to 0x2bbad94, tolen 16, ovl (nil), func (nil)
0009:trace:winsock:WS2_sendto fd=43, options=20
0009:trace:winsock:WS2_sendto  -> 10 bytes
0009:trace:winsock:WS2_sendto socket 0138, wsabuf 0x32f5e4, nbufs 1, flags 0, to 0x2bbad94, tolen 16, ovl (nil), func (nil)
0009:trace:winsock:WS2_sendto fd=43, options=20
0009:trace:winsock:WS2_sendto  -> 10 bytes
0009:trace:winsock:WS2_recv_base socket 0138, wsabuf 0x32f6e4, nbufs 1, flags 0, from 0x32f734, fromlen 16, ovl (nil), func (nil)
0009:trace:winsock:WS2_recv_base fd=43, options=20
0009:trace:winsock:WS2_recv_base  -> 12 bytes
0009:trace:winsock:WS2_recv_base socket 0138, wsabuf 0x32f6e4, nbufs 1, flags 0, from 0x32f734, fromlen 16, ovl (nil), func (nil)
0009:trace:winsock:WS2_recv_base fd=43, options=20
0009:trace:winsock:WS2_recv_base  -> 10 bytes
0009:trace:winsock:WS2_recv_base socket 0138, wsabuf 0x32f6e4, nbufs 1, flags 0, from 0x32f734, fromlen 16, ovl (nil), func (nil)
0009:trace:winsock:WS2_recv_base fd=43, options=20
0009:trace:winsock:WS2_recv_base  -> 12 bytes
0009:trace:winsock:WS2_sendto socket 0138, wsabuf 0x32ef34, nbufs 1, flags 0, to 0x2bbad94, tolen 16, ovl (nil), func (nil)
0009:trace:winsock:WS2_sendto fd=43, options=20
0009:trace:winsock:WS2_sendto  -> 12 bytes
0009:trace:winsock:WS2_recv_base socket 0138, wsabuf 0x32f6e4, nbufs 1, flags 0, from 0x32f734, fromlen 16, ovl (nil), func (nil)
0009:trace:winsock:WS2_recv_base fd=43, options=20
0009:trace:winsock:WS2_recv_base  -> 12 bytes
0009:trace:winsock:WS2_recv_base socket 0138, wsabuf 0x32f6e4, nbufs 1, flags 0, from 0x32f734, fromlen 16, ovl (nil), func (nil)
0009:trace:winsock:WS2_recv_base fd=43, options=20
0009:trace:winsock:WS2_recv_base  -> 10 bytes
0009:trace:winsock:WS2_recv_base socket 0138, wsabuf 0x32f6e4, nbufs 1, flags 0, from 0x32f734, fromlen 16, ovl (nil), func (nil)
0009:trace:winsock:WS2_recv_base fd=43, options=20
0009:trace:winsock:WS2_recv_base  -> 16 bytes
0009:trace:winsock:WS2_recv_base socket 0138, wsabuf 0x32f6e4, nbufs 1, flags 0, from 0x32f734, fromlen 16, ovl (nil), func (nil)
0009:trace:winsock:WS2_recv_base fd=43, options=20
0009:trace:winsock:WS2_recv_base  -> 12 bytes
0009:trace:winsock:WS2_sendto socket 0138, wsabuf 0x32ef34, nbufs 1, flags 0, to 0x2bbad94, tolen 16, ovl (nil), func (nil)
0009:trace:winsock:WS2_sendto fd=43, options=20
0009:trace:winsock:WS2_sendto  -> 12 bytes
0009:trace:winsock:WS2_sendto socket 0138, wsabuf 0x32f5e4, nbufs 1, flags 0, to 0x2bbad94, tolen 16, ovl (nil), func (nil)
0009:trace:winsock:WS2_sendto fd=43, options=20
0009:trace:winsock:WS2_sendto  -> 10 bytes
0009:trace:winsock:WS2_sendto socket 0138, wsabuf 0x32f5e4, nbufs 1, flags 0, to 0x2bbad94, tolen 16, ovl (nil), func (nil)
0009:trace:winsock:WS2_sendto fd=43, options=20
0009:trace:winsock:WS2_sendto  -> 10 bytes
0009:trace:winsock:WS2_sendto socket 0138, wsabuf 0x32f9c4, nbufs 1, flags 0, to 0x2bbad94, tolen 16, ovl (nil), func (nil)
0009:trace:winsock:WS2_sendto fd=43, options=20
0009:trace:winsock:WS2_sendto  -> 12 bytes
0009:trace:winsock:WS2_sendto socket 0138, wsabuf 0x32f5e4, nbufs 1, flags 0, to 0x2bbad94, tolen 16, ovl (nil), func (nil)
0009:trace:winsock:WS2_sendto fd=43, options=20
0009:trace:winsock:WS2_sendto  -> 10 bytes
0009:trace:winsock:WS2_sendto socket 0138, wsabuf 0x32f5e4, nbufs 1, flags 0, to 0x2bbad94, tolen 16, ovl (nil), func (nil)
0009:trace:winsock:WS2_sendto fd=43, options=20
0009:trace:winsock:WS2_sendto  -> 10 bytes
0009:trace:winsock:WS2_sendto socket 0138, wsabuf 0x32f9c4, nbufs 1, flags 0, to 0x2bbad94, tolen 16, ovl (nil), func (nil)
0009:trace:winsock:WS2_sendto fd=43, options=20
0009:trace:winsock:WS2_sendto  -> 12 bytes
0009:trace:winsock:WS2_sendto socket 0138, wsabuf 0x32f964, nbufs 1, flags 0, to 0x2bbad94, tolen 16, ovl (nil), func (nil)
0009:trace:winsock:WS2_sendto fd=43, options=20
0009:trace:winsock:WS2_sendto  -> 25 bytes
0009:trace:winsock:WS2_sendto socket 0138, wsabuf 0x32f964, nbufs 1, flags 0, to 0x2bbad94, tolen 16, ovl (nil), func (nil)
0009:trace:winsock:WS2_sendto fd=43, options=20
0009:trace:winsock:WS2_sendto  -> 25 bytes
0009:trace:winsock:WS2_sendto socket 0138, wsabuf 0x32f5e4, nbufs 1, flags 0, to 0x2bbad94, tolen 16, ovl (nil), func (nil)
0009:trace:winsock:WS2_sendto fd=43, options=20
0009:trace:winsock:WS2_sendto  -> 10 bytes
0009:trace:winsock:WS2_sendto socket 0138, wsabuf 0x32f5e4, nbufs 1, flags 0, to 0x2bbad94, tolen 16, ovl (nil), func (nil)
0009:trace:winsock:WS2_sendto fd=43, options=20
0009:trace:winsock:WS2_sendto  -> 10 bytes
0009:trace:winsock:WS2_recv_base socket 0138, wsabuf 0x32f6e4, nbufs 1, flags 0, from 0x32f734, fromlen 16, ovl (nil), func (nil)
0009:trace:winsock:WS2_recv_base fd=43, options=20
0009:trace:winsock:WS2_recv_base  -> 12 bytes
0009:trace:winsock:WS2_recv_base socket 0138, wsabuf 0x32f6e4, nbufs 1, flags 0, from 0x32f734, fromlen 16, ovl (nil), func (nil)
0009:trace:winsock:WS2_recv_base fd=43, options=20
0009:trace:winsock:WS2_recv_base  -> 10 bytes
0009:trace:winsock:WS2_recv_base socket 0138, wsabuf 0x32f6e4, nbufs 1, flags 0, from 0x32f734, fromlen 16, ovl (nil), func (nil)
0009:trace:winsock:WS2_recv_base fd=43, options=20
0009:trace:winsock:WS2_recv_base  -> 16 bytes
0009:trace:winsock:WS2_recv_base socket 0138, wsabuf 0x32f6e4, nbufs 1, flags 0, from 0x32f734, fromlen 16, ovl (nil), func (nil)
0009:trace:winsock:WS2_recv_base fd=43, options=20
0009:trace:winsock:WS2_recv_base  -> 12 bytes
0009:trace:winsock:WS2_sendto socket 0138, wsabuf 0x32ef34, nbufs 1, flags 0, to 0x2bbad94, tolen 16, ovl (nil), func (nil)
0009:trace:winsock:WS2_sendto fd=43, options=20
0009:trace:winsock:WS2_sendto  -> 12 bytes
0009:trace:winsock:WS2_sendto socket 0138, wsabuf 0x32f5e4, nbufs 1, flags 0, to 0x2bbad94, tolen 16, ovl (nil), func (nil)
0009:trace:winsock:WS2_sendto fd=43, options=20
0009:trace:winsock:WS2_sendto  -> 10 bytes
0009:trace:winsock:WS2_sendto socket 0138, wsabuf 0x32f5e4, nbufs 1, flags 0, to 0x2bbad94, tolen 16, ovl (nil), func (nil)
0009:trace:winsock:WS2_sendto fd=43, options=20
0009:trace:winsock:WS2_sendto  -> 10 bytes
0009:trace:winsock:WS2_sendto socket 0138, wsabuf 0x32f964, nbufs 1, flags 0, to 0x3779c14, tolen 16, ovl (nil), func (nil)
0009:trace:winsock:WS2_sendto fd=43, options=20
0009:trace:winsock:WS2_sendto  -> 22 bytes
0009:trace:winsock:WS2_sendto socket 0138, wsabuf 0x32f964, nbufs 1, flags 0, to 0x3779c14, tolen 16, ovl (nil), func (nil)
0009:trace:winsock:WS2_sendto fd=43, options=20
0009:trace:winsock:WS2_sendto  -> 22 bytes
0009:trace:winsock:WS2_sendto socket 0138, wsabuf 0x32f964, nbufs 1, flags 0, to 0x3779c14, tolen 16, ovl (nil), func (nil)
0009:trace:winsock:WS2_sendto fd=43, options=20
0009:trace:winsock:WS2_sendto  -> 22 bytes
0009:trace:winsock:WS2_sendto socket 0138, wsabuf 0x32f964, nbufs 1, flags 0, to 0x3779c14, tolen 16, ovl (nil), func (nil)
0009:trace:winsock:WS2_sendto fd=43, options=20
0009:trace:winsock:WS2_sendto  -> 22 bytes
0009:trace:winsock:WS2_sendto socket 0138, wsabuf 0x32f964, nbufs 1, flags 0, to 0x3779c14, tolen 16, ovl (nil), func (nil)
0009:trace:winsock:WS2_sendto fd=43, options=20
0009:trace:winsock:WS2_sendto  -> 22 bytes
0009:trace:winsock:WS2_sendto socket 0138, wsabuf 0x32f964, nbufs 1, flags 0, to 0x3779c14, tolen 16, ovl (nil), func (nil)
0009:trace:winsock:WS2_sendto fd=43, options=20
0009:trace:winsock:WS2_sendto  -> 22 bytes
0009:trace:winsock:WSAAsyncSelect 0130, hWnd 0x200a0, uMsg 00000000, event 00000000
0009:trace:winsock:WS_closesocket (socket 0130) -> 0
0009:trace:winsock:WS2_recv_base socket 0138, wsabuf 0x32f6e4, nbufs 1, flags 0, from 0x32f734, fromlen 16, ovl (nil), func (nil)
0009:trace:winsock:WS2_recv_base fd=36, options=20
0009:trace:winsock:WS2_recv_base  -> 12 bytes
0009:trace:winsock:WS2_recv_base socket 0138, wsabuf 0x32f6e4, nbufs 1, flags 0, from 0x32f734, fromlen 16, ovl (nil), func (nil)
0009:trace:winsock:WS2_recv_base fd=36, options=20
0009:trace:winsock:WS2_recv_base  -> 10 bytes
0009:trace:winsock:WS2_sendto socket 0138, wsabuf 0x32f5e4, nbufs 1, flags 0, to 0x5f86794, tolen 16, ovl (nil), func (nil)
0009:trace:winsock:WS2_sendto fd=36, options=20
0009:trace:winsock:WS2_sendto  -> 10 bytes
0009:trace:winsock:WS2_sendto socket 0138, wsabuf 0x32f5e4, nbufs 1, flags 0, to 0x5f86794, tolen 16, ovl (nil), func (nil)
0009:trace:winsock:WS2_sendto fd=36, options=20
0009:trace:winsock:WS2_sendto  -> 10 bytes
0009:trace:winsock:WS2_sendto socket 0138, wsabuf 0x32fa84, nbufs 1, flags 0, to 0x2bdd494, tolen 16, ovl (nil), func (nil)
0009:trace:winsock:WS2_sendto fd=36, options=20
0009:trace:winsock:WS2_sendto  -> 27 bytes
0009:trace:winsock:WS2_sendto socket 0138, wsabuf 0x32fa84, nbufs 1, flags 0, to 0x2bdd494, tolen 16, ovl (nil), func (nil)
0009:trace:winsock:WS2_sendto fd=36, options=20
0009:trace:winsock:WS2_sendto  -> 27 bytes
0009:trace:winsock:WS2_sendto socket 0138, wsabuf 0x32fbc4, nbufs 1, flags 0, to 0x6a26014, tolen 16, ovl (nil), func (nil)
0009:trace:winsock:WS2_sendto fd=43, options=20
0009:trace:winsock:WS2_sendto  -> 23 bytes
0009:trace:winsock:WS2_sendto socket 0138, wsabuf 0x32fbc4, nbufs 1, flags 0, to 0x6a26014, tolen 16, ovl (nil), func (nil)
0009:trace:winsock:WS2_sendto fd=43, options=20
0009:trace:winsock:WS2_sendto  -> 23 bytes
0009:trace:winsock:WS2_sendto socket 0138, wsabuf 0x32fb94, nbufs 1, flags 0, to 0x6a26014, tolen 16, ovl (nil), func (nil)
0009:trace:winsock:WS2_sendto fd=43, options=20
0009:trace:winsock:WS2_sendto  -> 25 bytes
0009:trace:winsock:WS2_sendto socket 0138, wsabuf 0x32fb94, nbufs 1, flags 0, to 0x6a26014, tolen 16, ovl (nil), func (nil)
0009:trace:winsock:WS2_sendto fd=43, options=20
0009:trace:winsock:WS2_sendto  -> 25 bytes
0009:trace:winsock:WS2_recv_base socket 0138, wsabuf 0x32f6e4, nbufs 1, flags 0, from 0x32f734, fromlen 16, ovl (nil), func (nil)
0009:trace:winsock:WS2_recv_base fd=43, options=20
0009:trace:winsock:WS2_recv_base  -> 10 bytes
0009:trace:winsock:WS2_recv_base socket 0138, wsabuf 0x32f6e4, nbufs 1, flags 0, from 0x32f734, fromlen 16, ovl (nil), func (nil)
0009:trace:winsock:WS2_recv_base fd=43, options=20
0009:trace:winsock:WS2_recv_base  -> 10 bytes
0009:trace:winsock:WS2_sendto socket 0138, wsabuf 0x32f5e4, nbufs 1, flags 0, to 0x6a26014, tolen 16, ovl (nil), func (nil)
0009:trace:winsock:WS2_sendto fd=43, options=20
0009:trace:winsock:WS2_sendto  -> 10 bytes
0009:trace:winsock:WS2_sendto socket 0138, wsabuf 0x32f5e4, nbufs 1, flags 0, to 0x6a26014, tolen 16, ovl (nil), func (nil)
0009:trace:winsock:WS2_sendto fd=43, options=20
0009:trace:winsock:WS2_sendto  -> 10 bytes
0009:trace:winsock:WS2_sendto socket 0138, wsabuf 0x32f964, nbufs 1, flags 0, to 0x6a26014, tolen 16, ovl (nil), func (nil)
0009:trace:winsock:WS2_sendto fd=43, options=20
0009:trace:winsock:WS2_sendto  -> 16 bytes
0009:trace:winsock:WS2_sendto socket 0138, wsabuf 0x32f964, nbufs 1, flags 0, to 0x6a26014, tolen 16, ovl (nil), func (nil)
0009:trace:winsock:WS2_sendto fd=43, options=20
0009:trace:winsock:WS2_sendto  -> 16 bytes
0009:trace:winsock:WS2_sendto socket 0138, wsabuf 0x32f5e4, nbufs 1, flags 0, to 0x6a26014, tolen 16, ovl (nil), func (nil)
0009:trace:winsock:WS2_sendto fd=43, options=20
0009:trace:winsock:WS2_sendto  -> 10 bytes
0009:trace:winsock:WS2_sendto socket 0138, wsabuf 0x32f5e4, nbufs 1, flags 0, to 0x6a26014, tolen 16, ovl (nil), func (nil)
0009:trace:winsock:WS2_sendto fd=43, options=20
0009:trace:winsock:WS2_sendto  -> 10 bytes
0009:trace:winsock:WS2_sendto socket 0138, wsabuf 0x32f5e4, nbufs 1, flags 0, to 0x6a26014, tolen 16, ovl (nil), func (nil)
0009:trace:winsock:WS2_sendto fd=43, options=20
0009:trace:winsock:WS2_sendto  -> 10 bytes
0009:trace:winsock:WS2_sendto socket 0138, wsabuf 0x32f5e4, nbufs 1, flags 0, to 0x6a26014, tolen 16, ovl (nil), func (nil)
0009:trace:winsock:WS2_sendto fd=43, options=20
0009:trace:winsock:WS2_sendto  -> 10 bytes
0009:trace:winsock:WS2_recv_base socket 0138, wsabuf 0x32f6e4, nbufs 1, flags 0, from 0x32f734, fromlen 16, ovl (nil), func (nil)
0009:trace:winsock:WS2_recv_base fd=43, options=20
0009:trace:winsock:WS2_recv_base  -> 10 bytes
0009:trace:winsock:WS2_recv_base socket 0138, wsabuf 0x32f6e4, nbufs 1, flags 0, from 0x32f734, fromlen 16, ovl (nil), func (nil)
0009:trace:winsock:WS2_recv_base fd=43, options=20
0009:trace:winsock:WS2_recv_base  -> 12 bytes
0009:trace:winsock:WS2_recv_base socket 0138, wsabuf 0x32f6e4, nbufs 1, flags 0, from 0x32f734, fromlen 16, ovl (nil), func (nil)
0009:trace:winsock:WS2_recv_base fd=43, options=20
0009:trace:winsock:WS2_recv_base  -> 22 bytes
0009:trace:winsock:WS2_recv_base socket 0138, wsabuf 0x32f6e4, nbufs 1, flags 0, from 0x32f734, fromlen 16, ovl (nil), func (nil)
0009:trace:winsock:WS2_recv_base fd=43, options=20
0009:trace:winsock:WS2_recv_base  -> 22 bytes
0009:trace:winsock:WS2_recv_base socket 0138, wsabuf 0x32f6e4, nbufs 1, flags 0, from 0x32f734, fromlen 16, ovl (nil), func (nil)
0009:trace:winsock:WS2_recv_base fd=43, options=20
0009:trace:winsock:WS2_recv_base  -> 22 bytes
0009:trace:winsock:WS2_sendto socket 0138, wsabuf 0x32f5e4, nbufs 1, flags 0, to 0x6a26014, tolen 16, ovl (nil), func (nil)
0009:trace:winsock:WS2_sendto fd=43, options=20
0009:trace:winsock:WS2_sendto  -> 10 bytes
0009:trace:winsock:WS2_sendto socket 0138, wsabuf 0x32f5e4, nbufs 1, flags 0, to 0x6a26014, tolen 16, ovl (nil), func (nil)
0009:trace:winsock:WS2_sendto fd=43, options=20
0009:trace:winsock:WS2_sendto  -> 10 bytes
0009:trace:winsock:WS2_sendto socket 0138, wsabuf 0x32f5e4, nbufs 1, flags 0, to 0x6a26014, tolen 16, ovl (nil), func (nil)
0009:trace:winsock:WS2_sendto fd=43, options=20
0009:trace:winsock:WS2_sendto  -> 10 bytes
0009:trace:winsock:WS2_sendto socket 0138, wsabuf 0x32f5e4, nbufs 1, flags 0, to 0x6a26014, tolen 16, ovl (nil), func (nil)
0009:trace:winsock:WS2_sendto fd=43, options=20
0009:trace:winsock:WS2_sendto  -> 10 bytes
0009:trace:winsock:WS2_sendto socket 0138, wsabuf 0x32f5e4, nbufs 1, flags 0, to 0x6a26014, tolen 16, ovl (nil), func (nil)
0009:trace:winsock:WS2_sendto fd=43, options=20
0009:trace:winsock:WS2_sendto  -> 10 bytes
0009:trace:winsock:WS2_sendto socket 0138, wsabuf 0x32f5e4, nbufs 1, flags 0, to 0x6a26014, tolen 16, ovl (nil), func (nil)
0009:trace:winsock:WS2_sendto fd=43, options=20
0009:trace:winsock:WS2_sendto  -> 10 bytes
0009:trace:winsock:WS2_recv_base socket 0138, wsabuf 0x32f6e4, nbufs 1, flags 0, from 0x32f734, fromlen 16, ovl (nil), func (nil)
0009:trace:winsock:WS2_recv_base fd=43, options=20
0009:trace:winsock:WS2_recv_base  -> 10 bytes
0009:trace:winsock:WS2_recv_base socket 0138, wsabuf 0x32f6e4, nbufs 1, flags 0, from 0x32f734, fromlen 16, ovl (nil), func (nil)
0009:trace:winsock:WS2_recv_base fd=43, options=20
0009:trace:winsock:WS2_recv_base  -> 16 bytes
0009:trace:winsock:WS2_sendto socket 0138, wsabuf 0x32f5e4, nbufs 1, flags 0, to 0x6a26014, tolen 16, ovl (nil), func (nil)
0009:trace:winsock:WS2_sendto fd=43, options=20
0009:trace:winsock:WS2_sendto  -> 10 bytes
0009:trace:winsock:WS2_sendto socket 0138, wsabuf 0x32f5e4, nbufs 1, flags 0, to 0x6a26014, tolen 16, ovl (nil), func (nil)
0009:trace:winsock:WS2_sendto fd=43, options=20
0009:trace:winsock:WS2_sendto  -> 10 bytes
0009:trace:winsock:WS2_recv_base socket 0138, wsabuf 0x32f6e4, nbufs 1, flags 0, from 0x32f734, fromlen 16, ovl (nil), func (nil)
0009:trace:winsock:WS2_recv_base fd=43, options=20
0009:trace:winsock:WS2_recv_base  -> 10 bytes
0009:trace:winsock:WS2_recv_base socket 0138, wsabuf 0x32f6e4, nbufs 1, flags 0, from 0x32f734, fromlen 16, ovl (nil), func (nil)
0009:trace:winsock:WS2_recv_base fd=43, options=20
0009:trace:winsock:WS2_recv_base  -> 27 bytes
0009:trace:winsock:WS2_sendto socket 0138, wsabuf 0x32f5e4, nbufs 1, flags 0, to 0x6a26014, tolen 16, ovl (nil), func (nil)
0009:trace:winsock:WS2_sendto fd=43, options=20
0009:trace:winsock:WS2_sendto  -> 10 bytes
0009:trace:winsock:WS2_sendto socket 0138, wsabuf 0x32f5e4, nbufs 1, flags 0, to 0x6a26014, tolen 16, ovl (nil), func (nil)
0009:trace:winsock:WS2_sendto fd=43, options=20
0009:trace:winsock:WS2_sendto  -> 10 bytes
0009:trace:winsock:WS2_sendto socket 0138, wsabuf 0x32f894, nbufs 1, flags 0, to 0x6a26014, tolen 16, ovl (nil), func (nil)
0009:trace:winsock:WS2_sendto fd=43, options=20
0009:trace:winsock:WS2_sendto  -> 16 bytes
0009:trace:winsock:WS2_sendto socket 0138, wsabuf 0x32f894, nbufs 1, flags 0, to 0x6a26014, tolen 16, ovl (nil), func (nil)
0009:trace:winsock:WS2_sendto fd=43, options=20
0009:trace:winsock:WS2_sendto  -> 16 bytes
0009:trace:winsock:WS2_sendto socket 0138, wsabuf 0x32f5e4, nbufs 1, flags 0, to 0x6a26014, tolen 16, ovl (nil), func (nil)
0009:trace:winsock:WS2_sendto fd=43, options=20
0009:trace:winsock:WS2_sendto  -> 10 bytes
0009:trace:winsock:WS2_sendto socket 0138, wsabuf 0x32f5e4, nbufs 1, flags 0, to 0x6a26014, tolen 16, ovl (nil), func (nil)
0009:trace:winsock:WS2_sendto fd=43, options=20
0009:trace:winsock:WS2_sendto  -> 10 bytes
0009:trace:winsock:WS2_recv_base socket 0138, wsabuf 0x32f6e4, nbufs 1, flags 0, from 0x32f734, fromlen 16, ovl (nil), func (nil)
0009:trace:winsock:WS2_recv_base fd=43, options=20
0009:trace:winsock:WS2_recv_base  -> 23 bytes
0009:trace:winsock:WS2_recv_base socket 0138, wsabuf 0x32f6e4, nbufs 1, flags 0, from 0x32f734, fromlen 16, ovl (nil), func (nil)
0009:trace:winsock:WS2_recv_base fd=43, options=20
0009:trace:winsock:WS2_recv_base  -> 25 bytes
0009:trace:winsock:WS2_recv_base socket 0138, wsabuf 0x32f6e4, nbufs 1, flags 0, from 0x32f734, fromlen 16, ovl (nil), func (nil)
0009:trace:winsock:WS2_recv_base fd=43, options=20
0009:trace:winsock:WS2_recv_base  -> 10 bytes
0009:trace:winsock:WS2_recv_base socket 0138, wsabuf 0x32f6e4, nbufs 1, flags 0, from 0x32f734, fromlen 16, ovl (nil), func (nil)
0009:trace:winsock:WS2_recv_base fd=43, options=20
0009:trace:winsock:WS2_recv_base  -> 22 bytes
0009:trace:winsock:WS2_recv_base socket 0138, wsabuf 0x32f6e4, nbufs 1, flags 0, from 0x32f734, fromlen 16, ovl (nil), func (nil)
0009:trace:winsock:WS2_recv_base fd=43, options=20
0009:trace:winsock:WS2_recv_base  -> 22 bytes
0009:trace:winsock:WS2_recv_base socket 0138, wsabuf 0x32f6e4, nbufs 1, flags 0, from 0x32f734, fromlen 16, ovl (nil), func (nil)
0009:trace:winsock:WS2_recv_base fd=43, options=20
0009:trace:winsock:WS2_recv_base  -> 22 bytes
0009:trace:winsock:WS2_sendto socket 0138, wsabuf 0x32f5e4, nbufs 1, flags 0, to 0x6a26014, tolen 16, ovl (nil), func (nil)
0009:trace:winsock:WS2_sendto fd=43, options=20
0009:trace:winsock:WS2_sendto  -> 10 bytes
0009:trace:winsock:WS2_sendto socket 0138, wsabuf 0x32f5e4, nbufs 1, flags 0, to 0x6a26014, tolen 16, ovl (nil), func (nil)
0009:trace:winsock:WS2_sendto fd=43, options=20
0009:trace:winsock:WS2_sendto  -> 10 bytes
0009:trace:winsock:WS2_sendto socket 0138, wsabuf 0x32f5e4, nbufs 1, flags 0, to 0x6a26014, tolen 16, ovl (nil), func (nil)
0009:trace:winsock:WS2_sendto fd=43, options=20
0009:trace:winsock:WS2_sendto  -> 10 bytes
0009:trace:winsock:WS2_sendto socket 0138, wsabuf 0x32f5e4, nbufs 1, flags 0, to 0x6a26014, tolen 16, ovl (nil), func (nil)
0009:trace:winsock:WS2_sendto fd=43, options=20
0009:trace:winsock:WS2_sendto  -> 10 bytes
0009:trace:winsock:WSASocketA af=2 type=2 protocol=17 protocol_info=(nil) group=0 flags=0x0
0009:trace:winsock:WSASocketW af=2 type=2 protocol=17 protocol_info=(nil) group=0 flags=0x0
0009:trace:winsock:WSASocketW 	created 013c
0009:trace:winsock:WSAIoctl 013c, SIO_ROUTING_INTERFACE_QUERY, 0x32f890, 16, 0x41d0400, 1024, 0x32f888, (nil), (nil)
0009:trace:winsock:WSAIoctl -> WS_SIO_ROUTING_INTERFACE_QUERY request
0009:trace:winsock:WS_closesocket (socket 013c) -> 0
0009:trace:winsock:WS2_recv_base socket 0138, wsabuf 0x32f6e4, nbufs 1, flags 0, from 0x32f734, fromlen 16, ovl (nil), func (nil)
0009:trace:winsock:WS2_recv_base fd=43, options=20
0009:trace:winsock:WS2_recv_base  -> 10 bytes
0009:trace:winsock:WS2_recv_base socket 0138, wsabuf 0x32f6e4, nbufs 1, flags 0, from 0x32f734, fromlen 16, ovl (nil), func (nil)
0009:trace:winsock:WS2_recv_base fd=43, options=20
0009:trace:winsock:WS2_recv_base  -> 16 bytes
0009:trace:winsock:WS2_sendto socket 0138, wsabuf 0x32f5e4, nbufs 1, flags 0, to 0x6a26014, tolen 16, ovl (nil), func (nil)
0009:trace:winsock:WS2_sendto fd=43, options=20
0009:trace:winsock:WS2_sendto  -> 10 bytes
0009:trace:winsock:WS2_sendto socket 0138, wsabuf 0x32f5e4, nbufs 1, flags 0, to 0x6a26014, tolen 16, ovl (nil), func (nil)
0009:trace:winsock:WS2_sendto fd=43, options=20
0009:trace:winsock:WS2_sendto  -> 10 bytes
0009:trace:winsock:WS2_recv_base socket 0138, wsabuf 0x32f6e4, nbufs 1, flags 0, from 0x32f734, fromlen 16, ovl (nil), func (nil)
0009:trace:winsock:WS2_recv_base fd=43, options=20
0009:trace:winsock:WS2_recv_base  -> 10 bytes
0009:trace:winsock:WS2_recv_base socket 0138, wsabuf 0x32f6e4, nbufs 1, flags 0, from 0x32f734, fromlen 16, ovl (nil), func (nil)
0009:trace:winsock:WS2_recv_base fd=43, options=20
0009:trace:winsock:WS2_recv_base  -> 10 bytes
0009:trace:winsock:WS2_recv_base socket 0138, wsabuf 0x32f6e4, nbufs 1, flags 0, from 0x32f734, fromlen 16, ovl (nil), func (nil)
0009:trace:winsock:WS2_recv_base fd=43, options=20
0009:trace:winsock:WS2_recv_base  -> 16 bytes
0009:trace:winsock:WS2_recv_base socket 0138, wsabuf 0x32f6e4, nbufs 1, flags 0, from 0x32f734, fromlen 16, ovl (nil), func (nil)
0009:trace:winsock:WS2_recv_base fd=43, options=20
0009:trace:winsock:WS2_recv_base  -> 27 bytes
0009:trace:winsock:WS2_recv_base socket 0138, wsabuf 0x32f6e4, nbufs 1, flags 0, from 0x32f734, fromlen 16, ovl (nil), func (nil)
0009:trace:winsock:WS2_recv_base fd=43, options=20
0009:trace:winsock:WS2_recv_base  -> 10 bytes
0009:trace:winsock:WS2_sendto socket 0138, wsabuf 0x32f5e4, nbufs 1, flags 0, to 0x6a26014, tolen 16, ovl (nil), func (nil)
0009:trace:winsock:WS2_sendto fd=43, options=20
0009:trace:winsock:WS2_sendto  -> 10 bytes
0009:trace:winsock:WS2_sendto socket 0138, wsabuf 0x32f5e4, nbufs 1, flags 0, to 0x6a26014, tolen 16, ovl (nil), func (nil)
0009:trace:winsock:WS2_sendto fd=43, options=20
0009:trace:winsock:WS2_sendto  -> 10 bytes
0009:fixme:msctf:LangBarMgr_GetShowFloatingStatus STUB:(01A1EC18)
0009:fixme:msctf:LangBarMgr_ShowFloating STUB:(01A1EC18)
0009:trace:winsock:WS2_sendto socket 0138, wsabuf 0x32f5e4, nbufs 1, flags 0, to 0x6a26014, tolen 16, ovl (nil), func (nil)
0009:trace:winsock:WS2_sendto fd=39, options=20
0009:trace:winsock:WS2_sendto  -> 10 bytes
0009:trace:winsock:WS2_sendto socket 0138, wsabuf 0x32f5e4, nbufs 1, flags 0, to 0x6a26014, tolen 16, ovl (nil), func (nil)
0009:trace:winsock:WS2_sendto fd=39, options=20
0009:trace:winsock:WS2_sendto  -> 10 bytes
0009:trace:winsock:WS2_recv_base socket 0138, wsabuf 0x32f6e4, nbufs 1, flags 0, from 0x32f734, fromlen 16, ovl (nil), func (nil)
0009:trace:winsock:WS2_recv_base fd=39, options=20
0009:trace:winsock:WS2_recv_base  -> 10 bytes
0009:trace:winsock:WS2_recv_base socket 0138, wsabuf 0x32f6e4, nbufs 1, flags 0, from 0x32f734, fromlen 16, ovl (nil), func (nil)
0009:trace:winsock:WS2_recv_base fd=39, options=20
0009:trace:winsock:WS2_recv_base  -> 23 bytes
0009:trace:winsock:WS2_recv_base socket 0138, wsabuf 0x32f6e4, nbufs 1, flags 0, from 0x32f734, fromlen 16, ovl (nil), func (nil)
0009:trace:winsock:WS2_recv_base fd=39, options=20
0009:trace:winsock:WS2_recv_base  -> 25 bytes
0009:trace:winsock:WS2_sendto socket 0138, wsabuf 0x32f9c4, nbufs 1, flags 0, to 0x6a26014, tolen 16, ovl (nil), func (nil)
0009:trace:winsock:WS2_sendto fd=39, options=20
0009:trace:winsock:WS2_sendto  -> 12 bytes
0009:trace:winsock:WS2_sendto socket 0138, wsabuf 0x32f9c4, nbufs 1, flags 0, to 0x6a26014, tolen 16, ovl (nil), func (nil)
0009:trace:winsock:WS2_sendto fd=39, options=20
0009:trace:winsock:WS2_sendto  -> 12 bytes
0009:trace:winsock:WS2_recv_base socket 0138, wsabuf 0x32f6e4, nbufs 1, flags 0, from 0x32f734, fromlen 16, ovl (nil), func (nil)
0009:trace:winsock:WS2_recv_base fd=39, options=20
0009:trace:winsock:WS2_recv_base  -> 12 bytes
0009:trace:winsock:WS2_recv_base socket 0138, wsabuf 0x32f6e4, nbufs 1, flags 0, from 0x32f734, fromlen 16, ovl (nil), func (nil)
0009:trace:winsock:WS2_recv_base fd=39, options=20
0009:trace:winsock:WS2_recv_base  -> 12 bytes
0009:trace:winsock:WS2_sendto socket 0138, wsabuf 0x32ef34, nbufs 1, flags 0, to 0x6a26014, tolen 16, ovl (nil), func (nil)
0009:trace:winsock:WS2_sendto fd=39, options=20
0009:trace:winsock:WS2_sendto  -> 12 bytes
0009:trace:winsock:WS2_recv_base socket 0138, wsabuf 0x32f6e4, nbufs 1, flags 0, from 0x32f734, fromlen 16, ovl (nil), func (nil)
0009:trace:winsock:WS2_recv_base fd=39, options=20
0009:trace:winsock:WS2_recv_base  -> 10 bytes
0009:trace:winsock:WS2_sendto socket 0138, wsabuf 0x32f5e4, nbufs 1, flags 0, to 0x6a26014, tolen 16, ovl (nil), func (nil)
0009:trace:winsock:WS2_sendto fd=39, options=20
0009:trace:winsock:WS2_sendto  -> 10 bytes
0009:trace:winsock:WS2_sendto socket 0138, wsabuf 0x32f5e4, nbufs 1, flags 0, to 0x6a26014, tolen 16, ovl (nil), func (nil)
0009:trace:winsock:WS2_sendto fd=39, options=20
0009:trace:winsock:WS2_sendto  -> 10 bytes
0009:trace:winsock:WS2_recv_base socket 0138, wsabuf 0x32f6e4, nbufs 1, flags 0, from 0x32f734, fromlen 16, ovl (nil), func (nil)
0009:trace:winsock:WS2_recv_base fd=39, options=20
0009:trace:winsock:WS2_recv_base  -> 10 bytes
0009:trace:winsock:WS2_recv_base socket 0138, wsabuf 0x32f6e4, nbufs 1, flags 0, from 0x32f734, fromlen 16, ovl (nil), func (nil)
0009:trace:winsock:WS2_recv_base fd=39, options=20
0009:trace:winsock:WS2_recv_base  -> 12 bytes
0009:trace:winsock:WS2_sendto socket 0138, wsabuf 0x32ef34, nbufs 1, flags 0, to 0x6a26014, tolen 16, ovl (nil), func (nil)
0009:trace:winsock:WS2_sendto fd=39, options=20
0009:trace:winsock:WS2_sendto  -> 12 bytes
0009:trace:winsock:WS2_recv_base socket 0138, wsabuf 0x32f6e4, nbufs 1, flags 0, from 0x32f734, fromlen 16, ovl (nil), func (nil)
0009:trace:winsock:WS2_recv_base fd=39, options=20
0009:trace:winsock:WS2_recv_base  -> 16 bytes
0009:trace:winsock:WS2_recv_base socket 0138, wsabuf 0x32f6e4, nbufs 1, flags 0, from 0x32f734, fromlen 16, ovl (nil), func (nil)
0009:trace:winsock:WS2_recv_base fd=39, options=20
0009:trace:winsock:WS2_recv_base  -> 10 bytes
0009:trace:winsock:WS2_sendto socket 0138, wsabuf 0x32f5e4, nbufs 1, flags 0, to 0x6a26014, tolen 16, ovl (nil), func (nil)
0009:trace:winsock:WS2_sendto fd=39, options=20
0009:trace:winsock:WS2_sendto  -> 10 bytes
0009:trace:winsock:WS2_sendto socket 0138, wsabuf 0x32f5e4, nbufs 1, flags 0, to 0x6a26014, tolen 16, ovl (nil), func (nil)
0009:trace:winsock:WS2_sendto fd=39, options=20
0009:trace:winsock:WS2_sendto  -> 10 bytes
0009:trace:winsock:WS2_recv_base socket 0138, wsabuf 0x32f6e4, nbufs 1, flags 0, from 0x32f734, fromlen 16, ovl (nil), func (nil)
0009:trace:winsock:WS2_recv_base fd=39, options=20
0009:trace:winsock:WS2_recv_base  -> 16 bytes
0009:trace:winsock:WS2_recv_base socket 0138, wsabuf 0x32f6e4, nbufs 1, flags 0, from 0x32f734, fromlen 16, ovl (nil), func (nil)
0009:trace:winsock:WS2_recv_base fd=39, options=20
0009:trace:winsock:WS2_recv_base  -> 10 bytes
0009:trace:winsock:WS2_recv_base socket 0138, wsabuf 0x32f6e4, nbufs 1, flags 0, from 0x32f734, fromlen 16, ovl (nil), func (nil)
0009:trace:winsock:WS2_recv_base fd=39, options=20
0009:trace:winsock:WS2_recv_base  -> 16 bytes
0009:trace:winsock:WS2_recv_base socket 0138, wsabuf 0x32f6e4, nbufs 1, flags 0, from 0x32f734, fromlen 16, ovl (nil), func (nil)
0009:trace:winsock:WS2_recv_base fd=39, options=20
0009:trace:winsock:WS2_recv_base  -> 16 bytes
0009:trace:winsock:WS2_sendto socket 0138, wsabuf 0x32f964, nbufs 1, flags 0, to 0x6a26014, tolen 16, ovl (nil), func (nil)
0009:trace:winsock:WS2_sendto fd=39, options=20
0009:trace:winsock:WS2_sendto  -> 16 bytes
0009:trace:winsock:WS2_sendto socket 0138, wsabuf 0x32f964, nbufs 1, flags 0, to 0x6a26014, tolen 16, ovl (nil), func (nil)
0009:trace:winsock:WS2_sendto fd=39, options=20
0009:trace:winsock:WS2_sendto  -> 16 bytes
0009:trace:winsock:WS2_recv_base socket 0138, wsabuf 0x32f6e4, nbufs 1, flags 0, from 0x32f734, fromlen 16, ovl (nil), func (nil)
0009:trace:winsock:WS2_recv_base fd=39, options=20
0009:trace:winsock:WS2_recv_base  -> 10 bytes
0009:trace:winsock:WS2_sendto socket 0138, wsabuf 0x32f5e4, nbufs 1, flags 0, to 0x6a26014, tolen 16, ovl (nil), func (nil)
0009:trace:winsock:WS2_sendto fd=39, options=20
0009:trace:winsock:WS2_sendto  -> 10 bytes
0009:trace:winsock:WS2_sendto socket 0138, wsabuf 0x32f5e4, nbufs 1, flags 0, to 0x6a26014, tolen 16, ovl (nil), func (nil)
0009:trace:winsock:WS2_sendto fd=39, options=20
0009:trace:winsock:WS2_sendto  -> 10 bytes
0009:trace:winsock:WS2_recv_base socket 0138, wsabuf 0x32f6e4, nbufs 1, flags 0, from 0x32f734, fromlen 16, ovl (nil), func (nil)
0009:trace:winsock:WS2_recv_base fd=39, options=20
0009:trace:winsock:WS2_recv_base  -> 16 bytes
0009:trace:winsock:WS2_recv_base socket 0138, wsabuf 0x32f6e4, nbufs 1, flags 0, from 0x32f734, fromlen 16, ovl (nil), func (nil)
0009:trace:winsock:WS2_recv_base fd=39, options=20
0009:trace:winsock:WS2_recv_base  -> 10 bytes
0009:trace:winsock:WS2_sendto socket 0138, wsabuf 0x32f5e4, nbufs 1, flags 0, to 0x6a26014, tolen 16, ovl (nil), func (nil)
0009:trace:winsock:WS2_sendto fd=39, options=20
0009:trace:winsock:WS2_sendto  -> 10 bytes
0009:trace:winsock:WS2_recv_base socket 0138, wsabuf 0x32f6e4, nbufs 1, flags 0, from 0x32f734, fromlen 16, ovl (nil), func (nil)
0009:trace:winsock:WS2_recv_base fd=39, options=20
0009:trace:winsock:WS2_recv_base  -> 10 bytes
0009:trace:winsock:WS2_sendto socket 0138, wsabuf 0x32f5e4, nbufs 1, flags 0, to 0x6a26014, tolen 16, ovl (nil), func (nil)
0009:trace:winsock:WS2_sendto fd=39, options=20
0009:trace:winsock:WS2_sendto  -> 10 bytes
0009:trace:winsock:WS2_recv_base socket 0138, wsabuf 0x32f6e4, nbufs 1, flags 0, from 0x32f734, fromlen 16, ovl (nil), func (nil)
0009:trace:winsock:WS2_recv_base fd=39, options=20
0009:trace:winsock:WS2_recv_base  -> 10 bytes
0009:trace:winsock:WS2_sendto socket 0138, wsabuf 0x32f9c4, nbufs 1, flags 0, to 0x6a26014, tolen 16, ovl (nil), func (nil)
0009:trace:winsock:WS2_sendto fd=39, options=20
0009:trace:winsock:WS2_sendto  -> 12 bytes
0009:trace:winsock:WS2_sendto socket 0138, wsabuf 0x32f9c4, nbufs 1, flags 0, to 0x6a26014, tolen 16, ovl (nil), func (nil)
0009:trace:winsock:WS2_sendto fd=39, options=20
0009:trace:winsock:WS2_sendto  -> 12 bytes
0009:trace:winsock:WS2_recv_base socket 0138, wsabuf 0x32f6e4, nbufs 1, flags 0, from 0x32f734, fromlen 16, ovl (nil), func (nil)
0009:trace:winsock:WS2_recv_base fd=39, options=20
0009:trace:winsock:WS2_recv_base  -> 12 bytes
0009:trace:winsock:WS2_recv_base socket 0138, wsabuf 0x32f6e4, nbufs 1, flags 0, from 0x32f734, fromlen 16, ovl (nil), func (nil)
0009:trace:winsock:WS2_recv_base fd=39, options=20
0009:trace:winsock:WS2_recv_base  -> 12 bytes
0009:trace:winsock:WS2_recv_base socket 0138, wsabuf 0x32f6e4, nbufs 1, flags 0, from 0x32f734, fromlen 16, ovl (nil), func (nil)
0009:trace:winsock:WS2_recv_base fd=39, options=20
0009:trace:winsock:WS2_recv_base  -> 12 bytes
0009:trace:winsock:WS2_sendto socket 0138, wsabuf 0x32ef34, nbufs 1, flags 0, to 0x6a26014, tolen 16, ovl (nil), func (nil)
0009:trace:winsock:WS2_sendto fd=39, options=20
0009:trace:winsock:WS2_sendto  -> 12 bytes
0009:trace:winsock:WS2_recv_base socket 0138, wsabuf 0x32f6e4, nbufs 1, flags 0, from 0x32f734, fromlen 16, ovl (nil), func (nil)
0009:trace:winsock:WS2_recv_base fd=39, options=20
0009:trace:winsock:WS2_recv_base  -> 10 bytes
0009:trace:winsock:WS2_sendto socket 0138, wsabuf 0x32f5e4, nbufs 1, flags 0, to 0x6a26014, tolen 16, ovl (nil), func (nil)
0009:trace:winsock:WS2_sendto fd=39, options=20
0009:trace:winsock:WS2_sendto  -> 10 bytes
0009:trace:winsock:WS2_sendto socket 0138, wsabuf 0x32f5e4, nbufs 1, flags 0, to 0x6a26014, tolen 16, ovl (nil), func (nil)
0009:trace:winsock:WS2_sendto fd=39, options=20
0009:trace:winsock:WS2_sendto  -> 10 bytes
0009:trace:winsock:WS2_recv_base socket 0138, wsabuf 0x32f6e4, nbufs 1, flags 0, from 0x32f734, fromlen 16, ovl (nil), func (nil)
0009:trace:winsock:WS2_recv_base fd=39, options=20
0009:trace:winsock:WS2_recv_base  -> 10 bytes
0009:trace:winsock:WS2_recv_base socket 0138, wsabuf 0x32f6e4, nbufs 1, flags 0, from 0x32f734, fromlen 16, ovl (nil), func (nil)
0009:trace:winsock:WS2_recv_base fd=39, options=20
0009:trace:winsock:WS2_recv_base  -> 12 bytes
0009:trace:winsock:WS2_sendto socket 0138, wsabuf 0x32ef34, nbufs 1, flags 0, to 0x6a26014, tolen 16, ovl (nil), func (nil)
0009:trace:winsock:WS2_sendto fd=39, options=20
0009:trace:winsock:WS2_sendto  -> 12 bytes
0009:trace:winsock:WS2_recv_base socket 0138, wsabuf 0x32f6e4, nbufs 1, flags 0, from 0x32f734, fromlen 16, ovl (nil), func (nil)
0009:trace:winsock:WS2_recv_base fd=39, options=20
0009:trace:winsock:WS2_recv_base  -> 16 bytes
0009:trace:winsock:WS2_recv_base socket 0138, wsabuf 0x32f6e4, nbufs 1, flags 0, from 0x32f734, fromlen 16, ovl (nil), func (nil)
0009:trace:winsock:WS2_recv_base fd=39, options=20
0009:trace:winsock:WS2_recv_base  -> 10 bytes
0009:trace:winsock:WS2_sendto socket 0138, wsabuf 0x32f5e4, nbufs 1, flags 0, to 0x6a26014, tolen 16, ovl (nil), func (nil)
0009:trace:winsock:WS2_sendto fd=39, options=20
0009:trace:winsock:WS2_sendto  -> 10 bytes
0009:trace:winsock:WS2_sendto socket 0138, wsabuf 0x32f964, nbufs 1, flags 0, to 0x6a26014, tolen 16, ovl (nil), func (nil)
0009:trace:winsock:WS2_sendto fd=39, options=20
0009:trace:winsock:WS2_sendto  -> 16 bytes
0009:trace:winsock:WS2_sendto socket 0138, wsabuf 0x32f964, nbufs 1, flags 0, to 0x6a26014, tolen 16, ovl (nil), func (nil)
0009:trace:winsock:WS2_sendto fd=39, options=20
0009:trace:winsock:WS2_sendto  -> 16 bytes
0009:trace:winsock:WS2_sendto socket 0138, wsabuf 0x32f5e4, nbufs 1, flags 0, to 0x6a26014, tolen 16, ovl (nil), func (nil)
0009:trace:winsock:WS2_sendto fd=39, options=20
0009:trace:winsock:WS2_sendto  -> 10 bytes
0009:trace:winsock:WS2_recv_base socket 0138, wsabuf 0x32f6e4, nbufs 1, flags 0, from 0x32f734, fromlen 16, ovl (nil), func (nil)
0009:trace:winsock:WS2_recv_base fd=39, options=20
0009:trace:winsock:WS2_recv_base  -> 10 bytes
0009:trace:winsock:WS2_recv_base socket 0138, wsabuf 0x32f6e4, nbufs 1, flags 0, from 0x32f734, fromlen 16, ovl (nil), func (nil)
0009:trace:winsock:WS2_recv_base fd=39, options=20
0009:trace:winsock:WS2_recv_base  -> 10 bytes
0009:trace:winsock:WS2_recv_base socket 0138, wsabuf 0x32f6e4, nbufs 1, flags 0, from 0x32f734, fromlen 16, ovl (nil), func (nil)
0009:trace:winsock:WS2_recv_base fd=39, options=20
0009:trace:winsock:WS2_recv_base  -> 16 bytes
0009:trace:winsock:WS2_sendto socket 0138, wsabuf 0x32f5e4, nbufs 1, flags 0, to 0x6a26014, tolen 16, ovl (nil), func (nil)
0009:trace:winsock:WS2_sendto fd=39, options=20
0009:trace:winsock:WS2_sendto  -> 10 bytes
0009:trace:winsock:WS2_sendto socket 0138, wsabuf 0x32f5e4, nbufs 1, flags 0, to 0x6a26014, tolen 16, ovl (nil), func (nil)
0009:trace:winsock:WS2_sendto fd=39, options=20
0009:trace:winsock:WS2_sendto  -> 10 bytes
0009:trace:winsock:WS2_recv_base socket 0138, wsabuf 0x32f6e4, nbufs 1, flags 0, from 0x32f734, fromlen 16, ovl (nil), func (nil)
0009:trace:winsock:WS2_recv_base fd=39, options=20
0009:trace:winsock:WS2_recv_base  -> 10 bytes
0009:trace:winsock:WS2_recv_base socket 0138, wsabuf 0x32f6e4, nbufs 1, flags 0, from 0x32f734, fromlen 16, ovl (nil), func (nil)
0009:trace:winsock:WS2_recv_base fd=39, options=20
0009:trace:winsock:WS2_recv_base  -> 10 bytes
0009:trace:winsock:WS2_sendto socket 0138, wsabuf 0x32f5e4, nbufs 1, flags 0, to 0x6a26014, tolen 16, ovl (nil), func (nil)
0009:trace:winsock:WS2_sendto fd=39, options=20
0009:trace:winsock:WS2_sendto  -> 10 bytes
0009:trace:winsock:WS2_sendto socket 0138, wsabuf 0x32f5e4, nbufs 1, flags 0, to 0x6a26014, tolen 16, ovl (nil), func (nil)
0009:trace:winsock:WS2_sendto fd=39, options=20
0009:trace:winsock:WS2_sendto  -> 10 bytes
0009:trace:winsock:WS2_recv_base socket 0138, wsabuf 0x32f6e4, nbufs 1, flags 0, from 0x32f734, fromlen 16, ovl (nil), func (nil)
0009:trace:winsock:WS2_recv_base fd=39, options=20
0009:trace:winsock:WS2_recv_base  -> 10 bytes
0009:trace:winsock:WS2_sendto socket 0138, wsabuf 0x32f9c4, nbufs 1, flags 0, to 0x6a26014, tolen 16, ovl (nil), func (nil)
0009:trace:winsock:WS2_sendto fd=39, options=20
0009:trace:winsock:WS2_sendto  -> 12 bytes
0009:trace:winsock:WS2_sendto socket 0138, wsabuf 0x32f9c4, nbufs 1, flags 0, to 0x6a26014, tolen 16, ovl (nil), func (nil)
0009:trace:winsock:WS2_sendto fd=39, options=20
0009:trace:winsock:WS2_sendto  -> 12 bytes
0009:trace:winsock:WS2_recv_base socket 0138, wsabuf 0x32f6e4, nbufs 1, flags 0, from 0x32f734, fromlen 16, ovl (nil), func (nil)
0009:trace:winsock:WS2_recv_base fd=39, options=20
0009:trace:winsock:WS2_recv_base  -> 12 bytes
0009:trace:winsock:WS2_recv_base socket 0138, wsabuf 0x32f6e4, nbufs 1, flags 0, from 0x32f734, fromlen 16, ovl (nil), func (nil)
0009:trace:winsock:WS2_recv_base fd=39, options=20
0009:trace:winsock:WS2_recv_base  -> 12 bytes
0009:trace:winsock:WS2_recv_base socket 0138, wsabuf 0x32f6e4, nbufs 1, flags 0, from 0x32f734, fromlen 16, ovl (nil), func (nil)
0009:trace:winsock:WS2_recv_base fd=39, options=20
0009:trace:winsock:WS2_recv_base  -> 12 bytes
0009:trace:winsock:WS2_sendto socket 0138, wsabuf 0x32ef34, nbufs 1, flags 0, to 0x6a26014, tolen 16, ovl (nil), func (nil)
0009:trace:winsock:WS2_sendto fd=39, options=20
0009:trace:winsock:WS2_sendto  -> 12 bytes
0009:trace:winsock:WS2_recv_base socket 0138, wsabuf 0x32f6e4, nbufs 1, flags 0, from 0x32f734, fromlen 16, ovl (nil), func (nil)
0009:trace:winsock:WS2_recv_base fd=39, options=20
0009:trace:winsock:WS2_recv_base  -> 10 bytes
0009:trace:winsock:WS2_recv_base socket 0138, wsabuf 0x32f6e4, nbufs 1, flags 0, from 0x32f734, fromlen 16, ovl (nil), func (nil)
0009:trace:winsock:WS2_recv_base fd=39, options=20
0009:trace:winsock:WS2_recv_base  -> 16 bytes
0009:trace:winsock:WS2_sendto socket 0138, wsabuf 0x32f964, nbufs 1, flags 0, to 0x6a26014, tolen 16, ovl (nil), func (nil)
0009:trace:winsock:WS2_sendto fd=39, options=20
0009:trace:winsock:WS2_sendto  -> 16 bytes
0009:trace:winsock:WS2_sendto socket 0138, wsabuf 0x32f964, nbufs 1, flags 0, to 0x6a26014, tolen 16, ovl (nil), func (nil)
0009:trace:winsock:WS2_sendto fd=39, options=20
0009:trace:winsock:WS2_sendto  -> 16 bytes
0009:trace:winsock:WS2_sendto socket 0138, wsabuf 0x32f5e4, nbufs 1, flags 0, to 0x6a26014, tolen 16, ovl (nil), func (nil)
0009:trace:winsock:WS2_sendto fd=39, options=20
0009:trace:winsock:WS2_sendto  -> 10 bytes
0009:trace:winsock:WS2_sendto socket 0138, wsabuf 0x32f5e4, nbufs 1, flags 0, to 0x6a26014, tolen 16, ovl (nil), func (nil)
0009:trace:winsock:WS2_sendto fd=39, options=20
0009:trace:winsock:WS2_sendto  -> 10 bytes
0009:trace:winsock:WS2_recv_base socket 0138, wsabuf 0x32f6e4, nbufs 1, flags 0, from 0x32f734, fromlen 16, ovl (nil), func (nil)
0009:trace:winsock:WS2_recv_base fd=39, options=20
0009:trace:winsock:WS2_recv_base  -> 16 bytes
0009:trace:winsock:WS2_recv_base socket 0138, wsabuf 0x32f6e4, nbufs 1, flags 0, from 0x32f734, fromlen 16, ovl (nil), func (nil)
0009:trace:winsock:WS2_recv_base fd=39, options=20
0009:trace:winsock:WS2_recv_base  -> 10 bytes
0009:trace:winsock:WS2_recv_base socket 0138, wsabuf 0x32f6e4, nbufs 1, flags 0, from 0x32f734, fromlen 16, ovl (nil), func (nil)
0009:trace:winsock:WS2_recv_base fd=39, options=20
0009:trace:winsock:WS2_recv_base  -> 12 bytes
0009:trace:winsock:WS2_sendto socket 0138, wsabuf 0x32ef34, nbufs 1, flags 0, to 0x6a26014, tolen 16, ovl (nil), func (nil)
0009:trace:winsock:WS2_sendto fd=39, options=20
0009:trace:winsock:WS2_sendto  -> 12 bytes
0009:trace:winsock:WS2_recv_base socket 0138, wsabuf 0x32f6e4, nbufs 1, flags 0, from 0x32f734, fromlen 16, ovl (nil), func (nil)
0009:trace:winsock:WS2_recv_base fd=39, options=20
0009:trace:winsock:WS2_recv_base  -> 10 bytes
0009:trace:winsock:WS2_sendto socket 0138, wsabuf 0x32f5e4, nbufs 1, flags 0, to 0x6a26014, tolen 16, ovl (nil), func (nil)
0009:trace:winsock:WS2_sendto fd=39, options=20
0009:trace:winsock:WS2_sendto  -> 10 bytes
0009:trace:winsock:WS2_sendto socket 0138, wsabuf 0x32f5e4, nbufs 1, flags 0, to 0x6a26014, tolen 16, ovl (nil), func (nil)
0009:trace:winsock:WS2_sendto fd=39, options=20
0009:trace:winsock:WS2_sendto  -> 10 bytes
0009:trace:winsock:WS2_recv_base socket 0138, wsabuf 0x32f6e4, nbufs 1, flags 0, from 0x32f734, fromlen 16, ovl (nil), func (nil)
0009:trace:winsock:WS2_recv_base fd=39, options=20
0009:trace:winsock:WS2_recv_base  -> 10 bytes
0009:trace:winsock:WS2_recv_base socket 0138, wsabuf 0x32f6e4, nbufs 1, flags 0, from 0x32f734, fromlen 16, ovl (nil), func (nil)
0009:trace:winsock:WS2_recv_base fd=39, options=20
0009:trace:winsock:WS2_recv_base  -> 10 bytes
0009:trace:winsock:WS2_recv_base socket 0138, wsabuf 0x32f6e4, nbufs 1, flags 0, from 0x32f734, fromlen 16, ovl (nil), func (nil)
0009:trace:winsock:WS2_recv_base fd=39, options=20
0009:trace:winsock:WS2_recv_base  -> 16 bytes
0009:trace:winsock:WS2_sendto socket 0138, wsabuf 0x32f5e4, nbufs 1, flags 0, to 0x6a26014, tolen 16, ovl (nil), func (nil)
0009:trace:winsock:WS2_sendto fd=39, options=20
0009:trace:winsock:WS2_sendto  -> 10 bytes
0009:trace:winsock:WS2_sendto socket 0138, wsabuf 0x32f5e4, nbufs 1, flags 0, to 0x6a26014, tolen 16, ovl (nil), func (nil)
0009:trace:winsock:WS2_sendto fd=39, options=20
0009:trace:winsock:WS2_sendto  -> 10 bytes
0009:trace:winsock:WS2_recv_base socket 0138, wsabuf 0x32f6e4, nbufs 1, flags 0, from 0x32f734, fromlen 16, ovl (nil), func (nil)
0009:trace:winsock:WS2_recv_base fd=39, options=20
0009:trace:winsock:WS2_recv_base  -> 10 bytes
0009:trace:winsock:WS2_recv_base socket 0138, wsabuf 0x32f6e4, nbufs 1, flags 0, from 0x32f734, fromlen 16, ovl (nil), func (nil)
0009:trace:winsock:WS2_recv_base fd=39, options=20
0009:trace:winsock:WS2_recv_base  -> 16 bytes
0009:trace:winsock:WS2_sendto socket 0138, wsabuf 0x32f894, nbufs 1, flags 0, to 0x6a26014, tolen 16, ovl (nil), func (nil)
0009:trace:winsock:WS2_sendto fd=39, options=20
0009:trace:winsock:WS2_sendto  -> 16 bytes
0009:trace:winsock:WS2_sendto socket 0138, wsabuf 0x32f894, nbufs 1, flags 0, to 0x6a26014, tolen 16, ovl (nil), func (nil)
0009:trace:winsock:WS2_sendto fd=39, options=20
0009:trace:winsock:WS2_sendto  -> 16 bytes
0009:trace:winsock:WS2_recv_base socket 0138, wsabuf 0x32f6e4, nbufs 1, flags 0, from 0x32f734, fromlen 16, ovl (nil), func (nil)
0009:trace:winsock:WS2_recv_base fd=39, options=20
0009:trace:winsock:WS2_recv_base  -> 10 bytes
0009:trace:winsock:WS2_sendto socket 0138, wsabuf 0x32f5e4, nbufs 1, flags 0, to 0x6a26014, tolen 16, ovl (nil), func (nil)
0009:trace:winsock:WS2_sendto fd=39, options=20
0009:trace:winsock:WS2_sendto  -> 10 bytes
0009:trace:winsock:WS2_sendto socket 0138, wsabuf 0x32f5e4, nbufs 1, flags 0, to 0x6a26014, tolen 16, ovl (nil), func (nil)
0009:trace:winsock:WS2_sendto fd=39, options=20
0009:trace:winsock:WS2_sendto  -> 10 bytes
0009:trace:winsock:WS2_recv_base socket 0138, wsabuf 0x32f6e4, nbufs 1, flags 0, from 0x32f734, fromlen 16, ovl (nil), func (nil)
0009:trace:winsock:WS2_recv_base fd=39, options=20
0009:trace:winsock:WS2_recv_base  -> 10 bytes
0009:trace:winsock:WS2_sendto socket 0138, wsabuf 0x32f9c4, nbufs 1, flags 0, to 0x6a26014, tolen 16, ovl (nil), func (nil)
0009:trace:winsock:WS2_sendto fd=39, options=20
0009:trace:winsock:WS2_sendto  -> 12 bytes
0009:trace:winsock:WS2_sendto socket 0138, wsabuf 0x32f9c4, nbufs 1, flags 0, to 0x6a26014, tolen 16, ovl (nil), func (nil)
0009:trace:winsock:WS2_sendto fd=39, options=20
0009:trace:winsock:WS2_sendto  -> 12 bytes
0009:trace:winsock:WS2_recv_base socket 0138, wsabuf 0x32f6e4, nbufs 1, flags 0, from 0x32f734, fromlen 16, ovl (nil), func (nil)
0009:trace:winsock:WS2_recv_base fd=39, options=20
0009:trace:winsock:WS2_recv_base  -> 12 bytes
0009:trace:winsock:WS2_recv_base socket 0138, wsabuf 0x32f6e4, nbufs 1, flags 0, from 0x32f734, fromlen 16, ovl (nil), func (nil)
0009:trace:winsock:WS2_recv_base fd=39, options=20
0009:trace:winsock:WS2_recv_base  -> 12 bytes
0009:trace:winsock:WS2_recv_base socket 0138, wsabuf 0x32f6e4, nbufs 1, flags 0, from 0x32f734, fromlen 16, ovl (nil), func (nil)
0009:trace:winsock:WS2_recv_base fd=39, options=20
0009:trace:winsock:WS2_recv_base  -> 12 bytes
0009:trace:winsock:WS2_sendto socket 0138, wsabuf 0x32ef34, nbufs 1, flags 0, to 0x6a26014, tolen 16, ovl (nil), func (nil)
0009:trace:winsock:WS2_sendto fd=39, options=20
0009:trace:winsock:WS2_sendto  -> 12 bytes
0009:trace:winsock:WS2_recv_base socket 0138, wsabuf 0x32f6e4, nbufs 1, flags 0, from 0x32f734, fromlen 16, ovl (nil), func (nil)
0009:trace:winsock:WS2_recv_base fd=39, options=20
0009:trace:winsock:WS2_recv_base  -> 10 bytes
0009:trace:winsock:WS2_sendto socket 0138, wsabuf 0x32f5e4, nbufs 1, flags 0, to 0x6a26014, tolen 16, ovl (nil), func (nil)
0009:trace:winsock:WS2_sendto fd=39, options=20
0009:trace:winsock:WS2_sendto  -> 10 bytes
0009:trace:winsock:WS2_sendto socket 0138, wsabuf 0x32f5e4, nbufs 1, flags 0, to 0x6a26014, tolen 16, ovl (nil), func (nil)
0009:trace:winsock:WS2_sendto fd=39, options=20
0009:trace:winsock:WS2_sendto  -> 10 bytes
0009:trace:winsock:WS2_recv_base socket 0138, wsabuf 0x32f6e4, nbufs 1, flags 0, from 0x32f734, fromlen 16, ovl (nil), func (nil)
0009:trace:winsock:WS2_recv_base fd=39, options=20
0009:trace:winsock:WS2_recv_base  -> 16 bytes
0009:trace:winsock:WS2_recv_base socket 0138, wsabuf 0x32f6e4, nbufs 1, flags 0, from 0x32f734, fromlen 16, ovl (nil), func (nil)
0009:trace:winsock:WS2_recv_base fd=39, options=20
0009:trace:winsock:WS2_recv_base  -> 10 bytes
0009:trace:winsock:WS2_recv_base socket 0138, wsabuf 0x32f6e4, nbufs 1, flags 0, from 0x32f734, fromlen 16, ovl (nil), func (nil)
0009:trace:winsock:WS2_recv_base fd=39, options=20
0009:trace:winsock:WS2_recv_base  -> 16 bytes
0009:trace:winsock:WS2_sendto socket 0138, wsabuf 0x32f894, nbufs 1, flags 0, to 0x6a26014, tolen 16, ovl (nil), func (nil)
0009:trace:winsock:WS2_sendto fd=39, options=20
0009:trace:winsock:WS2_sendto  -> 16 bytes
0009:trace:winsock:WS2_sendto socket 0138, wsabuf 0x32f894, nbufs 1, flags 0, to 0x6a26014, tolen 16, ovl (nil), func (nil)
0009:trace:winsock:WS2_sendto fd=39, options=20
0009:trace:winsock:WS2_sendto  -> 16 bytes
0009:trace:winsock:WS2_recv_base socket 0138, wsabuf 0x32f6e4, nbufs 1, flags 0, from 0x32f734, fromlen 16, ovl (nil), func (nil)
0009:trace:winsock:WS2_recv_base fd=39, options=20
0009:trace:winsock:WS2_recv_base  -> 10 bytes
0009:trace:winsock:WS2_sendto socket 0138, wsabuf 0x32f5e4, nbufs 1, flags 0, to 0x6a26014, tolen 16, ovl (nil), func (nil)
0009:trace:winsock:WS2_sendto fd=39, options=20
0009:trace:winsock:WS2_sendto  -> 10 bytes
0009:trace:winsock:WS2_sendto socket 0138, wsabuf 0x32f5e4, nbufs 1, flags 0, to 0x6a26014, tolen 16, ovl (nil), func (nil)
0009:trace:winsock:WS2_sendto fd=39, options=20
0009:trace:winsock:WS2_sendto  -> 10 bytes
0009:trace:winsock:WS2_recv_base socket 0138, wsabuf 0x32f6e4, nbufs 1, flags 0, from 0x32f734, fromlen 16, ovl (nil), func (nil)
0009:trace:winsock:WS2_recv_base fd=39, options=20
0009:trace:winsock:WS2_recv_base  -> 12 bytes
0009:trace:winsock:WS2_sendto socket 0138, wsabuf 0x32ef34, nbufs 1, flags 0, to 0x6a26014, tolen 16, ovl (nil), func (nil)
0009:trace:winsock:WS2_sendto fd=39, options=20
0009:trace:winsock:WS2_sendto  -> 12 bytes
0009:trace:winsock:WS2_recv_base socket 0138, wsabuf 0x32f6e4, nbufs 1, flags 0, from 0x32f734, fromlen 16, ovl (nil), func (nil)
0009:trace:winsock:WS2_recv_base fd=39, options=20
0009:trace:winsock:WS2_recv_base  -> 10 bytes
0009:trace:winsock:WS2_recv_base socket 0138, wsabuf 0x32f6e4, nbufs 1, flags 0, from 0x32f734, fromlen 16, ovl (nil), func (nil)
0009:trace:winsock:WS2_recv_base fd=39, options=20
0009:trace:winsock:WS2_recv_base  -> 10 bytes
0009:trace:winsock:WS2_recv_base socket 0138, wsabuf 0x32f6e4, nbufs 1, flags 0, from 0x32f734, fromlen 16, ovl (nil), func (nil)
0009:trace:winsock:WS2_recv_base fd=39, options=20
0009:trace:winsock:WS2_recv_base  -> 16 bytes
0009:trace:winsock:WS2_sendto socket 0138, wsabuf 0x32f5e4, nbufs 1, flags 0, to 0x6a26014, tolen 16, ovl (nil), func (nil)
0009:trace:winsock:WS2_sendto fd=39, options=20
0009:trace:winsock:WS2_sendto  -> 10 bytes
0009:trace:winsock:WS2_sendto socket 0138, wsabuf 0x32f5e4, nbufs 1, flags 0, to 0x6a26014, tolen 16, ovl (nil), func (nil)
0009:trace:winsock:WS2_sendto fd=39, options=20
0009:trace:winsock:WS2_sendto  -> 10 bytes
0009:trace:winsock:WS2_recv_base socket 0138, wsabuf 0x32f6e4, nbufs 1, flags 0, from 0x32f734, fromlen 16, ovl (nil), func (nil)
0009:trace:winsock:WS2_recv_base fd=39, options=20
0009:trace:winsock:WS2_recv_base  -> 16 bytes
0009:trace:winsock:WS2_sendto socket 0138, wsabuf 0x32f964, nbufs 1, flags 0, to 0x6a26014, tolen 16, ovl (nil), func (nil)
0009:trace:winsock:WS2_sendto fd=39, options=20
0009:trace:winsock:WS2_sendto  -> 16 bytes
0009:trace:winsock:WS2_sendto socket 0138, wsabuf 0x32f964, nbufs 1, flags 0, to 0x6a26014, tolen 16, ovl (nil), func (nil)
0009:trace:winsock:WS2_sendto fd=39, options=20
0009:trace:winsock:WS2_sendto  -> 16 bytes
0009:trace:winsock:WS2_recv_base socket 0138, wsabuf 0x32f6e4, nbufs 1, flags 0, from 0x32f734, fromlen 16, ovl (nil), func (nil)
0009:trace:winsock:WS2_recv_base fd=39, options=20
0009:trace:winsock:WS2_recv_base  -> 10 bytes
0009:trace:winsock:WS2_recv_base socket 0138, wsabuf 0x32f6e4, nbufs 1, flags 0, from 0x32f734, fromlen 16, ovl (nil), func (nil)
0009:trace:winsock:WS2_recv_base fd=39, options=20
0009:trace:winsock:WS2_recv_base  -> 10 bytes
0009:trace:winsock:WS2_sendto socket 0138, wsabuf 0x32f5e4, nbufs 1, flags 0, to 0x6a26014, tolen 16, ovl (nil), func (nil)
0009:trace:winsock:WS2_sendto fd=39, options=20
0009:trace:winsock:WS2_sendto  -> 10 bytes
0009:trace:winsock:WS2_sendto socket 0138, wsabuf 0x32f5e4, nbufs 1, flags 0, to 0x6a26014, tolen 16, ovl (nil), func (nil)
0009:trace:winsock:WS2_sendto fd=39, options=20
0009:trace:winsock:WS2_sendto  -> 10 bytes
0009:trace:winsock:WS2_recv_base socket 0138, wsabuf 0x32f6e4, nbufs 1, flags 0, from 0x32f734, fromlen 16, ovl (nil), func (nil)
0009:trace:winsock:WS2_recv_base fd=39, options=20
0009:trace:winsock:WS2_recv_base  -> 10 bytes
0009:trace:winsock:WS2_sendto socket 0138, wsabuf 0x32f9c4, nbufs 1, flags 0, to 0x6a26014, tolen 16, ovl (nil), func (nil)
0009:trace:winsock:WS2_sendto fd=39, options=20
0009:trace:winsock:WS2_sendto  -> 12 bytes
0009:trace:winsock:WS2_sendto socket 0138, wsabuf 0x32f9c4, nbufs 1, flags 0, to 0x6a26014, tolen 16, ovl (nil), func (nil)
0009:trace:winsock:WS2_sendto fd=39, options=20
0009:trace:winsock:WS2_sendto  -> 12 bytes
0009:trace:winsock:WS2_recv_base socket 0138, wsabuf 0x32f6e4, nbufs 1, flags 0, from 0x32f734, fromlen 16, ovl (nil), func (nil)
0009:trace:winsock:WS2_recv_base fd=39, options=20
0009:trace:winsock:WS2_recv_base  -> 12 bytes
0009:trace:winsock:WS2_recv_base socket 0138, wsabuf 0x32f6e4, nbufs 1, flags 0, from 0x32f734, fromlen 16, ovl (nil), func (nil)
0009:trace:winsock:WS2_recv_base fd=39, options=20
0009:trace:winsock:WS2_recv_base  -> 12 bytes
0009:trace:winsock:WS2_recv_base socket 0138, wsabuf 0x32f6e4, nbufs 1, flags 0, from 0x32f734, fromlen 16, ovl (nil), func (nil)
0009:trace:winsock:WS2_recv_base fd=39, options=20
0009:trace:winsock:WS2_recv_base  -> 12 bytes
0009:trace:winsock:WS2_sendto socket 0138, wsabuf 0x32ef34, nbufs 1, flags 0, to 0x6a26014, tolen 16, ovl (nil), func (nil)
0009:trace:winsock:WS2_sendto fd=39, options=20
0009:trace:winsock:WS2_sendto  -> 12 bytes
0009:trace:winsock:WS2_recv_base socket 0138, wsabuf 0x32f6e4, nbufs 1, flags 0, from 0x32f734, fromlen 16, ovl (nil), func (nil)
0009:trace:winsock:WS2_recv_base fd=39, options=20
0009:trace:winsock:WS2_recv_base  -> 16 bytes
0009:trace:winsock:WS2_recv_base socket 0138, wsabuf 0x32f6e4, nbufs 1, flags 0, from 0x32f734, fromlen 16, ovl (nil), func (nil)
0009:trace:winsock:WS2_recv_base fd=39, options=20
0009:trace:winsock:WS2_recv_base  -> 10 bytes
0009:trace:winsock:WS2_recv_base socket 0138, wsabuf 0x32f6e4, nbufs 1, flags 0, from 0x32f734, fromlen 16, ovl (nil), func (nil)
0009:trace:winsock:WS2_recv_base fd=39, options=20
0009:trace:winsock:WS2_recv_base  -> 16 bytes
0009:trace:winsock:WS2_sendto socket 0138, wsabuf 0x32f5e4, nbufs 1, flags 0, to 0x6a26014, tolen 16, ovl (nil), func (nil)
0009:trace:winsock:WS2_sendto fd=39, options=20
0009:trace:winsock:WS2_sendto  -> 10 bytes
0009:trace:winsock:WS2_sendto socket 0138, wsabuf 0x32f5e4, nbufs 1, flags 0, to 0x6a26014, tolen 16, ovl (nil), func (nil)
0009:trace:winsock:WS2_sendto fd=39, options=20
0009:trace:winsock:WS2_sendto  -> 10 bytes
0009:trace:winsock:WS2_sendto socket 0138, wsabuf 0x32f964, nbufs 1, flags 0, to 0x6a26014, tolen 16, ovl (nil), func (nil)
0009:trace:winsock:WS2_sendto fd=39, options=20
0009:trace:winsock:WS2_sendto  -> 16 bytes
0009:trace:winsock:WS2_sendto socket 0138, wsabuf 0x32f964, nbufs 1, flags 0, to 0x6a26014, tolen 16, ovl (nil), func (nil)
0009:trace:winsock:WS2_sendto fd=39, options=20
0009:trace:winsock:WS2_sendto  -> 16 bytes
0009:trace:winsock:WS2_recv_base socket 0138, wsabuf 0x32f6e4, nbufs 1, flags 0, from 0x32f734, fromlen 16, ovl (nil), func (nil)
0009:trace:winsock:WS2_recv_base fd=39, options=20
0009:trace:winsock:WS2_recv_base  -> 10 bytes
0009:trace:winsock:WS2_recv_base socket 0138, wsabuf 0x32f6e4, nbufs 1, flags 0, from 0x32f734, fromlen 16, ovl (nil), func (nil)
0009:trace:winsock:WS2_recv_base fd=39, options=20
0009:trace:winsock:WS2_recv_base  -> 10 bytes
0009:trace:winsock:WS2_sendto socket 0138, wsabuf 0x32f5e4, nbufs 1, flags 0, to 0x6a26014, tolen 16, ovl (nil), func (nil)
0009:trace:winsock:WS2_sendto fd=39, options=20
0009:trace:winsock:WS2_sendto  -> 10 bytes
0009:trace:winsock:WS2_sendto socket 0138, wsabuf 0x32f5e4, nbufs 1, flags 0, to 0x6a26014, tolen 16, ovl (nil), func (nil)
0009:trace:winsock:WS2_sendto fd=39, options=20
0009:trace:winsock:WS2_sendto  -> 10 bytes
0009:trace:winsock:WS2_recv_base socket 0138, wsabuf 0x32f6e4, nbufs 1, flags 0, from 0x32f734, fromlen 16, ovl (nil), func (nil)
0009:trace:winsock:WS2_recv_base fd=39, options=20
0009:trace:winsock:WS2_recv_base  -> 12 bytes
0009:trace:winsock:WS2_sendto socket 0138, wsabuf 0x32ef34, nbufs 1, flags 0, to 0x6a26014, tolen 16, ovl (nil), func (nil)
0009:trace:winsock:WS2_sendto fd=39, options=20
0009:trace:winsock:WS2_sendto  -> 12 bytes
0009:trace:winsock:WS2_recv_base socket 0138, wsabuf 0x32f6e4, nbufs 1, flags 0, from 0x32f734, fromlen 16, ovl (nil), func (nil)
0009:trace:winsock:WS2_recv_base fd=39, options=20
0009:trace:winsock:WS2_recv_base  -> 10 bytes
0009:trace:winsock:WS2_recv_base socket 0138, wsabuf 0x32f6e4, nbufs 1, flags 0, from 0x32f734, fromlen 16, ovl (nil), func (nil)
0009:trace:winsock:WS2_recv_base fd=39, options=20
0009:trace:winsock:WS2_recv_base  -> 16 bytes
0009:trace:winsock:WS2_recv_base socket 0138, wsabuf 0x32f6e4, nbufs 1, flags 0, from 0x32f734, fromlen 16, ovl (nil), func (nil)
0009:trace:winsock:WS2_recv_base fd=39, options=20
0009:trace:winsock:WS2_recv_base  -> 10 bytes
0009:trace:winsock:WS2_sendto socket 0138, wsabuf 0x32f964, nbufs 1, flags 0, to 0x6a26014, tolen 16, ovl (nil), func (nil)
0009:trace:winsock:WS2_sendto fd=39, options=20
0009:trace:winsock:WS2_sendto  -> 16 bytes
0009:trace:winsock:WS2_sendto socket 0138, wsabuf 0x32f964, nbufs 1, flags 0, to 0x6a26014, tolen 16, ovl (nil), func (nil)
0009:trace:winsock:WS2_sendto fd=39, options=20
0009:trace:winsock:WS2_sendto  -> 16 bytes
0009:trace:winsock:WS2_recv_base socket 0138, wsabuf 0x32f6e4, nbufs 1, flags 0, from 0x32f734, fromlen 16, ovl (nil), func (nil)
0009:trace:winsock:WS2_recv_base fd=39, options=20
0009:trace:winsock:WS2_recv_base  -> 16 bytes
0009:trace:winsock:WS2_sendto socket 0138, wsabuf 0x32f5e4, nbufs 1, flags 0, to 0x6a26014, tolen 16, ovl (nil), func (nil)
0009:trace:winsock:WS2_sendto fd=39, options=20
0009:trace:winsock:WS2_sendto  -> 10 bytes
0009:trace:winsock:WS2_sendto socket 0138, wsabuf 0x32f5e4, nbufs 1, flags 0, to 0x6a26014, tolen 16, ovl (nil), func (nil)
0009:trace:winsock:WS2_sendto fd=39, options=20
0009:trace:winsock:WS2_sendto  -> 10 bytes
0009:trace:winsock:WS2_recv_base socket 0138, wsabuf 0x32f6e4, nbufs 1, flags 0, from 0x32f734, fromlen 16, ovl (nil), func (nil)
0009:trace:winsock:WS2_recv_base fd=39, options=20
0009:trace:winsock:WS2_recv_base  -> 10 bytes
0009:trace:winsock:WS2_sendto socket 0138, wsabuf 0x32f5e4, nbufs 1, flags 0, to 0x6a26014, tolen 16, ovl (nil), func (nil)
0009:trace:winsock:WS2_sendto fd=39, options=20
0009:trace:winsock:WS2_sendto  -> 10 bytes
0009:trace:winsock:WS2_recv_base socket 0138, wsabuf 0x32f6e4, nbufs 1, flags 0, from 0x32f734, fromlen 16, ovl (nil), func (nil)
0009:trace:winsock:WS2_recv_base fd=39, options=20
0009:trace:winsock:WS2_recv_base  -> 10 bytes
0009:trace:winsock:WS2_sendto socket 0138, wsabuf 0x32f5e4, nbufs 1, flags 0, to 0x6a26014, tolen 16, ovl (nil), func (nil)
0009:trace:winsock:WS2_sendto fd=39, options=20
0009:trace:winsock:WS2_sendto  -> 10 bytes
0009:trace:winsock:WS2_recv_base socket 0138, wsabuf 0x32f6e4, nbufs 1, flags 0, from 0x32f734, fromlen 16, ovl (nil), func (nil)
0009:trace:winsock:WS2_recv_base fd=39, options=20
0009:trace:winsock:WS2_recv_base  -> 16 bytes
0009:trace:winsock:WS2_recv_base socket 0138, wsabuf 0x32f6e4, nbufs 1, flags 0, from 0x32f734, fromlen 16, ovl (nil), func (nil)
0009:trace:winsock:WS2_recv_base fd=39, options=20
0009:trace:winsock:WS2_recv_base  -> 10 bytes
0009:trace:winsock:WS2_sendto socket 0138, wsabuf 0x32f964, nbufs 1, flags 0, to 0x6a26014, tolen 16, ovl (nil), func (nil)
0009:trace:winsock:WS2_sendto fd=39, options=20
0009:trace:winsock:WS2_sendto  -> 16 bytes
0009:trace:winsock:WS2_sendto socket 0138, wsabuf 0x32f964, nbufs 1, flags 0, to 0x6a26014, tolen 16, ovl (nil), func (nil)
0009:trace:winsock:WS2_sendto fd=39, options=20
0009:trace:winsock:WS2_sendto  -> 16 bytes
0009:trace:winsock:WS2_recv_base socket 0138, wsabuf 0x32f6e4, nbufs 1, flags 0, from 0x32f734, fromlen 16, ovl (nil), func (nil)
0009:trace:winsock:WS2_recv_base fd=39, options=20
0009:trace:winsock:WS2_recv_base  -> 16 bytes
0009:trace:winsock:WS2_sendto socket 0138, wsabuf 0x32f9c4, nbufs 1, flags 0, to 0x6a26014, tolen 16, ovl (nil), func (nil)
0009:trace:winsock:WS2_sendto fd=39, options=20
0009:trace:winsock:WS2_sendto  -> 12 bytes
0009:trace:winsock:WS2_sendto socket 0138, wsabuf 0x32f9c4, nbufs 1, flags 0, to 0x6a26014, tolen 16, ovl (nil), func (nil)
0009:trace:winsock:WS2_sendto fd=39, options=20
0009:trace:winsock:WS2_sendto  -> 12 bytes
0009:trace:winsock:WS2_recv_base socket 0138, wsabuf 0x32f6e4, nbufs 1, flags 0, from 0x32f734, fromlen 16, ovl (nil), func (nil)
0009:trace:winsock:WS2_recv_base fd=39, options=20
0009:trace:winsock:WS2_recv_base  -> 12 bytes
0009:trace:winsock:WS2_recv_base socket 0138, wsabuf 0x32f6e4, nbufs 1, flags 0, from 0x32f734, fromlen 16, ovl (nil), func (nil)
0009:trace:winsock:WS2_recv_base fd=39, options=20
0009:trace:winsock:WS2_recv_base  -> 12 bytes
0009:trace:winsock:WS2_sendto socket 0138, wsabuf 0x32ef34, nbufs 1, flags 0, to 0x6a26014, tolen 16, ovl (nil), func (nil)
0009:trace:winsock:WS2_sendto fd=39, options=20
0009:trace:winsock:WS2_sendto  -> 12 bytes
0009:trace:winsock:WS2_recv_base socket 0138, wsabuf 0x32f6e4, nbufs 1, flags 0, from 0x32f734, fromlen 16, ovl (nil), func (nil)
0009:trace:winsock:WS2_recv_base fd=39, options=20
0009:trace:winsock:WS2_recv_base  -> 12 bytes
0009:trace:winsock:WS2_recv_base socket 0138, wsabuf 0x32f6e4, nbufs 1, flags 0, from 0x32f734, fromlen 16, ovl (nil), func (nil)
0009:trace:winsock:WS2_recv_base fd=39, options=20
0009:trace:winsock:WS2_recv_base  -> 10 bytes
0009:trace:winsock:WS2_sendto socket 0138, wsabuf 0x32f5e4, nbufs 1, flags 0, to 0x6a26014, tolen 16, ovl (nil), func (nil)
0009:trace:winsock:WS2_sendto fd=39, options=20
0009:trace:winsock:WS2_sendto  -> 10 bytes
0009:trace:winsock:WS2_sendto socket 0138, wsabuf 0x32f5e4, nbufs 1, flags 0, to 0x6a26014, tolen 16, ovl (nil), func (nil)
0009:trace:winsock:WS2_sendto fd=39, options=20
0009:trace:winsock:WS2_sendto  -> 10 bytes
0009:trace:winsock:WS2_recv_base socket 0138, wsabuf 0x32f6e4, nbufs 1, flags 0, from 0x32f734, fromlen 16, ovl (nil), func (nil)
0009:trace:winsock:WS2_recv_base fd=39, options=20
0009:trace:winsock:WS2_recv_base  -> 10 bytes
0009:trace:winsock:WS2_recv_base socket 0138, wsabuf 0x32f6e4, nbufs 1, flags 0, from 0x32f734, fromlen 16, ovl (nil), func (nil)
0009:trace:winsock:WS2_recv_base fd=39, options=20
0009:trace:winsock:WS2_recv_base  -> 16 bytes
0009:trace:winsock:WS2_sendto socket 0138, wsabuf 0x32f5e4, nbufs 1, flags 0, to 0x6a26014, tolen 16, ovl (nil), func (nil)
0009:trace:winsock:WS2_sendto fd=39, options=20
0009:trace:winsock:WS2_sendto  -> 10 bytes
0009:trace:winsock:WS2_recv_base socket 0138, wsabuf 0x32f6e4, nbufs 1, flags 0, from 0x32f734, fromlen 16, ovl (nil), func (nil)
0009:trace:winsock:WS2_recv_base fd=39, options=20
0009:trace:winsock:WS2_recv_base  -> 10 bytes
0009:trace:winsock:WS2_recv_base socket 0138, wsabuf 0x32f6e4, nbufs 1, flags 0, from 0x32f734, fromlen 16, ovl (nil), func (nil)
0009:trace:winsock:WS2_recv_base fd=39, options=20
0009:trace:winsock:WS2_recv_base  -> 27 bytes
0009:trace:winsock:WS2_sendto socket 0138, wsabuf 0x32f5e4, nbufs 1, flags 0, to 0x6a26014, tolen 16, ovl (nil), func (nil)
0009:trace:winsock:WS2_sendto fd=39, options=20
0009:trace:winsock:WS2_sendto  -> 10 bytes
0009:trace:winsock:WS2_recv_base socket 0138, wsabuf 0x32f6e4, nbufs 1, flags 0, from 0x32f734, fromlen 16, ovl (nil), func (nil)
0009:trace:winsock:WS2_recv_base fd=39, options=20
0009:trace:winsock:WS2_recv_base  -> 12 bytes
0009:trace:winsock:WS2_sendto socket 0138, wsabuf 0x32ef34, nbufs 1, flags 0, to 0x6a26014, tolen 16, ovl (nil), func (nil)
0009:trace:winsock:WS2_sendto fd=39, options=20
0009:trace:winsock:WS2_sendto  -> 12 bytes
0009:trace:winsock:WS2_sendto socket 0138, wsabuf 0x32f964, nbufs 1, flags 0, to 0x6a26014, tolen 16, ovl (nil), func (nil)
0009:trace:winsock:WS2_sendto fd=39, options=20
0009:trace:winsock:WS2_sendto  -> 16 bytes
0009:trace:winsock:WS2_sendto socket 0138, wsabuf 0x32f964, nbufs 1, flags 0, to 0x6a26014, tolen 16, ovl (nil), func (nil)
0009:trace:winsock:WS2_sendto fd=39, options=20
0009:trace:winsock:WS2_sendto  -> 16 bytes
0009:trace:winsock:WS2_recv_base socket 0138, wsabuf 0x32f6e4, nbufs 1, flags 0, from 0x32f734, fromlen 16, ovl (nil), func (nil)
0009:trace:winsock:WS2_recv_base fd=39, options=20
0009:trace:winsock:WS2_recv_base  -> 10 bytes
0009:trace:winsock:WS2_recv_base socket 0138, wsabuf 0x32f6e4, nbufs 1, flags 0, from 0x32f734, fromlen 16, ovl (nil), func (nil)
0009:trace:winsock:WS2_recv_base fd=39, options=20
0009:trace:winsock:WS2_recv_base  -> 16 bytes
0009:trace:winsock:WS2_recv_base socket 0138, wsabuf 0x32f6e4, nbufs 1, flags 0, from 0x32f734, fromlen 16, ovl (nil), func (nil)
0009:trace:winsock:WS2_recv_base fd=39, options=20
0009:trace:winsock:WS2_recv_base  -> 10 bytes
0009:trace:winsock:WS2_sendto socket 0138, wsabuf 0x32f5e4, nbufs 1, flags 0, to 0x6a26014, tolen 16, ovl (nil), func (nil)
0009:trace:winsock:WS2_sendto fd=39, options=20
0009:trace:winsock:WS2_sendto  -> 10 bytes
0009:trace:winsock:WS2_sendto socket 0138, wsabuf 0x32f5e4, nbufs 1, flags 0, to 0x6a26014, tolen 16, ovl (nil), func (nil)
0009:trace:winsock:WS2_sendto fd=39, options=20
0009:trace:winsock:WS2_sendto  -> 10 bytes
0009:trace:winsock:WS2_recv_base socket 0138, wsabuf 0x32f6e4, nbufs 1, flags 0, from 0x32f734, fromlen 16, ovl (nil), func (nil)
0009:trace:winsock:WS2_recv_base fd=39, options=20
0009:trace:winsock:WS2_recv_base  -> 10 bytes
0009:trace:winsock:WS2_recv_base socket 0138, wsabuf 0x32f6e4, nbufs 1, flags 0, from 0x32f734, fromlen 16, ovl (nil), func (nil)
0009:trace:winsock:WS2_recv_base fd=39, options=20
0009:trace:winsock:WS2_recv_base  -> 16 bytes
0009:trace:winsock:WS2_sendto socket 0138, wsabuf 0x32f964, nbufs 1, flags 0, to 0x6a26014, tolen 16, ovl (nil), func (nil)
0009:trace:winsock:WS2_sendto fd=39, options=20
0009:trace:winsock:WS2_sendto  -> 16 bytes
0009:trace:winsock:WS2_sendto socket 0138, wsabuf 0x32f964, nbufs 1, flags 0, to 0x6a26014, tolen 16, ovl (nil), func (nil)
0009:trace:winsock:WS2_sendto fd=39, options=20
0009:trace:winsock:WS2_sendto  -> 16 bytes
0009:trace:winsock:WS2_recv_base socket 0138, wsabuf 0x32f6e4, nbufs 1, flags 0, from 0x32f734, fromlen 16, ovl (nil), func (nil)
0009:trace:winsock:WS2_recv_base fd=39, options=20
0009:trace:winsock:WS2_recv_base  -> 10 bytes
0009:trace:winsock:WS2_sendto socket 0138, wsabuf 0x32f5e4, nbufs 1, flags 0, to 0x6a26014, tolen 16, ovl (nil), func (nil)
0009:trace:winsock:WS2_sendto fd=39, options=20
0009:trace:winsock:WS2_sendto  -> 10 bytes
0009:trace:winsock:WS2_sendto socket 0138, wsabuf 0x32f5e4, nbufs 1, flags 0, to 0x6a26014, tolen 16, ovl (nil), func (nil)
0009:trace:winsock:WS2_sendto fd=39, options=20
0009:trace:winsock:WS2_sendto  -> 10 bytes
0009:trace:winsock:WS2_recv_base socket 0138, wsabuf 0x32f6e4, nbufs 1, flags 0, from 0x32f734, fromlen 16, ovl (nil), func (nil)
0009:trace:winsock:WS2_recv_base fd=39, options=20
0009:trace:winsock:WS2_recv_base  -> 10 bytes
0009:trace:winsock:WS2_recv_base socket 0138, wsabuf 0x32f6e4, nbufs 1, flags 0, from 0x32f734, fromlen 16, ovl (nil), func (nil)
0009:trace:winsock:WS2_recv_base fd=39, options=20
0009:trace:winsock:WS2_recv_base  -> 16 bytes
0009:trace:winsock:WS2_recv_base socket 0138, wsabuf 0x32f6e4, nbufs 1, flags 0, from 0x32f734, fromlen 16, ovl (nil), func (nil)
0009:trace:winsock:WS2_recv_base fd=39, options=20
0009:trace:winsock:WS2_recv_base  -> 12 bytes
0009:trace:winsock:WS2_sendto socket 0138, wsabuf 0x32ef34, nbufs 1, flags 0, to 0x6a26014, tolen 16, ovl (nil), func (nil)
0009:trace:winsock:WS2_sendto fd=39, options=20
0009:trace:winsock:WS2_sendto  -> 12 bytes
0009:trace:winsock:WS2_sendto socket 0138, wsabuf 0x32f9c4, nbufs 1, flags 0, to 0x6a26014, tolen 16, ovl (nil), func (nil)
0009:trace:winsock:WS2_sendto fd=39, options=20
0009:trace:winsock:WS2_sendto  -> 12 bytes
0009:trace:winsock:WS2_sendto socket 0138, wsabuf 0x32f9c4, nbufs 1, flags 0, to 0x6a26014, tolen 16, ovl (nil), func (nil)
0009:trace:winsock:WS2_sendto fd=39, options=20
0009:trace:winsock:WS2_sendto  -> 12 bytes
0009:trace:winsock:WS2_recv_base socket 0138, wsabuf 0x32f6e4, nbufs 1, flags 0, from 0x32f734, fromlen 16, ovl (nil), func (nil)
0009:trace:winsock:WS2_recv_base fd=39, options=20
0009:trace:winsock:WS2_recv_base  -> 12 bytes
0009:trace:winsock:WS2_recv_base socket 0138, wsabuf 0x32f6e4, nbufs 1, flags 0, from 0x32f734, fromlen 16, ovl (nil), func (nil)
0009:trace:winsock:WS2_recv_base fd=39, options=20
0009:trace:winsock:WS2_recv_base  -> 12 bytes
0009:trace:winsock:WS2_recv_base socket 0138, wsabuf 0x32f6e4, nbufs 1, flags 0, from 0x32f734, fromlen 16, ovl (nil), func (nil)
0009:trace:winsock:WS2_recv_base fd=39, options=20
0009:trace:winsock:WS2_recv_base  -> 10 bytes
0009:trace:winsock:WS2_sendto socket 0138, wsabuf 0x32f5e4, nbufs 1, flags 0, to 0x6a26014, tolen 16, ovl (nil), func (nil)
0009:trace:winsock:WS2_sendto fd=39, options=20
0009:trace:winsock:WS2_sendto  -> 10 bytes
0009:trace:winsock:WS2_sendto socket 0138, wsabuf 0x32f5e4, nbufs 1, flags 0, to 0x6a26014, tolen 16, ovl (nil), func (nil)
0009:trace:winsock:WS2_sendto fd=39, options=20
0009:trace:winsock:WS2_sendto  -> 10 bytes
0009:trace:winsock:WS2_sendto socket 0138, wsabuf 0x32f964, nbufs 1, flags 0, to 0x6a26014, tolen 16, ovl (nil), func (nil)
0009:trace:winsock:WS2_sendto fd=39, options=20
0009:trace:winsock:WS2_sendto  -> 16 bytes
0009:trace:winsock:WS2_sendto socket 0138, wsabuf 0x32f964, nbufs 1, flags 0, to 0x6a26014, tolen 16, ovl (nil), func (nil)
0009:trace:winsock:WS2_sendto fd=39, options=20
0009:trace:winsock:WS2_sendto  -> 16 bytes
0009:trace:winsock:WS2_recv_base socket 0138, wsabuf 0x32f6e4, nbufs 1, flags 0, from 0x32f734, fromlen 16, ovl (nil), func (nil)
0009:trace:winsock:WS2_recv_base fd=39, options=20
0009:trace:winsock:WS2_recv_base  -> 16 bytes
0009:trace:winsock:WS2_recv_base socket 0138, wsabuf 0x32f6e4, nbufs 1, flags 0, from 0x32f734, fromlen 16, ovl (nil), func (nil)
0009:trace:winsock:WS2_recv_base fd=39, options=20
0009:trace:winsock:WS2_recv_base  -> 10 bytes
0009:trace:winsock:WS2_recv_base socket 0138, wsabuf 0x32f6e4, nbufs 1, flags 0, from 0x32f734, fromlen 16, ovl (nil), func (nil)
0009:trace:winsock:WS2_recv_base fd=39, options=20
0009:trace:winsock:WS2_recv_base  -> 10 bytes
0009:trace:winsock:WS2_sendto socket 0138, wsabuf 0x32f5e4, nbufs 1, flags 0, to 0x6a26014, tolen 16, ovl (nil), func (nil)
0009:trace:winsock:WS2_sendto fd=39, options=20
0009:trace:winsock:WS2_sendto  -> 10 bytes
0009:trace:winsock:WS2_sendto socket 0138, wsabuf 0x32f5e4, nbufs 1, flags 0, to 0x6a26014, tolen 16, ovl (nil), func (nil)
0009:trace:winsock:WS2_sendto fd=39, options=20
0009:trace:winsock:WS2_sendto  -> 10 bytes
0009:trace:winsock:WS2_recv_base socket 0138, wsabuf 0x32f6e4, nbufs 1, flags 0, from 0x32f734, fromlen 16, ovl (nil), func (nil)
0009:trace:winsock:WS2_recv_base fd=39, options=20
0009:trace:winsock:WS2_recv_base  -> 12 bytes
0009:trace:winsock:WS2_sendto socket 0138, wsabuf 0x32ef34, nbufs 1, flags 0, to 0x6a26014, tolen 16, ovl (nil), func (nil)
0009:trace:winsock:WS2_sendto fd=39, options=20
0009:trace:winsock:WS2_sendto  -> 12 bytes
0009:trace:winsock:WS2_sendto socket 0138, wsabuf 0x32f964, nbufs 1, flags 0, to 0x6a26014, tolen 16, ovl (nil), func (nil)
0009:trace:winsock:WS2_sendto fd=39, options=20
0009:trace:winsock:WS2_sendto  -> 16 bytes
0009:trace:winsock:WS2_sendto socket 0138, wsabuf 0x32f964, nbufs 1, flags 0, to 0x6a26014, tolen 16, ovl (nil), func (nil)
0009:trace:winsock:WS2_sendto fd=39, options=20
0009:trace:winsock:WS2_sendto  -> 16 bytes
0009:trace:winsock:WS2_recv_base socket 0138, wsabuf 0x32f6e4, nbufs 1, flags 0, from 0x32f734, fromlen 16, ovl (nil), func (nil)
0009:trace:winsock:WS2_recv_base fd=39, options=20
0009:trace:winsock:WS2_recv_base  -> 10 bytes
0009:trace:winsock:WS2_recv_base socket 0138, wsabuf 0x32f6e4, nbufs 1, flags 0, from 0x32f734, fromlen 16, ovl (nil), func (nil)
0009:trace:winsock:WS2_recv_base fd=39, options=20
0009:trace:winsock:WS2_recv_base  -> 16 bytes
0009:trace:winsock:WS2_recv_base socket 0138, wsabuf 0x32f6e4, nbufs 1, flags 0, from 0x32f734, fromlen 16, ovl (nil), func (nil)
0009:trace:winsock:WS2_recv_base fd=39, options=20
0009:trace:winsock:WS2_recv_base  -> 10 bytes
0009:trace:winsock:WS2_sendto socket 0138, wsabuf 0x32f5e4, nbufs 1, flags 0, to 0x6a26014, tolen 16, ovl (nil), func (nil)
0009:trace:winsock:WS2_sendto fd=39, options=20
0009:trace:winsock:WS2_sendto  -> 10 bytes
0009:trace:winsock:WS2_sendto socket 0138, wsabuf 0x32f5e4, nbufs 1, flags 0, to 0x6a26014, tolen 16, ovl (nil), func (nil)
0009:trace:winsock:WS2_sendto fd=39, options=20
0009:trace:winsock:WS2_sendto  -> 10 bytes
0009:trace:winsock:WS2_recv_base socket 0138, wsabuf 0x32f6e4, nbufs 1, flags 0, from 0x32f734, fromlen 16, ovl (nil), func (nil)
0009:trace:winsock:WS2_recv_base fd=39, options=20
0009:trace:winsock:WS2_recv_base  -> 16 bytes
0009:trace:winsock:WS2_recv_base socket 0138, wsabuf 0x32f6e4, nbufs 1, flags 0, from 0x32f734, fromlen 16, ovl (nil), func (nil)
0009:trace:winsock:WS2_recv_base fd=36, options=20
0009:trace:winsock:WS2_recv_base  -> 10 bytes
0009:trace:winsock:WS2_sendto socket 0138, wsabuf 0x32f964, nbufs 1, flags 0, to 0x6a26014, tolen 16, ovl (nil), func (nil)
0009:trace:winsock:WS2_sendto fd=36, options=20
0009:trace:winsock:WS2_sendto  -> 16 bytes
0009:trace:winsock:WS2_sendto socket 0138, wsabuf 0x32f964, nbufs 1, flags 0, to 0x6a26014, tolen 16, ovl (nil), func (nil)
0009:trace:winsock:WS2_sendto fd=36, options=20
0009:trace:winsock:WS2_sendto  -> 16 bytes
0009:trace:winsock:WS2_recv_base socket 0138, wsabuf 0x32f6e4, nbufs 1, flags 0, from 0x32f734, fromlen 16, ovl (nil), func (nil)
0009:trace:winsock:WS2_recv_base fd=36, options=20
0009:trace:winsock:WS2_recv_base  -> 10 bytes
0009:trace:winsock:WS2_sendto socket 0138, wsabuf 0x32f5e4, nbufs 1, flags 0, to 0x6a26014, tolen 16, ovl (nil), func (nil)
0009:trace:winsock:WS2_sendto fd=36, options=20
0009:trace:winsock:WS2_sendto  -> 10 bytes
0009:trace:winsock:WS2_sendto socket 0138, wsabuf 0x32f5e4, nbufs 1, flags 0, to 0x6a26014, tolen 16, ovl (nil), func (nil)
0009:trace:winsock:WS2_sendto fd=36, options=20
0009:trace:winsock:WS2_sendto  -> 10 bytes
0009:trace:winsock:WS2_recv_base socket 0138, wsabuf 0x32f6e4, nbufs 1, flags 0, from 0x32f734, fromlen 16, ovl (nil), func (nil)
0009:trace:winsock:WS2_recv_base fd=36, options=20
0009:trace:winsock:WS2_recv_base  -> 16 bytes
0009:trace:winsock:WS2_recv_base socket 0138, wsabuf 0x32f6e4, nbufs 1, flags 0, from 0x32f734, fromlen 16, ovl (nil), func (nil)
0009:trace:winsock:WS2_recv_base fd=36, options=20
0009:trace:winsock:WS2_recv_base  -> 10 bytes
0009:trace:winsock:WS2_recv_base socket 0138, wsabuf 0x32f6e4, nbufs 1, flags 0, from 0x32f734, fromlen 16, ovl (nil), func (nil)
0009:trace:winsock:WS2_recv_base fd=36, options=20
0009:trace:winsock:WS2_recv_base  -> 16 bytes
0009:trace:winsock:WS2_recv_base socket 0138, wsabuf 0x32f6e4, nbufs 1, flags 0, from 0x32f734, fromlen 16, ovl (nil), func (nil)
0009:trace:winsock:WS2_recv_base fd=36, options=20
0009:trace:winsock:WS2_recv_base  -> 12 bytes
0009:trace:winsock:WS2_sendto socket 0138, wsabuf 0x32ef34, nbufs 1, flags 0, to 0x6a26014, tolen 16, ovl (nil), func (nil)
0009:trace:winsock:WS2_sendto fd=36, options=20
0009:trace:winsock:WS2_sendto  -> 12 bytes
0009:trace:winsock:WS2_sendto socket 0138, wsabuf 0x32f9c4, nbufs 1, flags 0, to 0x6a26014, tolen 16, ovl (nil), func (nil)
0009:trace:winsock:WS2_sendto fd=36, options=20
0009:trace:winsock:WS2_sendto  -> 12 bytes
0009:trace:winsock:WS2_sendto socket 0138, wsabuf 0x32f9c4, nbufs 1, flags 0, to 0x6a26014, tolen 16, ovl (nil), func (nil)
0009:trace:winsock:WS2_sendto fd=36, options=20
0009:trace:winsock:WS2_sendto  -> 12 bytes
0009:trace:winsock:WS2_recv_base socket 0138, wsabuf 0x32f6e4, nbufs 1, flags 0, from 0x32f734, fromlen 16, ovl (nil), func (nil)
0009:trace:winsock:WS2_recv_base fd=36, options=20
0009:trace:winsock:WS2_recv_base  -> 12 bytes
0009:trace:winsock:WS2_recv_base socket 0138, wsabuf 0x32f6e4, nbufs 1, flags 0, from 0x32f734, fromlen 16, ovl (nil), func (nil)
0009:trace:winsock:WS2_recv_base fd=36, options=20
0009:trace:winsock:WS2_recv_base  -> 12 bytes
0009:trace:winsock:WS2_recv_base socket 0138, wsabuf 0x32f6e4, nbufs 1, flags 0, from 0x32f734, fromlen 16, ovl (nil), func (nil)
0009:trace:winsock:WS2_recv_base fd=36, options=20
0009:trace:winsock:WS2_recv_base  -> 10 bytes
0009:trace:winsock:WS2_sendto socket 0138, wsabuf 0x32f5e4, nbufs 1, flags 0, to 0x6a26014, tolen 16, ovl (nil), func (nil)
0009:trace:winsock:WS2_sendto fd=36, options=20
0009:trace:winsock:WS2_sendto  -> 10 bytes
0009:trace:winsock:WS2_sendto socket 0138, wsabuf 0x32f5e4, nbufs 1, flags 0, to 0x6a26014, tolen 16, ovl (nil), func (nil)
0009:trace:winsock:WS2_sendto fd=36, options=20
0009:trace:winsock:WS2_sendto  -> 10 bytes
0009:trace:winsock:WS2_sendto socket 0138, wsabuf 0x32f964, nbufs 1, flags 0, to 0x6a26014, tolen 16, ovl (nil), func (nil)
0009:trace:winsock:WS2_sendto fd=36, options=20
0009:trace:winsock:WS2_sendto  -> 16 bytes
0009:trace:winsock:WS2_sendto socket 0138, wsabuf 0x32f964, nbufs 1, flags 0, to 0x6a26014, tolen 16, ovl (nil), func (nil)
0009:trace:winsock:WS2_sendto fd=36, options=20
0009:trace:winsock:WS2_sendto  -> 16 bytes
0009:trace:winsock:WS2_recv_base socket 0138, wsabuf 0x32f6e4, nbufs 1, flags 0, from 0x32f734, fromlen 16, ovl (nil), func (nil)
0009:trace:winsock:WS2_recv_base fd=36, options=20
0009:trace:winsock:WS2_recv_base  -> 10 bytes
0009:trace:winsock:WS2_recv_base socket 0138, wsabuf 0x32f6e4, nbufs 1, flags 0, from 0x32f734, fromlen 16, ovl (nil), func (nil)
0009:trace:winsock:WS2_recv_base fd=36, options=20
0009:trace:winsock:WS2_recv_base  -> 10 bytes
0009:trace:winsock:WS2_sendto socket 0138, wsabuf 0x32f5e4, nbufs 1, flags 0, to 0x6a26014, tolen 16, ovl (nil), func (nil)
0009:trace:winsock:WS2_sendto fd=36, options=20
0009:trace:winsock:WS2_sendto  -> 10 bytes
0009:trace:winsock:WS2_sendto socket 0138, wsabuf 0x32f5e4, nbufs 1, flags 0, to 0x6a26014, tolen 16, ovl (nil), func (nil)
0009:trace:winsock:WS2_sendto fd=36, options=20
0009:trace:winsock:WS2_sendto  -> 10 bytes
0009:trace:winsock:WS2_recv_base socket 0138, wsabuf 0x32f6e4, nbufs 1, flags 0, from 0x32f734, fromlen 16, ovl (nil), func (nil)
0009:trace:winsock:WS2_recv_base fd=36, options=20
0009:trace:winsock:WS2_recv_base  -> 12 bytes
0009:trace:winsock:WS2_sendto socket 0138, wsabuf 0x32ef34, nbufs 1, flags 0, to 0x6a26014, tolen 16, ovl (nil), func (nil)
0009:trace:winsock:WS2_sendto fd=36, options=20
0009:trace:winsock:WS2_sendto  -> 12 bytes
0009:trace:winsock:WS2_recv_base socket 0138, wsabuf 0x32f6e4, nbufs 1, flags 0, from 0x32f734, fromlen 16, ovl (nil), func (nil)
0009:trace:winsock:WS2_recv_base fd=36, options=20
0009:trace:winsock:WS2_recv_base  -> 16 bytes
0009:trace:winsock:WS2_recv_base socket 0138, wsabuf 0x32f6e4, nbufs 1, flags 0, from 0x32f734, fromlen 16, ovl (nil), func (nil)
0009:trace:winsock:WS2_recv_base fd=36, options=20
0009:trace:winsock:WS2_recv_base  -> 16 bytes
0009:trace:winsock:WS2_recv_base socket 0138, wsabuf 0x32f6e4, nbufs 1, flags 0, from 0x32f734, fromlen 16, ovl (nil), func (nil)
0009:trace:winsock:WS2_recv_base fd=36, options=20
0009:trace:winsock:WS2_recv_base  -> 10 bytes
0009:trace:winsock:WS2_sendto socket 0138, wsabuf 0x32f964, nbufs 1, flags 0, to 0x6a26014, tolen 16, ovl (nil), func (nil)
0009:trace:winsock:WS2_sendto fd=36, options=20
0009:trace:winsock:WS2_sendto  -> 16 bytes
0009:trace:winsock:WS2_sendto socket 0138, wsabuf 0x32f964, nbufs 1, flags 0, to 0x6a26014, tolen 16, ovl (nil), func (nil)
0009:trace:winsock:WS2_sendto fd=36, options=20
0009:trace:winsock:WS2_sendto  -> 16 bytes
0009:trace:winsock:WS2_recv_base socket 0138, wsabuf 0x32f6e4, nbufs 1, flags 0, from 0x32f734, fromlen 16, ovl (nil), func (nil)
0009:trace:winsock:WS2_recv_base fd=36, options=20
0009:trace:winsock:WS2_recv_base  -> 10 bytes
0009:trace:winsock:WS2_sendto socket 0138, wsabuf 0x32f5e4, nbufs 1, flags 0, to 0x6a26014, tolen 16, ovl (nil), func (nil)
0009:trace:winsock:WS2_sendto fd=36, options=20
0009:trace:winsock:WS2_sendto  -> 10 bytes
0009:trace:winsock:WS2_sendto socket 0138, wsabuf 0x32f5e4, nbufs 1, flags 0, to 0x6a26014, tolen 16, ovl (nil), func (nil)
0009:trace:winsock:WS2_sendto fd=36, options=20
0009:trace:winsock:WS2_sendto  -> 10 bytes
0009:trace:winsock:WS2_recv_base socket 0138, wsabuf 0x32f6e4, nbufs 1, flags 0, from 0x32f734, fromlen 16, ovl (nil), func (nil)
0009:trace:winsock:WS2_recv_base fd=36, options=20
0009:trace:winsock:WS2_recv_base  -> 10 bytes
0009:trace:winsock:WS2_recv_base socket 0138, wsabuf 0x32f6e4, nbufs 1, flags 0, from 0x32f734, fromlen 16, ovl (nil), func (nil)
0009:trace:winsock:WS2_recv_base fd=36, options=20
0009:trace:winsock:WS2_recv_base  -> 16 bytes
0009:trace:winsock:WS2_recv_base socket 0138, wsabuf 0x32f6e4, nbufs 1, flags 0, from 0x32f734, fromlen 16, ovl (nil), func (nil)
0009:trace:winsock:WS2_recv_base fd=36, options=20
0009:trace:winsock:WS2_recv_base  -> 10 bytes
0009:trace:winsock:WS2_sendto socket 0138, wsabuf 0x32f5e4, nbufs 1, flags 0, to 0x6a26014, tolen 16, ovl (nil), func (nil)
0009:trace:winsock:WS2_sendto fd=36, options=20
0009:trace:winsock:WS2_sendto  -> 10 bytes
0009:trace:winsock:WS2_sendto socket 0138, wsabuf 0x32f5e4, nbufs 1, flags 0, to 0x6a26014, tolen 16, ovl (nil), func (nil)
0009:trace:winsock:WS2_sendto fd=36, options=20
0009:trace:winsock:WS2_sendto  -> 10 bytes
0009:trace:winsock:WS2_sendto socket 0138, wsabuf 0x32f964, nbufs 1, flags 0, to 0x6a26014, tolen 16, ovl (nil), func (nil)
0009:trace:winsock:WS2_sendto fd=36, options=20
0009:trace:winsock:WS2_sendto  -> 16 bytes
0009:trace:winsock:WS2_sendto socket 0138, wsabuf 0x32f964, nbufs 1, flags 0, to 0x6a26014, tolen 16, ovl (nil), func (nil)
0009:trace:winsock:WS2_sendto fd=36, options=20
0009:trace:winsock:WS2_sendto  -> 16 bytes
0009:trace:winsock:WS2_recv_base socket 0138, wsabuf 0x32f6e4, nbufs 1, flags 0, from 0x32f734, fromlen 16, ovl (nil), func (nil)
0009:trace:winsock:WS2_recv_base fd=36, options=20
0009:trace:winsock:WS2_recv_base  -> 16 bytes
0009:trace:winsock:WS2_recv_base socket 0138, wsabuf 0x32f6e4, nbufs 1, flags 0, from 0x32f734, fromlen 16, ovl (nil), func (nil)
0009:trace:winsock:WS2_recv_base fd=36, options=20
0009:trace:winsock:WS2_recv_base  -> 10 bytes
0009:trace:winsock:WS2_recv_base socket 0138, wsabuf 0x32f6e4, nbufs 1, flags 0, from 0x32f734, fromlen 16, ovl (nil), func (nil)
0009:trace:winsock:WS2_recv_base fd=36, options=20
0009:trace:winsock:WS2_recv_base  -> 12 bytes
0009:trace:winsock:WS2_sendto socket 0138, wsabuf 0x32ef34, nbufs 1, flags 0, to 0x6a26014, tolen 16, ovl (nil), func (nil)
0009:trace:winsock:WS2_sendto fd=36, options=20
0009:trace:winsock:WS2_sendto  -> 12 bytes
0009:trace:winsock:WS2_sendto socket 0138, wsabuf 0x32f9c4, nbufs 1, flags 0, to 0x6a26014, tolen 16, ovl (nil), func (nil)
0009:trace:winsock:WS2_sendto fd=36, options=20
0009:trace:winsock:WS2_sendto  -> 12 bytes
0009:trace:winsock:WS2_sendto socket 0138, wsabuf 0x32f9c4, nbufs 1, flags 0, to 0x6a26014, tolen 16, ovl (nil), func (nil)
0009:trace:winsock:WS2_sendto fd=36, options=20
0009:trace:winsock:WS2_sendto  -> 12 bytes
0009:trace:winsock:WS2_recv_base socket 0138, wsabuf 0x32f6e4, nbufs 1, flags 0, from 0x32f734, fromlen 16, ovl (nil), func (nil)
0009:trace:winsock:WS2_recv_base fd=36, options=20
0009:trace:winsock:WS2_recv_base  -> 12 bytes
0009:trace:winsock:WS2_recv_base socket 0138, wsabuf 0x32f6e4, nbufs 1, flags 0, from 0x32f734, fromlen 16, ovl (nil), func (nil)
0009:trace:winsock:WS2_recv_base fd=36, options=20
0009:trace:winsock:WS2_recv_base  -> 12 bytes
0009:trace:winsock:WS2_recv_base socket 0138, wsabuf 0x32f6e4, nbufs 1, flags 0, from 0x32f734, fromlen 16, ovl (nil), func (nil)
0009:trace:winsock:WS2_recv_base fd=36, options=20
0009:trace:winsock:WS2_recv_base  -> 10 bytes
0009:trace:winsock:WS2_sendto socket 0138, wsabuf 0x32f5e4, nbufs 1, flags 0, to 0x6a26014, tolen 16, ovl (nil), func (nil)
0009:trace:winsock:WS2_sendto fd=36, options=20
0009:trace:winsock:WS2_sendto  -> 10 bytes
0009:trace:winsock:WS2_sendto socket 0138, wsabuf 0x32f5e4, nbufs 1, flags 0, to 0x6a26014, tolen 16, ovl (nil), func (nil)
0009:trace:winsock:WS2_sendto fd=36, options=20
0009:trace:winsock:WS2_sendto  -> 10 bytes
0009:trace:winsock:WS2_recv_base socket 0138, wsabuf 0x32f6e4, nbufs 1, flags 0, from 0x32f734, fromlen 16, ovl (nil), func (nil)
0009:trace:winsock:WS2_recv_base fd=36, options=20
0009:trace:winsock:WS2_recv_base  -> 16 bytes
0009:trace:winsock:WS2_recv_base socket 0138, wsabuf 0x32f6e4, nbufs 1, flags 0, from 0x32f734, fromlen 16, ovl (nil), func (nil)
0009:trace:winsock:WS2_recv_base fd=36, options=20
0009:trace:winsock:WS2_recv_base  -> 10 bytes
0009:trace:winsock:WS2_sendto socket 0138, wsabuf 0x32f964, nbufs 1, flags 0, to 0x6a26014, tolen 16, ovl (nil), func (nil)
0009:trace:winsock:WS2_sendto fd=36, options=20
0009:trace:winsock:WS2_sendto  -> 16 bytes
0009:trace:winsock:WS2_sendto socket 0138, wsabuf 0x32f964, nbufs 1, flags 0, to 0x6a26014, tolen 16, ovl (nil), func (nil)
0009:trace:winsock:WS2_sendto fd=36, options=20
0009:trace:winsock:WS2_sendto  -> 16 bytes
0009:trace:winsock:WS2_recv_base socket 0138, wsabuf 0x32f6e4, nbufs 1, flags 0, from 0x32f734, fromlen 16, ovl (nil), func (nil)
0009:trace:winsock:WS2_recv_base fd=36, options=20
0009:trace:winsock:WS2_recv_base  -> 16 bytes
0009:trace:winsock:WS2_recv_base socket 0138, wsabuf 0x32f6e4, nbufs 1, flags 0, from 0x32f734, fromlen 16, ovl (nil), func (nil)
0009:trace:winsock:WS2_recv_base fd=36, options=20
0009:trace:winsock:WS2_recv_base  -> 10 bytes
0009:trace:winsock:WS2_sendto socket 0138, wsabuf 0x32f5e4, nbufs 1, flags 0, to 0x6a26014, tolen 16, ovl (nil), func (nil)
0009:trace:winsock:WS2_sendto fd=36, options=20
0009:trace:winsock:WS2_sendto  -> 10 bytes
0009:trace:winsock:WS2_sendto socket 0138, wsabuf 0x32f5e4, nbufs 1, flags 0, to 0x6a26014, tolen 16, ovl (nil), func (nil)
0009:trace:winsock:WS2_sendto fd=36, options=20
0009:trace:winsock:WS2_sendto  -> 10 bytes
0009:trace:winsock:WS2_recv_base socket 0138, wsabuf 0x32f6e4, nbufs 1, flags 0, from 0x32f734, fromlen 16, ovl (nil), func (nil)
0009:trace:winsock:WS2_recv_base fd=36, options=20
0009:trace:winsock:WS2_recv_base  -> 12 bytes
0009:trace:winsock:WS2_sendto socket 0138, wsabuf 0x32ef34, nbufs 1, flags 0, to 0x6a26014, tolen 16, ovl (nil), func (nil)
0009:trace:winsock:WS2_sendto fd=36, options=20
0009:trace:winsock:WS2_sendto  -> 12 bytes
0009:trace:winsock:WS2_recv_base socket 0138, wsabuf 0x32f6e4, nbufs 1, flags 0, from 0x32f734, fromlen 16, ovl (nil), func (nil)
0009:trace:winsock:WS2_recv_base fd=36, options=20
0009:trace:winsock:WS2_recv_base  -> 10 bytes
0009:trace:winsock:WS2_recv_base socket 0138, wsabuf 0x32f6e4, nbufs 1, flags 0, from 0x32f734, fromlen 16, ovl (nil), func (nil)
0009:trace:winsock:WS2_recv_base fd=36, options=20
0009:trace:winsock:WS2_recv_base  -> 16 bytes
0009:trace:winsock:WS2_sendto socket 0138, wsabuf 0x32f964, nbufs 1, flags 0, to 0x6a26014, tolen 16, ovl (nil), func (nil)
0009:trace:winsock:WS2_sendto fd=36, options=20
0009:trace:winsock:WS2_sendto  -> 16 bytes
0009:trace:winsock:WS2_sendto socket 0138, wsabuf 0x32f964, nbufs 1, flags 0, to 0x6a26014, tolen 16, ovl (nil), func (nil)
0009:trace:winsock:WS2_sendto fd=36, options=20
0009:trace:winsock:WS2_sendto  -> 16 bytes
0009:trace:winsock:WS2_recv_base socket 0138, wsabuf 0x32f6e4, nbufs 1, flags 0, from 0x32f734, fromlen 16, ovl (nil), func (nil)
0009:trace:winsock:WS2_recv_base fd=36, options=20
0009:trace:winsock:WS2_recv_base  -> 10 bytes
0009:trace:winsock:WS2_sendto socket 0138, wsabuf 0x32f5e4, nbufs 1, flags 0, to 0x6a26014, tolen 16, ovl (nil), func (nil)
0009:trace:winsock:WS2_sendto fd=36, options=20
0009:trace:winsock:WS2_sendto  -> 10 bytes
0009:trace:winsock:WS2_sendto socket 0138, wsabuf 0x32f5e4, nbufs 1, flags 0, to 0x6a26014, tolen 16, ovl (nil), func (nil)
0009:trace:winsock:WS2_sendto fd=36, options=20
0009:trace:winsock:WS2_sendto  -> 10 bytes
0009:trace:winsock:WS2_recv_base socket 0138, wsabuf 0x32f6e4, nbufs 1, flags 0, from 0x32f734, fromlen 16, ovl (nil), func (nil)
0009:trace:winsock:WS2_recv_base fd=36, options=20
0009:trace:winsock:WS2_recv_base  -> 16 bytes
0009:trace:winsock:WS2_recv_base socket 0138, wsabuf 0x32f6e4, nbufs 1, flags 0, from 0x32f734, fromlen 16, ovl (nil), func (nil)
0009:trace:winsock:WS2_recv_base fd=36, options=20
0009:trace:winsock:WS2_recv_base  -> 10 bytes
0009:trace:winsock:WS2_sendto socket 0138, wsabuf 0x32f964, nbufs 1, flags 0, to 0x6a26014, tolen 16, ovl (nil), func (nil)
0009:trace:winsock:WS2_sendto fd=36, options=20
0009:trace:winsock:WS2_sendto  -> 16 bytes
0009:trace:winsock:WS2_sendto socket 0138, wsabuf 0x32f964, nbufs 1, flags 0, to 0x6a26014, tolen 16, ovl (nil), func (nil)
0009:trace:winsock:WS2_sendto fd=36, options=20
0009:trace:winsock:WS2_sendto  -> 16 bytes
0009:trace:winsock:WS2_recv_base socket 0138, wsabuf 0x32f6e4, nbufs 1, flags 0, from 0x32f734, fromlen 16, ovl (nil), func (nil)
0009:trace:winsock:WS2_recv_base fd=36, options=20
0009:trace:winsock:WS2_recv_base  -> 10 bytes
0009:trace:winsock:WS2_sendto socket 0138, wsabuf 0x32f5e4, nbufs 1, flags 0, to 0x6a26014, tolen 16, ovl (nil), func (nil)
0009:trace:winsock:WS2_sendto fd=36, options=20
0009:trace:winsock:WS2_sendto  -> 10 bytes
0009:trace:winsock:WS2_sendto socket 0138, wsabuf 0x32f5e4, nbufs 1, flags 0, to 0x6a26014, tolen 16, ovl (nil), func (nil)
0009:trace:winsock:WS2_sendto fd=36, options=20
0009:trace:winsock:WS2_sendto  -> 10 bytes
0009:trace:winsock:WS2_recv_base socket 0138, wsabuf 0x32f6e4, nbufs 1, flags 0, from 0x32f734, fromlen 16, ovl (nil), func (nil)
0009:trace:winsock:WS2_recv_base fd=36, options=20
0009:trace:winsock:WS2_recv_base  -> 16 bytes
0009:trace:winsock:WS2_sendto socket 0138, wsabuf 0x32f964, nbufs 1, flags 0, to 0x6a26014, tolen 16, ovl (nil), func (nil)
0009:trace:winsock:WS2_sendto fd=36, options=20
0009:trace:winsock:WS2_sendto  -> 16 bytes
0009:trace:winsock:WS2_sendto socket 0138, wsabuf 0x32f964, nbufs 1, flags 0, to 0x6a26014, tolen 16, ovl (nil), func (nil)
0009:trace:winsock:WS2_sendto fd=36, options=20
0009:trace:winsock:WS2_sendto  -> 16 bytes
0009:trace:winsock:WS2_sendto socket 0138, wsabuf 0x32f9c4, nbufs 1, flags 0, to 0x6a26014, tolen 16, ovl (nil), func (nil)
0009:trace:winsock:WS2_sendto fd=36, options=20
0009:trace:winsock:WS2_sendto  -> 12 bytes
0009:trace:winsock:WS2_sendto socket 0138, wsabuf 0x32f9c4, nbufs 1, flags 0, to 0x6a26014, tolen 16, ovl (nil), func (nil)
0009:trace:winsock:WS2_sendto fd=36, options=20
0009:trace:winsock:WS2_sendto  -> 12 bytes
0009:trace:winsock:WS2_sendto socket 0138, wsabuf 0x32f5e4, nbufs 1, flags 0, to 0x6a26014, tolen 16, ovl (nil), func (nil)
0009:trace:winsock:WS2_sendto fd=36, options=20
0009:trace:winsock:WS2_sendto  -> 10 bytes
0009:trace:winsock:WS2_sendto socket 0138, wsabuf 0x32f5e4, nbufs 1, flags 0, to 0x6a26014, tolen 16, ovl (nil), func (nil)
0009:trace:winsock:WS2_sendto fd=36, options=20
0009:trace:winsock:WS2_sendto  -> 10 bytes
0009:trace:winsock:WS2_sendto socket 0138, wsabuf 0x32f5e4, nbufs 1, flags 0, to 0x6a26014, tolen 16, ovl (nil), func (nil)
0009:trace:winsock:WS2_sendto fd=36, options=20
0009:trace:winsock:WS2_sendto  -> 10 bytes
0009:trace:winsock:WS2_sendto socket 0138, wsabuf 0x32f5e4, nbufs 1, flags 0, to 0x6a26014, tolen 16, ovl (nil), func (nil)
0009:trace:winsock:WS2_sendto fd=36, options=20
0009:trace:winsock:WS2_sendto  -> 10 bytes
0009:trace:winsock:WS2_sendto socket 0138, wsabuf 0x32f964, nbufs 1, flags 0, to 0x6a26014, tolen 16, ovl (nil), func (nil)
0009:trace:winsock:WS2_sendto fd=36, options=20
0009:trace:winsock:WS2_sendto  -> 16 bytes
0009:trace:winsock:WS2_sendto socket 0138, wsabuf 0x32f964, nbufs 1, flags 0, to 0x6a26014, tolen 16, ovl (nil), func (nil)
0009:trace:winsock:WS2_sendto fd=36, options=20
0009:trace:winsock:WS2_sendto  -> 16 bytes
0009:trace:winsock:WS2_sendto socket 0138, wsabuf 0x32f5e4, nbufs 1, flags 0, to 0x6a26014, tolen 16, ovl (nil), func (nil)
0009:trace:winsock:WS2_sendto fd=36, options=20
0009:trace:winsock:WS2_sendto  -> 10 bytes
0009:trace:winsock:WS2_sendto socket 0138, wsabuf 0x32f5e4, nbufs 1, flags 0, to 0x6a26014, tolen 16, ovl (nil), func (nil)
0009:trace:winsock:WS2_sendto fd=36, options=20
0009:trace:winsock:WS2_sendto  -> 10 bytes
0009:trace:winsock:WS2_sendto socket 0138, wsabuf 0x32f964, nbufs 1, flags 0, to 0x6a26014, tolen 16, ovl (nil), func (nil)
0009:trace:winsock:WS2_sendto fd=36, options=20
0009:trace:winsock:WS2_sendto  -> 16 bytes
0009:trace:winsock:WS2_sendto socket 0138, wsabuf 0x32f964, nbufs 1, flags 0, to 0x6a26014, tolen 16, ovl (nil), func (nil)
0009:trace:winsock:WS2_sendto fd=36, options=20
0009:trace:winsock:WS2_sendto  -> 16 bytes
0009:trace:winsock:WS2_sendto socket 0138, wsabuf 0x32f5e4, nbufs 1, flags 0, to 0x6a26014, tolen 16, ovl (nil), func (nil)
0009:trace:winsock:WS2_sendto fd=36, options=20
0009:trace:winsock:WS2_sendto  -> 10 bytes
0009:trace:winsock:WS2_sendto socket 0138, wsabuf 0x32f5e4, nbufs 1, flags 0, to 0x6a26014, tolen 16, ovl (nil), func (nil)
0009:trace:winsock:WS2_sendto fd=36, options=20
0009:trace:winsock:WS2_sendto  -> 10 bytes
0009:trace:winsock:WS2_recv_base socket 0138, wsabuf 0x32f6e4, nbufs 1, flags 0, from 0x32f734, fromlen 16, ovl (nil), func (nil)
0009:trace:winsock:WS2_recv_base fd=36, options=20
0009:trace:winsock:WS2_recv_base  -> 12 bytes
0009:trace:winsock:WS2_recv_base socket 0138, wsabuf 0x32f6e4, nbufs 1, flags 0, from 0x32f734, fromlen 16, ovl (nil), func (nil)
0009:trace:winsock:WS2_recv_base fd=36, options=20
0009:trace:winsock:WS2_recv_base  -> 10 bytes
0009:trace:winsock:WS2_recv_base socket 0138, wsabuf 0x32f6e4, nbufs 1, flags 0, from 0x32f734, fromlen 16, ovl (nil), func (nil)
0009:trace:winsock:WS2_recv_base fd=36, options=20
0009:trace:winsock:WS2_recv_base  -> 12 bytes
0009:trace:winsock:WS2_sendto socket 0138, wsabuf 0x32ef34, nbufs 1, flags 0, to 0x6a26014, tolen 16, ovl (nil), func (nil)
0009:trace:winsock:WS2_sendto fd=36, options=20
0009:trace:winsock:WS2_sendto  -> 12 bytes
0009:trace:winsock:WS2_recv_base socket 0138, wsabuf 0x32f6e4, nbufs 1, flags 0, from 0x32f734, fromlen 16, ovl (nil), func (nil)
0009:trace:winsock:WS2_recv_base fd=36, options=20
0009:trace:winsock:WS2_recv_base  -> 10 bytes
0009:trace:winsock:WS2_recv_base socket 0138, wsabuf 0x32f6e4, nbufs 1, flags 0, from 0x32f734, fromlen 16, ovl (nil), func (nil)
0009:trace:winsock:WS2_recv_base fd=36, options=20
0009:trace:winsock:WS2_recv_base  -> 12 bytes
0009:trace:winsock:WS2_recv_base socket 0138, wsabuf 0x32f6e4, nbufs 1, flags 0, from 0x32f734, fromlen 16, ovl (nil), func (nil)
0009:trace:winsock:WS2_recv_base fd=36, options=20
0009:trace:winsock:WS2_recv_base  -> 12 bytes
0009:trace:winsock:WS2_sendto socket 0138, wsabuf 0x32ef34, nbufs 1, flags 0, to 0x6a26014, tolen 16, ovl (nil), func (nil)
0009:trace:winsock:WS2_sendto fd=36, options=20
0009:trace:winsock:WS2_sendto  -> 12 bytes
0009:trace:winsock:WS2_sendto socket 0138, wsabuf 0x32f9c4, nbufs 1, flags 0, to 0x6a26014, tolen 16, ovl (nil), func (nil)
0009:trace:winsock:WS2_sendto fd=36, options=20
0009:trace:winsock:WS2_sendto  -> 12 bytes
0009:trace:winsock:WS2_sendto socket 0138, wsabuf 0x32f9c4, nbufs 1, flags 0, to 0x6a26014, tolen 16, ovl (nil), func (nil)
0009:trace:winsock:WS2_sendto fd=36, options=20
0009:trace:winsock:WS2_sendto  -> 12 bytes
0009:trace:winsock:WS2_sendto socket 0138, wsabuf 0x32f5e4, nbufs 1, flags 0, to 0x6a26014, tolen 16, ovl (nil), func (nil)
0009:trace:winsock:WS2_sendto fd=36, options=20
0009:trace:winsock:WS2_sendto  -> 10 bytes
0009:trace:winsock:WS2_sendto socket 0138, wsabuf 0x32f5e4, nbufs 1, flags 0, to 0x6a26014, tolen 16, ovl (nil), func (nil)
0009:trace:winsock:WS2_sendto fd=36, options=20
0009:trace:winsock:WS2_sendto  -> 10 bytes
0009:trace:winsock:WS2_sendto socket 0138, wsabuf 0x32f5e4, nbufs 1, flags 0, to 0x6a26014, tolen 16, ovl (nil), func (nil)
0009:trace:winsock:WS2_sendto fd=36, options=20
0009:trace:winsock:WS2_sendto  -> 10 bytes
0009:trace:winsock:WS2_sendto socket 0138, wsabuf 0x32f5e4, nbufs 1, flags 0, to 0x6a26014, tolen 16, ovl (nil), func (nil)
0009:trace:winsock:WS2_sendto fd=36, options=20
0009:trace:winsock:WS2_sendto  -> 10 bytes
0009:trace:winsock:WS2_sendto socket 0138, wsabuf 0x32f5e4, nbufs 1, flags 0, to 0x6a26014, tolen 16, ovl (nil), func (nil)
0009:trace:winsock:WS2_sendto fd=36, options=20
0009:trace:winsock:WS2_sendto  -> 10 bytes
0009:trace:winsock:WS2_sendto socket 0138, wsabuf 0x32f5e4, nbufs 1, flags 0, to 0x6a26014, tolen 16, ovl (nil), func (nil)
0009:trace:winsock:WS2_sendto fd=36, options=20
0009:trace:winsock:WS2_sendto  -> 10 bytes
0009:trace:winsock:WS2_sendto socket 0138, wsabuf 0x32f5e4, nbufs 1, flags 0, to 0x6a26014, tolen 16, ovl (nil), func (nil)
0009:trace:winsock:WS2_sendto fd=36, options=20
0009:trace:winsock:WS2_sendto  -> 10 bytes
0009:trace:winsock:WS2_sendto socket 0138, wsabuf 0x32f5e4, nbufs 1, flags 0, to 0x6a26014, tolen 16, ovl (nil), func (nil)
0009:trace:winsock:WS2_sendto fd=36, options=20
0009:trace:winsock:WS2_sendto  -> 10 bytes
0009:trace:winsock:WS2_recv_base socket 0138, wsabuf 0x32f6e4, nbufs 1, flags 0, from 0x32f734, fromlen 16, ovl (nil), func (nil)
0009:trace:winsock:WS2_recv_base fd=36, options=20
0009:trace:winsock:WS2_recv_base  -> 10 bytes
0009:trace:winsock:WS2_recv_base socket 0138, wsabuf 0x32f6e4, nbufs 1, flags 0, from 0x32f734, fromlen 16, ovl (nil), func (nil)
0009:trace:winsock:WS2_recv_base fd=36, options=20
0009:trace:winsock:WS2_recv_base  -> 12 bytes
0009:trace:winsock:WS2_recv_base socket 0138, wsabuf 0x32f6e4, nbufs 1, flags 0, from 0x32f734, fromlen 16, ovl (nil), func (nil)
0009:trace:winsock:WS2_recv_base fd=36, options=20
0009:trace:winsock:WS2_recv_base  -> 12 bytes
0009:trace:winsock:WS2_recv_base socket 0138, wsabuf 0x32f6e4, nbufs 1, flags 0, from 0x32f734, fromlen 16, ovl (nil), func (nil)
0009:trace:winsock:WS2_recv_base fd=36, options=20
0009:trace:winsock:WS2_recv_base  -> 10 bytes
0009:trace:winsock:WS2_recv_base socket 0138, wsabuf 0x32f6e4, nbufs 1, flags 0, from 0x32f734, fromlen 16, ovl (nil), func (nil)
0009:trace:winsock:WS2_recv_base fd=36, options=20
0009:trace:winsock:WS2_recv_base  -> 12 bytes
0009:trace:winsock:WS2_sendto socket 0138, wsabuf 0x32ef34, nbufs 1, flags 0, to 0x6a26014, tolen 16, ovl (nil), func (nil)
0009:trace:winsock:WS2_sendto fd=36, options=20
0009:trace:winsock:WS2_sendto  -> 12 bytes
0009:trace:winsock:WS2_recv_base socket 0138, wsabuf 0x32f6e4, nbufs 1, flags 0, from 0x32f734, fromlen 16, ovl (nil), func (nil)
0009:trace:winsock:WS2_recv_base fd=36, options=20
0009:trace:winsock:WS2_recv_base  -> 12 bytes
0009:trace:winsock:WS2_sendto socket 0138, wsabuf 0x32ef34, nbufs 1, flags 0, to 0x6a26014, tolen 16, ovl (nil), func (nil)
0009:trace:winsock:WS2_sendto fd=36, options=20
0009:trace:winsock:WS2_sendto  -> 12 bytes
0009:trace:winsock:WS2_sendto socket 0138, wsabuf 0x32f5e4, nbufs 1, flags 0, to 0x6a26014, tolen 16, ovl (nil), func (nil)
0009:trace:winsock:WS2_sendto fd=36, options=20
0009:trace:winsock:WS2_sendto  -> 10 bytes
0009:trace:winsock:WS2_sendto socket 0138, wsabuf 0x32f9c4, nbufs 1, flags 0, to 0x6a26014, tolen 16, ovl (nil), func (nil)
0009:trace:winsock:WS2_sendto fd=36, options=20
0009:trace:winsock:WS2_sendto  -> 12 bytes
0009:trace:winsock:WS2_sendto socket 0138, wsabuf 0x32f9c4, nbufs 1, flags 0, to 0x6a26014, tolen 16, ovl (nil), func (nil)
0009:trace:winsock:WS2_sendto fd=36, options=20
0009:trace:winsock:WS2_sendto  -> 12 bytes
0009:trace:winsock:WS2_sendto socket 0138, wsabuf 0x32f5e4, nbufs 1, flags 0, to 0x6a26014, tolen 16, ovl (nil), func (nil)
0009:trace:winsock:WS2_sendto fd=36, options=20
0009:trace:winsock:WS2_sendto  -> 10 bytes
002b:fixme:d3d:wined3d_buffer_load Buffer is mapped through buffer object, not loading.
0009:trace:winsock:WS2_sendto socket 0138, wsabuf 0x32f5e4, nbufs 1, flags 0, to 0x6a26014, tolen 16, ovl (nil), func (nil)
0009:trace:winsock:WS2_sendto fd=36, options=20
0009:trace:winsock:WS2_sendto  -> 10 bytes
0009:trace:winsock:WS2_sendto socket 0138, wsabuf 0x32f5e4, nbufs 1, flags 0, to 0x6a26014, tolen 16, ovl (nil), func (nil)
0009:trace:winsock:WS2_sendto fd=36, options=20
0009:trace:winsock:WS2_sendto  -> 10 bytes
0009:trace:winsock:WS2_sendto socket 0138, wsabuf 0x32f5e4, nbufs 1, flags 0, to 0x6a26014, tolen 16, ovl (nil), func (nil)
0009:trace:winsock:WS2_sendto fd=36, options=20
0009:trace:winsock:WS2_sendto  -> 10 bytes
0009:trace:winsock:WS2_sendto socket 0138, wsabuf 0x32f5e4, nbufs 1, flags 0, to 0x6a26014, tolen 16, ovl (nil), func (nil)
0009:trace:winsock:WS2_sendto fd=36, options=20
0009:trace:winsock:WS2_sendto  -> 10 bytes
0009:trace:winsock:WS2_sendto socket 0138, wsabuf 0x32f5e4, nbufs 1, flags 0, to 0x6a26014, tolen 16, ovl (nil), func (nil)
0009:trace:winsock:WS2_sendto fd=36, options=20
0009:trace:winsock:WS2_sendto  -> 10 bytes
0009:trace:winsock:WS2_sendto socket 0138, wsabuf 0x32f5e4, nbufs 1, flags 0, to 0x6a26014, tolen 16, ovl (nil), func (nil)
0009:trace:winsock:WS2_sendto fd=36, options=20
0009:trace:winsock:WS2_sendto  -> 10 bytes
0009:trace:winsock:WS2_recv_base socket 0138, wsabuf 0x32f6e4, nbufs 1, flags 0, from 0x32f734, fromlen 16, ovl (nil), func (nil)
0009:trace:winsock:WS2_recv_base fd=36, options=20
0009:trace:winsock:WS2_recv_base  -> 12 bytes
0009:trace:winsock:WS2_recv_base socket 0138, wsabuf 0x32f6e4, nbufs 1, flags 0, from 0x32f734, fromlen 16, ovl (nil), func (nil)
0009:trace:winsock:WS2_recv_base fd=36, options=20
0009:trace:winsock:WS2_recv_base  -> 10 bytes
0009:trace:winsock:WS2_recv_base socket 0138, wsabuf 0x32f6e4, nbufs 1, flags 0, from 0x32f734, fromlen 16, ovl (nil), func (nil)
0009:trace:winsock:WS2_recv_base fd=36, options=20
0009:trace:winsock:WS2_recv_base  -> 12 bytes
0009:trace:winsock:WS2_sendto socket 0138, wsabuf 0x32ef34, nbufs 1, flags 0, to 0x6a26014, tolen 16, ovl (nil), func (nil)
0009:trace:winsock:WS2_sendto fd=36, options=20
0009:trace:winsock:WS2_sendto  -> 12 bytes
0009:trace:winsock:WS2_recv_base socket 0138, wsabuf 0x32f6e4, nbufs 1, flags 0, from 0x32f734, fromlen 16, ovl (nil), func (nil)
0009:trace:winsock:WS2_recv_base fd=36, options=20
0009:trace:winsock:WS2_recv_base  -> 12 bytes
0009:trace:winsock:WS2_recv_base socket 0138, wsabuf 0x32f6e4, nbufs 1, flags 0, from 0x32f734, fromlen 16, ovl (nil), func (nil)
0009:trace:winsock:WS2_recv_base fd=36, options=20
0009:trace:winsock:WS2_recv_base  -> 10 bytes
0009:trace:winsock:WS2_recv_base socket 0138, wsabuf 0x32f6e4, nbufs 1, flags 0, from 0x32f734, fromlen 16, ovl (nil), func (nil)
0009:trace:winsock:WS2_recv_base fd=36, options=20
0009:trace:winsock:WS2_recv_base  -> 16 bytes
0009:trace:winsock:WS2_recv_base socket 0138, wsabuf 0x32f6e4, nbufs 1, flags 0, from 0x32f734, fromlen 16, ovl (nil), func (nil)
0009:trace:winsock:WS2_recv_base fd=36, options=20
0009:trace:winsock:WS2_recv_base  -> 12 bytes
0009:trace:winsock:WS2_sendto socket 0138, wsabuf 0x32ef34, nbufs 1, flags 0, to 0x6a26014, tolen 16, ovl (nil), func (nil)
0009:trace:winsock:WS2_sendto fd=36, options=20
0009:trace:winsock:WS2_sendto  -> 12 bytes
0009:trace:winsock:WS2_sendto socket 0138, wsabuf 0x32f5e4, nbufs 1, flags 0, to 0x6a26014, tolen 16, ovl (nil), func (nil)
0009:trace:winsock:WS2_sendto fd=36, options=20
0009:trace:winsock:WS2_sendto  -> 10 bytes
0009:trace:winsock:WS2_sendto socket 0138, wsabuf 0x32f5e4, nbufs 1, flags 0, to 0x6a26014, tolen 16, ovl (nil), func (nil)
0009:trace:winsock:WS2_sendto fd=36, options=20
0009:trace:winsock:WS2_sendto  -> 10 bytes
0009:trace:winsock:WS2_sendto socket 0138, wsabuf 0x32f9c4, nbufs 1, flags 0, to 0x6a26014, tolen 16, ovl (nil), func (nil)
0009:trace:winsock:WS2_sendto fd=36, options=20
0009:trace:winsock:WS2_sendto  -> 12 bytes
0009:trace:winsock:WS2_sendto socket 0138, wsabuf 0x32f9c4, nbufs 1, flags 0, to 0x6a26014, tolen 16, ovl (nil), func (nil)
0009:trace:winsock:WS2_sendto fd=36, options=20
0009:trace:winsock:WS2_sendto  -> 12 bytes
0009:trace:winsock:WS2_sendto socket 0138, wsabuf 0x32f5e4, nbufs 1, flags 0, to 0x6a26014, tolen 16, ovl (nil), func (nil)
0009:trace:winsock:WS2_sendto fd=36, options=20
0009:trace:winsock:WS2_sendto  -> 10 bytes
0009:trace:winsock:WS2_sendto socket 0138, wsabuf 0x32f5e4, nbufs 1, flags 0, to 0x6a26014, tolen 16, ovl (nil), func (nil)
0009:trace:winsock:WS2_sendto fd=36, options=20
0009:trace:winsock:WS2_sendto  -> 10 bytes
0009:trace:winsock:WS2_sendto socket 0138, wsabuf 0x32f5e4, nbufs 1, flags 0, to 0x6a26014, tolen 16, ovl (nil), func (nil)
0009:trace:winsock:WS2_sendto fd=36, options=20
0009:trace:winsock:WS2_sendto  -> 10 bytes
0009:trace:winsock:WS2_sendto socket 0138, wsabuf 0x32f5e4, nbufs 1, flags 0, to 0x6a26014, tolen 16, ovl (nil), func (nil)
0009:trace:winsock:WS2_sendto fd=36, options=20
0009:trace:winsock:WS2_sendto  -> 10 bytes
0009:trace:winsock:WS2_sendto socket 0138, wsabuf 0x32f5e4, nbufs 1, flags 0, to 0x6a26014, tolen 16, ovl (nil), func (nil)
0009:trace:winsock:WS2_sendto fd=36, options=20
0009:trace:winsock:WS2_sendto  -> 10 bytes
0009:trace:winsock:WS2_sendto socket 0138, wsabuf 0x32f5e4, nbufs 1, flags 0, to 0x6a26014, tolen 16, ovl (nil), func (nil)
0009:trace:winsock:WS2_sendto fd=36, options=20
0009:trace:winsock:WS2_sendto  -> 10 bytes
0009:trace:winsock:WS2_recv_base socket 0138, wsabuf 0x32f6e4, nbufs 1, flags 0, from 0x32f734, fromlen 16, ovl (nil), func (nil)
0009:trace:winsock:WS2_recv_base fd=36, options=20
0009:trace:winsock:WS2_recv_base  -> 12 bytes
0009:trace:winsock:WS2_recv_base socket 0138, wsabuf 0x32f6e4, nbufs 1, flags 0, from 0x32f734, fromlen 16, ovl (nil), func (nil)
0009:trace:winsock:WS2_recv_base fd=36, options=20
0009:trace:winsock:WS2_recv_base  -> 10 bytes
0009:trace:winsock:WS2_recv_base socket 0138, wsabuf 0x32f6e4, nbufs 1, flags 0, from 0x32f734, fromlen 16, ovl (nil), func (nil)
0009:trace:winsock:WS2_recv_base fd=36, options=20
0009:trace:winsock:WS2_recv_base  -> 10 bytes
0009:trace:winsock:WS2_recv_base socket 0138, wsabuf 0x32f6e4, nbufs 1, flags 0, from 0x32f734, fromlen 16, ovl (nil), func (nil)
0009:trace:winsock:WS2_recv_base fd=36, options=20
0009:trace:winsock:WS2_recv_base  -> 12 bytes
0009:trace:winsock:WS2_sendto socket 0138, wsabuf 0x32f5e4, nbufs 1, flags 0, to 0x6a26014, tolen 16, ovl (nil), func (nil)
0009:trace:winsock:WS2_sendto fd=36, options=20
0009:trace:winsock:WS2_sendto  -> 10 bytes
0009:trace:winsock:WS2_sendto socket 0138, wsabuf 0x32f5e4, nbufs 1, flags 0, to 0x6a26014, tolen 16, ovl (nil), func (nil)
0009:trace:winsock:WS2_sendto fd=36, options=20
0009:trace:winsock:WS2_sendto  -> 10 bytes
0009:trace:winsock:WS2_sendto socket 0138, wsabuf 0x32f9c4, nbufs 1, flags 0, to 0x6a26014, tolen 16, ovl (nil), func (nil)
0009:trace:winsock:WS2_sendto fd=36, options=20
0009:trace:winsock:WS2_sendto  -> 12 bytes
0009:trace:winsock:WS2_sendto socket 0138, wsabuf 0x32f9c4, nbufs 1, flags 0, to 0x6a26014, tolen 16, ovl (nil), func (nil)
0009:trace:winsock:WS2_sendto fd=36, options=20
0009:trace:winsock:WS2_sendto  -> 12 bytes
0009:trace:winsock:WS2_sendto socket 0138, wsabuf 0x32f5e4, nbufs 1, flags 0, to 0x6a26014, tolen 16, ovl (nil), func (nil)
0009:trace:winsock:WS2_sendto fd=36, options=20
0009:trace:winsock:WS2_sendto  -> 10 bytes
0009:trace:winsock:WS2_sendto socket 0138, wsabuf 0x32f5e4, nbufs 1, flags 0, to 0x6a26014, tolen 16, ovl (nil), func (nil)
0009:trace:winsock:WS2_sendto fd=36, options=20
0009:trace:winsock:WS2_sendto  -> 10 bytes
0009:trace:winsock:WS2_sendto socket 0138, wsabuf 0x32f5e4, nbufs 1, flags 0, to 0x6a26014, tolen 16, ovl (nil), func (nil)
0009:trace:winsock:WS2_sendto fd=36, options=20
0009:trace:winsock:WS2_sendto  -> 10 bytes
0009:trace:winsock:WS2_sendto socket 0138, wsabuf 0x32f5e4, nbufs 1, flags 0, to 0x6a26014, tolen 16, ovl (nil), func (nil)
0009:trace:winsock:WS2_sendto fd=36, options=20
0009:trace:winsock:WS2_sendto  -> 10 bytes
0009:trace:winsock:WS2_sendto socket 0138, wsabuf 0x32f5e4, nbufs 1, flags 0, to 0x6a26014, tolen 16, ovl (nil), func (nil)
0009:trace:winsock:WS2_sendto fd=36, options=20
0009:trace:winsock:WS2_sendto  -> 10 bytes
0009:trace:winsock:WS2_sendto socket 0138, wsabuf 0x32f5e4, nbufs 1, flags 0, to 0x6a26014, tolen 16, ovl (nil), func (nil)
0009:trace:winsock:WS2_sendto fd=36, options=20
0009:trace:winsock:WS2_sendto  -> 10 bytes
0009:trace:winsock:WS2_recv_base socket 0138, wsabuf 0x32f6e4, nbufs 1, flags 0, from 0x32f734, fromlen 16, ovl (nil), func (nil)
0009:trace:winsock:WS2_recv_base fd=36, options=20
0009:trace:winsock:WS2_recv_base  -> 12 bytes
0009:trace:winsock:WS2_recv_base socket 0138, wsabuf 0x32f6e4, nbufs 1, flags 0, from 0x32f734, fromlen 16, ovl (nil), func (nil)
0009:trace:winsock:WS2_recv_base fd=36, options=20
0009:trace:winsock:WS2_recv_base  -> 10 bytes
0009:trace:winsock:WS2_recv_base socket 0138, wsabuf 0x32f6e4, nbufs 1, flags 0, from 0x32f734, fromlen 16, ovl (nil), func (nil)
0009:trace:winsock:WS2_recv_base fd=36, options=20
0009:trace:winsock:WS2_recv_base  -> 12 bytes
0009:trace:winsock:WS2_sendto socket 0138, wsabuf 0x32ef34, nbufs 1, flags 0, to 0x6a26014, tolen 16, ovl (nil), func (nil)
0009:trace:winsock:WS2_sendto fd=36, options=20
0009:trace:winsock:WS2_sendto  -> 12 bytes
0009:trace:winsock:WS2_recv_base socket 0138, wsabuf 0x32f6e4, nbufs 1, flags 0, from 0x32f734, fromlen 16, ovl (nil), func (nil)
0009:trace:winsock:WS2_recv_base fd=36, options=20
0009:trace:winsock:WS2_recv_base  -> 10 bytes
0009:trace:winsock:WS2_recv_base socket 0138, wsabuf 0x32f6e4, nbufs 1, flags 0, from 0x32f734, fromlen 16, ovl (nil), func (nil)
0009:trace:winsock:WS2_recv_base fd=36, options=20
0009:trace:winsock:WS2_recv_base  -> 12 bytes
0009:trace:winsock:WS2_recv_base socket 0138, wsabuf 0x32f6e4, nbufs 1, flags 0, from 0x32f734, fromlen 16, ovl (nil), func (nil)
0009:trace:winsock:WS2_recv_base fd=36, options=20
0009:trace:winsock:WS2_recv_base  -> 16 bytes
0009:trace:winsock:WS2_recv_base socket 0138, wsabuf 0x32f6e4, nbufs 1, flags 0, from 0x32f734, fromlen 16, ovl (nil), func (nil)
0009:trace:winsock:WS2_recv_base fd=36, options=20
0009:trace:winsock:WS2_recv_base  -> 12 bytes
0009:trace:winsock:WS2_sendto socket 0138, wsabuf 0x32ef34, nbufs 1, flags 0, to 0x6a26014, tolen 16, ovl (nil), func (nil)
0009:trace:winsock:WS2_sendto fd=36, options=20
0009:trace:winsock:WS2_sendto  -> 12 bytes
0009:trace:winsock:WS2_sendto socket 0138, wsabuf 0x32f964, nbufs 1, flags 0, to 0x6a26014, tolen 16, ovl (nil), func (nil)
0009:trace:winsock:WS2_sendto fd=36, options=20
0009:trace:winsock:WS2_sendto  -> 16 bytes
0009:trace:winsock:WS2_sendto socket 0138, wsabuf 0x32f964, nbufs 1, flags 0, to 0x6a26014, tolen 16, ovl (nil), func (nil)
0009:trace:winsock:WS2_sendto fd=36, options=20
0009:trace:winsock:WS2_sendto  -> 16 bytes
0009:trace:winsock:WS2_sendto socket 0138, wsabuf 0x32f5e4, nbufs 1, flags 0, to 0x6a26014, tolen 16, ovl (nil), func (nil)
0009:trace:winsock:WS2_sendto fd=36, options=20
0009:trace:winsock:WS2_sendto  -> 10 bytes
0009:trace:winsock:WS2_sendto socket 0138, wsabuf 0x32f5e4, nbufs 1, flags 0, to 0x6a26014, tolen 16, ovl (nil), func (nil)
0009:trace:winsock:WS2_sendto fd=36, options=20
0009:trace:winsock:WS2_sendto  -> 10 bytes
0009:trace:winsock:WS2_sendto socket 0138, wsabuf 0x32f9c4, nbufs 1, flags 0, to 0x6a26014, tolen 16, ovl (nil), func (nil)
0009:trace:winsock:WS2_sendto fd=36, options=20
0009:trace:winsock:WS2_sendto  -> 12 bytes
0009:trace:winsock:WS2_sendto socket 0138, wsabuf 0x32f9c4, nbufs 1, flags 0, to 0x6a26014, tolen 16, ovl (nil), func (nil)
0009:trace:winsock:WS2_sendto fd=36, options=20
0009:trace:winsock:WS2_sendto  -> 12 bytes
0009:trace:winsock:WS2_sendto socket 0138, wsabuf 0x32f964, nbufs 1, flags 0, to 0x6a26014, tolen 16, ovl (nil), func (nil)
0009:trace:winsock:WS2_sendto fd=36, options=20
0009:trace:winsock:WS2_sendto  -> 16 bytes
0009:trace:winsock:WS2_sendto socket 0138, wsabuf 0x32f964, nbufs 1, flags 0, to 0x6a26014, tolen 16, ovl (nil), func (nil)
0009:trace:winsock:WS2_sendto fd=36, options=20
0009:trace:winsock:WS2_sendto  -> 16 bytes
0009:trace:winsock:WS2_sendto socket 0138, wsabuf 0x32f5e4, nbufs 1, flags 0, to 0x6a26014, tolen 16, ovl (nil), func (nil)
0009:trace:winsock:WS2_sendto fd=36, options=20
0009:trace:winsock:WS2_sendto  -> 10 bytes
0009:trace:winsock:WS2_sendto socket 0138, wsabuf 0x32f5e4, nbufs 1, flags 0, to 0x6a26014, tolen 16, ovl (nil), func (nil)
0009:trace:winsock:WS2_sendto fd=36, options=20
0009:trace:winsock:WS2_sendto  -> 10 bytes
0009:trace:winsock:WS2_sendto socket 0138, wsabuf 0x32f5e4, nbufs 1, flags 0, to 0x6a26014, tolen 16, ovl (nil), func (nil)
0009:trace:winsock:WS2_sendto fd=36, options=20
0009:trace:winsock:WS2_sendto  -> 10 bytes
0009:trace:winsock:WS2_sendto socket 0138, wsabuf 0x32f5e4, nbufs 1, flags 0, to 0x6a26014, tolen 16, ovl (nil), func (nil)
0009:trace:winsock:WS2_sendto fd=36, options=20
0009:trace:winsock:WS2_sendto  -> 10 bytes
0009:trace:winsock:WS2_sendto socket 0138, wsabuf 0x32f5e4, nbufs 1, flags 0, to 0x6a26014, tolen 16, ovl (nil), func (nil)
0009:trace:winsock:WS2_sendto fd=36, options=20
0009:trace:winsock:WS2_sendto  -> 10 bytes
0009:trace:winsock:WS2_sendto socket 0138, wsabuf 0x32f5e4, nbufs 1, flags 0, to 0x6a26014, tolen 16, ovl (nil), func (nil)
0009:trace:winsock:WS2_sendto fd=36, options=20
0009:trace:winsock:WS2_sendto  -> 10 bytes
0009:trace:winsock:WS2_recv_base socket 0138, wsabuf 0x32f6e4, nbufs 1, flags 0, from 0x32f734, fromlen 16, ovl (nil), func (nil)
0009:trace:winsock:WS2_recv_base fd=36, options=20
0009:trace:winsock:WS2_recv_base  -> 12 bytes
0009:trace:winsock:WS2_recv_base socket 0138, wsabuf 0x32f6e4, nbufs 1, flags 0, from 0x32f734, fromlen 16, ovl (nil), func (nil)
0009:trace:winsock:WS2_recv_base fd=36, options=20
0009:trace:winsock:WS2_recv_base  -> 10 bytes
0009:trace:winsock:WS2_recv_base socket 0138, wsabuf 0x32f6e4, nbufs 1, flags 0, from 0x32f734, fromlen 16, ovl (nil), func (nil)
0009:trace:winsock:WS2_recv_base fd=36, options=20
0009:trace:winsock:WS2_recv_base  -> 12 bytes
0009:trace:winsock:WS2_recv_base socket 0138, wsabuf 0x32f6e4, nbufs 1, flags 0, from 0x32f734, fromlen 16, ovl (nil), func (nil)
0009:trace:winsock:WS2_recv_base fd=36, options=20
0009:trace:winsock:WS2_recv_base  -> 10 bytes
0009:trace:winsock:WS2_recv_base socket 0138, wsabuf 0x32f6e4, nbufs 1, flags 0, from 0x32f734, fromlen 16, ovl (nil), func (nil)
0009:trace:winsock:WS2_recv_base fd=36, options=20
0009:trace:winsock:WS2_recv_base  -> 12 bytes
0009:trace:winsock:WS2_sendto socket 0138, wsabuf 0x32ef34, nbufs 1, flags 0, to 0x6a26014, tolen 16, ovl (nil), func (nil)
0009:trace:winsock:WS2_sendto fd=36, options=20
0009:trace:winsock:WS2_sendto  -> 12 bytes
0009:trace:winsock:WS2_sendto socket 0138, wsabuf 0x32f5e4, nbufs 1, flags 0, to 0x6a26014, tolen 16, ovl (nil), func (nil)
0009:trace:winsock:WS2_sendto fd=36, options=20
0009:trace:winsock:WS2_sendto  -> 10 bytes
0009:trace:winsock:WS2_sendto socket 0138, wsabuf 0x32f5e4, nbufs 1, flags 0, to 0x6a26014, tolen 16, ovl (nil), func (nil)
0009:trace:winsock:WS2_sendto fd=36, options=20
0009:trace:winsock:WS2_sendto  -> 10 bytes
0009:trace:winsock:WS2_sendto socket 0138, wsabuf 0x32f9c4, nbufs 1, flags 0, to 0x6a26014, tolen 16, ovl (nil), func (nil)
0009:trace:winsock:WS2_sendto fd=36, options=20
0009:trace:winsock:WS2_sendto  -> 12 bytes
0009:trace:winsock:WS2_sendto socket 0138, wsabuf 0x32f9c4, nbufs 1, flags 0, to 0x6a26014, tolen 16, ovl (nil), func (nil)
0009:trace:winsock:WS2_sendto fd=36, options=20
0009:trace:winsock:WS2_sendto  -> 12 bytes
0009:trace:winsock:WS2_sendto socket 0138, wsabuf 0x32f5e4, nbufs 1, flags 0, to 0x6a26014, tolen 16, ovl (nil), func (nil)
0009:trace:winsock:WS2_sendto fd=36, options=20
0009:trace:winsock:WS2_sendto  -> 10 bytes
0009:trace:winsock:WS2_sendto socket 0138, wsabuf 0x32f5e4, nbufs 1, flags 0, to 0x6a26014, tolen 16, ovl (nil), func (nil)
0009:trace:winsock:WS2_sendto fd=36, options=20
0009:trace:winsock:WS2_sendto  -> 10 bytes
0009:trace:winsock:WS2_sendto socket 0138, wsabuf 0x32f5e4, nbufs 1, flags 0, to 0x6a26014, tolen 16, ovl (nil), func (nil)
0009:trace:winsock:WS2_sendto fd=36, options=20
0009:trace:winsock:WS2_sendto  -> 10 bytes
0009:trace:winsock:WS2_sendto socket 0138, wsabuf 0x32f5e4, nbufs 1, flags 0, to 0x6a26014, tolen 16, ovl (nil), func (nil)
0009:trace:winsock:WS2_sendto fd=36, options=20
0009:trace:winsock:WS2_sendto  -> 10 bytes
0009:trace:winsock:WS2_sendto socket 0138, wsabuf 0x32f5e4, nbufs 1, flags 0, to 0x6a26014, tolen 16, ovl (nil), func (nil)
0009:trace:winsock:WS2_sendto fd=36, options=20
0009:trace:winsock:WS2_sendto  -> 10 bytes
0009:trace:winsock:WS2_sendto socket 0138, wsabuf 0x32f5e4, nbufs 1, flags 0, to 0x6a26014, tolen 16, ovl (nil), func (nil)
0009:trace:winsock:WS2_sendto fd=36, options=20
0009:trace:winsock:WS2_sendto  -> 10 bytes
0009:trace:winsock:WS2_recv_base socket 0138, wsabuf 0x32f6e4, nbufs 1, flags 0, from 0x32f734, fromlen 16, ovl (nil), func (nil)
0009:trace:winsock:WS2_recv_base fd=36, options=20
0009:trace:winsock:WS2_recv_base  -> 12 bytes
0009:trace:winsock:WS2_recv_base socket 0138, wsabuf 0x32f6e4, nbufs 1, flags 0, from 0x32f734, fromlen 16, ovl (nil), func (nil)
0009:trace:winsock:WS2_recv_base fd=36, options=20
0009:trace:winsock:WS2_recv_base  -> 10 bytes
0009:trace:winsock:WS2_recv_base socket 0138, wsabuf 0x32f6e4, nbufs 1, flags 0, from 0x32f734, fromlen 16, ovl (nil), func (nil)
0009:trace:winsock:WS2_recv_base fd=36, options=20
0009:trace:winsock:WS2_recv_base  -> 12 bytes
0009:trace:winsock:WS2_sendto socket 0138, wsabuf 0x32ef34, nbufs 1, flags 0, to 0x6a26014, tolen 16, ovl (nil), func (nil)
0009:trace:winsock:WS2_sendto fd=36, options=20
0009:trace:winsock:WS2_sendto  -> 12 bytes
0009:trace:winsock:WS2_recv_base socket 0138, wsabuf 0x32f6e4, nbufs 1, flags 0, from 0x32f734, fromlen 16, ovl (nil), func (nil)
0009:trace:winsock:WS2_recv_base fd=36, options=20
0009:trace:winsock:WS2_recv_base  -> 12 bytes
0009:trace:winsock:WS2_recv_base socket 0138, wsabuf 0x32f6e4, nbufs 1, flags 0, from 0x32f734, fromlen 16, ovl (nil), func (nil)
0009:trace:winsock:WS2_recv_base fd=36, options=20
0009:trace:winsock:WS2_recv_base  -> 10 bytes
0009:trace:winsock:WS2_recv_base socket 0138, wsabuf 0x32f6e4, nbufs 1, flags 0, from 0x32f734, fromlen 16, ovl (nil), func (nil)
0009:trace:winsock:WS2_recv_base fd=36, options=20
0009:trace:winsock:WS2_recv_base  -> 12 bytes
0009:trace:winsock:WS2_sendto socket 0138, wsabuf 0x32ef34, nbufs 1, flags 0, to 0x6a26014, tolen 16, ovl (nil), func (nil)
0009:trace:winsock:WS2_sendto fd=36, options=20
0009:trace:winsock:WS2_sendto  -> 12 bytes
0009:trace:winsock:WS2_sendto socket 0138, wsabuf 0x32f5e4, nbufs 1, flags 0, to 0x6a26014, tolen 16, ovl (nil), func (nil)
0009:trace:winsock:WS2_sendto fd=36, options=20
0009:trace:winsock:WS2_sendto  -> 10 bytes
0009:trace:winsock:WS2_sendto socket 0138, wsabuf 0x32f5e4, nbufs 1, flags 0, to 0x6a26014, tolen 16, ovl (nil), func (nil)
0009:trace:winsock:WS2_sendto fd=36, options=20
0009:trace:winsock:WS2_sendto  -> 10 bytes
0009:trace:winsock:WS2_sendto socket 0138, wsabuf 0x32f9c4, nbufs 1, flags 0, to 0x6a26014, tolen 16, ovl (nil), func (nil)
0009:trace:winsock:WS2_sendto fd=36, options=20
0009:trace:winsock:WS2_sendto  -> 12 bytes
0009:trace:winsock:WS2_sendto socket 0138, wsabuf 0x32f9c4, nbufs 1, flags 0, to 0x6a26014, tolen 16, ovl (nil), func (nil)
0009:trace:winsock:WS2_sendto fd=36, options=20
0009:trace:winsock:WS2_sendto  -> 12 bytes
0009:trace:winsock:WS2_sendto socket 0138, wsabuf 0x32f5e4, nbufs 1, flags 0, to 0x6a26014, tolen 16, ovl (nil), func (nil)
0009:trace:winsock:WS2_sendto fd=36, options=20
0009:trace:winsock:WS2_sendto  -> 10 bytes
0009:trace:winsock:WS2_sendto socket 0138, wsabuf 0x32f5e4, nbufs 1, flags 0, to 0x6a26014, tolen 16, ovl (nil), func (nil)
0009:trace:winsock:WS2_sendto fd=36, options=20
0009:trace:winsock:WS2_sendto  -> 10 bytes
0009:trace:winsock:WS2_sendto socket 0138, wsabuf 0x32f5e4, nbufs 1, flags 0, to 0x6a26014, tolen 16, ovl (nil), func (nil)
0009:trace:winsock:WS2_sendto fd=36, options=20
0009:trace:winsock:WS2_sendto  -> 10 bytes
0009:trace:winsock:WS2_sendto socket 0138, wsabuf 0x32f5e4, nbufs 1, flags 0, to 0x6a26014, tolen 16, ovl (nil), func (nil)
0009:trace:winsock:WS2_sendto fd=36, options=20
0009:trace:winsock:WS2_sendto  -> 10 bytes
0009:trace:winsock:WS2_sendto socket 0138, wsabuf 0x32f5e4, nbufs 1, flags 0, to 0x6a26014, tolen 16, ovl (nil), func (nil)
0009:trace:winsock:WS2_sendto fd=36, options=20
0009:trace:winsock:WS2_sendto  -> 10 bytes
0009:trace:winsock:WS2_sendto socket 0138, wsabuf 0x32f5e4, nbufs 1, flags 0, to 0x6a26014, tolen 16, ovl (nil), func (nil)
0009:trace:winsock:WS2_sendto fd=36, options=20
0009:trace:winsock:WS2_sendto  -> 10 bytes
0009:trace:winsock:WS2_recv_base socket 0138, wsabuf 0x32f6e4, nbufs 1, flags 0, from 0x32f734, fromlen 16, ovl (nil), func (nil)
0009:trace:winsock:WS2_recv_base fd=36, options=20
0009:trace:winsock:WS2_recv_base  -> 10 bytes
0009:trace:winsock:WS2_recv_base socket 0138, wsabuf 0x32f6e4, nbufs 1, flags 0, from 0x32f734, fromlen 16, ovl (nil), func (nil)
0009:trace:winsock:WS2_recv_base fd=36, options=20
0009:trace:winsock:WS2_recv_base  -> 12 bytes
0009:trace:winsock:WS2_sendto socket 0138, wsabuf 0x32ef34, nbufs 1, flags 0, to 0x6a26014, tolen 16, ovl (nil), func (nil)
0009:trace:winsock:WS2_sendto fd=36, options=20
0009:trace:winsock:WS2_sendto  -> 12 bytes
0009:trace:winsock:WS2_recv_base socket 0138, wsabuf 0x32f6e4, nbufs 1, flags 0, from 0x32f734, fromlen 16, ovl (nil), func (nil)
0009:trace:winsock:WS2_recv_base fd=36, options=20
0009:trace:winsock:WS2_recv_base  -> 12 bytes
0009:trace:winsock:WS2_recv_base socket 0138, wsabuf 0x32f6e4, nbufs 1, flags 0, from 0x32f734, fromlen 16, ovl (nil), func (nil)
0009:trace:winsock:WS2_recv_base fd=36, options=20
0009:trace:winsock:WS2_recv_base  -> 10 bytes
0009:trace:winsock:WS2_recv_base socket 0138, wsabuf 0x32f6e4, nbufs 1, flags 0, from 0x32f734, fromlen 16, ovl (nil), func (nil)
0009:trace:winsock:WS2_recv_base fd=36, options=20
0009:trace:winsock:WS2_recv_base  -> 12 bytes
0009:trace:winsock:WS2_sendto socket 0138, wsabuf 0x32ef34, nbufs 1, flags 0, to 0x6a26014, tolen 16, ovl (nil), func (nil)
0009:trace:winsock:WS2_sendto fd=36, options=20
0009:trace:winsock:WS2_sendto  -> 12 bytes
0009:trace:winsock:WS2_sendto socket 0138, wsabuf 0x32f5e4, nbufs 1, flags 0, to 0x6a26014, tolen 16, ovl (nil), func (nil)
0009:trace:winsock:WS2_sendto fd=36, options=20
0009:trace:winsock:WS2_sendto  -> 10 bytes
0009:trace:winsock:WS2_sendto socket 0138, wsabuf 0x32f5e4, nbufs 1, flags 0, to 0x6a26014, tolen 16, ovl (nil), func (nil)
0009:trace:winsock:WS2_sendto fd=36, options=20
0009:trace:winsock:WS2_sendto  -> 10 bytes
0009:trace:winsock:WS2_sendto socket 0138, wsabuf 0x32f9c4, nbufs 1, flags 0, to 0x6a26014, tolen 16, ovl (nil), func (nil)
0009:trace:winsock:WS2_sendto fd=36, options=20
0009:trace:winsock:WS2_sendto  -> 12 bytes
0009:trace:winsock:WS2_sendto socket 0138, wsabuf 0x32f9c4, nbufs 1, flags 0, to 0x6a26014, tolen 16, ovl (nil), func (nil)
0009:trace:winsock:WS2_sendto fd=36, options=20
0009:trace:winsock:WS2_sendto  -> 12 bytes
0009:trace:winsock:WS2_sendto socket 0138, wsabuf 0x32f5e4, nbufs 1, flags 0, to 0x6a26014, tolen 16, ovl (nil), func (nil)
0009:trace:winsock:WS2_sendto fd=36, options=20
0009:trace:winsock:WS2_sendto  -> 10 bytes
0009:trace:winsock:WS2_sendto socket 0138, wsabuf 0x32f5e4, nbufs 1, flags 0, to 0x6a26014, tolen 16, ovl (nil), func (nil)
0009:trace:winsock:WS2_sendto fd=36, options=20
0009:trace:winsock:WS2_sendto  -> 10 bytes
0009:trace:winsock:WS2_sendto socket 0138, wsabuf 0x32f5e4, nbufs 1, flags 0, to 0x6a26014, tolen 16, ovl (nil), func (nil)
0009:trace:winsock:WS2_sendto fd=36, options=20
0009:trace:winsock:WS2_sendto  -> 10 bytes
0009:trace:winsock:WS2_sendto socket 0138, wsabuf 0x32f5e4, nbufs 1, flags 0, to 0x6a26014, tolen 16, ovl (nil), func (nil)
0009:trace:winsock:WS2_sendto fd=36, options=20
0009:trace:winsock:WS2_sendto  -> 10 bytes
0009:trace:winsock:WS2_sendto socket 0138, wsabuf 0x32f5e4, nbufs 1, flags 0, to 0x6a26014, tolen 16, ovl (nil), func (nil)
0009:trace:winsock:WS2_sendto fd=36, options=20
0009:trace:winsock:WS2_sendto  -> 10 bytes
0009:trace:winsock:WS2_sendto socket 0138, wsabuf 0x32f5e4, nbufs 1, flags 0, to 0x6a26014, tolen 16, ovl (nil), func (nil)
0009:trace:winsock:WS2_sendto fd=36, options=20
0009:trace:winsock:WS2_sendto  -> 10 bytes
0009:trace:winsock:WS2_recv_base socket 0138, wsabuf 0x32f6e4, nbufs 1, flags 0, from 0x32f734, fromlen 16, ovl (nil), func (nil)
0009:trace:winsock:WS2_recv_base fd=36, options=20
0009:trace:winsock:WS2_recv_base  -> 12 bytes
0009:trace:winsock:WS2_recv_base socket 0138, wsabuf 0x32f6e4, nbufs 1, flags 0, from 0x32f734, fromlen 16, ovl (nil), func (nil)
0009:trace:winsock:WS2_recv_base fd=36, options=20
0009:trace:winsock:WS2_recv_base  -> 10 bytes
0009:trace:winsock:WS2_recv_base socket 0138, wsabuf 0x32f6e4, nbufs 1, flags 0, from 0x32f734, fromlen 16, ovl (nil), func (nil)
0009:trace:winsock:WS2_recv_base fd=36, options=20
0009:trace:winsock:WS2_recv_base  -> 12 bytes
0009:trace:winsock:WS2_sendto socket 0138, wsabuf 0x32ef34, nbufs 1, flags 0, to 0x6a26014, tolen 16, ovl (nil), func (nil)
0009:trace:winsock:WS2_sendto fd=36, options=20
0009:trace:winsock:WS2_sendto  -> 12 bytes
0009:trace:winsock:WS2_recv_base socket 0138, wsabuf 0x32f6e4, nbufs 1, flags 0, from 0x32f734, fromlen 16, ovl (nil), func (nil)
0009:trace:winsock:WS2_recv_base fd=36, options=20
0009:trace:winsock:WS2_recv_base  -> 12 bytes
0009:trace:winsock:WS2_recv_base socket 0138, wsabuf 0x32f6e4, nbufs 1, flags 0, from 0x32f734, fromlen 16, ovl (nil), func (nil)
0009:trace:winsock:WS2_recv_base fd=36, options=20
0009:trace:winsock:WS2_recv_base  -> 10 bytes
0009:trace:winsock:WS2_sendto socket 0138, wsabuf 0x32f5e4, nbufs 1, flags 0, to 0x6a26014, tolen 16, ovl (nil), func (nil)
0009:trace:winsock:WS2_sendto fd=36, options=20
0009:trace:winsock:WS2_sendto  -> 10 bytes
0009:trace:winsock:WS2_sendto socket 0138, wsabuf 0x32f5e4, nbufs 1, flags 0, to 0x6a26014, tolen 16, ovl (nil), func (nil)
0009:trace:winsock:WS2_sendto fd=36, options=20
0009:trace:winsock:WS2_sendto  -> 10 bytes
0009:trace:winsock:WS2_sendto socket 0138, wsabuf 0x32f9c4, nbufs 1, flags 0, to 0x6a26014, tolen 16, ovl (nil), func (nil)
0009:trace:winsock:WS2_sendto fd=36, options=20
0009:trace:winsock:WS2_sendto  -> 12 bytes
0009:trace:winsock:WS2_sendto socket 0138, wsabuf 0x32f9c4, nbufs 1, flags 0, to 0x6a26014, tolen 16, ovl (nil), func (nil)
0009:trace:winsock:WS2_sendto fd=36, options=20
0009:trace:winsock:WS2_sendto  -> 12 bytes
0009:trace:winsock:WS2_sendto socket 0138, wsabuf 0x32f5e4, nbufs 1, flags 0, to 0x6a26014, tolen 16, ovl (nil), func (nil)
0009:trace:winsock:WS2_sendto fd=36, options=20
0009:trace:winsock:WS2_sendto  -> 10 bytes
0009:trace:winsock:WS2_sendto socket 0138, wsabuf 0x32f5e4, nbufs 1, flags 0, to 0x6a26014, tolen 16, ovl (nil), func (nil)
0009:trace:winsock:WS2_sendto fd=36, options=20
0009:trace:winsock:WS2_sendto  -> 10 bytes
0009:trace:winsock:WS2_sendto socket 0138, wsabuf 0x32f5e4, nbufs 1, flags 0, to 0x6a26014, tolen 16, ovl (nil), func (nil)
0009:trace:winsock:WS2_sendto fd=36, options=20
0009:trace:winsock:WS2_sendto  -> 10 bytes
0009:trace:winsock:WS2_sendto socket 0138, wsabuf 0x32f5e4, nbufs 1, flags 0, to 0x6a26014, tolen 16, ovl (nil), func (nil)
0009:trace:winsock:WS2_sendto fd=36, options=20
0009:trace:winsock:WS2_sendto  -> 10 bytes
0009:trace:winsock:WS2_sendto socket 0138, wsabuf 0x32f5e4, nbufs 1, flags 0, to 0x6a26014, tolen 16, ovl (nil), func (nil)
0009:trace:winsock:WS2_sendto fd=36, options=20
0009:trace:winsock:WS2_sendto  -> 10 bytes
0009:trace:winsock:WS2_sendto socket 0138, wsabuf 0x32f5e4, nbufs 1, flags 0, to 0x6a26014, tolen 16, ovl (nil), func (nil)
0009:trace:winsock:WS2_sendto fd=36, options=20
0009:trace:winsock:WS2_sendto  -> 10 bytes
0009:trace:winsock:WS2_recv_base socket 0138, wsabuf 0x32f6e4, nbufs 1, flags 0, from 0x32f734, fromlen 16, ovl (nil), func (nil)
0009:trace:winsock:WS2_recv_base fd=36, options=20
0009:trace:winsock:WS2_recv_base  -> 12 bytes
0009:trace:winsock:WS2_recv_base socket 0138, wsabuf 0x32f6e4, nbufs 1, flags 0, from 0x32f734, fromlen 16, ovl (nil), func (nil)
0009:trace:winsock:WS2_recv_base fd=36, options=20
0009:trace:winsock:WS2_recv_base  -> 10 bytes
0009:trace:winsock:WS2_recv_base socket 0138, wsabuf 0x32f6e4, nbufs 1, flags 0, from 0x32f734, fromlen 16, ovl (nil), func (nil)
0009:trace:winsock:WS2_recv_base fd=36, options=20
0009:trace:winsock:WS2_recv_base  -> 12 bytes
0009:trace:winsock:WS2_recv_base socket 0138, wsabuf 0x32f6e4, nbufs 1, flags 0, from 0x32f734, fromlen 16, ovl (nil), func (nil)
0009:trace:winsock:WS2_recv_base fd=36, options=20
0009:trace:winsock:WS2_recv_base  -> 16 bytes
0009:trace:winsock:WS2_recv_base socket 0138, wsabuf 0x32f6e4, nbufs 1, flags 0, from 0x32f734, fromlen 16, ovl (nil), func (nil)
0009:trace:winsock:WS2_recv_base fd=36, options=20
0009:trace:winsock:WS2_recv_base  -> 12 bytes
0009:trace:winsock:WS2_sendto socket 0138, wsabuf 0x32ef34, nbufs 1, flags 0, to 0x6a26014, tolen 16, ovl (nil), func (nil)
0009:trace:winsock:WS2_sendto fd=36, options=20
0009:trace:winsock:WS2_sendto  -> 12 bytes
0009:trace:winsock:WS2_recv_base socket 0138, wsabuf 0x32f6e4, nbufs 1, flags 0, from 0x32f734, fromlen 16, ovl (nil), func (nil)
0009:trace:winsock:WS2_recv_base fd=36, options=20
0009:trace:winsock:WS2_recv_base  -> 12 bytes
0009:trace:winsock:WS2_recv_base socket 0138, wsabuf 0x32f6e4, nbufs 1, flags 0, from 0x32f734, fromlen 16, ovl (nil), func (nil)
0009:trace:winsock:WS2_recv_base fd=36, options=20
0009:trace:winsock:WS2_recv_base  -> 10 bytes
0009:trace:winsock:WS2_recv_base socket 0138, wsabuf 0x32f6e4, nbufs 1, flags 0, from 0x32f734, fromlen 16, ovl (nil), func (nil)
0009:trace:winsock:WS2_recv_base fd=36, options=20
0009:trace:winsock:WS2_recv_base  -> 12 bytes
0009:trace:winsock:WS2_sendto socket 0138, wsabuf 0x32ef34, nbufs 1, flags 0, to 0x6a26014, tolen 16, ovl (nil), func (nil)
0009:trace:winsock:WS2_sendto fd=36, options=20
0009:trace:winsock:WS2_sendto  -> 12 bytes
0009:trace:winsock:WS2_sendto socket 0138, wsabuf 0x32f5e4, nbufs 1, flags 0, to 0x6a26014, tolen 16, ovl (nil), func (nil)
0009:trace:winsock:WS2_sendto fd=36, options=20
0009:trace:winsock:WS2_sendto  -> 10 bytes
0009:trace:winsock:WS2_sendto socket 0138, wsabuf 0x32f5e4, nbufs 1, flags 0, to 0x6a26014, tolen 16, ovl (nil), func (nil)
0009:trace:winsock:WS2_sendto fd=36, options=20
0009:trace:winsock:WS2_sendto  -> 10 bytes
0009:trace:winsock:WS2_sendto socket 0138, wsabuf 0x32f9c4, nbufs 1, flags 0, to 0x6a26014, tolen 16, ovl (nil), func (nil)
0009:trace:winsock:WS2_sendto fd=36, options=20
0009:trace:winsock:WS2_sendto  -> 12 bytes
0009:trace:winsock:WS2_sendto socket 0138, wsabuf 0x32f9c4, nbufs 1, flags 0, to 0x6a26014, tolen 16, ovl (nil), func (nil)
0009:trace:winsock:WS2_sendto fd=36, options=20
0009:trace:winsock:WS2_sendto  -> 12 bytes
0009:trace:winsock:WS2_sendto socket 0138, wsabuf 0x32f5e4, nbufs 1, flags 0, to 0x6a26014, tolen 16, ovl (nil), func (nil)
0009:trace:winsock:WS2_sendto fd=36, options=20
0009:trace:winsock:WS2_sendto  -> 10 bytes
0009:trace:winsock:WS2_sendto socket 0138, wsabuf 0x32f5e4, nbufs 1, flags 0, to 0x6a26014, tolen 16, ovl (nil), func (nil)
0009:trace:winsock:WS2_sendto fd=36, options=20
0009:trace:winsock:WS2_sendto  -> 10 bytes
0009:trace:winsock:WS2_sendto socket 0138, wsabuf 0x32f5e4, nbufs 1, flags 0, to 0x6a26014, tolen 16, ovl (nil), func (nil)
0009:trace:winsock:WS2_sendto fd=36, options=20
0009:trace:winsock:WS2_sendto  -> 10 bytes
0009:trace:winsock:WS2_sendto socket 0138, wsabuf 0x32f5e4, nbufs 1, flags 0, to 0x6a26014, tolen 16, ovl (nil), func (nil)
0009:trace:winsock:WS2_sendto fd=36, options=20
0009:trace:winsock:WS2_sendto  -> 10 bytes
0009:trace:winsock:WS2_sendto socket 0138, wsabuf 0x32f5e4, nbufs 1, flags 0, to 0x6a26014, tolen 16, ovl (nil), func (nil)
0009:trace:winsock:WS2_sendto fd=36, options=20
0009:trace:winsock:WS2_sendto  -> 10 bytes
0009:trace:winsock:WS2_sendto socket 0138, wsabuf 0x32f5e4, nbufs 1, flags 0, to 0x6a26014, tolen 16, ovl (nil), func (nil)
0009:trace:winsock:WS2_sendto fd=36, options=20
0009:trace:winsock:WS2_sendto  -> 10 bytes
0009:trace:winsock:WS2_recv_base socket 0138, wsabuf 0x32f6e4, nbufs 1, flags 0, from 0x32f734, fromlen 16, ovl (nil), func (nil)
0009:trace:winsock:WS2_recv_base fd=36, options=20
0009:trace:winsock:WS2_recv_base  -> 10 bytes
0009:trace:winsock:WS2_recv_base socket 0138, wsabuf 0x32f6e4, nbufs 1, flags 0, from 0x32f734, fromlen 16, ovl (nil), func (nil)
0009:trace:winsock:WS2_recv_base fd=36, options=20
0009:trace:winsock:WS2_recv_base  -> 12 bytes
0009:trace:winsock:WS2_recv_base socket 0138, wsabuf 0x32f6e4, nbufs 1, flags 0, from 0x32f734, fromlen 16, ovl (nil), func (nil)
0009:trace:winsock:WS2_recv_base fd=36, options=20
0009:trace:winsock:WS2_recv_base  -> 12 bytes
0009:trace:winsock:WS2_sendto socket 0138, wsabuf 0x32ef34, nbufs 1, flags 0, to 0x6a26014, tolen 16, ovl (nil), func (nil)
0009:trace:winsock:WS2_sendto fd=36, options=20
0009:trace:winsock:WS2_sendto  -> 12 bytes
0009:trace:winsock:WS2_recv_base socket 0138, wsabuf 0x32f6e4, nbufs 1, flags 0, from 0x32f734, fromlen 16, ovl (nil), func (nil)
0009:trace:winsock:WS2_recv_base fd=36, options=20
0009:trace:winsock:WS2_recv_base  -> 12 bytes
0009:trace:winsock:WS2_recv_base socket 0138, wsabuf 0x32f6e4, nbufs 1, flags 0, from 0x32f734, fromlen 16, ovl (nil), func (nil)
0009:trace:winsock:WS2_recv_base fd=36, options=20
0009:trace:winsock:WS2_recv_base  -> 10 bytes
0009:trace:winsock:WS2_recv_base socket 0138, wsabuf 0x32f6e4, nbufs 1, flags 0, from 0x32f734, fromlen 16, ovl (nil), func (nil)
0009:trace:winsock:WS2_recv_base fd=36, options=20
0009:trace:winsock:WS2_recv_base  -> 16 bytes
0009:trace:winsock:WS2_recv_base socket 0138, wsabuf 0x32f6e4, nbufs 1, flags 0, from 0x32f734, fromlen 16, ovl (nil), func (nil)
0009:trace:winsock:WS2_recv_base fd=36, options=20
0009:trace:winsock:WS2_recv_base  -> 12 bytes
0009:trace:winsock:WS2_sendto socket 0138, wsabuf 0x32ef34, nbufs 1, flags 0, to 0x6a26014, tolen 16, ovl (nil), func (nil)
0009:trace:winsock:WS2_sendto fd=36, options=20
0009:trace:winsock:WS2_sendto  -> 12 bytes
0009:trace:winsock:WS2_sendto socket 0138, wsabuf 0x32f964, nbufs 1, flags 0, to 0x6a26014, tolen 16, ovl (nil), func (nil)
0009:trace:winsock:WS2_sendto fd=36, options=20
0009:trace:winsock:WS2_sendto  -> 16 bytes
0009:trace:winsock:WS2_sendto socket 0138, wsabuf 0x32f964, nbufs 1, flags 0, to 0x6a26014, tolen 16, ovl (nil), func (nil)
0009:trace:winsock:WS2_sendto fd=36, options=20
0009:trace:winsock:WS2_sendto  -> 16 bytes
0009:trace:winsock:WS2_sendto socket 0138, wsabuf 0x32f5e4, nbufs 1, flags 0, to 0x6a26014, tolen 16, ovl (nil), func (nil)
0009:trace:winsock:WS2_sendto fd=36, options=20
0009:trace:winsock:WS2_sendto  -> 10 bytes
0009:trace:winsock:WS2_sendto socket 0138, wsabuf 0x32f5e4, nbufs 1, flags 0, to 0x6a26014, tolen 16, ovl (nil), func (nil)
0009:trace:winsock:WS2_sendto fd=36, options=20
0009:trace:winsock:WS2_sendto  -> 10 bytes
0009:trace:winsock:WS2_sendto socket 0138, wsabuf 0x32f9c4, nbufs 1, flags 0, to 0x6a26014, tolen 16, ovl (nil), func (nil)
0009:trace:winsock:WS2_sendto fd=36, options=20
0009:trace:winsock:WS2_sendto  -> 12 bytes
0009:trace:winsock:WS2_sendto socket 0138, wsabuf 0x32f9c4, nbufs 1, flags 0, to 0x6a26014, tolen 16, ovl (nil), func (nil)
0009:trace:winsock:WS2_sendto fd=36, options=20
0009:trace:winsock:WS2_sendto  -> 12 bytes
0009:trace:winsock:WS2_sendto socket 0138, wsabuf 0x32f5e4, nbufs 1, flags 0, to 0x6a26014, tolen 16, ovl (nil), func (nil)
0009:trace:winsock:WS2_sendto fd=36, options=20
0009:trace:winsock:WS2_sendto  -> 10 bytes
0009:trace:winsock:WS2_sendto socket 0138, wsabuf 0x32f5e4, nbufs 1, flags 0, to 0x6a26014, tolen 16, ovl (nil), func (nil)
0009:trace:winsock:WS2_sendto fd=36, options=20
0009:trace:winsock:WS2_sendto  -> 10 bytes
0009:trace:winsock:WS2_sendto socket 0138, wsabuf 0x32f964, nbufs 1, flags 0, to 0x6a26014, tolen 16, ovl (nil), func (nil)
0009:trace:winsock:WS2_sendto fd=36, options=20
0009:trace:winsock:WS2_sendto  -> 16 bytes
0009:trace:winsock:WS2_sendto socket 0138, wsabuf 0x32f964, nbufs 1, flags 0, to 0x6a26014, tolen 16, ovl (nil), func (nil)
0009:trace:winsock:WS2_sendto fd=36, options=20
0009:trace:winsock:WS2_sendto  -> 16 bytes
0009:trace:winsock:WS2_sendto socket 0138, wsabuf 0x32f5e4, nbufs 1, flags 0, to 0x6a26014, tolen 16, ovl (nil), func (nil)
0009:trace:winsock:WS2_sendto fd=36, options=20
0009:trace:winsock:WS2_sendto  -> 10 bytes
0009:trace:winsock:WS2_sendto socket 0138, wsabuf 0x32f5e4, nbufs 1, flags 0, to 0x6a26014, tolen 16, ovl (nil), func (nil)
0009:trace:winsock:WS2_sendto fd=36, options=20
0009:trace:winsock:WS2_sendto  -> 10 bytes
0009:trace:winsock:WS2_sendto socket 0138, wsabuf 0x32f5e4, nbufs 1, flags 0, to 0x6a26014, tolen 16, ovl (nil), func (nil)
0009:trace:winsock:WS2_sendto fd=36, options=20
0009:trace:winsock:WS2_sendto  -> 10 bytes
0009:trace:winsock:WS2_sendto socket 0138, wsabuf 0x32f5e4, nbufs 1, flags 0, to 0x6a26014, tolen 16, ovl (nil), func (nil)
0009:trace:winsock:WS2_sendto fd=36, options=20
0009:trace:winsock:WS2_sendto  -> 10 bytes
0009:trace:winsock:WS2_recv_base socket 0138, wsabuf 0x32f6e4, nbufs 1, flags 0, from 0x32f734, fromlen 16, ovl (nil), func (nil)
0009:trace:winsock:WS2_recv_base fd=36, options=20
0009:trace:winsock:WS2_recv_base  -> 10 bytes
0009:trace:winsock:WS2_recv_base socket 0138, wsabuf 0x32f6e4, nbufs 1, flags 0, from 0x32f734, fromlen 16, ovl (nil), func (nil)
0009:trace:winsock:WS2_recv_base fd=36, options=20
0009:trace:winsock:WS2_recv_base  -> 12 bytes
0009:trace:winsock:WS2_sendto socket 0138, wsabuf 0x32ef34, nbufs 1, flags 0, to 0x6a26014, tolen 16, ovl (nil), func (nil)
0009:trace:winsock:WS2_sendto fd=36, options=20
0009:trace:winsock:WS2_sendto  -> 12 bytes
0009:trace:winsock:WS2_recv_base socket 0138, wsabuf 0x32f6e4, nbufs 1, flags 0, from 0x32f734, fromlen 16, ovl (nil), func (nil)
0009:trace:winsock:WS2_recv_base fd=36, options=20
0009:trace:winsock:WS2_recv_base  -> 12 bytes
0009:trace:winsock:WS2_recv_base socket 0138, wsabuf 0x32f6e4, nbufs 1, flags 0, from 0x32f734, fromlen 16, ovl (nil), func (nil)
0009:trace:winsock:WS2_recv_base fd=36, options=20
0009:trace:winsock:WS2_recv_base  -> 10 bytes
0009:trace:winsock:WS2_sendto socket 0138, wsabuf 0x32f5e4, nbufs 1, flags 0, to 0x6a26014, tolen 16, ovl (nil), func (nil)
0009:trace:winsock:WS2_sendto fd=36, options=20
0009:trace:winsock:WS2_sendto  -> 10 bytes
0009:trace:winsock:WS2_sendto socket 0138, wsabuf 0x32f5e4, nbufs 1, flags 0, to 0x6a26014, tolen 16, ovl (nil), func (nil)
0009:trace:winsock:WS2_sendto fd=36, options=20
0009:trace:winsock:WS2_sendto  -> 10 bytes
0009:trace:winsock:WS2_sendto socket 0138, wsabuf 0x32f9c4, nbufs 1, flags 0, to 0x6a26014, tolen 16, ovl (nil), func (nil)
0009:trace:winsock:WS2_sendto fd=36, options=20
0009:trace:winsock:WS2_sendto  -> 12 bytes
0009:trace:winsock:WS2_sendto socket 0138, wsabuf 0x32f9c4, nbufs 1, flags 0, to 0x6a26014, tolen 16, ovl (nil), func (nil)
0009:trace:winsock:WS2_sendto fd=36, options=20
0009:trace:winsock:WS2_sendto  -> 12 bytes
0009:trace:winsock:WS2_sendto socket 0138, wsabuf 0x32f5e4, nbufs 1, flags 0, to 0x6a26014, tolen 16, ovl (nil), func (nil)
0009:trace:winsock:WS2_sendto fd=36, options=20
0009:trace:winsock:WS2_sendto  -> 10 bytes
0009:trace:winsock:WS2_sendto socket 0138, wsabuf 0x32f5e4, nbufs 1, flags 0, to 0x6a26014, tolen 16, ovl (nil), func (nil)
0009:trace:winsock:WS2_sendto fd=36, options=20
0009:trace:winsock:WS2_sendto  -> 10 bytes
0009:trace:winsock:WS2_recv_base socket 0138, wsabuf 0x32f6e4, nbufs 1, flags 0, from 0x32f734, fromlen 16, ovl (nil), func (nil)
0009:trace:winsock:WS2_recv_base fd=36, options=20
0009:trace:winsock:WS2_recv_base  -> 12 bytes
0009:trace:winsock:WS2_recv_base socket 0138, wsabuf 0x32f6e4, nbufs 1, flags 0, from 0x32f734, fromlen 16, ovl (nil), func (nil)
0009:trace:winsock:WS2_recv_base fd=36, options=20
0009:trace:winsock:WS2_recv_base  -> 10 bytes
0009:trace:winsock:WS2_recv_base socket 0138, wsabuf 0x32f6e4, nbufs 1, flags 0, from 0x32f734, fromlen 16, ovl (nil), func (nil)
0009:trace:winsock:WS2_recv_base fd=36, options=20
0009:trace:winsock:WS2_recv_base  -> 12 bytes
0009:trace:winsock:WS2_sendto socket 0138, wsabuf 0x32ef34, nbufs 1, flags 0, to 0x6a26014, tolen 16, ovl (nil), func (nil)
0009:trace:winsock:WS2_sendto fd=36, options=20
0009:trace:winsock:WS2_sendto  -> 12 bytes
0009:trace:winsock:WS2_sendto socket 0138, wsabuf 0x32f5e4, nbufs 1, flags 0, to 0x6a26014, tolen 16, ovl (nil), func (nil)
0009:trace:winsock:WS2_sendto fd=36, options=20
0009:trace:winsock:WS2_sendto  -> 10 bytes
0009:trace:winsock:WS2_recv_base socket 0138, wsabuf 0x32f6e4, nbufs 1, flags 0, from 0x32f734, fromlen 16, ovl (nil), func (nil)
0009:trace:winsock:WS2_recv_base fd=36, options=20
0009:trace:winsock:WS2_recv_base  -> 10 bytes
0009:trace:winsock:WS2_sendto socket 0138, wsabuf 0x32f5e4, nbufs 1, flags 0, to 0x6a26014, tolen 16, ovl (nil), func (nil)
0009:trace:winsock:WS2_sendto fd=36, options=20
0009:trace:winsock:WS2_sendto  -> 10 bytes
0009:trace:winsock:WS2_recv_base socket 0138, wsabuf 0x32f6e4, nbufs 1, flags 0, from 0x32f734, fromlen 16, ovl (nil), func (nil)
0009:trace:winsock:WS2_recv_base fd=36, options=20
0009:trace:winsock:WS2_recv_base  -> 16 bytes
0009:trace:winsock:WS2_sendto socket 0138, wsabuf 0x32f964, nbufs 1, flags 0, to 0x6a26014, tolen 16, ovl (nil), func (nil)
0009:trace:winsock:WS2_sendto fd=36, options=20
0009:trace:winsock:WS2_sendto  -> 16 bytes
0009:trace:winsock:WS2_sendto socket 0138, wsabuf 0x32f964, nbufs 1, flags 0, to 0x6a26014, tolen 16, ovl (nil), func (nil)
0009:trace:winsock:WS2_sendto fd=36, options=20
0009:trace:winsock:WS2_sendto  -> 16 bytes
0009:trace:winsock:WS2_recv_base socket 0138, wsabuf 0x32f6e4, nbufs 1, flags 0, from 0x32f734, fromlen 16, ovl (nil), func (nil)
0009:trace:winsock:WS2_recv_base fd=36, options=20
0009:trace:winsock:WS2_recv_base  -> 10 bytes
0009:trace:winsock:WS2_sendto socket 0138, wsabuf 0x32f5e4, nbufs 1, flags 0, to 0x6a26014, tolen 16, ovl (nil), func (nil)
0009:trace:winsock:WS2_sendto fd=36, options=20
0009:trace:winsock:WS2_sendto  -> 10 bytes
0009:trace:winsock:WS2_recv_base socket 0138, wsabuf 0x32f6e4, nbufs 1, flags 0, from 0x32f734, fromlen 16, ovl (nil), func (nil)
0009:trace:winsock:WS2_recv_base fd=36, options=20
0009:trace:winsock:WS2_recv_base  -> 16 bytes
0009:trace:winsock:WS2_sendto socket 0138, wsabuf 0x32f5e4, nbufs 1, flags 0, to 0x6a26014, tolen 16, ovl (nil), func (nil)
0009:trace:winsock:WS2_sendto fd=36, options=20
0009:trace:winsock:WS2_sendto  -> 10 bytes
0009:trace:winsock:WS2_recv_base socket 0138, wsabuf 0x32f6e4, nbufs 1, flags 0, from 0x32f734, fromlen 16, ovl (nil), func (nil)
0009:trace:winsock:WS2_recv_base fd=36, options=20
0009:trace:winsock:WS2_recv_base  -> 12 bytes
0009:trace:winsock:WS2_recv_base socket 0138, wsabuf 0x32f6e4, nbufs 1, flags 0, from 0x32f734, fromlen 16, ovl (nil), func (nil)
0009:trace:winsock:WS2_recv_base fd=36, options=20
0009:trace:winsock:WS2_recv_base  -> 12 bytes
0009:trace:winsock:WS2_recv_base socket 0138, wsabuf 0x32f6e4, nbufs 1, flags 0, from 0x32f734, fromlen 16, ovl (nil), func (nil)
0009:trace:winsock:WS2_recv_base fd=36, options=20
0009:trace:winsock:WS2_recv_base  -> 10 bytes
0009:trace:winsock:WS2_recv_base socket 0138, wsabuf 0x32f6e4, nbufs 1, flags 0, from 0x32f734, fromlen 16, ovl (nil), func (nil)
0009:trace:winsock:WS2_recv_base fd=36, options=20
0009:trace:winsock:WS2_recv_base  -> 12 bytes
0009:trace:winsock:WS2_sendto socket 0138, wsabuf 0x32ef34, nbufs 1, flags 0, to 0x6a26014, tolen 16, ovl (nil), func (nil)
0009:trace:winsock:WS2_sendto fd=36, options=20
0009:trace:winsock:WS2_sendto  -> 12 bytes
0009:trace:winsock:WS2_recv_base socket 0138, wsabuf 0x32f6e4, nbufs 1, flags 0, from 0x32f734, fromlen 16, ovl (nil), func (nil)
0009:trace:winsock:WS2_recv_base fd=36, options=20
0009:trace:winsock:WS2_recv_base  -> 10 bytes
0009:trace:winsock:WS2_sendto socket 0138, wsabuf 0x32f5e4, nbufs 1, flags 0, to 0x6a26014, tolen 16, ovl (nil), func (nil)
0009:trace:winsock:WS2_sendto fd=36, options=20
0009:trace:winsock:WS2_sendto  -> 10 bytes
0009:trace:winsock:WS2_sendto socket 0138, wsabuf 0x32f5e4, nbufs 1, flags 0, to 0x6a26014, tolen 16, ovl (nil), func (nil)
0009:trace:winsock:WS2_sendto fd=36, options=20
0009:trace:winsock:WS2_sendto  -> 10 bytes
0009:trace:winsock:WS2_sendto socket 0138, wsabuf 0x32f9c4, nbufs 1, flags 0, to 0x6a26014, tolen 16, ovl (nil), func (nil)
0009:trace:winsock:WS2_sendto fd=36, options=20
0009:trace:winsock:WS2_sendto  -> 12 bytes
0009:trace:winsock:WS2_sendto socket 0138, wsabuf 0x32f9c4, nbufs 1, flags 0, to 0x6a26014, tolen 16, ovl (nil), func (nil)
0009:trace:winsock:WS2_sendto fd=36, options=20
0009:trace:winsock:WS2_sendto  -> 12 bytes
0009:trace:winsock:WS2_recv_base socket 0138, wsabuf 0x32f6e4, nbufs 1, flags 0, from 0x32f734, fromlen 16, ovl (nil), func (nil)
0009:trace:winsock:WS2_recv_base fd=36, options=20
0009:trace:winsock:WS2_recv_base  -> 12 bytes
0009:trace:winsock:WS2_recv_base socket 0138, wsabuf 0x32f6e4, nbufs 1, flags 0, from 0x32f734, fromlen 16, ovl (nil), func (nil)
0009:trace:winsock:WS2_recv_base fd=36, options=20
0009:trace:winsock:WS2_recv_base  -> 10 bytes
0009:trace:winsock:WS2_sendto socket 0138, wsabuf 0x32f5e4, nbufs 1, flags 0, to 0x6a26014, tolen 16, ovl (nil), func (nil)
0009:trace:winsock:WS2_sendto fd=36, options=20
0009:trace:winsock:WS2_sendto  -> 10 bytes
0009:trace:winsock:WS2_sendto socket 0138, wsabuf 0x32f5e4, nbufs 1, flags 0, to 0x6a26014, tolen 16, ovl (nil), func (nil)
0009:trace:winsock:WS2_sendto fd=36, options=20
0009:trace:winsock:WS2_sendto  -> 10 bytes
0009:trace:winsock:WS2_recv_base socket 0138, wsabuf 0x32f6e4, nbufs 1, flags 0, from 0x32f734, fromlen 16, ovl (nil), func (nil)
0009:trace:winsock:WS2_recv_base fd=36, options=20
0009:trace:winsock:WS2_recv_base  -> 12 bytes
0009:trace:winsock:WS2_sendto socket 0138, wsabuf 0x32ef34, nbufs 1, flags 0, to 0x6a26014, tolen 16, ovl (nil), func (nil)
0009:trace:winsock:WS2_sendto fd=36, options=20
0009:trace:winsock:WS2_sendto  -> 12 bytes
0009:trace:winsock:WS2_recv_base socket 0138, wsabuf 0x32f6e4, nbufs 1, flags 0, from 0x32f734, fromlen 16, ovl (nil), func (nil)
0009:trace:winsock:WS2_recv_base fd=36, options=20
0009:trace:winsock:WS2_recv_base  -> 10 bytes
0009:trace:winsock:WS2_sendto socket 0138, wsabuf 0x32f5e4, nbufs 1, flags 0, to 0x6a26014, tolen 16, ovl (nil), func (nil)
0009:trace:winsock:WS2_sendto fd=36, options=20
0009:trace:winsock:WS2_sendto  -> 10 bytes
0009:trace:winsock:WS2_sendto socket 0138, wsabuf 0x32f5e4, nbufs 1, flags 0, to 0x6a26014, tolen 16, ovl (nil), func (nil)
0009:trace:winsock:WS2_sendto fd=36, options=20
0009:trace:winsock:WS2_sendto  -> 10 bytes
0009:trace:winsock:WS2_recv_base socket 0138, wsabuf 0x32f6e4, nbufs 1, flags 0, from 0x32f734, fromlen 16, ovl (nil), func (nil)
0009:trace:winsock:WS2_recv_base fd=36, options=20
0009:trace:winsock:WS2_recv_base  -> 12 bytes
0009:trace:winsock:WS2_recv_base socket 0138, wsabuf 0x32f6e4, nbufs 1, flags 0, from 0x32f734, fromlen 16, ovl (nil), func (nil)
0009:trace:winsock:WS2_recv_base fd=36, options=20
0009:trace:winsock:WS2_recv_base  -> 10 bytes
0009:trace:winsock:WS2_recv_base socket 0138, wsabuf 0x32f6e4, nbufs 1, flags 0, from 0x32f734, fromlen 16, ovl (nil), func (nil)
0009:trace:winsock:WS2_recv_base fd=36, options=20
0009:trace:winsock:WS2_recv_base  -> 10 bytes
0009:trace:winsock:WS2_sendto socket 0138, wsabuf 0x32f5e4, nbufs 1, flags 0, to 0x6a26014, tolen 16, ovl (nil), func (nil)
0009:trace:winsock:WS2_sendto fd=36, options=20
0009:trace:winsock:WS2_sendto  -> 10 bytes
0009:trace:winsock:WS2_sendto socket 0138, wsabuf 0x32f5e4, nbufs 1, flags 0, to 0x6a26014, tolen 16, ovl (nil), func (nil)
0009:trace:winsock:WS2_sendto fd=36, options=20
0009:trace:winsock:WS2_sendto  -> 10 bytes
0009:trace:winsock:WS2_recv_base socket 0138, wsabuf 0x32f6e4, nbufs 1, flags 0, from 0x32f734, fromlen 16, ovl (nil), func (nil)
0009:trace:winsock:WS2_recv_base fd=36, options=20
0009:trace:winsock:WS2_recv_base  -> 16 bytes
0009:trace:winsock:WS2_recv_base socket 0138, wsabuf 0x32f6e4, nbufs 1, flags 0, from 0x32f734, fromlen 16, ovl (nil), func (nil)
0009:trace:winsock:WS2_recv_base fd=36, options=20
0009:trace:winsock:WS2_recv_base  -> 16 bytes
0009:trace:winsock:WS2_recv_base socket 0138, wsabuf 0x32f6e4, nbufs 1, flags 0, from 0x32f734, fromlen 16, ovl (nil), func (nil)
0009:trace:winsock:WS2_recv_base fd=36, options=20
0009:trace:winsock:WS2_recv_base  -> 12 bytes
0009:trace:winsock:WS2_sendto socket 0138, wsabuf 0x32ef34, nbufs 1, flags 0, to 0x6a26014, tolen 16, ovl (nil), func (nil)
0009:trace:winsock:WS2_sendto fd=36, options=20
0009:trace:winsock:WS2_sendto  -> 12 bytes
0009:trace:winsock:WS2_recv_base socket 0138, wsabuf 0x32f6e4, nbufs 1, flags 0, from 0x32f734, fromlen 16, ovl (nil), func (nil)
0009:trace:winsock:WS2_recv_base fd=36, options=20
0009:trace:winsock:WS2_recv_base  -> 10 bytes
0009:trace:winsock:WS2_sendto socket 0138, wsabuf 0x32f964, nbufs 1, flags 0, to 0x6a26014, tolen 16, ovl (nil), func (nil)
0009:trace:winsock:WS2_sendto fd=36, options=20
0009:trace:winsock:WS2_sendto  -> 16 bytes
0009:trace:winsock:WS2_sendto socket 0138, wsabuf 0x32f964, nbufs 1, flags 0, to 0x6a26014, tolen 16, ovl (nil), func (nil)
0009:trace:winsock:WS2_sendto fd=36, options=20
0009:trace:winsock:WS2_sendto  -> 16 bytes
0009:trace:winsock:WS2_recv_base socket 0138, wsabuf 0x32f6e4, nbufs 1, flags 0, from 0x32f734, fromlen 16, ovl (nil), func (nil)
0009:trace:winsock:WS2_recv_base fd=36, options=20
0009:trace:winsock:WS2_recv_base  -> 10 bytes
0009:trace:winsock:WS2_sendto socket 0138, wsabuf 0x32f5e4, nbufs 1, flags 0, to 0x6a26014, tolen 16, ovl (nil), func (nil)
0009:trace:winsock:WS2_sendto fd=36, options=20
0009:trace:winsock:WS2_sendto  -> 10 bytes
0009:trace:winsock:WS2_sendto socket 0138, wsabuf 0x32f5e4, nbufs 1, flags 0, to 0x6a26014, tolen 16, ovl (nil), func (nil)
0009:trace:winsock:WS2_sendto fd=36, options=20
0009:trace:winsock:WS2_sendto  -> 10 bytes
0009:trace:winsock:WS2_sendto socket 0138, wsabuf 0x32f9c4, nbufs 1, flags 0, to 0x6a26014, tolen 16, ovl (nil), func (nil)
0009:trace:winsock:WS2_sendto fd=36, options=20
0009:trace:winsock:WS2_sendto  -> 12 bytes
0009:trace:winsock:WS2_sendto socket 0138, wsabuf 0x32f9c4, nbufs 1, flags 0, to 0x6a26014, tolen 16, ovl (nil), func (nil)
0009:trace:winsock:WS2_sendto fd=36, options=20
0009:trace:winsock:WS2_sendto  -> 12 bytes
0009:trace:winsock:WS2_recv_base socket 0138, wsabuf 0x32f6e4, nbufs 1, flags 0, from 0x32f734, fromlen 16, ovl (nil), func (nil)
0009:trace:winsock:WS2_recv_base fd=36, options=20
0009:trace:winsock:WS2_recv_base  -> 10 bytes
0009:trace:winsock:WS2_recv_base socket 0138, wsabuf 0x32f6e4, nbufs 1, flags 0, from 0x32f734, fromlen 16, ovl (nil), func (nil)
0009:trace:winsock:WS2_recv_base fd=36, options=20
0009:trace:winsock:WS2_recv_base  -> 12 bytes
0009:trace:winsock:WS2_recv_base socket 0138, wsabuf 0x32f6e4, nbufs 1, flags 0, from 0x32f734, fromlen 16, ovl (nil), func (nil)
0009:trace:winsock:WS2_recv_base fd=36, options=20
0009:trace:winsock:WS2_recv_base  -> 12 bytes
0009:trace:winsock:WS2_recv_base socket 0138, wsabuf 0x32f6e4, nbufs 1, flags 0, from 0x32f734, fromlen 16, ovl (nil), func (nil)
0009:trace:winsock:WS2_recv_base fd=36, options=20
0009:trace:winsock:WS2_recv_base  -> 10 bytes
0009:trace:winsock:WS2_sendto socket 0138, wsabuf 0x32f5e4, nbufs 1, flags 0, to 0x6a26014, tolen 16, ovl (nil), func (nil)
0009:trace:winsock:WS2_sendto fd=36, options=20
0009:trace:winsock:WS2_sendto  -> 10 bytes
0009:trace:winsock:WS2_sendto socket 0138, wsabuf 0x32f5e4, nbufs 1, flags 0, to 0x6a26014, tolen 16, ovl (nil), func (nil)
0009:trace:winsock:WS2_sendto fd=36, options=20
0009:trace:winsock:WS2_sendto  -> 10 bytes
0009:trace:winsock:WS2_recv_base socket 0138, wsabuf 0x32f6e4, nbufs 1, flags 0, from 0x32f734, fromlen 16, ovl (nil), func (nil)
0009:trace:winsock:WS2_recv_base fd=36, options=20
0009:trace:winsock:WS2_recv_base  -> 16 bytes
0009:trace:winsock:WS2_recv_base socket 0138, wsabuf 0x32f6e4, nbufs 1, flags 0, from 0x32f734, fromlen 16, ovl (nil), func (nil)
0009:trace:winsock:WS2_recv_base fd=36, options=20
0009:trace:winsock:WS2_recv_base  -> 10 bytes
0009:trace:winsock:WS2_recv_base socket 0138, wsabuf 0x32f6e4, nbufs 1, flags 0, from 0x32f734, fromlen 16, ovl (nil), func (nil)
0009:trace:winsock:WS2_recv_base fd=36, options=20
0009:trace:winsock:WS2_recv_base  -> 16 bytes
0009:trace:winsock:WS2_sendto socket 0138, wsabuf 0x32f964, nbufs 1, flags 0, to 0x6a26014, tolen 16, ovl (nil), func (nil)
0009:trace:winsock:WS2_sendto fd=36, options=20
0009:trace:winsock:WS2_sendto  -> 16 bytes
0009:trace:winsock:WS2_sendto socket 0138, wsabuf 0x32f964, nbufs 1, flags 0, to 0x6a26014, tolen 16, ovl (nil), func (nil)
0009:trace:winsock:WS2_sendto fd=36, options=20
0009:trace:winsock:WS2_sendto  -> 16 bytes
0009:trace:winsock:WS2_recv_base socket 0138, wsabuf 0x32f6e4, nbufs 1, flags 0, from 0x32f734, fromlen 16, ovl (nil), func (nil)
0009:trace:winsock:WS2_recv_base fd=36, options=20
0009:trace:winsock:WS2_recv_base  -> 10 bytes
0009:trace:winsock:WS2_recv_base socket 0138, wsabuf 0x32f6e4, nbufs 1, flags 0, from 0x32f734, fromlen 16, ovl (nil), func (nil)
0009:trace:winsock:WS2_recv_base fd=36, options=20
0009:trace:winsock:WS2_recv_base  -> 12 bytes
0009:trace:winsock:WS2_sendto socket 0138, wsabuf 0x32ef34, nbufs 1, flags 0, to 0x6a26014, tolen 16, ovl (nil), func (nil)
0009:trace:winsock:WS2_sendto fd=36, options=20
0009:trace:winsock:WS2_sendto  -> 12 bytes
0009:trace:winsock:WS2_sendto socket 0138, wsabuf 0x32f5e4, nbufs 1, flags 0, to 0x6a26014, tolen 16, ovl (nil), func (nil)
0009:trace:winsock:WS2_sendto fd=36, options=20
0009:trace:winsock:WS2_sendto  -> 10 bytes
0009:trace:winsock:WS2_sendto socket 0138, wsabuf 0x32f5e4, nbufs 1, flags 0, to 0x6a26014, tolen 16, ovl (nil), func (nil)
0009:trace:winsock:WS2_sendto fd=36, options=20
0009:trace:winsock:WS2_sendto  -> 10 bytes
0009:trace:winsock:WS2_recv_base socket 0138, wsabuf 0x32f6e4, nbufs 1, flags 0, from 0x32f734, fromlen 16, ovl (nil), func (nil)
0009:trace:winsock:WS2_recv_base fd=36, options=20
0009:trace:winsock:WS2_recv_base  -> 10 bytes
0009:fixme:msctf:LangBarMgr_GetShowFloatingStatus STUB:(01DDEC20)
0009:fixme:msctf:LangBarMgr_ShowFloating STUB:(01DDEC20)
0009:trace:winsock:WS2_recv_base socket 0138, wsabuf 0x32f6e4, nbufs 1, flags 0, from 0x32f734, fromlen 16, ovl (nil), func (nil)
0009:trace:winsock:WS2_recv_base fd=39, options=20
0009:trace:winsock:WS2_recv_base  -> 10 bytes
0009:trace:winsock:WS2_sendto socket 0138, wsabuf 0x32f5e4, nbufs 1, flags 0, to 0x6a26014, tolen 16, ovl (nil), func (nil)
0009:trace:winsock:WS2_sendto fd=39, options=20
0009:trace:winsock:WS2_sendto  -> 10 bytes
0009:trace:winsock:WS2_sendto socket 0138, wsabuf 0x32f5e4, nbufs 1, flags 0, to 0x6a26014, tolen 16, ovl (nil), func (nil)
0009:trace:winsock:WS2_sendto fd=39, options=20
0009:trace:winsock:WS2_sendto  -> 10 bytes
0009:trace:winsock:WS2_recv_base socket 0138, wsabuf 0x32f6e4, nbufs 1, flags 0, from 0x32f734, fromlen 16, ovl (nil), func (nil)
0009:trace:winsock:WS2_recv_base fd=39, options=20
0009:trace:winsock:WS2_recv_base  -> 12 bytes
0009:trace:winsock:WS2_sendto socket 0138, wsabuf 0x32ef34, nbufs 1, flags 0, to 0x6a26014, tolen 16, ovl (nil), func (nil)
0009:trace:winsock:WS2_sendto fd=39, options=20
0009:trace:winsock:WS2_sendto  -> 12 bytes
0009:trace:winsock:WS2_recv_base socket 0138, wsabuf 0x32f6e4, nbufs 1, flags 0, from 0x32f734, fromlen 16, ovl (nil), func (nil)
0009:trace:winsock:WS2_recv_base fd=39, options=20
0009:trace:winsock:WS2_recv_base  -> 10 bytes
0009:trace:winsock:WS2_sendto socket 0138, wsabuf 0x32f964, nbufs 1, flags 0, to 0x6a26014, tolen 16, ovl (nil), func (nil)
0009:trace:winsock:WS2_sendto fd=39, options=20
0009:trace:winsock:WS2_sendto  -> 16 bytes
0009:trace:winsock:WS2_sendto socket 0138, wsabuf 0x32f964, nbufs 1, flags 0, to 0x6a26014, tolen 16, ovl (nil), func (nil)
0009:trace:winsock:WS2_sendto fd=39, options=20
0009:trace:winsock:WS2_sendto  -> 16 bytes
0009:trace:winsock:WS2_recv_base socket 0138, wsabuf 0x32f6e4, nbufs 1, flags 0, from 0x32f734, fromlen 16, ovl (nil), func (nil)
0009:trace:winsock:WS2_recv_base fd=39, options=20
0009:trace:winsock:WS2_recv_base  -> 10 bytes
0009:trace:winsock:WS2_sendto socket 0138, wsabuf 0x32f5e4, nbufs 1, flags 0, to 0x6a26014, tolen 16, ovl (nil), func (nil)
0009:trace:winsock:WS2_sendto fd=39, options=20
0009:trace:winsock:WS2_sendto  -> 10 bytes
0009:trace:winsock:WS2_sendto socket 0138, wsabuf 0x32f5e4, nbufs 1, flags 0, to 0x6a26014, tolen 16, ovl (nil), func (nil)
0009:trace:winsock:WS2_sendto fd=39, options=20
0009:trace:winsock:WS2_sendto  -> 10 bytes
0009:trace:winsock:WS2_recv_base socket 0138, wsabuf 0x32f6e4, nbufs 1, flags 0, from 0x32f734, fromlen 16, ovl (nil), func (nil)
0009:trace:winsock:WS2_recv_base fd=39, options=20
0009:trace:winsock:WS2_recv_base  -> 16 bytes
0009:trace:winsock:WS2_recv_base socket 0138, wsabuf 0x32f6e4, nbufs 1, flags 0, from 0x32f734, fromlen 16, ovl (nil), func (nil)
0009:trace:winsock:WS2_recv_base fd=39, options=20
0009:trace:winsock:WS2_recv_base  -> 10 bytes
0009:trace:winsock:WS2_sendto socket 0138, wsabuf 0x32f9c4, nbufs 1, flags 0, to 0x6a26014, tolen 16, ovl (nil), func (nil)
0009:trace:winsock:WS2_sendto fd=39, options=20
0009:trace:winsock:WS2_sendto  -> 12 bytes
0009:trace:winsock:WS2_sendto socket 0138, wsabuf 0x32f9c4, nbufs 1, flags 0, to 0x6a26014, tolen 16, ovl (nil), func (nil)
0009:trace:winsock:WS2_sendto fd=39, options=20
0009:trace:winsock:WS2_sendto  -> 12 bytes
0009:trace:winsock:WS2_recv_base socket 0138, wsabuf 0x32f6e4, nbufs 1, flags 0, from 0x32f734, fromlen 16, ovl (nil), func (nil)
0009:trace:winsock:WS2_recv_base fd=39, options=20
0009:trace:winsock:WS2_recv_base  -> 12 bytes
0009:trace:winsock:WS2_recv_base socket 0138, wsabuf 0x32f6e4, nbufs 1, flags 0, from 0x32f734, fromlen 16, ovl (nil), func (nil)
0009:trace:winsock:WS2_recv_base fd=39, options=20
0009:trace:winsock:WS2_recv_base  -> 12 bytes
0009:trace:winsock:WS2_recv_base socket 0138, wsabuf 0x32f6e4, nbufs 1, flags 0, from 0x32f734, fromlen 16, ovl (nil), func (nil)
0009:trace:winsock:WS2_recv_base fd=39, options=20
0009:trace:winsock:WS2_recv_base  -> 10 bytes
0009:trace:winsock:WS2_sendto socket 0138, wsabuf 0x32f5e4, nbufs 1, flags 0, to 0x6a26014, tolen 16, ovl (nil), func (nil)
0009:trace:winsock:WS2_sendto fd=39, options=20
0009:trace:winsock:WS2_sendto  -> 10 bytes
0009:trace:winsock:WS2_sendto socket 0138, wsabuf 0x32f5e4, nbufs 1, flags 0, to 0x6a26014, tolen 16, ovl (nil), func (nil)
0009:trace:winsock:WS2_sendto fd=39, options=20
0009:trace:winsock:WS2_sendto  -> 10 bytes
0009:trace:winsock:WS2_recv_base socket 0138, wsabuf 0x32f6e4, nbufs 1, flags 0, from 0x32f734, fromlen 16, ovl (nil), func (nil)
0009:trace:winsock:WS2_recv_base fd=39, options=20
0009:trace:winsock:WS2_recv_base  -> 16 bytes
0009:trace:winsock:WS2_recv_base socket 0138, wsabuf 0x32f6e4, nbufs 1, flags 0, from 0x32f734, fromlen 16, ovl (nil), func (nil)
0009:trace:winsock:WS2_recv_base fd=39, options=20
0009:trace:winsock:WS2_recv_base  -> 10 bytes
0009:trace:winsock:WS2_sendto socket 0138, wsabuf 0x32f964, nbufs 1, flags 0, to 0x6a26014, tolen 16, ovl (nil), func (nil)
0009:trace:winsock:WS2_sendto fd=39, options=20
0009:trace:winsock:WS2_sendto  -> 16 bytes
0009:trace:winsock:WS2_sendto socket 0138, wsabuf 0x32f964, nbufs 1, flags 0, to 0x6a26014, tolen 16, ovl (nil), func (nil)
0009:trace:winsock:WS2_sendto fd=39, options=20
0009:trace:winsock:WS2_sendto  -> 16 bytes
0009:trace:winsock:WS2_recv_base socket 0138, wsabuf 0x32f6e4, nbufs 1, flags 0, from 0x32f734, fromlen 16, ovl (nil), func (nil)
0009:trace:winsock:WS2_recv_base fd=39, options=20
0009:trace:winsock:WS2_recv_base  -> 10 bytes
0009:trace:winsock:WS2_recv_base socket 0138, wsabuf 0x32f6e4, nbufs 1, flags 0, from 0x32f734, fromlen 16, ovl (nil), func (nil)
0009:trace:winsock:WS2_recv_base fd=39, options=20
0009:trace:winsock:WS2_recv_base  -> 12 bytes
0009:trace:winsock:WS2_sendto socket 0138, wsabuf 0x32ef34, nbufs 1, flags 0, to 0x6a26014, tolen 16, ovl (nil), func (nil)
0009:trace:winsock:WS2_sendto fd=39, options=20
0009:trace:winsock:WS2_sendto  -> 12 bytes
0009:trace:winsock:WS2_sendto socket 0138, wsabuf 0x32f5e4, nbufs 1, flags 0, to 0x6a26014, tolen 16, ovl (nil), func (nil)
0009:trace:winsock:WS2_sendto fd=39, options=20
0009:trace:winsock:WS2_sendto  -> 10 bytes
0009:trace:winsock:WS2_sendto socket 0138, wsabuf 0x32f5e4, nbufs 1, flags 0, to 0x6a26014, tolen 16, ovl (nil), func (nil)
0009:trace:winsock:WS2_sendto fd=39, options=20
0009:trace:winsock:WS2_sendto  -> 10 bytes
0009:trace:winsock:WS2_recv_base socket 0138, wsabuf 0x32f6e4, nbufs 1, flags 0, from 0x32f734, fromlen 16, ovl (nil), func (nil)
0009:trace:winsock:WS2_recv_base fd=39, options=20
0009:trace:winsock:WS2_recv_base  -> 16 bytes
0009:trace:winsock:WS2_recv_base socket 0138, wsabuf 0x32f6e4, nbufs 1, flags 0, from 0x32f734, fromlen 16, ovl (nil), func (nil)
0009:trace:winsock:WS2_recv_base fd=39, options=20
0009:trace:winsock:WS2_recv_base  -> 10 bytes
0009:trace:winsock:WS2_recv_base socket 0138, wsabuf 0x32f6e4, nbufs 1, flags 0, from 0x32f734, fromlen 16, ovl (nil), func (nil)
0009:trace:winsock:WS2_recv_base fd=39, options=20
0009:trace:winsock:WS2_recv_base  -> 10 bytes
0009:trace:winsock:WS2_sendto socket 0138, wsabuf 0x32f5e4, nbufs 1, flags 0, to 0x6a26014, tolen 16, ovl (nil), func (nil)
0009:trace:winsock:WS2_sendto fd=39, options=20
0009:trace:winsock:WS2_sendto  -> 10 bytes
0009:trace:winsock:WS2_sendto socket 0138, wsabuf 0x32f5e4, nbufs 1, flags 0, to 0x6a26014, tolen 16, ovl (nil), func (nil)
0009:trace:winsock:WS2_sendto fd=39, options=20
0009:trace:winsock:WS2_sendto  -> 10 bytes
0009:trace:winsock:WS2_recv_base socket 0138, wsabuf 0x32f6e4, nbufs 1, flags 0, from 0x32f734, fromlen 16, ovl (nil), func (nil)
0009:trace:winsock:WS2_recv_base fd=39, options=20
0009:trace:winsock:WS2_recv_base  -> 16 bytes
0009:trace:winsock:WS2_recv_base socket 0138, wsabuf 0x32f6e4, nbufs 1, flags 0, from 0x32f734, fromlen 16, ovl (nil), func (nil)
0009:trace:winsock:WS2_recv_base fd=39, options=20
0009:trace:winsock:WS2_recv_base  -> 10 bytes
0009:trace:winsock:WS2_recv_base socket 0138, wsabuf 0x32f6e4, nbufs 1, flags 0, from 0x32f734, fromlen 16, ovl (nil), func (nil)
0009:trace:winsock:WS2_recv_base fd=39, options=20
0009:trace:winsock:WS2_recv_base  -> 12 bytes
0009:trace:winsock:WS2_sendto socket 0138, wsabuf 0x32ef34, nbufs 1, flags 0, to 0x6a26014, tolen 16, ovl (nil), func (nil)
0009:trace:winsock:WS2_sendto fd=39, options=20
0009:trace:winsock:WS2_sendto  -> 12 bytes
0009:trace:winsock:WS2_recv_base socket 0138, wsabuf 0x32f6e4, nbufs 1, flags 0, from 0x32f734, fromlen 16, ovl (nil), func (nil)
0009:trace:winsock:WS2_recv_base fd=39, options=20
0009:trace:winsock:WS2_recv_base  -> 10 bytes
0009:trace:winsock:WS2_sendto socket 0138, wsabuf 0x32f5e4, nbufs 1, flags 0, to 0x6a26014, tolen 16, ovl (nil), func (nil)
0009:trace:winsock:WS2_sendto fd=39, options=20
0009:trace:winsock:WS2_sendto  -> 10 bytes
0009:trace:winsock:WS2_sendto socket 0138, wsabuf 0x32f964, nbufs 1, flags 0, to 0x6a26014, tolen 16, ovl (nil), func (nil)
0009:trace:winsock:WS2_sendto fd=39, options=20
0009:trace:winsock:WS2_sendto  -> 16 bytes
0009:trace:winsock:WS2_sendto socket 0138, wsabuf 0x32f964, nbufs 1, flags 0, to 0x6a26014, tolen 16, ovl (nil), func (nil)
0009:trace:winsock:WS2_sendto fd=39, options=20
0009:trace:winsock:WS2_sendto  -> 16 bytes
0009:trace:winsock:WS2_recv_base socket 0138, wsabuf 0x32f6e4, nbufs 1, flags 0, from 0x32f734, fromlen 16, ovl (nil), func (nil)
0009:trace:winsock:WS2_recv_base fd=39, options=20
0009:trace:winsock:WS2_recv_base  -> 16 bytes
0009:trace:winsock:WS2_sendto socket 0138, wsabuf 0x32f5e4, nbufs 1, flags 0, to 0x6a26014, tolen 16, ovl (nil), func (nil)
0009:trace:winsock:WS2_sendto fd=39, options=20
0009:trace:winsock:WS2_sendto  -> 10 bytes
0009:trace:winsock:WS2_recv_base socket 0138, wsabuf 0x32f6e4, nbufs 1, flags 0, from 0x32f734, fromlen 16, ovl (nil), func (nil)
0009:trace:winsock:WS2_recv_base fd=39, options=20
0009:trace:winsock:WS2_recv_base  -> 10 bytes
0009:trace:winsock:WS2_sendto socket 0138, wsabuf 0x32f9c4, nbufs 1, flags 0, to 0x6a26014, tolen 16, ovl (nil), func (nil)
0009:trace:winsock:WS2_sendto fd=39, options=20
0009:trace:winsock:WS2_sendto  -> 12 bytes
0009:trace:winsock:WS2_sendto socket 0138, wsabuf 0x32f9c4, nbufs 1, flags 0, to 0x6a26014, tolen 16, ovl (nil), func (nil)
0009:trace:winsock:WS2_sendto fd=39, options=20
0009:trace:winsock:WS2_sendto  -> 12 bytes
0009:trace:winsock:WS2_recv_base socket 0138, wsabuf 0x32f6e4, nbufs 1, flags 0, from 0x32f734, fromlen 16, ovl (nil), func (nil)
0009:trace:winsock:WS2_recv_base fd=39, options=20
0009:trace:winsock:WS2_recv_base  -> 12 bytes
0009:trace:winsock:WS2_recv_base socket 0138, wsabuf 0x32f6e4, nbufs 1, flags 0, from 0x32f734, fromlen 16, ovl (nil), func (nil)
0009:trace:winsock:WS2_recv_base fd=39, options=20
0009:trace:winsock:WS2_recv_base  -> 12 bytes
0009:trace:winsock:WS2_recv_base socket 0138, wsabuf 0x32f6e4, nbufs 1, flags 0, from 0x32f734, fromlen 16, ovl (nil), func (nil)
0009:trace:winsock:WS2_recv_base fd=39, options=20
0009:trace:winsock:WS2_recv_base  -> 10 bytes
0009:trace:winsock:WS2_sendto socket 0138, wsabuf 0x32f5e4, nbufs 1, flags 0, to 0x6a26014, tolen 16, ovl (nil), func (nil)
0009:trace:winsock:WS2_sendto fd=39, options=20
0009:trace:winsock:WS2_sendto  -> 10 bytes
0009:trace:winsock:WS2_sendto socket 0138, wsabuf 0x32f5e4, nbufs 1, flags 0, to 0x6a26014, tolen 16, ovl (nil), func (nil)
0009:trace:winsock:WS2_sendto fd=39, options=20
0009:trace:winsock:WS2_sendto  -> 10 bytes
0009:trace:winsock:WS2_recv_base socket 0138, wsabuf 0x32f6e4, nbufs 1, flags 0, from 0x32f734, fromlen 16, ovl (nil), func (nil)
0009:trace:winsock:WS2_recv_base fd=39, options=20
0009:trace:winsock:WS2_recv_base  -> 16 bytes
0009:trace:winsock:WS2_recv_base socket 0138, wsabuf 0x32f6e4, nbufs 1, flags 0, from 0x32f734, fromlen 16, ovl (nil), func (nil)
0009:trace:winsock:WS2_recv_base fd=39, options=20
0009:trace:winsock:WS2_recv_base  -> 10 bytes
0009:trace:winsock:WS2_recv_base socket 0138, wsabuf 0x32f6e4, nbufs 1, flags 0, from 0x32f734, fromlen 16, ovl (nil), func (nil)
0009:trace:winsock:WS2_recv_base fd=39, options=20
0009:trace:winsock:WS2_recv_base  -> 10 bytes
0009:trace:winsock:WS2_recv_base socket 0138, wsabuf 0x32f6e4, nbufs 1, flags 0, from 0x32f734, fromlen 16, ovl (nil), func (nil)
0009:trace:winsock:WS2_recv_base fd=39, options=20
0009:trace:winsock:WS2_recv_base  -> 12 bytes
0009:trace:winsock:WS2_sendto socket 0138, wsabuf 0x32ef34, nbufs 1, flags 0, to 0x6a26014, tolen 16, ovl (nil), func (nil)
0009:trace:winsock:WS2_sendto fd=39, options=20
0009:trace:winsock:WS2_sendto  -> 12 bytes
0009:trace:winsock:WS2_sendto socket 0138, wsabuf 0x32f5e4, nbufs 1, flags 0, to 0x6a26014, tolen 16, ovl (nil), func (nil)
0009:trace:winsock:WS2_sendto fd=39, options=20
0009:trace:winsock:WS2_sendto  -> 10 bytes
0009:trace:winsock:WS2_sendto socket 0138, wsabuf 0x32f5e4, nbufs 1, flags 0, to 0x6a26014, tolen 16, ovl (nil), func (nil)
0009:trace:winsock:WS2_sendto fd=39, options=20
0009:trace:winsock:WS2_sendto  -> 10 bytes
0009:trace:winsock:WS2_sendto socket 0138, wsabuf 0x32f964, nbufs 1, flags 0, to 0x6a26014, tolen 16, ovl (nil), func (nil)
0009:trace:winsock:WS2_sendto fd=39, options=20
0009:trace:winsock:WS2_sendto  -> 16 bytes
0009:trace:winsock:WS2_sendto socket 0138, wsabuf 0x32f964, nbufs 1, flags 0, to 0x6a26014, tolen 16, ovl (nil), func (nil)
0009:trace:winsock:WS2_sendto fd=39, options=20
0009:trace:winsock:WS2_sendto  -> 16 bytes
0009:trace:winsock:WS2_recv_base socket 0138, wsabuf 0x32f6e4, nbufs 1, flags 0, from 0x32f734, fromlen 16, ovl (nil), func (nil)
0009:trace:winsock:WS2_recv_base fd=39, options=20
0009:trace:winsock:WS2_recv_base  -> 16 bytes
0009:trace:winsock:WS2_recv_base socket 0138, wsabuf 0x32f6e4, nbufs 1, flags 0, from 0x32f734, fromlen 16, ovl (nil), func (nil)
0009:trace:winsock:WS2_recv_base fd=39, options=20
0009:trace:winsock:WS2_recv_base  -> 10 bytes
0009:trace:winsock:WS2_recv_base socket 0138, wsabuf 0x32f6e4, nbufs 1, flags 0, from 0x32f734, fromlen 16, ovl (nil), func (nil)
0009:trace:winsock:WS2_recv_base fd=39, options=20
0009:trace:winsock:WS2_recv_base  -> 10 bytes
0009:trace:winsock:WS2_sendto socket 0138, wsabuf 0x32f5e4, nbufs 1, flags 0, to 0x6a26014, tolen 16, ovl (nil), func (nil)
0009:trace:winsock:WS2_sendto fd=39, options=20
0009:trace:winsock:WS2_sendto  -> 10 bytes
0009:trace:winsock:WS2_sendto socket 0138, wsabuf 0x32f5e4, nbufs 1, flags 0, to 0x6a26014, tolen 16, ovl (nil), func (nil)
0009:trace:winsock:WS2_sendto fd=39, options=20
0009:trace:winsock:WS2_sendto  -> 10 bytes
0009:trace:winsock:WS2_recv_base socket 0138, wsabuf 0x32f6e4, nbufs 1, flags 0, from 0x32f734, fromlen 16, ovl (nil), func (nil)
0009:trace:winsock:WS2_recv_base fd=39, options=20
0009:trace:winsock:WS2_recv_base  -> 16 bytes
0009:trace:winsock:WS2_recv_base socket 0138, wsabuf 0x32f6e4, nbufs 1, flags 0, from 0x32f734, fromlen 16, ovl (nil), func (nil)
0009:trace:winsock:WS2_recv_base fd=39, options=20
0009:trace:winsock:WS2_recv_base  -> 10 bytes
0009:trace:winsock:WS2_recv_base socket 0138, wsabuf 0x32f6e4, nbufs 1, flags 0, from 0x32f734, fromlen 16, ovl (nil), func (nil)
0009:trace:winsock:WS2_recv_base fd=39, options=20
0009:trace:winsock:WS2_recv_base  -> 12 bytes
0009:trace:winsock:WS2_sendto socket 0138, wsabuf 0x32ef34, nbufs 1, flags 0, to 0x6a26014, tolen 16, ovl (nil), func (nil)
0009:trace:winsock:WS2_sendto fd=39, options=20
0009:trace:winsock:WS2_sendto  -> 12 bytes
0009:trace:winsock:WS2_recv_base socket 0138, wsabuf 0x32f6e4, nbufs 1, flags 0, from 0x32f734, fromlen 16, ovl (nil), func (nil)
0009:trace:winsock:WS2_recv_base fd=39, options=20
0009:trace:winsock:WS2_recv_base  -> 10 bytes
0009:trace:winsock:WS2_sendto socket 0138, wsabuf 0x32f5e4, nbufs 1, flags 0, to 0x6a26014, tolen 16, ovl (nil), func (nil)
0009:trace:winsock:WS2_sendto fd=39, options=20
0009:trace:winsock:WS2_sendto  -> 10 bytes
0009:trace:winsock:WS2_sendto socket 0138, wsabuf 0x32f5e4, nbufs 1, flags 0, to 0x6a26014, tolen 16, ovl (nil), func (nil)
0009:trace:winsock:WS2_sendto fd=39, options=20
0009:trace:winsock:WS2_sendto  -> 10 bytes
0009:trace:winsock:WS2_sendto socket 0138, wsabuf 0x32f964, nbufs 1, flags 0, to 0x6a26014, tolen 16, ovl (nil), func (nil)
0009:trace:winsock:WS2_sendto fd=39, options=20
0009:trace:winsock:WS2_sendto  -> 16 bytes
0009:trace:winsock:WS2_sendto socket 0138, wsabuf 0x32f964, nbufs 1, flags 0, to 0x6a26014, tolen 16, ovl (nil), func (nil)
0009:trace:winsock:WS2_sendto fd=39, options=20
0009:trace:winsock:WS2_sendto  -> 16 bytes
0009:trace:winsock:WS2_recv_base socket 0138, wsabuf 0x32f6e4, nbufs 1, flags 0, from 0x32f734, fromlen 16, ovl (nil), func (nil)
0009:trace:winsock:WS2_recv_base fd=39, options=20
0009:trace:winsock:WS2_recv_base  -> 16 bytes
0009:trace:winsock:WS2_recv_base socket 0138, wsabuf 0x32f6e4, nbufs 1, flags 0, from 0x32f734, fromlen 16, ovl (nil), func (nil)
0009:trace:winsock:WS2_recv_base fd=39, options=20
0009:trace:winsock:WS2_recv_base  -> 10 bytes
0009:trace:winsock:WS2_sendto socket 0138, wsabuf 0x32f9c4, nbufs 1, flags 0, to 0x6a26014, tolen 16, ovl (nil), func (nil)
0009:trace:winsock:WS2_sendto fd=39, options=20
0009:trace:winsock:WS2_sendto  -> 12 bytes
0009:trace:winsock:WS2_sendto socket 0138, wsabuf 0x32f9c4, nbufs 1, flags 0, to 0x6a26014, tolen 16, ovl (nil), func (nil)
0009:trace:winsock:WS2_sendto fd=39, options=20
0009:trace:winsock:WS2_sendto  -> 12 bytes
0009:trace:winsock:WS2_recv_base socket 0138, wsabuf 0x32f6e4, nbufs 1, flags 0, from 0x32f734, fromlen 16, ovl (nil), func (nil)
0009:trace:winsock:WS2_recv_base fd=39, options=20
0009:trace:winsock:WS2_recv_base  -> 12 bytes
0009:trace:winsock:WS2_recv_base socket 0138, wsabuf 0x32f6e4, nbufs 1, flags 0, from 0x32f734, fromlen 16, ovl (nil), func (nil)
0009:trace:winsock:WS2_recv_base fd=39, options=20
0009:trace:winsock:WS2_recv_base  -> 12 bytes
0009:trace:winsock:WS2_recv_base socket 0138, wsabuf 0x32f6e4, nbufs 1, flags 0, from 0x32f734, fromlen 16, ovl (nil), func (nil)
0009:trace:winsock:WS2_recv_base fd=39, options=20
0009:trace:winsock:WS2_recv_base  -> 10 bytes
0009:trace:winsock:WS2_sendto socket 0138, wsabuf 0x32f5e4, nbufs 1, flags 0, to 0x6a26014, tolen 16, ovl (nil), func (nil)
0009:trace:winsock:WS2_sendto fd=39, options=20
0009:trace:winsock:WS2_sendto  -> 10 bytes
0009:trace:winsock:WS2_sendto socket 0138, wsabuf 0x32f5e4, nbufs 1, flags 0, to 0x6a26014, tolen 16, ovl (nil), func (nil)
0009:trace:winsock:WS2_sendto fd=39, options=20
0009:trace:winsock:WS2_sendto  -> 10 bytes
0009:trace:winsock:WS2_recv_base socket 0138, wsabuf 0x32f6e4, nbufs 1, flags 0, from 0x32f734, fromlen 16, ovl (nil), func (nil)
0009:trace:winsock:WS2_recv_base fd=39, options=20
0009:trace:winsock:WS2_recv_base  -> 16 bytes
0009:trace:winsock:WS2_recv_base socket 0138, wsabuf 0x32f6e4, nbufs 1, flags 0, from 0x32f734, fromlen 16, ovl (nil), func (nil)
0009:trace:winsock:WS2_recv_base fd=39, options=20
0009:trace:winsock:WS2_recv_base  -> 10 bytes
0009:trace:winsock:WS2_recv_base socket 0138, wsabuf 0x32f6e4, nbufs 1, flags 0, from 0x32f734, fromlen 16, ovl (nil), func (nil)
0009:trace:winsock:WS2_recv_base fd=39, options=20
0009:trace:winsock:WS2_recv_base  -> 10 bytes
0009:trace:winsock:WS2_recv_base socket 0138, wsabuf 0x32f6e4, nbufs 1, flags 0, from 0x32f734, fromlen 16, ovl (nil), func (nil)
0009:trace:winsock:WS2_recv_base fd=39, options=20
0009:trace:winsock:WS2_recv_base  -> 12 bytes
0009:trace:winsock:WS2_sendto socket 0138, wsabuf 0x32ef34, nbufs 1, flags 0, to 0x6a26014, tolen 16, ovl (nil), func (nil)
0009:trace:winsock:WS2_sendto fd=39, options=20
0009:trace:winsock:WS2_sendto  -> 12 bytes
0009:trace:winsock:WS2_sendto socket 0138, wsabuf 0x32f5e4, nbufs 1, flags 0, to 0x6a26014, tolen 16, ovl (nil), func (nil)
0009:trace:winsock:WS2_sendto fd=39, options=20
0009:trace:winsock:WS2_sendto  -> 10 bytes
0009:trace:winsock:WS2_sendto socket 0138, wsabuf 0x32f5e4, nbufs 1, flags 0, to 0x6a26014, tolen 16, ovl (nil), func (nil)
0009:trace:winsock:WS2_sendto fd=39, options=20
0009:trace:winsock:WS2_sendto  -> 10 bytes
0009:trace:winsock:WS2_sendto socket 0138, wsabuf 0x32f964, nbufs 1, flags 0, to 0x6a26014, tolen 16, ovl (nil), func (nil)
0009:trace:winsock:WS2_sendto fd=39, options=20
0009:trace:winsock:WS2_sendto  -> 16 bytes
0009:trace:winsock:WS2_sendto socket 0138, wsabuf 0x32f964, nbufs 1, flags 0, to 0x6a26014, tolen 16, ovl (nil), func (nil)
0009:trace:winsock:WS2_sendto fd=39, options=20
0009:trace:winsock:WS2_sendto  -> 16 bytes
0009:trace:winsock:WS2_recv_base socket 0138, wsabuf 0x32f6e4, nbufs 1, flags 0, from 0x32f734, fromlen 16, ovl (nil), func (nil)
0009:trace:winsock:WS2_recv_base fd=39, options=20
0009:trace:winsock:WS2_recv_base  -> 10 bytes
0009:trace:winsock:WS2_recv_base socket 0138, wsabuf 0x32f6e4, nbufs 1, flags 0, from 0x32f734, fromlen 16, ovl (nil), func (nil)
0009:trace:winsock:WS2_recv_base fd=39, options=20
0009:trace:winsock:WS2_recv_base  -> 16 bytes
0009:trace:winsock:WS2_recv_base socket 0138, wsabuf 0x32f6e4, nbufs 1, flags 0, from 0x32f734, fromlen 16, ovl (nil), func (nil)
0009:trace:winsock:WS2_recv_base fd=39, options=20
0009:trace:winsock:WS2_recv_base  -> 10 bytes
0009:trace:winsock:WS2_sendto socket 0138, wsabuf 0x32f5e4, nbufs 1, flags 0, to 0x6a26014, tolen 16, ovl (nil), func (nil)
0009:trace:winsock:WS2_sendto fd=39, options=20
0009:trace:winsock:WS2_sendto  -> 10 bytes
0009:trace:winsock:WS2_sendto socket 0138, wsabuf 0x32f5e4, nbufs 1, flags 0, to 0x6a26014, tolen 16, ovl (nil), func (nil)
0009:trace:winsock:WS2_sendto fd=39, options=20
0009:trace:winsock:WS2_sendto  -> 10 bytes
0009:trace:winsock:WS2_recv_base socket 0138, wsabuf 0x32f6e4, nbufs 1, flags 0, from 0x32f734, fromlen 16, ovl (nil), func (nil)
0009:trace:winsock:WS2_recv_base fd=39, options=20
0009:trace:winsock:WS2_recv_base  -> 10 bytes
0009:trace:winsock:WS2_recv_base socket 0138, wsabuf 0x32f6e4, nbufs 1, flags 0, from 0x32f734, fromlen 16, ovl (nil), func (nil)
0009:trace:winsock:WS2_recv_base fd=39, options=20
0009:trace:winsock:WS2_recv_base  -> 16 bytes
0009:trace:winsock:WS2_recv_base socket 0138, wsabuf 0x32f6e4, nbufs 1, flags 0, from 0x32f734, fromlen 16, ovl (nil), func (nil)
0009:trace:winsock:WS2_recv_base fd=39, options=20
0009:trace:winsock:WS2_recv_base  -> 12 bytes
0009:trace:winsock:WS2_sendto socket 0138, wsabuf 0x32ef34, nbufs 1, flags 0, to 0x6a26014, tolen 16, ovl (nil), func (nil)
0009:trace:winsock:WS2_sendto fd=39, options=20
0009:trace:winsock:WS2_sendto  -> 12 bytes
0009:trace:winsock:WS2_recv_base socket 0138, wsabuf 0x32f6e4, nbufs 1, flags 0, from 0x32f734, fromlen 16, ovl (nil), func (nil)
0009:trace:winsock:WS2_recv_base fd=39, options=20
0009:trace:winsock:WS2_recv_base  -> 10 bytes
0009:trace:winsock:WS2_sendto socket 0138, wsabuf 0x32f5e4, nbufs 1, flags 0, to 0x6a26014, tolen 16, ovl (nil), func (nil)
0009:trace:winsock:WS2_sendto fd=39, options=20
0009:trace:winsock:WS2_sendto  -> 10 bytes
0009:trace:winsock:WS2_sendto socket 0138, wsabuf 0x32f5e4, nbufs 1, flags 0, to 0x6a26014, tolen 16, ovl (nil), func (nil)
0009:trace:winsock:WS2_sendto fd=39, options=20
0009:trace:winsock:WS2_sendto  -> 10 bytes
0009:trace:winsock:WS2_recv_base socket 0138, wsabuf 0x32f6e4, nbufs 1, flags 0, from 0x32f734, fromlen 16, ovl (nil), func (nil)
0009:trace:winsock:WS2_recv_base fd=39, options=20
0009:trace:winsock:WS2_recv_base  -> 10 bytes
0009:trace:winsock:WS2_recv_base socket 0138, wsabuf 0x32f6e4, nbufs 1, flags 0, from 0x32f734, fromlen 16, ovl (nil), func (nil)
0009:trace:winsock:WS2_recv_base fd=39, options=20
0009:trace:winsock:WS2_recv_base  -> 16 bytes
0009:trace:winsock:WS2_sendto socket 0138, wsabuf 0x32f964, nbufs 1, flags 0, to 0x6a26014, tolen 16, ovl (nil), func (nil)
0009:trace:winsock:WS2_sendto fd=39, options=20
0009:trace:winsock:WS2_sendto  -> 16 bytes
0009:trace:winsock:WS2_sendto socket 0138, wsabuf 0x32f964, nbufs 1, flags 0, to 0x6a26014, tolen 16, ovl (nil), func (nil)
0009:trace:winsock:WS2_sendto fd=39, options=20
0009:trace:winsock:WS2_sendto  -> 16 bytes
0009:trace:winsock:WS2_sendto socket 0138, wsabuf 0x32f9c4, nbufs 1, flags 0, to 0x6a26014, tolen 16, ovl (nil), func (nil)
0009:trace:winsock:WS2_sendto fd=39, options=20
0009:trace:winsock:WS2_sendto  -> 12 bytes
0009:trace:winsock:WS2_sendto socket 0138, wsabuf 0x32f9c4, nbufs 1, flags 0, to 0x6a26014, tolen 16, ovl (nil), func (nil)
0009:trace:winsock:WS2_sendto fd=39, options=20
0009:trace:winsock:WS2_sendto  -> 12 bytes
0009:trace:winsock:WS2_recv_base socket 0138, wsabuf 0x32f6e4, nbufs 1, flags 0, from 0x32f734, fromlen 16, ovl (nil), func (nil)
0009:trace:winsock:WS2_recv_base fd=39, options=20
0009:trace:winsock:WS2_recv_base  -> 12 bytes
0009:trace:winsock:WS2_recv_base socket 0138, wsabuf 0x32f6e4, nbufs 1, flags 0, from 0x32f734, fromlen 16, ovl (nil), func (nil)
0009:trace:winsock:WS2_recv_base fd=39, options=20
0009:trace:winsock:WS2_recv_base  -> 12 bytes
0009:trace:winsock:WS2_recv_base socket 0138, wsabuf 0x32f6e4, nbufs 1, flags 0, from 0x32f734, fromlen 16, ovl (nil), func (nil)
0009:trace:winsock:WS2_recv_base fd=39, options=20
0009:trace:winsock:WS2_recv_base  -> 10 bytes
0009:trace:winsock:WS2_sendto socket 0138, wsabuf 0x32f5e4, nbufs 1, flags 0, to 0x6a26014, tolen 16, ovl (nil), func (nil)
0009:trace:winsock:WS2_sendto fd=39, options=20
0009:trace:winsock:WS2_sendto  -> 10 bytes
0009:trace:winsock:WS2_sendto socket 0138, wsabuf 0x32f5e4, nbufs 1, flags 0, to 0x6a26014, tolen 16, ovl (nil), func (nil)
0009:trace:winsock:WS2_sendto fd=39, options=20
0009:trace:winsock:WS2_sendto  -> 10 bytes
0009:trace:winsock:WS2_recv_base socket 0138, wsabuf 0x32f6e4, nbufs 1, flags 0, from 0x32f734, fromlen 16, ovl (nil), func (nil)
0009:trace:winsock:WS2_recv_base fd=39, options=20
0009:trace:winsock:WS2_recv_base  -> 10 bytes
0009:trace:winsock:WS2_recv_base socket 0138, wsabuf 0x32f6e4, nbufs 1, flags 0, from 0x32f734, fromlen 16, ovl (nil), func (nil)
0009:trace:winsock:WS2_recv_base fd=39, options=20
0009:trace:winsock:WS2_recv_base  -> 16 bytes
0009:trace:winsock:WS2_recv_base socket 0138, wsabuf 0x32f6e4, nbufs 1, flags 0, from 0x32f734, fromlen 16, ovl (nil), func (nil)
0009:trace:winsock:WS2_recv_base fd=39, options=20
0009:trace:winsock:WS2_recv_base  -> 10 bytes
0009:trace:winsock:WS2_recv_base socket 0138, wsabuf 0x32f6e4, nbufs 1, flags 0, from 0x32f734, fromlen 16, ovl (nil), func (nil)
0009:trace:winsock:WS2_recv_base fd=39, options=20
0009:trace:winsock:WS2_recv_base  -> 12 bytes
0009:trace:winsock:WS2_sendto socket 0138, wsabuf 0x32ef34, nbufs 1, flags 0, to 0x6a26014, tolen 16, ovl (nil), func (nil)
0009:trace:winsock:WS2_sendto fd=39, options=20
0009:trace:winsock:WS2_sendto  -> 12 bytes
0009:trace:winsock:WS2_sendto socket 0138, wsabuf 0x32f5e4, nbufs 1, flags 0, to 0x6a26014, tolen 16, ovl (nil), func (nil)
0009:trace:winsock:WS2_sendto fd=39, options=20
0009:trace:winsock:WS2_sendto  -> 10 bytes
0009:trace:winsock:WS2_sendto socket 0138, wsabuf 0x32f5e4, nbufs 1, flags 0, to 0x6a26014, tolen 16, ovl (nil), func (nil)
0009:trace:winsock:WS2_sendto fd=39, options=20
0009:trace:winsock:WS2_sendto  -> 10 bytes
0009:trace:winsock:WS2_recv_base socket 0138, wsabuf 0x32f6e4, nbufs 1, flags 0, from 0x32f734, fromlen 16, ovl (nil), func (nil)
0009:trace:winsock:WS2_recv_base fd=39, options=20
0009:trace:winsock:WS2_recv_base  -> 10 bytes
0009:trace:winsock:WS2_sendto socket 0138, wsabuf 0x32f964, nbufs 1, flags 0, to 0x6a26014, tolen 16, ovl (nil), func (nil)
0009:trace:winsock:WS2_sendto fd=39, options=20
0009:trace:winsock:WS2_sendto  -> 16 bytes
0009:trace:winsock:WS2_sendto socket 0138, wsabuf 0x32f964, nbufs 1, flags 0, to 0x6a26014, tolen 16, ovl (nil), func (nil)
0009:trace:winsock:WS2_sendto fd=39, options=20
0009:trace:winsock:WS2_sendto  -> 16 bytes
0009:trace:winsock:WS2_recv_base socket 0138, wsabuf 0x32f6e4, nbufs 1, flags 0, from 0x32f734, fromlen 16, ovl (nil), func (nil)
0009:trace:winsock:WS2_recv_base fd=39, options=20
0009:trace:winsock:WS2_recv_base  -> 16 bytes
0009:trace:winsock:WS2_recv_base socket 0138, wsabuf 0x32f6e4, nbufs 1, flags 0, from 0x32f734, fromlen 16, ovl (nil), func (nil)
0009:trace:winsock:WS2_recv_base fd=39, options=20
0009:trace:winsock:WS2_recv_base  -> 10 bytes
0009:trace:winsock:WS2_sendto socket 0138, wsabuf 0x32f5e4, nbufs 1, flags 0, to 0x6a26014, tolen 16, ovl (nil), func (nil)
0009:trace:winsock:WS2_sendto fd=39, options=20
0009:trace:winsock:WS2_sendto  -> 10 bytes
0009:trace:winsock:WS2_sendto socket 0138, wsabuf 0x32f5e4, nbufs 1, flags 0, to 0x6a26014, tolen 16, ovl (nil), func (nil)
0009:trace:winsock:WS2_sendto fd=39, options=20
0009:trace:winsock:WS2_sendto  -> 10 bytes
0009:trace:winsock:WS2_recv_base socket 0138, wsabuf 0x32f6e4, nbufs 1, flags 0, from 0x32f734, fromlen 16, ovl (nil), func (nil)
0009:trace:winsock:WS2_recv_base fd=39, options=20
0009:trace:winsock:WS2_recv_base  -> 10 bytes
0009:trace:winsock:WS2_recv_base socket 0138, wsabuf 0x32f6e4, nbufs 1, flags 0, from 0x32f734, fromlen 16, ovl (nil), func (nil)
0009:trace:winsock:WS2_recv_base fd=39, options=20
0009:trace:winsock:WS2_recv_base  -> 12 bytes
0009:trace:winsock:WS2_sendto socket 0138, wsabuf 0x32ef34, nbufs 1, flags 0, to 0x6a26014, tolen 16, ovl (nil), func (nil)
0009:trace:winsock:WS2_sendto fd=39, options=20
0009:trace:winsock:WS2_sendto  -> 12 bytes
0009:trace:winsock:WS2_recv_base socket 0138, wsabuf 0x32f6e4, nbufs 1, flags 0, from 0x32f734, fromlen 16, ovl (nil), func (nil)
0009:trace:winsock:WS2_recv_base fd=39, options=20
0009:trace:winsock:WS2_recv_base  -> 16 bytes
0009:trace:winsock:WS2_recv_base socket 0138, wsabuf 0x32f6e4, nbufs 1, flags 0, from 0x32f734, fromlen 16, ovl (nil), func (nil)
0009:trace:winsock:WS2_recv_base fd=39, options=20
0009:trace:winsock:WS2_recv_base  -> 10 bytes
0009:trace:winsock:WS2_sendto socket 0138, wsabuf 0x32f5e4, nbufs 1, flags 0, to 0x6a26014, tolen 16, ovl (nil), func (nil)
0009:trace:winsock:WS2_sendto fd=39, options=20
0009:trace:winsock:WS2_sendto  -> 10 bytes
0009:trace:winsock:WS2_sendto socket 0138, wsabuf 0x32f5e4, nbufs 1, flags 0, to 0x6a26014, tolen 16, ovl (nil), func (nil)
0009:trace:winsock:WS2_sendto fd=39, options=20
0009:trace:winsock:WS2_sendto  -> 10 bytes
0009:trace:winsock:WS2_recv_base socket 0138, wsabuf 0x32f6e4, nbufs 1, flags 0, from 0x32f734, fromlen 16, ovl (nil), func (nil)
0009:trace:winsock:WS2_recv_base fd=39, options=20
0009:trace:winsock:WS2_recv_base  -> 10 bytes
0009:trace:winsock:WS2_sendto socket 0138, wsabuf 0x32f9c4, nbufs 1, flags 0, to 0x6a26014, tolen 16, ovl (nil), func (nil)
0009:trace:winsock:WS2_sendto fd=39, options=20
0009:trace:winsock:WS2_sendto  -> 12 bytes
0009:trace:winsock:WS2_sendto socket 0138, wsabuf 0x32f9c4, nbufs 1, flags 0, to 0x6a26014, tolen 16, ovl (nil), func (nil)
0009:trace:winsock:WS2_sendto fd=39, options=20
0009:trace:winsock:WS2_sendto  -> 12 bytes
0009:trace:winsock:WS2_recv_base socket 0138, wsabuf 0x32f6e4, nbufs 1, flags 0, from 0x32f734, fromlen 16, ovl (nil), func (nil)
0009:trace:winsock:WS2_recv_base fd=39, options=20
0009:trace:winsock:WS2_recv_base  -> 12 bytes
0009:trace:winsock:WS2_recv_base socket 0138, wsabuf 0x32f6e4, nbufs 1, flags 0, from 0x32f734, fromlen 16, ovl (nil), func (nil)
0009:trace:winsock:WS2_recv_base fd=39, options=20
0009:trace:winsock:WS2_recv_base  -> 12 bytes
0009:trace:winsock:WS2_sendto socket 0138, wsabuf 0x32f964, nbufs 1, flags 0, to 0x6a26014, tolen 16, ovl (nil), func (nil)
0009:trace:winsock:WS2_sendto fd=39, options=20
0009:trace:winsock:WS2_sendto  -> 16 bytes
0009:trace:winsock:WS2_sendto socket 0138, wsabuf 0x32f964, nbufs 1, flags 0, to 0x6a26014, tolen 16, ovl (nil), func (nil)
0009:trace:winsock:WS2_sendto fd=39, options=20
0009:trace:winsock:WS2_sendto  -> 16 bytes
0009:trace:winsock:WS2_recv_base socket 0138, wsabuf 0x32f6e4, nbufs 1, flags 0, from 0x32f734, fromlen 16, ovl (nil), func (nil)
0009:trace:winsock:WS2_recv_base fd=39, options=20
0009:trace:winsock:WS2_recv_base  -> 10 bytes
0009:trace:winsock:WS2_recv_base socket 0138, wsabuf 0x32f6e4, nbufs 1, flags 0, from 0x32f734, fromlen 16, ovl (nil), func (nil)
0009:trace:winsock:WS2_recv_base fd=39, options=20
0009:trace:winsock:WS2_recv_base  -> 16 bytes
0009:trace:winsock:WS2_sendto socket 0138, wsabuf 0x32f5e4, nbufs 1, flags 0, to 0x6a26014, tolen 16, ovl (nil), func (nil)
0009:trace:winsock:WS2_sendto fd=39, options=20
0009:trace:winsock:WS2_sendto  -> 10 bytes
0009:trace:winsock:WS2_sendto socket 0138, wsabuf 0x32f5e4, nbufs 1, flags 0, to 0x6a26014, tolen 16, ovl (nil), func (nil)
0009:trace:winsock:WS2_sendto fd=39, options=20
0009:trace:winsock:WS2_sendto  -> 10 bytes
0009:trace:winsock:WS2_sendto socket 0138, wsabuf 0x32fcc4, nbufs 1, flags 0, to 0x6bec1c4, tolen 16, ovl (nil), func (nil)
0009:trace:winsock:WS2_sendto fd=39, options=20
0009:trace:winsock:WS2_sendto  -> 3 bytes
0009:trace:winsock:WS2_sendto socket 0138, wsabuf 0x32fcc4, nbufs 1, flags 0, to 0x6bec1c4, tolen 16, ovl (nil), func (nil)
0009:trace:winsock:WS2_sendto fd=39, options=20
0009:trace:winsock:WS2_sendto  -> 3 bytes
0009:trace:winsock:WS2_sendto socket 0138, wsabuf 0x32fcc4, nbufs 1, flags 0, to 0x6bec1c4, tolen 16, ovl (nil), func (nil)
0009:trace:winsock:WS2_sendto fd=39, options=20
0009:trace:winsock:WS2_sendto  -> 3 bytes
0009:trace:winsock:WS2_sendto socket 0138, wsabuf 0x32fcc4, nbufs 1, flags 0, to 0x6bec1c4, tolen 16, ovl (nil), func (nil)
0009:trace:winsock:WS2_sendto fd=39, options=20
0009:trace:winsock:WS2_sendto  -> 3 bytes
0009:trace:winsock:WS2_sendto socket 0138, wsabuf 0x32fcc4, nbufs 1, flags 0, to 0x6bec1c4, tolen 16, ovl (nil), func (nil)
0009:trace:winsock:WS2_sendto fd=39, options=20
0009:trace:winsock:WS2_sendto  -> 3 bytes
0009:trace:winsock:WS2_sendto socket 0138, wsabuf 0x32fcc4, nbufs 1, flags 0, to 0x6bec1c4, tolen 16, ovl (nil), func (nil)
0009:trace:winsock:WS2_sendto fd=39, options=20
0009:trace:winsock:WS2_sendto  -> 3 bytes
0009:trace:winsock:WS2_sendto socket 0138, wsabuf 0x32fcc4, nbufs 1, flags 0, to 0x6bec1c4, tolen 16, ovl (nil), func (nil)
0009:trace:winsock:WS2_sendto fd=39, options=20
0009:trace:winsock:WS2_sendto  -> 3 bytes
0009:trace:winsock:WS2_sendto socket 0138, wsabuf 0x32fcc4, nbufs 1, flags 0, to 0x6bec1c4, tolen 16, ovl (nil), func (nil)
0009:trace:winsock:WS2_sendto fd=39, options=20
0009:trace:winsock:WS2_sendto  -> 3 bytes
0009:trace:winsock:WS2_sendto socket 0138, wsabuf 0x32fcc4, nbufs 1, flags 0, to 0x6bec1c4, tolen 16, ovl (nil), func (nil)
0009:trace:winsock:WS2_sendto fd=39, options=20
0009:trace:winsock:WS2_sendto  -> 3 bytes
0009:trace:winsock:WS2_sendto socket 0138, wsabuf 0x32fcc4, nbufs 1, flags 0, to 0x6bec1c4, tolen 16, ovl (nil), func (nil)
0009:trace:winsock:WS2_sendto fd=39, options=20
0009:trace:winsock:WS2_sendto  -> 3 bytes
0009:trace:winsock:WS2_sendto socket 0138, wsabuf 0x32fcc4, nbufs 1, flags 0, to 0x6bec1c4, tolen 16, ovl (nil), func (nil)
0009:trace:winsock:WS2_sendto fd=39, options=20
0009:trace:winsock:WS2_sendto  -> 3 bytes
0009:trace:winsock:WS2_sendto socket 0138, wsabuf 0x32fcc4, nbufs 1, flags 0, to 0x6bec1c4, tolen 16, ovl (nil), func (nil)
0009:trace:winsock:WS2_sendto fd=39, options=20
0009:trace:winsock:WS2_sendto  -> 3 bytes
0009:trace:winsock:WS2_sendto socket 0138, wsabuf 0x32fcc4, nbufs 1, flags 0, to 0x6bec1c4, tolen 16, ovl (nil), func (nil)
0009:trace:winsock:WS2_sendto fd=39, options=20
0009:trace:winsock:WS2_sendto  -> 3 bytes
0009:trace:winsock:WS2_sendto socket 0138, wsabuf 0x32fcc4, nbufs 1, flags 0, to 0x6bec1c4, tolen 16, ovl (nil), func (nil)
0009:trace:winsock:WS2_sendto fd=39, options=20
0009:trace:winsock:WS2_sendto  -> 3 bytes
0009:trace:winsock:WS2_sendto socket 0138, wsabuf 0x32fcc4, nbufs 1, flags 0, to 0x6bec1c4, tolen 16, ovl (nil), func (nil)
0009:trace:winsock:WS2_sendto fd=39, options=20
0009:trace:winsock:WS2_sendto  -> 3 bytes
0009:trace:winsock:WS2_sendto socket 0138, wsabuf 0x32fcc4, nbufs 1, flags 0, to 0x6bec1c4, tolen 16, ovl (nil), func (nil)
0009:trace:winsock:WS2_sendto fd=39, options=20
0009:trace:winsock:WS2_sendto  -> 3 bytes
0009:trace:winsock:WS2_sendto socket 0138, wsabuf 0x32fcc4, nbufs 1, flags 0, to 0x6bec1c4, tolen 16, ovl (nil), func (nil)
0009:trace:winsock:WS2_sendto fd=39, options=20
0009:trace:winsock:WS2_sendto  -> 3 bytes
0009:trace:winsock:WS2_sendto socket 0138, wsabuf 0x32fcc4, nbufs 1, flags 0, to 0x6bec1c4, tolen 16, ovl (nil), func (nil)
0009:trace:winsock:WS2_sendto fd=39, options=20
0009:trace:winsock:WS2_sendto  -> 3 bytes
0009:trace:winsock:WS2_sendto socket 0138, wsabuf 0x32fcc4, nbufs 1, flags 0, to 0x6bec1c4, tolen 16, ovl (nil), func (nil)
0009:trace:winsock:WS2_sendto fd=39, options=20
0009:trace:winsock:WS2_sendto  -> 3 bytes
0009:trace:winsock:WS2_sendto socket 0138, wsabuf 0x32fcc4, nbufs 1, flags 0, to 0x6bec1c4, tolen 16, ovl (nil), func (nil)
0009:trace:winsock:WS2_sendto fd=39, options=20
0009:trace:winsock:WS2_sendto  -> 3 bytes
0009:trace:winsock:WSAAsyncSelect 0138, hWnd 0x100a6, uMsg 00000000, event 00000000
0009:trace:winsock:WS_closesocket (socket 0138) -> 0
0009:trace:winsock:WSACleanup pending cleanups: 1
002b:trace:winsock:DllMain 0x7f300000 0x3 (nil)
0009:trace:winsock:WSACleanup pending cleanups: 0
0009:trace:winsock:WS_closesocket (socket 0104) -> -1
0009:trace:winsock:WSAAsyncSelect 0118, hWnd 0x1009e, uMsg 00000000, event 00000000
0009:trace:winsock:WS_closesocket (socket 0118) -> -1
0009:trace:winsock:DllMain 0x7f300000 0x0 0x1
[?1l>